{"type":"FeatureCollection","features":[{"type":"Feature","id":27939,"geometry":{"type":"LineString","coordinates":[[-91.941359,29.532605],[-91.942816,29.53304],[-91.943777,29.532921],[-91.944751,29.533384],[-91.944796,29.533546],[-91.946458,29.53393],[-91.947112,29.533824],[-91.947428,29.534186],[-91.947533,29.534775],[-91.947801,29.535002],[-91.947831,29.535298],[-91.948378,29.535458],[-91.948444,29.535611],[-91.948739,29.535495],[-91.948766,29.536469],[-91.949063,29.536782],[-91.950129,29.537014],[-91.951009,29.537525],[-91.951318,29.537323],[-91.951574,29.537608],[-91.951925,29.537456],[-91.952451,29.53779],[-91.952729,29.53771],[-91.952903,29.538032],[-91.953363,29.537825],[-91.954276,29.538226],[-91.955906,29.538275],[-91.95826,29.537548],[-91.958695,29.537725],[-91.959268,29.537665],[-91.960126,29.537381],[-91.96015,29.537217],[-91.960686,29.537265],[-91.96142,29.536746],[-91.961728,29.537069],[-91.961979,29.537106],[-91.96249,29.536712],[-91.96289,29.536052],[-91.963229,29.536117],[-91.964329,29.535691],[-91.965388,29.535782],[-91.966442,29.536684],[-91.968239,29.537601],[-91.96929,29.539716],[-91.969845,29.540489],[-91.970115,29.541365],[-91.970635,29.541637],[-91.970711,29.542289],[-91.975179,29.544906],[-91.978891,29.546457],[-91.983011,29.547639],[-91.987391,29.549915],[-91.989799,29.550732],[-91.990816,29.551318],[-91.992205,29.551845],[-91.997091,29.553223],[-92,29.554728]]},"properties":{"OBJECTID":27939,"PROGRAM":"STATE","PROJECT":"LOUISIANA BARRIER ISLAND COMPREHENSIVE MONITORING PROGRAM (BICM)","PROJ_ID":"LA-0226","PROD_DATE":"20160614","SHORE_TYPE":"MIXED","SRC_DATE":"20150430","SRC_DATA":"USDA NAIP ORTHOIMAGERY","SRC_RES":"1-m pixel","SRC_VECT":"APPLIED COASTAL","SRC_RAST":"M2909125SW","DIG_NOTES":" ","REGION":"AB","CONTRACTOR":"APPLIED COASTAL","ORG":"COASTAL PROTECTION AND RESTORATION AUTHORITY OF LOUISIANA (CPRA)","SRC_REG":"USDA","DATAURL":"http://cims.coastal.louisiana.gov/meta_docs/gis_refs/shoreline/BICM2/LA-0226_SHORL_0000000000_2015043020150913_RAC0009.zip","Meta_xml":"http://cims.coastal.louisiana.gov/meta_docs/gis_refs/shoreline/BICM2/Shoreline_Metadata.xml","Meta_html":"http://cims.coastal.louisiana.gov/meta_docs/gis_refs/shoreline/BICM2/Shoreline_Metadata.html","COMMENTS":null,"SHAPE_Length":7308.751754089517,"DSAS_DATE":"04/30/2015","DSAS_UNCER":null,"year":2015}},{"type":"Feature","id":27940,"geometry":{"type":"LineString","coordinates":[[-92,29.554728],[-92.003128,29.555465]]},"properties":{"OBJECTID":27940,"PROGRAM":"STATE","PROJECT":"LOUISIANA BARRIER ISLAND COMPREHENSIVE MONITORING PROGRAM (BICM)","PROJ_ID":"LA-0226","PROD_DATE":"20160614","SHORE_TYPE":"MIXED","SRC_DATE":"20150430","SRC_DATA":"USDA NAIP ORTHOIMAGERY","SRC_RES":"1-m pixel","SRC_VECT":"APPLIED COASTAL","SRC_RAST":"M2909232SE","DIG_NOTES":" ","REGION":"AB","CONTRACTOR":"APPLIED COASTAL","ORG":"COASTAL PROTECTION AND RESTORATION AUTHORITY OF LOUISIANA (CPRA)","SRC_REG":"USDA","DATAURL":"http://cims.coastal.louisiana.gov/meta_docs/gis_refs/shoreline/BICM2/LA-0226_SHORL_0000000000_2015043020150913_RAC0009.zip","Meta_xml":"http://cims.coastal.louisiana.gov/meta_docs/gis_refs/shoreline/BICM2/Shoreline_Metadata.xml","Meta_html":"http://cims.coastal.louisiana.gov/meta_docs/gis_refs/shoreline/BICM2/Shoreline_Metadata.html","COMMENTS":null,"SHAPE_Length":314.218556530677,"DSAS_DATE":"04/30/2015","DSAS_UNCER":null,"year":2015}},{"type":"Feature","id":27941,"geometry":{"type":"LineString","coordinates":[[-91.9375,29.529382],[-91.937926,29.529395],[-91.938143,29.529174],[-91.939272,29.52945],[-91.939387,29.529909],[-91.939889,29.530139],[-91.94024,29.530961],[-91.941065,29.531423],[-91.940861,29.531997],[-91.940962,29.53234],[-91.941359,29.532605]]},"properties":{"OBJECTID":27941,"PROGRAM":"STATE","PROJECT":"LOUISIANA BARRIER ISLAND COMPREHENSIVE MONITORING PROGRAM (BICM)","PROJ_ID":"LA-0226","PROD_DATE":"20160614","SHORE_TYPE":"MIXED","SRC_DATE":"20150430","SRC_DATA":"USDA NAIP ORTHOIMAGERY","SRC_RES":"1-m pixel","SRC_VECT":"APPLIED COASTAL","SRC_RAST":"M2909125SW","DIG_NOTES":" ","REGION":"AB","CONTRACTOR":"APPLIED COASTAL","ORG":"COASTAL PROTECTION AND RESTORATION AUTHORITY OF LOUISIANA (CPRA)","SRC_REG":"USDA","DATAURL":"http://cims.coastal.louisiana.gov/meta_docs/gis_refs/shoreline/BICM2/LA-0226_SHORL_0000000000_2015043020150913_RAC0009.zip","Meta_xml":"http://cims.coastal.louisiana.gov/meta_docs/gis_refs/shoreline/BICM2/Shoreline_Metadata.xml","Meta_html":"http://cims.coastal.louisiana.gov/meta_docs/gis_refs/shoreline/BICM2/Shoreline_Metadata.html","COMMENTS":null,"SHAPE_Length":670.1985763580616,"DSAS_DATE":"04/30/2015","DSAS_UNCER":null,"year":2015}},{"type":"Feature","id":27942,"geometry":{"type":"LineString","coordinates":[[-91.856229,29.500003],[-91.85668,29.500513],[-91.857008,29.500619],[-91.857278,29.500464],[-91.857479,29.500596],[-91.857349,29.500761],[-91.85762,29.500939],[-91.857532,29.501117],[-91.857981,29.501074],[-91.858024,29.50151],[-91.858622,29.501702],[-91.858642,29.502188],[-91.858798,29.502331],[-91.859575,29.502249],[-91.859805,29.502391],[-91.859749,29.50266],[-91.860127,29.502974],[-91.860511,29.502772],[-91.860397,29.502951],[-91.860587,29.503158],[-91.861052,29.502941],[-91.861225,29.503349],[-91.861619,29.503254],[-91.862112,29.503546],[-91.86234,29.503495],[-91.862637,29.503809],[-91.863234,29.503649],[-91.863812,29.503789],[-91.864001,29.504004],[-91.864131,29.503896],[-91.865122,29.503949],[-91.865523,29.504346],[-91.865917,29.504067],[-91.866409,29.50428],[-91.866646,29.50415],[-91.866713,29.504479],[-91.867131,29.504614],[-91.867344,29.504534],[-91.867432,29.504176],[-91.867524,29.504541],[-91.867753,29.504568],[-91.867785,29.504432],[-91.867942,29.504589],[-91.868096,29.504345],[-91.868268,29.504373],[-91.86825,29.504087],[-91.868561,29.504078],[-91.86898,29.504334],[-91.869109,29.503983],[-91.869778,29.504337],[-91.870351,29.504192],[-91.870439,29.503841],[-91.871267,29.504002],[-91.871251,29.504245],[-91.871465,29.504409],[-91.87202,29.504085],[-91.872268,29.504585],[-91.872752,29.50469],[-91.873275,29.504488],[-91.873603,29.50468],[-91.874185,29.504713],[-91.874576,29.504447],[-91.874641,29.50421],[-91.874691,29.504503],[-91.875,29.504515]]},"properties":{"OBJECTID":27942,"PROGRAM":"STATE","PROJECT":"LOUISIANA BARRIER ISLAND COMPREHENSIVE MONITORING PROGRAM (BICM)","PROJ_ID":"LA-0226","PROD_DATE":"20160614","SHORE_TYPE":"MIXED","SRC_DATE":"20150430","SRC_DATA":"USDA NAIP ORTHOIMAGERY","SRC_RES":"1-m pixel","SRC_VECT":"APPLIED COASTAL","SRC_RAST":"M2909126SW","DIG_NOTES":" ","REGION":"AB","CONTRACTOR":"APPLIED COASTAL","ORG":"COASTAL PROTECTION AND RESTORATION AUTHORITY OF LOUISIANA (CPRA)","SRC_REG":"USDA","DATAURL":"http://cims.coastal.louisiana.gov/meta_docs/gis_refs/shoreline/BICM2/LA-0226_SHORL_0000000000_2015043020150913_RAC0009.zip","Meta_xml":"http://cims.coastal.louisiana.gov/meta_docs/gis_refs/shoreline/BICM2/Shoreline_Metadata.xml","Meta_html":"http://cims.coastal.louisiana.gov/meta_docs/gis_refs/shoreline/BICM2/Shoreline_Metadata.html","COMMENTS":null,"SHAPE_Length":3067.736702969514,"DSAS_DATE":"04/30/2015","DSAS_UNCER":null,"year":2015}},{"type":"Feature","id":27943,"geometry":{"type":"LineString","coordinates":[[-91.821957,29.477687],[-91.821859,29.477616],[-91.822235,29.477507],[-91.822087,29.477307],[-91.822209,29.47717],[-91.823322,29.477159],[-91.823437,29.477287],[-91.823576,29.477187],[-91.823847,29.477386],[-91.823977,29.477271],[-91.824134,29.477514],[-91.82432,29.477155],[-91.824656,29.477168],[-91.824722,29.477397],[-91.824911,29.477425],[-91.825072,29.47693],[-91.825399,29.476936],[-91.825458,29.477165],[-91.825744,29.477114],[-91.826213,29.477671],[-91.826747,29.477984],[-91.826863,29.478299],[-91.827109,29.478333],[-91.82728,29.478175],[-91.82733,29.47834],[-91.827559,29.478274],[-91.827756,29.478496],[-91.827895,29.478445],[-91.828051,29.478545],[-91.828168,29.479117],[-91.828782,29.479058],[-91.829522,29.479821],[-91.830104,29.479898],[-91.830176,29.479668],[-91.830667,29.479623],[-91.830797,29.479444],[-91.830815,29.479709],[-91.831312,29.479678],[-91.831701,29.480063],[-91.831991,29.480023],[-91.831992,29.480231],[-91.832531,29.480064],[-91.832917,29.480356],[-91.834299,29.480071],[-91.834865,29.480341],[-91.835502,29.479931],[-91.8355,29.479608],[-91.836137,29.47942],[-91.836896,29.479696],[-91.836882,29.480248],[-91.837058,29.480391],[-91.837424,29.480452],[-91.837806,29.480029],[-91.837996,29.480308],[-91.838905,29.480405],[-91.839505,29.480263],[-91.839582,29.480008],[-91.839837,29.480172],[-91.840022,29.480113],[-91.840651,29.479265],[-91.841182,29.479135],[-91.841872,29.47972],[-91.84299,29.479766],[-91.843177,29.479522],[-91.843325,29.479714],[-91.843554,29.479713],[-91.843782,29.479405],[-91.844029,29.47974],[-91.844299,29.479632],[-91.844199,29.479446],[-91.84451,29.479438],[-91.84447,29.479638],[-91.84484,29.479902],[-91.844995,29.479722],[-91.846067,29.479832],[-91.846173,29.479732],[-91.846191,29.480011],[-91.846527,29.48016],[-91.847416,29.481123],[-91.84769,29.481508],[-91.847739,29.481888],[-91.848151,29.482316],[-91.848676,29.482565],[-91.849019,29.482399],[-91.848938,29.482671],[-91.849054,29.482843],[-91.848866,29.482972],[-91.849007,29.483248],[-91.848745,29.483306],[-91.848446,29.483909],[-91.848578,29.484144],[-91.848634,29.485448],[-91.848782,29.485633],[-91.849003,29.485625],[-91.84898,29.486019],[-91.849358,29.486275],[-91.849458,29.486547],[-91.849411,29.487049],[-91.849224,29.487261],[-91.849622,29.48824],[-91.849429,29.488878],[-91.850418,29.490257],[-91.850975,29.490305],[-91.850776,29.490654],[-91.851197,29.49124],[-91.851832,29.491701],[-91.851563,29.492334],[-91.852083,29.493291],[-91.85197,29.493485],[-91.852233,29.493828],[-91.852444,29.494987],[-91.853317,29.496062],[-91.853237,29.496334],[-91.85387,29.496804],[-91.853838,29.497019],[-91.854233,29.497454],[-91.85517,29.498138],[-91.855382,29.498073],[-91.85536,29.498402],[-91.855827,29.498651],[-91.855665,29.498967],[-91.855764,29.49911],[-91.856198,29.499101],[-91.856382,29.499791],[-91.856229,29.500003]]},"properties":{"OBJECTID":27943,"PROGRAM":"STATE","PROJECT":"LOUISIANA BARRIER ISLAND COMPREHENSIVE MONITORING PROGRAM (BICM)","PROJ_ID":"LA-0226","PROD_DATE":"20160614","SHORE_TYPE":"MIXED","SRC_DATE":"20150430","SRC_DATA":"USDA NAIP ORTHOIMAGERY","SRC_RES":"1-m pixel","SRC_VECT":"APPLIED COASTAL","SRC_RAST":"M2909134NW","DIG_NOTES":" ","REGION":"AB","CONTRACTOR":"APPLIED COASTAL","ORG":"COASTAL PROTECTION AND RESTORATION AUTHORITY OF LOUISIANA (CPRA)","SRC_REG":"USDA","DATAURL":"http://cims.coastal.louisiana.gov/meta_docs/gis_refs/shoreline/BICM2/LA-0226_SHORL_0000000000_2015043020150913_RAC0009.zip","Meta_xml":"http://cims.coastal.louisiana.gov/meta_docs/gis_refs/shoreline/BICM2/Shoreline_Metadata.xml","Meta_html":"http://cims.coastal.louisiana.gov/meta_docs/gis_refs/shoreline/BICM2/Shoreline_Metadata.html","COMMENTS":null,"SHAPE_Length":6944.708414723651,"DSAS_DATE":"04/30/2015","DSAS_UNCER":null,"year":2015}},{"type":"Feature","id":27944,"geometry":{"type":"LineString","coordinates":[[-92.016232,29.562503],[-92.018439,29.563913],[-92.024507,29.567268],[-92.02565,29.567733],[-92.02612,29.568401],[-92.02763,29.569652],[-92.028298,29.570469],[-92.028368,29.571217],[-92.02889,29.572074],[-92.030565,29.573776],[-92.030344,29.574471],[-92.030139,29.574668],[-92.030353,29.575557],[-92.029835,29.576438],[-92.029452,29.576402],[-92.028914,29.576004],[-92.027492,29.575677],[-92.027371,29.575535],[-92.027366,29.574771],[-92.026945,29.574019]]},"properties":{"OBJECTID":27944,"PROGRAM":"STATE","PROJECT":"LOUISIANA BARRIER ISLAND COMPREHENSIVE MONITORING PROGRAM (BICM)","PROJ_ID":"LA-0226","PROD_DATE":"20160614","SHORE_TYPE":"MIXED","SRC_DATE":"20150810","SRC_DATA":"USDA NAIP ORTHOIMAGERY","SRC_RES":"1-m pixel","SRC_VECT":"APPLIED COASTAL","SRC_RAST":"M2909232NE","DIG_NOTES":" ","REGION":"AB","CONTRACTOR":"APPLIED COASTAL","ORG":"COASTAL PROTECTION AND RESTORATION AUTHORITY OF LOUISIANA (CPRA)","SRC_REG":"USDA","DATAURL":"http://cims.coastal.louisiana.gov/meta_docs/gis_refs/shoreline/BICM2/LA-0226_SHORL_0000000000_2015043020150913_RAC0009.zip","Meta_xml":"http://cims.coastal.louisiana.gov/meta_docs/gis_refs/shoreline/BICM2/Shoreline_Metadata.xml","Meta_html":"http://cims.coastal.louisiana.gov/meta_docs/gis_refs/shoreline/BICM2/Shoreline_Metadata.html","COMMENTS":null,"SHAPE_Length":2750.6758602369305,"DSAS_DATE":"08/10/2015","DSAS_UNCER":null,"year":2015}},{"type":"Feature","id":27945,"geometry":{"type":"LineString","coordinates":[[-92.003128,29.555465],[-92.003887,29.555766],[-92.006265,29.557485],[-92.008095,29.558429],[-92.011322,29.559764],[-92.014641,29.560916],[-92.016232,29.562503]]},"properties":{"OBJECTID":27945,"PROGRAM":"STATE","PROJECT":"LOUISIANA BARRIER ISLAND COMPREHENSIVE MONITORING PROGRAM (BICM)","PROJ_ID":"LA-0226","PROD_DATE":"20160614","SHORE_TYPE":"MIXED","SRC_DATE":"20150810","SRC_DATA":"USDA NAIP ORTHOIMAGERY","SRC_RES":"1-m pixel","SRC_VECT":"APPLIED COASTAL","SRC_RAST":"M2909232SE","DIG_NOTES":" ","REGION":"AB","CONTRACTOR":"APPLIED COASTAL","ORG":"COASTAL PROTECTION AND RESTORATION AUTHORITY OF LOUISIANA (CPRA)","SRC_REG":"USDA","DATAURL":"http://cims.coastal.louisiana.gov/meta_docs/gis_refs/shoreline/BICM2/LA-0226_SHORL_0000000000_2015043020150913_RAC0009.zip","Meta_xml":"http://cims.coastal.louisiana.gov/meta_docs/gis_refs/shoreline/BICM2/Shoreline_Metadata.xml","Meta_html":"http://cims.coastal.louisiana.gov/meta_docs/gis_refs/shoreline/BICM2/Shoreline_Metadata.html","COMMENTS":null,"SHAPE_Length":1513.182502128963,"DSAS_DATE":"08/10/2015","DSAS_UNCER":null,"year":2015}},{"type":"Feature","id":27946,"geometry":{"type":"LineString","coordinates":[[-92.030624,29.576958],[-92.030108,29.576953],[-92.029934,29.576768],[-92.030477,29.575884],[-92.030959,29.575746],[-92.031084,29.576067],[-92.031005,29.576476],[-92.031954,29.577409],[-92.030624,29.576958]]},"properties":{"OBJECTID":27946,"PROGRAM":"STATE","PROJECT":"LOUISIANA BARRIER ISLAND COMPREHENSIVE MONITORING PROGRAM (BICM)","PROJ_ID":"LA-0226","PROD_DATE":"20160614","SHORE_TYPE":"MIXED","SRC_DATE":"20150810","SRC_DATA":"USDA NAIP ORTHOIMAGERY","SRC_RES":"1-m pixel","SRC_VECT":"APPLIED COASTAL","SRC_RAST":"M2909232NE","DIG_NOTES":" ","REGION":"AB","CONTRACTOR":"APPLIED COASTAL","ORG":"COASTAL PROTECTION AND RESTORATION AUTHORITY OF LOUISIANA (CPRA)","SRC_REG":"USDA","DATAURL":"http://cims.coastal.louisiana.gov/meta_docs/gis_refs/shoreline/BICM2/LA-0226_SHORL_0000000000_2015043020150913_RAC0009.zip","Meta_xml":"http://cims.coastal.louisiana.gov/meta_docs/gis_refs/shoreline/BICM2/Shoreline_Metadata.xml","Meta_html":"http://cims.coastal.louisiana.gov/meta_docs/gis_refs/shoreline/BICM2/Shoreline_Metadata.html","COMMENTS":null,"SHAPE_Length":630.5593453749613,"DSAS_DATE":"08/10/2015","DSAS_UNCER":null,"year":2015}},{"type":"Feature","id":27947,"geometry":{"type":"LineString","coordinates":[[-92.026883,29.5744],[-92.02681,29.574902],[-92.026505,29.575012],[-92.026378,29.574679],[-92.025047,29.574268]]},"properties":{"OBJECTID":27947,"PROGRAM":"STATE","PROJECT":"LOUISIANA BARRIER ISLAND COMPREHENSIVE MONITORING PROGRAM (BICM)","PROJ_ID":"LA-0226","PROD_DATE":"20160614","SHORE_TYPE":"MARSH","SRC_DATE":"20150810","SRC_DATA":"USDA NAIP ORTHOIMAGERY","SRC_RES":"1-m pixel","SRC_VECT":"APPLIED COASTAL","SRC_RAST":"M2909232NE","DIG_NOTES":" ","REGION":"AB","CONTRACTOR":"APPLIED COASTAL","ORG":"COASTAL PROTECTION AND RESTORATION AUTHORITY OF LOUISIANA (CPRA)","SRC_REG":"USDA","DATAURL":"http://cims.coastal.louisiana.gov/meta_docs/gis_refs/shoreline/BICM2/LA-0226_SHORL_0000000000_2015043020150913_RAC0009.zip","Meta_xml":"http://cims.coastal.louisiana.gov/meta_docs/gis_refs/shoreline/BICM2/Shoreline_Metadata.xml","Meta_html":"http://cims.coastal.louisiana.gov/meta_docs/gis_refs/shoreline/BICM2/Shoreline_Metadata.html","COMMENTS":null,"SHAPE_Length":281.6461368484552,"DSAS_DATE":"08/10/2015","DSAS_UNCER":null,"year":2015}},{"type":"Feature","id":27948,"geometry":{"type":"LineString","coordinates":[[-92.02271,29.574885],[-92.022358,29.574858],[-92.021741,29.574489],[-92.020599,29.575211]]},"properties":{"OBJECTID":27948,"PROGRAM":"STATE","PROJECT":"LOUISIANA BARRIER ISLAND COMPREHENSIVE MONITORING PROGRAM (BICM)","PROJ_ID":"LA-0226","PROD_DATE":"20160614","SHORE_TYPE":"MARSH","SRC_DATE":"20150810","SRC_DATA":"USDA NAIP ORTHOIMAGERY","SRC_RES":"1-m pixel","SRC_VECT":"APPLIED COASTAL","SRC_RAST":"M2909232NE","DIG_NOTES":" ","REGION":"AB","CONTRACTOR":"APPLIED COASTAL","ORG":"COASTAL PROTECTION AND RESTORATION AUTHORITY OF LOUISIANA (CPRA)","SRC_REG":"USDA","DATAURL":"http://cims.coastal.louisiana.gov/meta_docs/gis_refs/shoreline/BICM2/LA-0226_SHORL_0000000000_2015043020150913_RAC0009.zip","Meta_xml":"http://cims.coastal.louisiana.gov/meta_docs/gis_refs/shoreline/BICM2/Shoreline_Metadata.xml","Meta_html":"http://cims.coastal.louisiana.gov/meta_docs/gis_refs/shoreline/BICM2/Shoreline_Metadata.html","COMMENTS":null,"SHAPE_Length":256.7329558866293,"DSAS_DATE":"08/10/2015","DSAS_UNCER":null,"year":2015}},{"type":"Feature","id":27949,"geometry":{"type":"LineString","coordinates":[[-92.019867,29.575967],[-92.020137,29.575994],[-92.020004,29.575658],[-92.020939,29.575789],[-92.021362,29.575465],[-92.021066,29.575273],[-92.020764,29.575397]]},"properties":{"OBJECTID":27949,"PROGRAM":"STATE","PROJECT":"LOUISIANA BARRIER ISLAND COMPREHENSIVE MONITORING PROGRAM (BICM)","PROJ_ID":"LA-0226","PROD_DATE":"20160614","SHORE_TYPE":"MARSH","SRC_DATE":"20150810","SRC_DATA":"USDA NAIP ORTHOIMAGERY","SRC_RES":"1-m pixel","SRC_VECT":"APPLIED COASTAL","SRC_RAST":"M2909232NE","DIG_NOTES":" ","REGION":"AB","CONTRACTOR":"APPLIED COASTAL","ORG":"COASTAL PROTECTION AND RESTORATION AUTHORITY OF LOUISIANA (CPRA)","SRC_REG":"USDA","DATAURL":"http://cims.coastal.louisiana.gov/meta_docs/gis_refs/shoreline/BICM2/LA-0226_SHORL_0000000000_2015043020150913_RAC0009.zip","Meta_xml":"http://cims.coastal.louisiana.gov/meta_docs/gis_refs/shoreline/BICM2/Shoreline_Metadata.xml","Meta_html":"http://cims.coastal.louisiana.gov/meta_docs/gis_refs/shoreline/BICM2/Shoreline_Metadata.html","COMMENTS":null,"SHAPE_Length":302.523256892319,"DSAS_DATE":"08/10/2015","DSAS_UNCER":null,"year":2015}},{"type":"Feature","id":27950,"geometry":{"type":"LineString","coordinates":[[-92.024936,29.574299],[-92.025283,29.574723],[-92.025146,29.575634],[-92.024832,29.575761],[-92.024371,29.575455],[-92.024037,29.575498],[-92.024114,29.575648],[-92.02361,29.575833],[-92.02359,29.57541],[-92.022992,29.575428],[-92.02286,29.575292],[-92.023217,29.574796],[-92.022747,29.574355]]},"properties":{"OBJECTID":27950,"PROGRAM":"STATE","PROJECT":"LOUISIANA BARRIER ISLAND COMPREHENSIVE MONITORING PROGRAM (BICM)","PROJ_ID":"LA-0226","PROD_DATE":"20160614","SHORE_TYPE":"MARSH","SRC_DATE":"20150810","SRC_DATA":"USDA NAIP ORTHOIMAGERY","SRC_RES":"1-m pixel","SRC_VECT":"APPLIED COASTAL","SRC_RAST":"M2909232NE","DIG_NOTES":" ","REGION":"AB","CONTRACTOR":"APPLIED COASTAL","ORG":"COASTAL PROTECTION AND RESTORATION AUTHORITY OF LOUISIANA (CPRA)","SRC_REG":"USDA","DATAURL":"http://cims.coastal.louisiana.gov/meta_docs/gis_refs/shoreline/BICM2/LA-0226_SHORL_0000000000_2015043020150913_RAC0009.zip","Meta_xml":"http://cims.coastal.louisiana.gov/meta_docs/gis_refs/shoreline/BICM2/Shoreline_Metadata.xml","Meta_html":"http://cims.coastal.louisiana.gov/meta_docs/gis_refs/shoreline/BICM2/Shoreline_Metadata.html","COMMENTS":null,"SHAPE_Length":650.7407017747986,"DSAS_DATE":"08/10/2015","DSAS_UNCER":null,"year":2015}},{"type":"Feature","id":27951,"geometry":{"type":"LineString","coordinates":[[-92.020659,29.576801],[-92.020797,29.5767],[-92.021093,29.576813],[-92.021103,29.577035],[-92.020899,29.577208],[-92.019746,29.577543],[-92.019473,29.577108]]},"properties":{"OBJECTID":27951,"PROGRAM":"STATE","PROJECT":"LOUISIANA BARRIER ISLAND COMPREHENSIVE MONITORING PROGRAM (BICM)","PROJ_ID":"LA-0226","PROD_DATE":"20160614","SHORE_TYPE":"MARSH","SRC_DATE":"20150810","SRC_DATA":"USDA NAIP ORTHOIMAGERY","SRC_RES":"1-m pixel","SRC_VECT":"APPLIED COASTAL","SRC_RAST":"M2909232NE","DIG_NOTES":" ","REGION":"AB","CONTRACTOR":"APPLIED COASTAL","ORG":"COASTAL PROTECTION AND RESTORATION AUTHORITY OF LOUISIANA (CPRA)","SRC_REG":"USDA","DATAURL":"http://cims.coastal.louisiana.gov/meta_docs/gis_refs/shoreline/BICM2/LA-0226_SHORL_0000000000_2015043020150913_RAC0009.zip","Meta_xml":"http://cims.coastal.louisiana.gov/meta_docs/gis_refs/shoreline/BICM2/Shoreline_Metadata.xml","Meta_html":"http://cims.coastal.louisiana.gov/meta_docs/gis_refs/shoreline/BICM2/Shoreline_Metadata.html","COMMENTS":null,"SHAPE_Length":288.48208256802064,"DSAS_DATE":"08/10/2015","DSAS_UNCER":null,"year":2015}},{"type":"Feature","id":27952,"geometry":{"type":"LineString","coordinates":[[-92.020519,29.57678],[-92.02064,29.576385],[-92.020402,29.576337],[-92.020368,29.576143],[-92.019983,29.576239],[-92.020056,29.576109]]},"properties":{"OBJECTID":27952,"PROGRAM":"STATE","PROJECT":"LOUISIANA BARRIER ISLAND COMPREHENSIVE MONITORING PROGRAM (BICM)","PROJ_ID":"LA-0226","PROD_DATE":"20160614","SHORE_TYPE":"MARSH","SRC_DATE":"20150810","SRC_DATA":"USDA NAIP ORTHOIMAGERY","SRC_RES":"1-m pixel","SRC_VECT":"APPLIED COASTAL","SRC_RAST":"M2909232NE","DIG_NOTES":" ","REGION":"AB","CONTRACTOR":"APPLIED COASTAL","ORG":"COASTAL PROTECTION AND RESTORATION AUTHORITY OF LOUISIANA (CPRA)","SRC_REG":"USDA","DATAURL":"http://cims.coastal.louisiana.gov/meta_docs/gis_refs/shoreline/BICM2/LA-0226_SHORL_0000000000_2015043020150913_RAC0009.zip","Meta_xml":"http://cims.coastal.louisiana.gov/meta_docs/gis_refs/shoreline/BICM2/Shoreline_Metadata.xml","Meta_html":"http://cims.coastal.louisiana.gov/meta_docs/gis_refs/shoreline/BICM2/Shoreline_Metadata.html","COMMENTS":null,"SHAPE_Length":156.595594074382,"DSAS_DATE":"08/10/2015","DSAS_UNCER":null,"year":2015}},{"type":"Feature","id":27953,"geometry":{"type":"LineString","coordinates":[[-91.789521,29.484617],[-91.788967,29.484453],[-91.787795,29.483144],[-91.785235,29.483546],[-91.784839,29.483785],[-91.78319,29.483745],[-91.782425,29.484761],[-91.781441,29.484838],[-91.780954,29.485292],[-91.780373,29.485272],[-91.779614,29.485848],[-91.779196,29.485778],[-91.778763,29.485915],[-91.778634,29.486381],[-91.778097,29.486934],[-91.775552,29.487136],[-91.775058,29.487528],[-91.774454,29.487745],[-91.774014,29.488248],[-91.773532,29.4884],[-91.772357,29.489371],[-91.770633,29.490064],[-91.769001,29.49018],[-91.768543,29.490368],[-91.769251,29.491218],[-91.769211,29.491426],[-91.770219,29.49178],[-91.7705,29.492345],[-91.77082,29.492609],[-91.771386,29.492736],[-91.772759,29.494282]]},"properties":{"OBJECTID":27953,"PROGRAM":"STATE","PROJECT":"LOUISIANA BARRIER ISLAND COMPREHENSIVE MONITORING PROGRAM (BICM)","PROJ_ID":"LA-0226","PROD_DATE":"20160614","SHORE_TYPE":"MIXED","SRC_DATE":"20150827","SRC_DATA":"USDA NAIP ORTHOIMAGERY","SRC_RES":"1-m pixel","SRC_VECT":"APPLIED COASTAL","SRC_RAST":"M2909134NE","DIG_NOTES":" ","REGION":"AB","CONTRACTOR":"APPLIED COASTAL","ORG":"COASTAL PROTECTION AND RESTORATION AUTHORITY OF LOUISIANA (CPRA)","SRC_REG":"USDA","DATAURL":"http://cims.coastal.louisiana.gov/meta_docs/gis_refs/shoreline/BICM2/LA-0226_SHORL_0000000000_2015043020150913_RAC0009.zip","Meta_xml":"http://cims.coastal.louisiana.gov/meta_docs/gis_refs/shoreline/BICM2/Shoreline_Metadata.xml","Meta_html":"http://cims.coastal.louisiana.gov/meta_docs/gis_refs/shoreline/BICM2/Shoreline_Metadata.html","COMMENTS":null,"SHAPE_Length":3182.858205174547,"DSAS_DATE":"08/27/2015","DSAS_UNCER":null,"year":2015}},{"type":"Feature","id":27958,"geometry":{"type":"LineString","coordinates":[[-91.821699,29.478242],[-91.82119,29.477486],[-91.82102,29.477496]]},"properties":{"OBJECTID":27958,"PROGRAM":"STATE","PROJECT":"LOUISIANA BARRIER ISLAND COMPREHENSIVE MONITORING PROGRAM (BICM)","PROJ_ID":"LA-0226","PROD_DATE":"20160614","SHORE_TYPE":"MIXED","SRC_DATE":"20150430","SRC_DATA":"USDA NAIP ORTHOIMAGERY","SRC_RES":"1-m pixel","SRC_VECT":"APPLIED COASTAL","SRC_RAST":"M2909134NW","DIG_NOTES":" ","REGION":"AB","CONTRACTOR":"APPLIED COASTAL","ORG":"COASTAL PROTECTION AND RESTORATION AUTHORITY OF LOUISIANA (CPRA)","SRC_REG":"USDA","DATAURL":"http://cims.coastal.louisiana.gov/meta_docs/gis_refs/shoreline/BICM2/LA-0226_SHORL_0000000000_2015043020150913_RAC0009.zip","Meta_xml":"http://cims.coastal.louisiana.gov/meta_docs/gis_refs/shoreline/BICM2/Shoreline_Metadata.xml","Meta_html":"http://cims.coastal.louisiana.gov/meta_docs/gis_refs/shoreline/BICM2/Shoreline_Metadata.html","COMMENTS":null,"SHAPE_Length":117.88715931618341,"DSAS_DATE":"04/30/2015","DSAS_UNCER":null,"year":2015}},{"type":"Feature","id":27959,"geometry":{"type":"LineString","coordinates":[[-91.8125,29.484283],[-91.811795,29.484399],[-91.809482,29.485753],[-91.80842,29.486145],[-91.80793,29.486493],[-91.807634,29.486476],[-91.807389,29.48671],[-91.803595,29.487738],[-91.801792,29.48795],[-91.799727,29.487713],[-91.79651,29.48677],[-91.794671,29.485845],[-91.794072,29.485271],[-91.793477,29.485088],[-91.793237,29.484731],[-91.792594,29.484435],[-91.792374,29.484054],[-91.791794,29.483931],[-91.791041,29.484011],[-91.790132,29.483561],[-91.789506,29.483927],[-91.789487,29.484244],[-91.78972,29.48447]]},"properties":{"OBJECTID":27959,"PROGRAM":"STATE","PROJECT":"LOUISIANA BARRIER ISLAND COMPREHENSIVE MONITORING PROGRAM (BICM)","PROJ_ID":"LA-0226","PROD_DATE":"20160614","SHORE_TYPE":"MIXED","SRC_DATE":"20150827","SRC_DATA":"USDA NAIP ORTHOIMAGERY","SRC_RES":"1-m pixel","SRC_VECT":"APPLIED COASTAL","SRC_RAST":"M2909134NE","DIG_NOTES":" ","REGION":"AB","CONTRACTOR":"APPLIED COASTAL","ORG":"COASTAL PROTECTION AND RESTORATION AUTHORITY OF LOUISIANA (CPRA)","SRC_REG":"USDA","DATAURL":"http://cims.coastal.louisiana.gov/meta_docs/gis_refs/shoreline/BICM2/LA-0226_SHORL_0000000000_2015043020150913_RAC0009.zip","Meta_xml":"http://cims.coastal.louisiana.gov/meta_docs/gis_refs/shoreline/BICM2/Shoreline_Metadata.xml","Meta_html":"http://cims.coastal.louisiana.gov/meta_docs/gis_refs/shoreline/BICM2/Shoreline_Metadata.html","COMMENTS":null,"SHAPE_Length":2648.2915640758,"DSAS_DATE":"08/27/2015","DSAS_UNCER":null,"year":2015}},{"type":"Feature","id":27960,"geometry":{"type":"LineString","coordinates":[[-91.82102,29.477496],[-91.820622,29.477106],[-91.820638,29.477452],[-91.819964,29.477701],[-91.819982,29.477981],[-91.819729,29.478032],[-91.819738,29.478354],[-91.819274,29.478828],[-91.819218,29.479086],[-91.817475,29.480786],[-91.817597,29.481006],[-91.817134,29.481497],[-91.81439,29.48319],[-91.814424,29.483401],[-91.81397,29.483481],[-91.81353,29.483866],[-91.8125,29.484283]]},"properties":{"OBJECTID":27960,"PROGRAM":"STATE","PROJECT":"LOUISIANA BARRIER ISLAND COMPREHENSIVE MONITORING PROGRAM (BICM)","PROJ_ID":"LA-0226","PROD_DATE":"20160614","SHORE_TYPE":"MIXED","SRC_DATE":"20150827","SRC_DATA":"USDA NAIP ORTHOIMAGERY","SRC_RES":"1-m pixel","SRC_VECT":"APPLIED COASTAL","SRC_RAST":"M2909134NW","DIG_NOTES":" ","REGION":"AB","CONTRACTOR":"APPLIED COASTAL","ORG":"COASTAL PROTECTION AND RESTORATION AUTHORITY OF LOUISIANA (CPRA)","SRC_REG":"USDA","DATAURL":"http://cims.coastal.louisiana.gov/meta_docs/gis_refs/shoreline/BICM2/LA-0226_SHORL_0000000000_2015043020150913_RAC0009.zip","Meta_xml":"http://cims.coastal.louisiana.gov/meta_docs/gis_refs/shoreline/BICM2/Shoreline_Metadata.xml","Meta_html":"http://cims.coastal.louisiana.gov/meta_docs/gis_refs/shoreline/BICM2/Shoreline_Metadata.html","COMMENTS":null,"SHAPE_Length":1383.8508328091907,"DSAS_DATE":"08/27/2015","DSAS_UNCER":null,"year":2015}},{"type":"Feature","id":27961,"geometry":{"type":"LineString","coordinates":[[-91.775039,29.504454],[-91.774942,29.504812],[-91.774492,29.504921],[-91.774255,29.5048],[-91.774075,29.505044],[-91.773886,29.506728],[-91.773331,29.507081],[-91.773007,29.507705],[-91.773011,29.508636],[-91.772751,29.509081],[-91.772907,29.509313],[-91.77227,29.509551],[-91.772386,29.509859],[-91.772231,29.51006],[-91.772306,29.51031],[-91.771946,29.510426],[-91.771849,29.510613],[-91.771745,29.511386],[-91.771492,29.511351],[-91.771329,29.511638],[-91.771124,29.511661],[-91.771188,29.512106],[-91.770854,29.512486],[-91.770839,29.512837],[-91.770643,29.51291],[-91.770873,29.51321],[-91.77044,29.513297],[-91.770609,29.514464],[-91.770357,29.514923],[-91.769989,29.515067],[-91.770073,29.515461],[-91.769819,29.515562],[-91.770001,29.516013],[-91.76974,29.5162],[-91.769953,29.516306],[-91.769955,29.516596],[-91.769678,29.516905],[-91.76944,29.51687],[-91.769498,29.517035],[-91.769188,29.517279],[-91.769255,29.51758],[-91.76896,29.51761],[-91.768863,29.517775],[-91.769109,29.517938],[-91.769093,29.51811],[-91.768319,29.518958],[-91.768279,29.51918],[-91.768026,29.519296],[-91.767881,29.519937],[-91.767555,29.52031],[-91.76759,29.520826],[-91.767076,29.521207],[-91.767193,29.521665],[-91.766801,29.522042],[-91.766576,29.522953],[-91.765851,29.523814],[-91.765862,29.524409],[-91.765601,29.524682],[-91.765457,29.525513],[-91.766022,29.525404],[-91.766838,29.524914]]},"properties":{"OBJECTID":27961,"PROGRAM":"STATE","PROJECT":"LOUISIANA BARRIER ISLAND COMPREHENSIVE MONITORING PROGRAM (BICM)","PROJ_ID":"LA-0226","PROD_DATE":"20160614","SHORE_TYPE":"MARSH","SRC_DATE":"20150827","SRC_DATA":"USDA NAIP ORTHOIMAGERY","SRC_RES":"1-m pixel","SRC_VECT":"APPLIED COASTAL","SRC_RAST":"M2909126SE","DIG_NOTES":" ","REGION":"AB","CONTRACTOR":"APPLIED COASTAL","ORG":"COASTAL PROTECTION AND RESTORATION AUTHORITY OF LOUISIANA (CPRA)","SRC_REG":"USDA","DATAURL":"http://cims.coastal.louisiana.gov/meta_docs/gis_refs/shoreline/BICM2/LA-0226_SHORL_0000000000_2015043020150913_RAC0009.zip","Meta_xml":"http://cims.coastal.louisiana.gov/meta_docs/gis_refs/shoreline/BICM2/Shoreline_Metadata.xml","Meta_html":"http://cims.coastal.louisiana.gov/meta_docs/gis_refs/shoreline/BICM2/Shoreline_Metadata.html","COMMENTS":null,"SHAPE_Length":3427.7515386792957,"DSAS_DATE":"08/27/2015","DSAS_UNCER":null,"year":2015}},{"type":"Feature","id":27962,"geometry":{"type":"LineString","coordinates":[[-91.775377,29.503975],[-91.774688,29.503791],[-91.774309,29.503191],[-91.773882,29.502856],[-91.773823,29.502476],[-91.774108,29.502175],[-91.774042,29.501996],[-91.773779,29.501925],[-91.773901,29.501767],[-91.77385,29.501244],[-91.773972,29.501087],[-91.773824,29.50084],[-91.774027,29.500004]]},"properties":{"OBJECTID":27962,"PROGRAM":"STATE","PROJECT":"LOUISIANA BARRIER ISLAND COMPREHENSIVE MONITORING PROGRAM (BICM)","PROJ_ID":"LA-0226","PROD_DATE":"20160614","SHORE_TYPE":"MARSH","SRC_DATE":"20150827","SRC_DATA":"USDA NAIP ORTHOIMAGERY","SRC_RES":"1-m pixel","SRC_VECT":"APPLIED COASTAL","SRC_RAST":"M2909126SE","DIG_NOTES":" ","REGION":"AB","CONTRACTOR":"APPLIED COASTAL","ORG":"COASTAL PROTECTION AND RESTORATION AUTHORITY OF LOUISIANA (CPRA)","SRC_REG":"USDA","DATAURL":"http://cims.coastal.louisiana.gov/meta_docs/gis_refs/shoreline/BICM2/LA-0226_SHORL_0000000000_2015043020150913_RAC0009.zip","Meta_xml":"http://cims.coastal.louisiana.gov/meta_docs/gis_refs/shoreline/BICM2/Shoreline_Metadata.xml","Meta_html":"http://cims.coastal.louisiana.gov/meta_docs/gis_refs/shoreline/BICM2/Shoreline_Metadata.html","COMMENTS":null,"SHAPE_Length":607.7007498612147,"DSAS_DATE":"08/27/2015","DSAS_UNCER":null,"year":2015}},{"type":"Feature","id":27963,"geometry":{"type":"LineString","coordinates":[[-91.774027,29.500004],[-91.773967,29.499823],[-91.774129,29.499571],[-91.773842,29.499415],[-91.773972,29.499221],[-91.773808,29.499028],[-91.773847,29.498634],[-91.773583,29.498327],[-91.773697,29.498162],[-91.773473,29.497515],[-91.773252,29.497308],[-91.773357,29.497035],[-91.773602,29.49692],[-91.773609,29.496669],[-91.773281,29.496584],[-91.773469,29.496405],[-91.773246,29.49604],[-91.772796,29.495992],[-91.772161,29.495048],[-91.772373,29.494751],[-91.772765,29.494721]]},"properties":{"OBJECTID":27963,"PROGRAM":"STATE","PROJECT":"LOUISIANA BARRIER ISLAND COMPREHENSIVE MONITORING PROGRAM (BICM)","PROJ_ID":"LA-0226","PROD_DATE":"20160614","SHORE_TYPE":"MARSH","SRC_DATE":"20150827","SRC_DATA":"USDA NAIP ORTHOIMAGERY","SRC_RES":"1-m pixel","SRC_VECT":"APPLIED COASTAL","SRC_RAST":"M2909134NE","DIG_NOTES":" ","REGION":"AB","CONTRACTOR":"APPLIED COASTAL","ORG":"COASTAL PROTECTION AND RESTORATION AUTHORITY OF LOUISIANA (CPRA)","SRC_REG":"USDA","DATAURL":"http://cims.coastal.louisiana.gov/meta_docs/gis_refs/shoreline/BICM2/LA-0226_SHORL_0000000000_2015043020150913_RAC0009.zip","Meta_xml":"http://cims.coastal.louisiana.gov/meta_docs/gis_refs/shoreline/BICM2/Shoreline_Metadata.xml","Meta_html":"http://cims.coastal.louisiana.gov/meta_docs/gis_refs/shoreline/BICM2/Shoreline_Metadata.html","COMMENTS":null,"SHAPE_Length":866.6788870523485,"DSAS_DATE":"08/27/2015","DSAS_UNCER":null,"year":2015}},{"type":"Feature","id":27964,"geometry":{"type":"LineString","coordinates":[[-91.761022,29.529208],[-91.761161,29.528733],[-91.760349,29.52852],[-91.7599,29.528722],[-91.759735,29.528522],[-91.759428,29.529462],[-91.758675,29.529614],[-91.758709,29.529843],[-91.758171,29.530425],[-91.75759,29.530649],[-91.757623,29.530506],[-91.75727,29.530407],[-91.757222,29.530564],[-91.756845,29.530551],[-91.756887,29.530809],[-91.756314,29.530983],[-91.756217,29.531298],[-91.755834,29.531657],[-91.755629,29.531658],[-91.755467,29.532095],[-91.755082,29.531961],[-91.755029,29.532223]]},"properties":{"OBJECTID":27964,"PROGRAM":"STATE","PROJECT":"LOUISIANA BARRIER ISLAND COMPREHENSIVE MONITORING PROGRAM (BICM)","PROJ_ID":"LA-0226","PROD_DATE":"20160614","SHORE_TYPE":"MARSH","SRC_DATE":"20150827","SRC_DATA":"USDA NAIP ORTHOIMAGERY","SRC_RES":"1-m pixel","SRC_VECT":"APPLIED COASTAL","SRC_RAST":"M2909126SE","DIG_NOTES":" ","REGION":"AB","CONTRACTOR":"APPLIED COASTAL","ORG":"COASTAL PROTECTION AND RESTORATION AUTHORITY OF LOUISIANA (CPRA)","SRC_REG":"USDA","DATAURL":"http://cims.coastal.louisiana.gov/meta_docs/gis_refs/shoreline/BICM2/LA-0226_SHORL_0000000000_2015043020150913_RAC0009.zip","Meta_xml":"http://cims.coastal.louisiana.gov/meta_docs/gis_refs/shoreline/BICM2/Shoreline_Metadata.xml","Meta_html":"http://cims.coastal.louisiana.gov/meta_docs/gis_refs/shoreline/BICM2/Shoreline_Metadata.html","COMMENTS":null,"SHAPE_Length":1073.8626547815275,"DSAS_DATE":"08/27/2015","DSAS_UNCER":null,"year":2015}},{"type":"Feature","id":27965,"geometry":{"type":"LineString","coordinates":[[-91.755029,29.532223],[-91.754397,29.532647],[-91.754285,29.53327],[-91.75413,29.533385],[-91.753802,29.533307],[-91.753329,29.533732],[-91.753279,29.533977],[-91.752235,29.534303],[-91.751861,29.534801],[-91.7514,29.534708],[-91.750826,29.535268],[-91.75,29.535083]]},"properties":{"OBJECTID":27965,"PROGRAM":"STATE","PROJECT":"LOUISIANA BARRIER ISLAND COMPREHENSIVE MONITORING PROGRAM (BICM)","PROJ_ID":"LA-0226","PROD_DATE":"20160614","SHORE_TYPE":"MARSH","SRC_DATE":"20150826","SRC_DATA":"USDA NAIP ORTHOIMAGERY","SRC_RES":"1-m pixel","SRC_VECT":"APPLIED COASTAL","SRC_RAST":"M2909126SE","DIG_NOTES":" ","REGION":"AB","CONTRACTOR":"APPLIED COASTAL","ORG":"COASTAL PROTECTION AND RESTORATION AUTHORITY OF LOUISIANA (CPRA)","SRC_REG":"USDA","DATAURL":"http://cims.coastal.louisiana.gov/meta_docs/gis_refs/shoreline/BICM2/LA-0226_SHORL_0000000000_2015043020150913_RAC0009.zip","Meta_xml":"http://cims.coastal.louisiana.gov/meta_docs/gis_refs/shoreline/BICM2/Shoreline_Metadata.xml","Meta_html":"http://cims.coastal.louisiana.gov/meta_docs/gis_refs/shoreline/BICM2/Shoreline_Metadata.html","COMMENTS":null,"SHAPE_Length":750.8852102045041,"DSAS_DATE":"08/26/2015","DSAS_UNCER":null,"year":2015}},{"type":"Feature","id":27966,"geometry":{"type":"LineString","coordinates":[[-91.709825,29.562503],[-91.709907,29.562711],[-91.710227,29.56285],[-91.710344,29.563322],[-91.710739,29.563804],[-91.710793,29.565079],[-91.709956,29.567028],[-91.708673,29.567863],[-91.708544,29.568372],[-91.708988,29.568864],[-91.709781,29.568289],[-91.710502,29.568266],[-91.71136,29.567869],[-91.711761,29.567589],[-91.71144,29.567246]]},"properties":{"OBJECTID":27966,"PROGRAM":"STATE","PROJECT":"LOUISIANA BARRIER ISLAND COMPREHENSIVE MONITORING PROGRAM (BICM)","PROJ_ID":"LA-0226","PROD_DATE":"20160614","SHORE_TYPE":"MARSH","SRC_DATE":"20150826","SRC_DATA":"USDA NAIP ORTHOIMAGERY","SRC_RES":"1-m pixel","SRC_VECT":"APPLIED COASTAL","SRC_RAST":"M2909127NW","DIG_NOTES":" ","REGION":"AB","CONTRACTOR":"APPLIED COASTAL","ORG":"COASTAL PROTECTION AND RESTORATION AUTHORITY OF LOUISIANA (CPRA)","SRC_REG":"USDA","DATAURL":"http://cims.coastal.louisiana.gov/meta_docs/gis_refs/shoreline/BICM2/LA-0226_SHORL_0000000000_2015043020150913_RAC0009.zip","Meta_xml":"http://cims.coastal.louisiana.gov/meta_docs/gis_refs/shoreline/BICM2/Shoreline_Metadata.xml","Meta_html":"http://cims.coastal.louisiana.gov/meta_docs/gis_refs/shoreline/BICM2/Shoreline_Metadata.html","COMMENTS":null,"SHAPE_Length":1250.98613324537,"DSAS_DATE":"08/26/2015","DSAS_UNCER":null,"year":2015}},{"type":"Feature","id":27967,"geometry":{"type":"LineString","coordinates":[[-91.75,29.535083],[-91.74985,29.535137],[-91.749967,29.535563],[-91.749608,29.535857],[-91.749313,29.535701],[-91.748961,29.535738],[-91.748831,29.536017],[-91.748462,29.535911],[-91.748308,29.536255],[-91.747785,29.536479],[-91.747596,29.536379],[-91.747597,29.53658],[-91.747172,29.536803],[-91.746713,29.536812],[-91.746622,29.536583],[-91.746303,29.536548],[-91.746344,29.536691],[-91.746033,29.536721],[-91.74596,29.536965],[-91.745665,29.536851],[-91.745503,29.537288],[-91.745184,29.537289],[-91.744973,29.537755],[-91.744293,29.537643],[-91.743958,29.537959],[-91.743598,29.537939],[-91.743484,29.53829],[-91.743059,29.538263],[-91.742986,29.538435],[-91.742479,29.538615],[-91.741987,29.538596],[-91.741546,29.538919],[-91.740871,29.539036],[-91.740101,29.538902],[-91.739966,29.539142],[-91.739498,29.539289],[-91.737976,29.539444],[-91.737131,29.539886],[-91.736992,29.539736],[-91.736526,29.540171],[-91.736195,29.540184],[-91.735948,29.540504],[-91.735376,29.540422],[-91.735143,29.540742],[-91.73485,29.540715],[-91.734948,29.541004],[-91.734556,29.541156],[-91.733995,29.542049],[-91.733492,29.542195],[-91.733294,29.542582],[-91.73306,29.542528],[-91.732469,29.543024],[-91.732166,29.543007],[-91.73139,29.543666],[-91.73086,29.543685],[-91.730854,29.543978],[-91.730518,29.543929],[-91.729734,29.544454],[-91.729513,29.544441],[-91.729424,29.544634],[-91.728744,29.544758],[-91.728737,29.545016],[-91.72769,29.545234],[-91.727421,29.545664],[-91.726882,29.545945],[-91.726834,29.54626],[-91.726106,29.546492],[-91.726025,29.546789],[-91.725641,29.546941],[-91.725421,29.547278],[-91.724774,29.547316],[-91.724169,29.547575],[-91.723823,29.548151],[-91.723389,29.548173],[-91.723218,29.548489],[-91.722564,29.548749],[-91.722516,29.549014],[-91.721731,29.549296],[-91.721716,29.549596],[-91.720727,29.550144],[-91.720327,29.55065],[-91.719739,29.550931],[-91.718772,29.550863],[-91.71852,29.551372],[-91.718611,29.551687],[-91.718178,29.551731],[-91.717578,29.55237],[-91.717127,29.552321],[-91.716816,29.552379],[-91.716801,29.552555],[-91.716579,29.55252],[-91.716189,29.553251],[-91.715828,29.553052],[-91.715838,29.55351],[-91.715387,29.553447],[-91.715191,29.553562],[-91.715249,29.553813],[-91.714874,29.554243],[-91.71435,29.554238],[-91.714173,29.555012],[-91.713576,29.555293],[-91.713435,29.555593],[-91.713502,29.555887],[-91.713388,29.555994],[-91.713676,29.556409],[-91.713251,29.55656],[-91.713899,29.556935],[-91.714047,29.557178],[-91.713764,29.558131],[-91.713006,29.559078],[-91.712304,29.559646],[-91.711453,29.559878],[-91.711181,29.55952],[-91.711067,29.559664],[-91.710682,29.559679],[-91.710725,29.560052]]},"properties":{"OBJECTID":27967,"PROGRAM":"STATE","PROJECT":"LOUISIANA BARRIER ISLAND COMPREHENSIVE MONITORING PROGRAM (BICM)","PROJ_ID":"LA-0226","PROD_DATE":"20160614","SHORE_TYPE":"MARSH","SRC_DATE":"20150826","SRC_DATA":"USDA NAIP ORTHOIMAGERY","SRC_RES":"1-m pixel","SRC_VECT":"APPLIED COASTAL","SRC_RAST":"M2909127SW","DIG_NOTES":" ","REGION":"AB","CONTRACTOR":"APPLIED COASTAL","ORG":"COASTAL PROTECTION AND RESTORATION AUTHORITY OF LOUISIANA (CPRA)","SRC_REG":"USDA","DATAURL":"http://cims.coastal.louisiana.gov/meta_docs/gis_refs/shoreline/BICM2/LA-0226_SHORL_0000000000_2015043020150913_RAC0009.zip","Meta_xml":"http://cims.coastal.louisiana.gov/meta_docs/gis_refs/shoreline/BICM2/Shoreline_Metadata.xml","Meta_html":"http://cims.coastal.louisiana.gov/meta_docs/gis_refs/shoreline/BICM2/Shoreline_Metadata.html","COMMENTS":null,"SHAPE_Length":6396.017982031347,"DSAS_DATE":"08/26/2015","DSAS_UNCER":null,"year":2015}},{"type":"Feature","id":27968,"geometry":{"type":"LineString","coordinates":[[-91.767684,29.525581],[-91.767096,29.525869],[-91.767073,29.526263],[-91.767402,29.52652],[-91.767231,29.526721],[-91.767091,29.526664],[-91.767224,29.527072],[-91.766736,29.527882],[-91.766425,29.527862],[-91.765601,29.52857],[-91.764856,29.528701],[-91.764735,29.528952],[-91.764154,29.529047],[-91.764072,29.529198],[-91.763728,29.528984],[-91.763532,29.529171],[-91.763285,29.528936],[-91.763064,29.528994],[-91.763045,29.529345],[-91.762628,29.529504],[-91.762637,29.529697]]},"properties":{"OBJECTID":27968,"PROGRAM":"STATE","PROJECT":"LOUISIANA BARRIER ISLAND COMPREHENSIVE MONITORING PROGRAM (BICM)","PROJ_ID":"LA-0226","PROD_DATE":"20160614","SHORE_TYPE":"MARSH","SRC_DATE":"20150827","SRC_DATA":"USDA NAIP ORTHOIMAGERY","SRC_RES":"1-m pixel","SRC_VECT":"APPLIED COASTAL","SRC_RAST":"M2909126SE","DIG_NOTES":" ","REGION":"AB","CONTRACTOR":"APPLIED COASTAL","ORG":"COASTAL PROTECTION AND RESTORATION AUTHORITY OF LOUISIANA (CPRA)","SRC_REG":"USDA","DATAURL":"http://cims.coastal.louisiana.gov/meta_docs/gis_refs/shoreline/BICM2/LA-0226_SHORL_0000000000_2015043020150913_RAC0009.zip","Meta_xml":"http://cims.coastal.louisiana.gov/meta_docs/gis_refs/shoreline/BICM2/Shoreline_Metadata.xml","Meta_html":"http://cims.coastal.louisiana.gov/meta_docs/gis_refs/shoreline/BICM2/Shoreline_Metadata.html","COMMENTS":null,"SHAPE_Length":973.234101614023,"DSAS_DATE":"08/27/2015","DSAS_UNCER":null,"year":2015}},{"type":"Feature","id":27969,"geometry":{"type":"LineString","coordinates":[[-91.762514,29.529662],[-91.761917,29.529664],[-91.761538,29.529235],[-91.761178,29.529251]]},"properties":{"OBJECTID":27969,"PROGRAM":"STATE","PROJECT":"LOUISIANA BARRIER ISLAND COMPREHENSIVE MONITORING PROGRAM (BICM)","PROJ_ID":"LA-0226","PROD_DATE":"20160614","SHORE_TYPE":"MARSH","SRC_DATE":"20150827","SRC_DATA":"USDA NAIP ORTHOIMAGERY","SRC_RES":"1-m pixel","SRC_VECT":"APPLIED COASTAL","SRC_RAST":"M2909126SE","DIG_NOTES":" ","REGION":"AB","CONTRACTOR":"APPLIED COASTAL","ORG":"COASTAL PROTECTION AND RESTORATION AUTHORITY OF LOUISIANA (CPRA)","SRC_REG":"USDA","DATAURL":"http://cims.coastal.louisiana.gov/meta_docs/gis_refs/shoreline/BICM2/LA-0226_SHORL_0000000000_2015043020150913_RAC0009.zip","Meta_xml":"http://cims.coastal.louisiana.gov/meta_docs/gis_refs/shoreline/BICM2/Shoreline_Metadata.xml","Meta_html":"http://cims.coastal.louisiana.gov/meta_docs/gis_refs/shoreline/BICM2/Shoreline_Metadata.html","COMMENTS":null,"SHAPE_Length":161.69450075962735,"DSAS_DATE":"08/27/2015","DSAS_UNCER":null,"year":2015}},{"type":"Feature","id":28412,"geometry":{"type":"LineString","coordinates":[[-91.720227,29.562897],[-91.719828,29.563022],[-91.719008,29.562803],[-91.718436,29.563212],[-91.71774,29.563164],[-91.717479,29.563502],[-91.71698,29.563575],[-91.716586,29.563476],[-91.716494,29.563053]]},"properties":{"OBJECTID":28412,"PROGRAM":"STATE","PROJECT":"LOUISIANA BARRIER ISLAND COMPREHENSIVE MONITORING PROGRAM (BICM)","PROJ_ID":"LA-0226","PROD_DATE":"20160614","SHORE_TYPE":"MARSH","SRC_DATE":"20150826","SRC_DATA":"USDA NAIP ORTHOIMAGERY","SRC_RES":"1-m pixel","SRC_VECT":"APPLIED COASTAL","SRC_RAST":"M2909127NW","DIG_NOTES":" ","REGION":"AB","CONTRACTOR":"APPLIED COASTAL","ORG":"COASTAL PROTECTION AND RESTORATION AUTHORITY OF LOUISIANA (CPRA)","SRC_REG":"USDA","DATAURL":"http://cims.coastal.louisiana.gov/meta_docs/gis_refs/shoreline/BICM2/LA-0226_SHORL_0000000000_2015043020150913_RAC0009.zip","Meta_xml":"http://cims.coastal.louisiana.gov/meta_docs/gis_refs/shoreline/BICM2/Shoreline_Metadata.xml","Meta_html":"http://cims.coastal.louisiana.gov/meta_docs/gis_refs/shoreline/BICM2/Shoreline_Metadata.html","COMMENTS":null,"SHAPE_Length":486.90221733241833,"DSAS_DATE":"08/26/2015","DSAS_UNCER":null,"year":2015}},{"type":"Feature","id":28413,"geometry":{"type":"LineString","coordinates":[[-91.716217,29.563354],[-91.716915,29.563897],[-91.716736,29.564184],[-91.716811,29.564527],[-91.716401,29.564263],[-91.716057,29.564314],[-91.71582,29.564566],[-91.715803,29.56438],[-91.715509,29.564445],[-91.7155,29.564252],[-91.715131,29.564152]]},"properties":{"OBJECTID":28413,"PROGRAM":"STATE","PROJECT":"LOUISIANA BARRIER ISLAND COMPREHENSIVE MONITORING PROGRAM (BICM)","PROJ_ID":"LA-0226","PROD_DATE":"20160614","SHORE_TYPE":"MARSH","SRC_DATE":"20150826","SRC_DATA":"USDA NAIP ORTHOIMAGERY","SRC_RES":"1-m pixel","SRC_VECT":"APPLIED COASTAL","SRC_RAST":"M2909127NW","DIG_NOTES":" ","REGION":"AB","CONTRACTOR":"APPLIED COASTAL","ORG":"COASTAL PROTECTION AND RESTORATION AUTHORITY OF LOUISIANA (CPRA)","SRC_REG":"USDA","DATAURL":"http://cims.coastal.louisiana.gov/meta_docs/gis_refs/shoreline/BICM2/LA-0226_SHORL_0000000000_2015043020150913_RAC0009.zip","Meta_xml":"http://cims.coastal.louisiana.gov/meta_docs/gis_refs/shoreline/BICM2/Shoreline_Metadata.xml","Meta_html":"http://cims.coastal.louisiana.gov/meta_docs/gis_refs/shoreline/BICM2/Shoreline_Metadata.html","COMMENTS":null,"SHAPE_Length":431.5050545569127,"DSAS_DATE":"08/26/2015","DSAS_UNCER":null,"year":2015}},{"type":"Feature","id":28414,"geometry":{"type":"LineString","coordinates":[[-91.715098,29.564217],[-91.715329,29.564689],[-91.715265,29.565026],[-91.714193,29.565416],[-91.71372,29.565925],[-91.713607,29.566334],[-91.713707,29.566778],[-91.713929,29.566934],[-91.714272,29.566769],[-91.714421,29.567219],[-91.712291,29.567061],[-91.711792,29.567277],[-91.711505,29.567192]]},"properties":{"OBJECTID":28414,"PROGRAM":"STATE","PROJECT":"LOUISIANA BARRIER ISLAND COMPREHENSIVE MONITORING PROGRAM (BICM)","PROJ_ID":"LA-0226","PROD_DATE":"20160614","SHORE_TYPE":"MARSH","SRC_DATE":"20150826","SRC_DATA":"USDA NAIP ORTHOIMAGERY","SRC_RES":"1-m pixel","SRC_VECT":"APPLIED COASTAL","SRC_RAST":"M2909127NW","DIG_NOTES":" ","REGION":"AB","CONTRACTOR":"APPLIED COASTAL","ORG":"COASTAL PROTECTION AND RESTORATION AUTHORITY OF LOUISIANA (CPRA)","SRC_REG":"USDA","DATAURL":"http://cims.coastal.louisiana.gov/meta_docs/gis_refs/shoreline/BICM2/LA-0226_SHORL_0000000000_2015043020150913_RAC0009.zip","Meta_xml":"http://cims.coastal.louisiana.gov/meta_docs/gis_refs/shoreline/BICM2/Shoreline_Metadata.xml","Meta_html":"http://cims.coastal.louisiana.gov/meta_docs/gis_refs/shoreline/BICM2/Shoreline_Metadata.html","COMMENTS":null,"SHAPE_Length":855.9323748652271,"DSAS_DATE":"08/26/2015","DSAS_UNCER":null,"year":2015}},{"type":"Feature","id":28415,"geometry":{"type":"LineString","coordinates":[[-91.721182,29.562504],[-91.721444,29.562755]]},"properties":{"OBJECTID":28415,"PROGRAM":"STATE","PROJECT":"LOUISIANA BARRIER ISLAND COMPREHENSIVE MONITORING PROGRAM (BICM)","PROJ_ID":"LA-0226","PROD_DATE":"20160614","SHORE_TYPE":"MARSH","SRC_DATE":"20150826","SRC_DATA":"USDA NAIP ORTHOIMAGERY","SRC_RES":"1-m pixel","SRC_VECT":"APPLIED COASTAL","SRC_RAST":"M2909127NW","DIG_NOTES":" ","REGION":"AB","CONTRACTOR":"APPLIED COASTAL","ORG":"COASTAL PROTECTION AND RESTORATION AUTHORITY OF LOUISIANA (CPRA)","SRC_REG":"USDA","DATAURL":"http://cims.coastal.louisiana.gov/meta_docs/gis_refs/shoreline/BICM2/LA-0226_SHORL_0000000000_2015043020150913_RAC0009.zip","Meta_xml":"http://cims.coastal.louisiana.gov/meta_docs/gis_refs/shoreline/BICM2/Shoreline_Metadata.xml","Meta_html":"http://cims.coastal.louisiana.gov/meta_docs/gis_refs/shoreline/BICM2/Shoreline_Metadata.html","COMMENTS":null,"SHAPE_Length":41.1615187402338,"DSAS_DATE":"08/26/2015","DSAS_UNCER":null,"year":2015}},{"type":"Feature","id":28416,"geometry":{"type":"LineString","coordinates":[[-91.721145,29.562156],[-91.721182,29.562504]]},"properties":{"OBJECTID":28416,"PROGRAM":"STATE","PROJECT":"LOUISIANA BARRIER ISLAND COMPREHENSIVE MONITORING PROGRAM (BICM)","PROJ_ID":"LA-0226","PROD_DATE":"20160614","SHORE_TYPE":"MARSH","SRC_DATE":"20150826","SRC_DATA":"USDA NAIP ORTHOIMAGERY","SRC_RES":"1-m pixel","SRC_VECT":"APPLIED COASTAL","SRC_RAST":"M2909127SW","DIG_NOTES":" ","REGION":"AB","CONTRACTOR":"APPLIED COASTAL","ORG":"COASTAL PROTECTION AND RESTORATION AUTHORITY OF LOUISIANA (CPRA)","SRC_REG":"USDA","DATAURL":"http://cims.coastal.louisiana.gov/meta_docs/gis_refs/shoreline/BICM2/LA-0226_SHORL_0000000000_2015043020150913_RAC0009.zip","Meta_xml":"http://cims.coastal.louisiana.gov/meta_docs/gis_refs/shoreline/BICM2/Shoreline_Metadata.xml","Meta_html":"http://cims.coastal.louisiana.gov/meta_docs/gis_refs/shoreline/BICM2/Shoreline_Metadata.html","COMMENTS":null,"SHAPE_Length":42.47278621292189,"DSAS_DATE":"08/26/2015","DSAS_UNCER":null,"year":2015}},{"type":"Feature","id":28417,"geometry":{"type":"LineString","coordinates":[[-91.72145,29.56381],[-91.721597,29.563704],[-91.721424,29.563272],[-91.721488,29.562978]]},"properties":{"OBJECTID":28417,"PROGRAM":"STATE","PROJECT":"LOUISIANA BARRIER ISLAND COMPREHENSIVE MONITORING PROGRAM (BICM)","PROJ_ID":"LA-0226","PROD_DATE":"20160614","SHORE_TYPE":"MARSH","SRC_DATE":"20150826","SRC_DATA":"USDA NAIP ORTHOIMAGERY","SRC_RES":"1-m pixel","SRC_VECT":"APPLIED COASTAL","SRC_RAST":"M2909127NW","DIG_NOTES":" ","REGION":"AB","CONTRACTOR":"APPLIED COASTAL","ORG":"COASTAL PROTECTION AND RESTORATION AUTHORITY OF LOUISIANA (CPRA)","SRC_REG":"USDA","DATAURL":"http://cims.coastal.louisiana.gov/meta_docs/gis_refs/shoreline/BICM2/LA-0226_SHORL_0000000000_2015043020150913_RAC0009.zip","Meta_xml":"http://cims.coastal.louisiana.gov/meta_docs/gis_refs/shoreline/BICM2/Shoreline_Metadata.xml","Meta_html":"http://cims.coastal.louisiana.gov/meta_docs/gis_refs/shoreline/BICM2/Shoreline_Metadata.html","COMMENTS":null,"SHAPE_Length":112.80524313301555,"DSAS_DATE":"08/26/2015","DSAS_UNCER":null,"year":2015}},{"type":"Feature","id":28418,"geometry":{"type":"LineString","coordinates":[[-91.72344,29.564605],[-91.723547,29.56441],[-91.723888,29.56435],[-91.72403,29.564057],[-91.724345,29.564181],[-91.724725,29.563703],[-91.724497,29.562934],[-91.724693,29.562504]]},"properties":{"OBJECTID":28418,"PROGRAM":"STATE","PROJECT":"LOUISIANA BARRIER ISLAND COMPREHENSIVE MONITORING PROGRAM (BICM)","PROJ_ID":"LA-0226","PROD_DATE":"20160614","SHORE_TYPE":"MARSH","SRC_DATE":"20150826","SRC_DATA":"USDA NAIP ORTHOIMAGERY","SRC_RES":"1-m pixel","SRC_VECT":"APPLIED COASTAL","SRC_RAST":"M2909127NW","DIG_NOTES":" ","REGION":"AB","CONTRACTOR":"APPLIED COASTAL","ORG":"COASTAL PROTECTION AND RESTORATION AUTHORITY OF LOUISIANA (CPRA)","SRC_REG":"USDA","DATAURL":"http://cims.coastal.louisiana.gov/meta_docs/gis_refs/shoreline/BICM2/LA-0226_SHORL_0000000000_2015043020150913_RAC0009.zip","Meta_xml":"http://cims.coastal.louisiana.gov/meta_docs/gis_refs/shoreline/BICM2/Shoreline_Metadata.xml","Meta_html":"http://cims.coastal.louisiana.gov/meta_docs/gis_refs/shoreline/BICM2/Shoreline_Metadata.html","COMMENTS":null,"SHAPE_Length":355.0588969563779,"DSAS_DATE":"08/26/2015","DSAS_UNCER":null,"year":2015}},{"type":"Feature","id":28419,"geometry":{"type":"LineString","coordinates":[[-91.724693,29.562504],[-91.724815,29.562228],[-91.725237,29.561983],[-91.726799,29.561569],[-91.726886,29.561276],[-91.726646,29.561032],[-91.72717,29.5605],[-91.72872,29.560644],[-91.729486,29.561084],[-91.729964,29.56116],[-91.730082,29.561583],[-91.730457,29.561355],[-91.730737,29.561497],[-91.731112,29.561437],[-91.731831,29.561894],[-91.731864,29.561745],[-91.73209,29.561941],[-91.73205,29.562108],[-91.733101,29.56192],[-91.734119,29.562203],[-91.733809,29.561464],[-91.734366,29.560896],[-91.734853,29.559689]]},"properties":{"OBJECTID":28419,"PROGRAM":"STATE","PROJECT":"LOUISIANA BARRIER ISLAND COMPREHENSIVE MONITORING PROGRAM (BICM)","PROJ_ID":"LA-0226","PROD_DATE":"20160614","SHORE_TYPE":"MARSH","SRC_DATE":"20150826","SRC_DATA":"USDA NAIP ORTHOIMAGERY","SRC_RES":"1-m pixel","SRC_VECT":"APPLIED COASTAL","SRC_RAST":"M2909127SW","DIG_NOTES":" ","REGION":"AB","CONTRACTOR":"APPLIED COASTAL","ORG":"COASTAL PROTECTION AND RESTORATION AUTHORITY OF LOUISIANA (CPRA)","SRC_REG":"USDA","DATAURL":"http://cims.coastal.louisiana.gov/meta_docs/gis_refs/shoreline/BICM2/LA-0226_SHORL_0000000000_2015043020150913_RAC0009.zip","Meta_xml":"http://cims.coastal.louisiana.gov/meta_docs/gis_refs/shoreline/BICM2/Shoreline_Metadata.xml","Meta_html":"http://cims.coastal.louisiana.gov/meta_docs/gis_refs/shoreline/BICM2/Shoreline_Metadata.html","COMMENTS":null,"SHAPE_Length":1665.3770898374153,"DSAS_DATE":"08/26/2015","DSAS_UNCER":null,"year":2015}},{"type":"Feature","id":28420,"geometry":{"type":"LineString","coordinates":[[-91.737267,29.562502],[-91.737554,29.562709],[-91.738159,29.562502]]},"properties":{"OBJECTID":28420,"PROGRAM":"STATE","PROJECT":"LOUISIANA BARRIER ISLAND COMPREHENSIVE MONITORING PROGRAM (BICM)","PROJ_ID":"LA-0226","PROD_DATE":"20160614","SHORE_TYPE":"MARSH","SRC_DATE":"20150826","SRC_DATA":"USDA NAIP ORTHOIMAGERY","SRC_RES":"1-m pixel","SRC_VECT":"APPLIED COASTAL","SRC_RAST":"M2909127NW","DIG_NOTES":" ","REGION":"AB","CONTRACTOR":"APPLIED COASTAL","ORG":"COASTAL PROTECTION AND RESTORATION AUTHORITY OF LOUISIANA (CPRA)","SRC_REG":"USDA","DATAURL":"http://cims.coastal.louisiana.gov/meta_docs/gis_refs/shoreline/BICM2/LA-0226_SHORL_0000000000_2015043020150913_RAC0009.zip","Meta_xml":"http://cims.coastal.louisiana.gov/meta_docs/gis_refs/shoreline/BICM2/Shoreline_Metadata.xml","Meta_html":"http://cims.coastal.louisiana.gov/meta_docs/gis_refs/shoreline/BICM2/Shoreline_Metadata.html","COMMENTS":null,"SHAPE_Length":103.08390785644265,"DSAS_DATE":"08/26/2015","DSAS_UNCER":null,"year":2015}},{"type":"Feature","id":28421,"geometry":{"type":"LineString","coordinates":[[-91.739854,29.564472],[-91.739972,29.563971],[-91.740299,29.56386],[-91.740276,29.563554],[-91.73979,29.56369],[-91.739186,29.562665],[-91.738852,29.562656],[-91.737583,29.563372],[-91.737593,29.563597],[-91.737305,29.563799],[-91.737933,29.564884]]},"properties":{"OBJECTID":28421,"PROGRAM":"STATE","PROJECT":"LOUISIANA BARRIER ISLAND COMPREHENSIVE MONITORING PROGRAM (BICM)","PROJ_ID":"LA-0226","PROD_DATE":"20160614","SHORE_TYPE":"MARSH","SRC_DATE":"20150826","SRC_DATA":"USDA NAIP ORTHOIMAGERY","SRC_RES":"1-m pixel","SRC_VECT":"APPLIED COASTAL","SRC_RAST":"M2909127NW","DIG_NOTES":" ","REGION":"AB","CONTRACTOR":"APPLIED COASTAL","ORG":"COASTAL PROTECTION AND RESTORATION AUTHORITY OF LOUISIANA (CPRA)","SRC_REG":"USDA","DATAURL":"http://cims.coastal.louisiana.gov/meta_docs/gis_refs/shoreline/BICM2/LA-0226_SHORL_0000000000_2015043020150913_RAC0009.zip","Meta_xml":"http://cims.coastal.louisiana.gov/meta_docs/gis_refs/shoreline/BICM2/Shoreline_Metadata.xml","Meta_html":"http://cims.coastal.louisiana.gov/meta_docs/gis_refs/shoreline/BICM2/Shoreline_Metadata.html","COMMENTS":null,"SHAPE_Length":735.0250605615305,"DSAS_DATE":"08/26/2015","DSAS_UNCER":null,"year":2015}},{"type":"Feature","id":28422,"geometry":{"type":"LineString","coordinates":[[-91.738857,29.566421],[-91.738754,29.56656],[-91.738698,29.566316],[-91.738419,29.56615],[-91.738274,29.565415],[-91.73794,29.56523],[-91.737901,29.56493]]},"properties":{"OBJECTID":28422,"PROGRAM":"STATE","PROJECT":"LOUISIANA BARRIER ISLAND COMPREHENSIVE MONITORING PROGRAM (BICM)","PROJ_ID":"LA-0226","PROD_DATE":"20160614","SHORE_TYPE":"MARSH","SRC_DATE":"20150826","SRC_DATA":"USDA NAIP ORTHOIMAGERY","SRC_RES":"1-m pixel","SRC_VECT":"APPLIED COASTAL","SRC_RAST":"M2909127NW","DIG_NOTES":" ","REGION":"AB","CONTRACTOR":"APPLIED COASTAL","ORG":"COASTAL PROTECTION AND RESTORATION AUTHORITY OF LOUISIANA (CPRA)","SRC_REG":"USDA","DATAURL":"http://cims.coastal.louisiana.gov/meta_docs/gis_refs/shoreline/BICM2/LA-0226_SHORL_0000000000_2015043020150913_RAC0009.zip","Meta_xml":"http://cims.coastal.louisiana.gov/meta_docs/gis_refs/shoreline/BICM2/Shoreline_Metadata.xml","Meta_html":"http://cims.coastal.louisiana.gov/meta_docs/gis_refs/shoreline/BICM2/Shoreline_Metadata.html","COMMENTS":null,"SHAPE_Length":279.85667014227505,"DSAS_DATE":"08/26/2015","DSAS_UNCER":null,"year":2015}},{"type":"Feature","id":28423,"geometry":{"type":"LineString","coordinates":[[-91.739974,29.564431],[-91.740247,29.564612],[-91.740101,29.564842],[-91.740195,29.56519],[-91.73977,29.565482],[-91.740275,29.565939],[-91.740069,29.566317],[-91.740432,29.566898],[-91.740297,29.56729],[-91.73986,29.567387],[-91.739001,29.567075],[-91.739131,29.566816],[-91.738917,29.566468]]},"properties":{"OBJECTID":28423,"PROGRAM":"STATE","PROJECT":"LOUISIANA BARRIER ISLAND COMPREHENSIVE MONITORING PROGRAM (BICM)","PROJ_ID":"LA-0226","PROD_DATE":"20160614","SHORE_TYPE":"MARSH","SRC_DATE":"20150826","SRC_DATA":"USDA NAIP ORTHOIMAGERY","SRC_RES":"1-m pixel","SRC_VECT":"APPLIED COASTAL","SRC_RAST":"M2909127NW","DIG_NOTES":" ","REGION":"AB","CONTRACTOR":"APPLIED COASTAL","ORG":"COASTAL PROTECTION AND RESTORATION AUTHORITY OF LOUISIANA (CPRA)","SRC_REG":"USDA","DATAURL":"http://cims.coastal.louisiana.gov/meta_docs/gis_refs/shoreline/BICM2/LA-0226_SHORL_0000000000_2015043020150913_RAC0009.zip","Meta_xml":"http://cims.coastal.louisiana.gov/meta_docs/gis_refs/shoreline/BICM2/Shoreline_Metadata.xml","Meta_html":"http://cims.coastal.louisiana.gov/meta_docs/gis_refs/shoreline/BICM2/Shoreline_Metadata.html","COMMENTS":null,"SHAPE_Length":738.9399048758626,"DSAS_DATE":"08/26/2015","DSAS_UNCER":null,"year":2015}},{"type":"Feature","id":28424,"geometry":{"type":"LineString","coordinates":[[-91.734959,29.578305],[-91.735384,29.578067],[-91.7358,29.577572],[-91.735692,29.577372],[-91.736199,29.577098],[-91.736312,29.57651],[-91.736614,29.576295],[-91.736546,29.575786],[-91.737111,29.57562],[-91.737069,29.575326],[-91.736806,29.575148],[-91.736838,29.574933],[-91.738291,29.573623],[-91.738458,29.572355],[-91.73812,29.571973],[-91.738759,29.571878],[-91.738871,29.571398],[-91.738632,29.571041],[-91.738777,29.570252],[-91.738994,29.569339],[-91.739353,29.568901],[-91.73909,29.568794],[-91.738925,29.568437],[-91.740402,29.568181],[-91.740535,29.568739],[-91.740341,29.569384],[-91.740671,29.569841],[-91.740524,29.570142],[-91.740214,29.570258],[-91.740487,29.570488],[-91.740348,29.570696],[-91.740946,29.570587],[-91.741005,29.571066],[-91.741737,29.571866],[-91.744251,29.573548],[-91.743089,29.573953],[-91.743057,29.574089],[-91.742585,29.573997],[-91.742322,29.573768],[-91.742092,29.573769],[-91.742036,29.573927],[-91.741846,29.57372],[-91.74156,29.573785],[-91.741551,29.573542],[-91.740405,29.57386],[-91.740079,29.574269],[-91.739686,29.574357],[-91.739737,29.574693],[-91.739574,29.57488],[-91.738845,29.57504],[-91.738748,29.575398],[-91.738274,29.575478],[-91.737637,29.575981],[-91.737897,29.57563],[-91.737455,29.575674],[-91.73726,29.57609],[-91.736623,29.576443],[-91.736525,29.576722],[-91.736632,29.576794],[-91.736364,29.577332],[-91.735947,29.577555],[-91.734878,29.578685],[-91.734772,29.578628],[-91.734959,29.578305]]},"properties":{"OBJECTID":28424,"PROGRAM":"STATE","PROJECT":"LOUISIANA BARRIER ISLAND COMPREHENSIVE MONITORING PROGRAM (BICM)","PROJ_ID":"LA-0226","PROD_DATE":"20160614","SHORE_TYPE":"MARSH","SRC_DATE":"20150826","SRC_DATA":"USDA NAIP ORTHOIMAGERY","SRC_RES":"1-m pixel","SRC_VECT":"APPLIED COASTAL","SRC_RAST":"M2909127NW","DIG_NOTES":" ","REGION":"AB","CONTRACTOR":"APPLIED COASTAL","ORG":"COASTAL PROTECTION AND RESTORATION AUTHORITY OF LOUISIANA (CPRA)","SRC_REG":"USDA","DATAURL":"http://cims.coastal.louisiana.gov/meta_docs/gis_refs/shoreline/BICM2/LA-0226_SHORL_0000000000_2015043020150913_RAC0009.zip","Meta_xml":"http://cims.coastal.louisiana.gov/meta_docs/gis_refs/shoreline/BICM2/Shoreline_Metadata.xml","Meta_html":"http://cims.coastal.louisiana.gov/meta_docs/gis_refs/shoreline/BICM2/Shoreline_Metadata.html","COMMENTS":null,"SHAPE_Length":4283.750763210451,"DSAS_DATE":"08/26/2015","DSAS_UNCER":null,"year":2015}},{"type":"Feature","id":28425,"geometry":{"type":"LineString","coordinates":[[-91.761639,29.562502],[-91.761757,29.561308],[-91.760862,29.560896],[-91.760401,29.560331],[-91.761359,29.560189],[-91.761939,29.5599],[-91.762331,29.559519],[-91.762614,29.558688]]},"properties":{"OBJECTID":28425,"PROGRAM":"STATE","PROJECT":"LOUISIANA BARRIER ISLAND COMPREHENSIVE MONITORING PROGRAM (BICM)","PROJ_ID":"LA-0226","PROD_DATE":"20160614","SHORE_TYPE":"MARSH","SRC_DATE":"20150827","SRC_DATA":"USDA NAIP ORTHOIMAGERY","SRC_RES":"1-m pixel","SRC_VECT":"APPLIED COASTAL","SRC_RAST":"M2909126SE","DIG_NOTES":" ","REGION":"AB","CONTRACTOR":"APPLIED COASTAL","ORG":"COASTAL PROTECTION AND RESTORATION AUTHORITY OF LOUISIANA (CPRA)","SRC_REG":"USDA","DATAURL":"http://cims.coastal.louisiana.gov/meta_docs/gis_refs/shoreline/BICM2/LA-0226_SHORL_0000000000_2015043020150913_RAC0009.zip","Meta_xml":"http://cims.coastal.louisiana.gov/meta_docs/gis_refs/shoreline/BICM2/Shoreline_Metadata.xml","Meta_html":"http://cims.coastal.louisiana.gov/meta_docs/gis_refs/shoreline/BICM2/Shoreline_Metadata.html","COMMENTS":null,"SHAPE_Length":651.4303235661926,"DSAS_DATE":"08/27/2015","DSAS_UNCER":null,"year":2015}},{"type":"Feature","id":28426,"geometry":{"type":"LineString","coordinates":[[-91.753035,29.573856],[-91.752898,29.573881]]},"properties":{"OBJECTID":28426,"PROGRAM":"STATE","PROJECT":"LOUISIANA BARRIER ISLAND COMPREHENSIVE MONITORING PROGRAM (BICM)","PROJ_ID":"LA-0226","PROD_DATE":"20160614","SHORE_TYPE":"MARSH","SRC_DATE":"20150826","SRC_DATA":"USDA NAIP ORTHOIMAGERY","SRC_RES":"1-m pixel","SRC_VECT":"APPLIED COASTAL","SRC_RAST":"M2909126NE","DIG_NOTES":" ","REGION":"AB","CONTRACTOR":"APPLIED COASTAL","ORG":"COASTAL PROTECTION AND RESTORATION AUTHORITY OF LOUISIANA (CPRA)","SRC_REG":"USDA","DATAURL":"http://cims.coastal.louisiana.gov/meta_docs/gis_refs/shoreline/BICM2/LA-0226_SHORL_0000000000_2015043020150913_RAC0009.zip","Meta_xml":"http://cims.coastal.louisiana.gov/meta_docs/gis_refs/shoreline/BICM2/Shoreline_Metadata.xml","Meta_html":"http://cims.coastal.louisiana.gov/meta_docs/gis_refs/shoreline/BICM2/Shoreline_Metadata.html","COMMENTS":null,"SHAPE_Length":26.075791206352612,"DSAS_DATE":"08/26/2015","DSAS_UNCER":null,"year":2015}},{"type":"Feature","id":28427,"geometry":{"type":"LineString","coordinates":[[-91.75,29.573879],[-91.749512,29.573874],[-91.748816,29.57357],[-91.75,29.57317]]},"properties":{"OBJECTID":28427,"PROGRAM":"STATE","PROJECT":"LOUISIANA BARRIER ISLAND COMPREHENSIVE MONITORING PROGRAM (BICM)","PROJ_ID":"LA-0226","PROD_DATE":"20160614","SHORE_TYPE":"MARSH","SRC_DATE":"20150826","SRC_DATA":"USDA NAIP ORTHOIMAGERY","SRC_RES":"1-m pixel","SRC_VECT":"APPLIED COASTAL","SRC_RAST":"M2909127NW","DIG_NOTES":" ","REGION":"AB","CONTRACTOR":"APPLIED COASTAL","ORG":"COASTAL PROTECTION AND RESTORATION AUTHORITY OF LOUISIANA (CPRA)","SRC_REG":"USDA","DATAURL":"http://cims.coastal.louisiana.gov/meta_docs/gis_refs/shoreline/BICM2/LA-0226_SHORL_0000000000_2015043020150913_RAC0009.zip","Meta_xml":"http://cims.coastal.louisiana.gov/meta_docs/gis_refs/shoreline/BICM2/Shoreline_Metadata.xml","Meta_html":"http://cims.coastal.louisiana.gov/meta_docs/gis_refs/shoreline/BICM2/Shoreline_Metadata.html","COMMENTS":null,"SHAPE_Length":270.08841386725345,"DSAS_DATE":"08/26/2015","DSAS_UNCER":null,"year":2015}},{"type":"Feature","id":28428,"geometry":{"type":"LineString","coordinates":[[-91.760072,29.572822],[-91.760615,29.572579],[-91.760919,29.572772],[-91.760976,29.572528],[-91.761158,29.573122],[-91.761593,29.573307],[-91.761447,29.573486],[-91.762077,29.573455],[-91.762373,29.573598],[-91.762596,29.574012],[-91.762808,29.57379],[-91.764201,29.573907],[-91.764884,29.574499],[-91.765285,29.574426],[-91.765393,29.574719],[-91.765848,29.574052],[-91.766371,29.573699],[-91.766993,29.573625],[-91.766993,29.573504],[-91.76832,29.57342],[-91.76933,29.57355],[-91.768911,29.573229],[-91.76846,29.573202],[-91.768319,29.572823],[-91.76804,29.572602],[-91.76777,29.57271]]},"properties":{"OBJECTID":28428,"PROGRAM":"STATE","PROJECT":"LOUISIANA BARRIER ISLAND COMPREHENSIVE MONITORING PROGRAM (BICM)","PROJ_ID":"LA-0226","PROD_DATE":"20160614","SHORE_TYPE":"MARSH","SRC_DATE":"20150827","SRC_DATA":"USDA NAIP ORTHOIMAGERY","SRC_RES":"1-m pixel","SRC_VECT":"APPLIED COASTAL","SRC_RAST":"M2909126NE","DIG_NOTES":" ","REGION":"AB","CONTRACTOR":"APPLIED COASTAL","ORG":"COASTAL PROTECTION AND RESTORATION AUTHORITY OF LOUISIANA (CPRA)","SRC_REG":"USDA","DATAURL":"http://cims.coastal.louisiana.gov/meta_docs/gis_refs/shoreline/BICM2/LA-0226_SHORL_0000000000_2015043020150913_RAC0009.zip","Meta_xml":"http://cims.coastal.louisiana.gov/meta_docs/gis_refs/shoreline/BICM2/Shoreline_Metadata.xml","Meta_html":"http://cims.coastal.louisiana.gov/meta_docs/gis_refs/shoreline/BICM2/Shoreline_Metadata.html","COMMENTS":null,"SHAPE_Length":1527.793260611423,"DSAS_DATE":"08/27/2015","DSAS_UNCER":null,"year":2015}},{"type":"Feature","id":28429,"geometry":{"type":"LineString","coordinates":[[-91.754923,29.55862],[-91.755209,29.558533],[-91.756073,29.557678],[-91.75703,29.55741],[-91.758537,29.557326],[-91.75931,29.557932],[-91.760044,29.559169],[-91.760692,29.559518],[-91.761307,29.559566],[-91.761749,29.559407],[-91.761985,29.559019],[-91.762014,29.558166]]},"properties":{"OBJECTID":28429,"PROGRAM":"STATE","PROJECT":"LOUISIANA BARRIER ISLAND COMPREHENSIVE MONITORING PROGRAM (BICM)","PROJ_ID":"LA-0226","PROD_DATE":"20160614","SHORE_TYPE":"MARSH","SRC_DATE":"20150827","SRC_DATA":"USDA NAIP ORTHOIMAGERY","SRC_RES":"1-m pixel","SRC_VECT":"APPLIED COASTAL","SRC_RAST":"M2909126SE","DIG_NOTES":" ","REGION":"AB","CONTRACTOR":"APPLIED COASTAL","ORG":"COASTAL PROTECTION AND RESTORATION AUTHORITY OF LOUISIANA (CPRA)","SRC_REG":"USDA","DATAURL":"http://cims.coastal.louisiana.gov/meta_docs/gis_refs/shoreline/BICM2/LA-0226_SHORL_0000000000_2015043020150913_RAC0009.zip","Meta_xml":"http://cims.coastal.louisiana.gov/meta_docs/gis_refs/shoreline/BICM2/Shoreline_Metadata.xml","Meta_html":"http://cims.coastal.louisiana.gov/meta_docs/gis_refs/shoreline/BICM2/Shoreline_Metadata.html","COMMENTS":null,"SHAPE_Length":1009.4891383404548,"DSAS_DATE":"08/27/2015","DSAS_UNCER":null,"year":2015}},{"type":"Feature","id":28430,"geometry":{"type":"LineString","coordinates":[[-91.753478,29.557958],[-91.754224,29.558249],[-91.754266,29.558493],[-91.754923,29.55862]]},"properties":{"OBJECTID":28430,"PROGRAM":"STATE","PROJECT":"LOUISIANA BARRIER ISLAND COMPREHENSIVE MONITORING PROGRAM (BICM)","PROJ_ID":"LA-0226","PROD_DATE":"20160614","SHORE_TYPE":"MARSH","SRC_DATE":"20150826","SRC_DATA":"USDA NAIP ORTHOIMAGERY","SRC_RES":"1-m pixel","SRC_VECT":"APPLIED COASTAL","SRC_RAST":"M2909126SE","DIG_NOTES":" ","REGION":"AB","CONTRACTOR":"APPLIED COASTAL","ORG":"COASTAL PROTECTION AND RESTORATION AUTHORITY OF LOUISIANA (CPRA)","SRC_REG":"USDA","DATAURL":"http://cims.coastal.louisiana.gov/meta_docs/gis_refs/shoreline/BICM2/LA-0226_SHORL_0000000000_2015043020150913_RAC0009.zip","Meta_xml":"http://cims.coastal.louisiana.gov/meta_docs/gis_refs/shoreline/BICM2/Shoreline_Metadata.xml","Meta_html":"http://cims.coastal.louisiana.gov/meta_docs/gis_refs/shoreline/BICM2/Shoreline_Metadata.html","COMMENTS":null,"SHAPE_Length":196.47142114059142,"DSAS_DATE":"08/26/2015","DSAS_UNCER":null,"year":2015}},{"type":"Feature","id":28431,"geometry":{"type":"LineString","coordinates":[[-91.753322,29.558009],[-91.75366,29.558337],[-91.75344,29.55876],[-91.753154,29.558797],[-91.753016,29.559063],[-91.752327,29.558964],[-91.751711,29.558637],[-91.751376,29.558724],[-91.751238,29.558982],[-91.750664,29.558912],[-91.75,29.559149]]},"properties":{"OBJECTID":28431,"PROGRAM":"STATE","PROJECT":"LOUISIANA BARRIER ISLAND COMPREHENSIVE MONITORING PROGRAM (BICM)","PROJ_ID":"LA-0226","PROD_DATE":"20160614","SHORE_TYPE":"MARSH","SRC_DATE":"20150826","SRC_DATA":"USDA NAIP ORTHOIMAGERY","SRC_RES":"1-m pixel","SRC_VECT":"APPLIED COASTAL","SRC_RAST":"M2909126SE","DIG_NOTES":" ","REGION":"AB","CONTRACTOR":"APPLIED COASTAL","ORG":"COASTAL PROTECTION AND RESTORATION AUTHORITY OF LOUISIANA (CPRA)","SRC_REG":"USDA","DATAURL":"http://cims.coastal.louisiana.gov/meta_docs/gis_refs/shoreline/BICM2/LA-0226_SHORL_0000000000_2015043020150913_RAC0009.zip","Meta_xml":"http://cims.coastal.louisiana.gov/meta_docs/gis_refs/shoreline/BICM2/Shoreline_Metadata.xml","Meta_html":"http://cims.coastal.louisiana.gov/meta_docs/gis_refs/shoreline/BICM2/Shoreline_Metadata.html","COMMENTS":null,"SHAPE_Length":539.7287268733238,"DSAS_DATE":"08/26/2015","DSAS_UNCER":null,"year":2015}},{"type":"Feature","id":28432,"geometry":{"type":"LineString","coordinates":[[-91.75,29.559149],[-91.749682,29.559216],[-91.749608,29.559059],[-91.749354,29.559046],[-91.749271,29.558738],[-91.749133,29.559046],[-91.748247,29.558741],[-91.747658,29.559008],[-91.747198,29.558651]]},"properties":{"OBJECTID":28432,"PROGRAM":"STATE","PROJECT":"LOUISIANA BARRIER ISLAND COMPREHENSIVE MONITORING PROGRAM (BICM)","PROJ_ID":"LA-0226","PROD_DATE":"20160614","SHORE_TYPE":"MARSH","SRC_DATE":"20150826","SRC_DATA":"USDA NAIP ORTHOIMAGERY","SRC_RES":"1-m pixel","SRC_VECT":"APPLIED COASTAL","SRC_RAST":"M2909127SW","DIG_NOTES":" ","REGION":"AB","CONTRACTOR":"APPLIED COASTAL","ORG":"COASTAL PROTECTION AND RESTORATION AUTHORITY OF LOUISIANA (CPRA)","SRC_REG":"USDA","DATAURL":"http://cims.coastal.louisiana.gov/meta_docs/gis_refs/shoreline/BICM2/LA-0226_SHORL_0000000000_2015043020150913_RAC0009.zip","Meta_xml":"http://cims.coastal.louisiana.gov/meta_docs/gis_refs/shoreline/BICM2/Shoreline_Metadata.xml","Meta_html":"http://cims.coastal.louisiana.gov/meta_docs/gis_refs/shoreline/BICM2/Shoreline_Metadata.html","COMMENTS":null,"SHAPE_Length":414.9558620536523,"DSAS_DATE":"08/26/2015","DSAS_UNCER":null,"year":2015}},{"type":"Feature","id":28433,"geometry":{"type":"LineString","coordinates":[[-91.740533,29.562502],[-91.74027,29.562971],[-91.740304,29.563344],[-91.739855,29.562502]]},"properties":{"OBJECTID":28433,"PROGRAM":"STATE","PROJECT":"LOUISIANA BARRIER ISLAND COMPREHENSIVE MONITORING PROGRAM (BICM)","PROJ_ID":"LA-0226","PROD_DATE":"20160614","SHORE_TYPE":"MARSH","SRC_DATE":"20150826","SRC_DATA":"USDA NAIP ORTHOIMAGERY","SRC_RES":"1-m pixel","SRC_VECT":"APPLIED COASTAL","SRC_RAST":"M2909127NW","DIG_NOTES":" ","REGION":"AB","CONTRACTOR":"APPLIED COASTAL","ORG":"COASTAL PROTECTION AND RESTORATION AUTHORITY OF LOUISIANA (CPRA)","SRC_REG":"USDA","DATAURL":"http://cims.coastal.louisiana.gov/meta_docs/gis_refs/shoreline/BICM2/LA-0226_SHORL_0000000000_2015043020150913_RAC0009.zip","Meta_xml":"http://cims.coastal.louisiana.gov/meta_docs/gis_refs/shoreline/BICM2/Shoreline_Metadata.xml","Meta_html":"http://cims.coastal.louisiana.gov/meta_docs/gis_refs/shoreline/BICM2/Shoreline_Metadata.html","COMMENTS":null,"SHAPE_Length":210.29044735353503,"DSAS_DATE":"08/26/2015","DSAS_UNCER":null,"year":2015}},{"type":"Feature","id":28434,"geometry":{"type":"LineString","coordinates":[[-91.744674,29.560394],[-91.745779,29.560197],[-91.746474,29.559758],[-91.746776,29.559485],[-91.746619,29.559313],[-91.746659,29.558884],[-91.746364,29.558956],[-91.745868,29.559882],[-91.744674,29.560394]]},"properties":{"OBJECTID":28434,"PROGRAM":"STATE","PROJECT":"LOUISIANA BARRIER ISLAND COMPREHENSIVE MONITORING PROGRAM (BICM)","PROJ_ID":"LA-0226","PROD_DATE":"20160614","SHORE_TYPE":"MARSH","SRC_DATE":"20150826","SRC_DATA":"USDA NAIP ORTHOIMAGERY","SRC_RES":"1-m pixel","SRC_VECT":"APPLIED COASTAL","SRC_RAST":"M2909127SW","DIG_NOTES":" ","REGION":"AB","CONTRACTOR":"APPLIED COASTAL","ORG":"COASTAL PROTECTION AND RESTORATION AUTHORITY OF LOUISIANA (CPRA)","SRC_REG":"USDA","DATAURL":"http://cims.coastal.louisiana.gov/meta_docs/gis_refs/shoreline/BICM2/LA-0226_SHORL_0000000000_2015043020150913_RAC0009.zip","Meta_xml":"http://cims.coastal.louisiana.gov/meta_docs/gis_refs/shoreline/BICM2/Shoreline_Metadata.xml","Meta_html":"http://cims.coastal.louisiana.gov/meta_docs/gis_refs/shoreline/BICM2/Shoreline_Metadata.html","COMMENTS":null,"SHAPE_Length":630.4225115976178,"DSAS_DATE":"08/26/2015","DSAS_UNCER":null,"year":2015}},{"type":"Feature","id":28435,"geometry":{"type":"LineString","coordinates":[[-91.77603,29.571196],[-91.775922,29.570817],[-91.776107,29.570316],[-91.775817,29.569629],[-91.775862,29.568583],[-91.775517,29.568305],[-91.774622,29.5679],[-91.773187,29.567532],[-91.769425,29.567244],[-91.769269,29.56713],[-91.769327,29.566919]]},"properties":{"OBJECTID":28435,"PROGRAM":"STATE","PROJECT":"LOUISIANA BARRIER ISLAND COMPREHENSIVE MONITORING PROGRAM (BICM)","PROJ_ID":"LA-0226","PROD_DATE":"20160614","SHORE_TYPE":"MARSH","SRC_DATE":"20150827","SRC_DATA":"USDA NAIP ORTHOIMAGERY","SRC_RES":"1-m pixel","SRC_VECT":"APPLIED COASTAL","SRC_RAST":"M2909126NE","DIG_NOTES":" ","REGION":"AB","CONTRACTOR":"APPLIED COASTAL","ORG":"COASTAL PROTECTION AND RESTORATION AUTHORITY OF LOUISIANA (CPRA)","SRC_REG":"USDA","DATAURL":"http://cims.coastal.louisiana.gov/meta_docs/gis_refs/shoreline/BICM2/LA-0226_SHORL_0000000000_2015043020150913_RAC0009.zip","Meta_xml":"http://cims.coastal.louisiana.gov/meta_docs/gis_refs/shoreline/BICM2/Shoreline_Metadata.xml","Meta_html":"http://cims.coastal.louisiana.gov/meta_docs/gis_refs/shoreline/BICM2/Shoreline_Metadata.html","COMMENTS":null,"SHAPE_Length":1015.4393505522431,"DSAS_DATE":"08/27/2015","DSAS_UNCER":null,"year":2015}},{"type":"Feature","id":28436,"geometry":{"type":"LineString","coordinates":[[-91.768885,29.567078],[-91.769064,29.567124],[-91.768845,29.567468],[-91.768526,29.567584],[-91.76832,29.567456],[-91.768387,29.567642],[-91.768003,29.567843],[-91.767212,29.568756],[-91.767132,29.569236],[-91.766879,29.569369],[-91.766962,29.569551],[-91.766711,29.570236],[-91.766899,29.570328],[-91.766785,29.570415]]},"properties":{"OBJECTID":28436,"PROGRAM":"STATE","PROJECT":"LOUISIANA BARRIER ISLAND COMPREHENSIVE MONITORING PROGRAM (BICM)","PROJ_ID":"LA-0226","PROD_DATE":"20160614","SHORE_TYPE":"MARSH","SRC_DATE":"20150827","SRC_DATA":"USDA NAIP ORTHOIMAGERY","SRC_RES":"1-m pixel","SRC_VECT":"APPLIED COASTAL","SRC_RAST":"M2909126NE","DIG_NOTES":" ","REGION":"AB","CONTRACTOR":"APPLIED COASTAL","ORG":"COASTAL PROTECTION AND RESTORATION AUTHORITY OF LOUISIANA (CPRA)","SRC_REG":"USDA","DATAURL":"http://cims.coastal.louisiana.gov/meta_docs/gis_refs/shoreline/BICM2/LA-0226_SHORL_0000000000_2015043020150913_RAC0009.zip","Meta_xml":"http://cims.coastal.louisiana.gov/meta_docs/gis_refs/shoreline/BICM2/Shoreline_Metadata.xml","Meta_html":"http://cims.coastal.louisiana.gov/meta_docs/gis_refs/shoreline/BICM2/Shoreline_Metadata.html","COMMENTS":null,"SHAPE_Length":577.3927749065876,"DSAS_DATE":"08/27/2015","DSAS_UNCER":null,"year":2015}},{"type":"Feature","id":28437,"geometry":{"type":"LineString","coordinates":[[-91.76684,29.571797],[-91.766905,29.571603],[-91.767339,29.571595],[-91.766957,29.572219]]},"properties":{"OBJECTID":28437,"PROGRAM":"STATE","PROJECT":"LOUISIANA BARRIER ISLAND COMPREHENSIVE MONITORING PROGRAM (BICM)","PROJ_ID":"LA-0226","PROD_DATE":"20160614","SHORE_TYPE":"MARSH","SRC_DATE":"20150827","SRC_DATA":"USDA NAIP ORTHOIMAGERY","SRC_RES":"1-m pixel","SRC_VECT":"APPLIED COASTAL","SRC_RAST":"M2909126NE","DIG_NOTES":" ","REGION":"AB","CONTRACTOR":"APPLIED COASTAL","ORG":"COASTAL PROTECTION AND RESTORATION AUTHORITY OF LOUISIANA (CPRA)","SRC_REG":"USDA","DATAURL":"http://cims.coastal.louisiana.gov/meta_docs/gis_refs/shoreline/BICM2/LA-0226_SHORL_0000000000_2015043020150913_RAC0009.zip","Meta_xml":"http://cims.coastal.louisiana.gov/meta_docs/gis_refs/shoreline/BICM2/Shoreline_Metadata.xml","Meta_html":"http://cims.coastal.louisiana.gov/meta_docs/gis_refs/shoreline/BICM2/Shoreline_Metadata.html","COMMENTS":null,"SHAPE_Length":151.05770000227898,"DSAS_DATE":"08/27/2015","DSAS_UNCER":null,"year":2015}},{"type":"Feature","id":28438,"geometry":{"type":"LineString","coordinates":[[-91.767712,29.572646],[-91.768006,29.572416],[-91.767586,29.57193],[-91.767349,29.571902],[-91.767194,29.572218]]},"properties":{"OBJECTID":28438,"PROGRAM":"STATE","PROJECT":"LOUISIANA BARRIER ISLAND COMPREHENSIVE MONITORING PROGRAM (BICM)","PROJ_ID":"LA-0226","PROD_DATE":"20160614","SHORE_TYPE":"MARSH","SRC_DATE":"20150827","SRC_DATA":"USDA NAIP ORTHOIMAGERY","SRC_RES":"1-m pixel","SRC_VECT":"APPLIED COASTAL","SRC_RAST":"M2909126NE","DIG_NOTES":" ","REGION":"AB","CONTRACTOR":"APPLIED COASTAL","ORG":"COASTAL PROTECTION AND RESTORATION AUTHORITY OF LOUISIANA (CPRA)","SRC_REG":"USDA","DATAURL":"http://cims.coastal.louisiana.gov/meta_docs/gis_refs/shoreline/BICM2/LA-0226_SHORL_0000000000_2015043020150913_RAC0009.zip","Meta_xml":"http://cims.coastal.louisiana.gov/meta_docs/gis_refs/shoreline/BICM2/Shoreline_Metadata.xml","Meta_html":"http://cims.coastal.louisiana.gov/meta_docs/gis_refs/shoreline/BICM2/Shoreline_Metadata.html","COMMENTS":null,"SHAPE_Length":177.33478533201807,"DSAS_DATE":"08/27/2015","DSAS_UNCER":null,"year":2015}},{"type":"Feature","id":28439,"geometry":{"type":"LineString","coordinates":[[-91.766859,29.570457],[-91.767055,29.5704],[-91.767148,29.570943],[-91.766994,29.571288],[-91.766707,29.571336]]},"properties":{"OBJECTID":28439,"PROGRAM":"STATE","PROJECT":"LOUISIANA BARRIER ISLAND COMPREHENSIVE MONITORING PROGRAM (BICM)","PROJ_ID":"LA-0226","PROD_DATE":"20160614","SHORE_TYPE":"MARSH","SRC_DATE":"20150827","SRC_DATA":"USDA NAIP ORTHOIMAGERY","SRC_RES":"1-m pixel","SRC_VECT":"APPLIED COASTAL","SRC_RAST":"M2909126NE","DIG_NOTES":" ","REGION":"AB","CONTRACTOR":"APPLIED COASTAL","ORG":"COASTAL PROTECTION AND RESTORATION AUTHORITY OF LOUISIANA (CPRA)","SRC_REG":"USDA","DATAURL":"http://cims.coastal.louisiana.gov/meta_docs/gis_refs/shoreline/BICM2/LA-0226_SHORL_0000000000_2015043020150913_RAC0009.zip","Meta_xml":"http://cims.coastal.louisiana.gov/meta_docs/gis_refs/shoreline/BICM2/Shoreline_Metadata.xml","Meta_html":"http://cims.coastal.louisiana.gov/meta_docs/gis_refs/shoreline/BICM2/Shoreline_Metadata.html","COMMENTS":null,"SHAPE_Length":158.23577023516305,"DSAS_DATE":"08/27/2015","DSAS_UNCER":null,"year":2015}},{"type":"Feature","id":28440,"geometry":{"type":"LineString","coordinates":[[-91.791837,29.588781],[-91.791936,29.58901],[-91.792928,29.589229],[-91.793556,29.588618],[-91.794751,29.588248],[-91.795939,29.58813],[-91.798472,29.588479],[-91.800542,29.588192],[-91.802004,29.588595],[-91.802656,29.588327],[-91.802646,29.587926],[-91.802268,29.587706],[-91.801654,29.587772]]},"properties":{"OBJECTID":28440,"PROGRAM":"STATE","PROJECT":"LOUISIANA BARRIER ISLAND COMPREHENSIVE MONITORING PROGRAM (BICM)","PROJ_ID":"LA-0226","PROD_DATE":"20160614","SHORE_TYPE":"MARSH","SRC_DATE":"20150827","SRC_DATA":"USDA NAIP ORTHOIMAGERY","SRC_RES":"1-m pixel","SRC_VECT":"APPLIED COASTAL","SRC_RAST":"M2909126NE","DIG_NOTES":" ","REGION":"AB","CONTRACTOR":"APPLIED COASTAL","ORG":"COASTAL PROTECTION AND RESTORATION AUTHORITY OF LOUISIANA (CPRA)","SRC_REG":"USDA","DATAURL":"http://cims.coastal.louisiana.gov/meta_docs/gis_refs/shoreline/BICM2/LA-0226_SHORL_0000000000_2015043020150913_RAC0009.zip","Meta_xml":"http://cims.coastal.louisiana.gov/meta_docs/gis_refs/shoreline/BICM2/Shoreline_Metadata.xml","Meta_html":"http://cims.coastal.louisiana.gov/meta_docs/gis_refs/shoreline/BICM2/Shoreline_Metadata.html","COMMENTS":null,"SHAPE_Length":1345.225101121057,"DSAS_DATE":"08/27/2015","DSAS_UNCER":null,"year":2015}},{"type":"Feature","id":28441,"geometry":{"type":"LineString","coordinates":[[-91.791697,29.588717],[-91.791495,29.589413],[-91.791079,29.589765],[-91.790268,29.589775],[-91.789901,29.590063],[-91.789524,29.590071],[-91.788183,29.590799],[-91.787782,29.590865],[-91.786883,29.591427],[-91.786138,29.591408],[-91.786142,29.59062]]},"properties":{"OBJECTID":28441,"PROGRAM":"STATE","PROJECT":"LOUISIANA BARRIER ISLAND COMPREHENSIVE MONITORING PROGRAM (BICM)","PROJ_ID":"LA-0226","PROD_DATE":"20160614","SHORE_TYPE":"MARSH","SRC_DATE":"20150827","SRC_DATA":"USDA NAIP ORTHOIMAGERY","SRC_RES":"1-m pixel","SRC_VECT":"APPLIED COASTAL","SRC_RAST":"M2909126NE","DIG_NOTES":" ","REGION":"AB","CONTRACTOR":"APPLIED COASTAL","ORG":"COASTAL PROTECTION AND RESTORATION AUTHORITY OF LOUISIANA (CPRA)","SRC_REG":"USDA","DATAURL":"http://cims.coastal.louisiana.gov/meta_docs/gis_refs/shoreline/BICM2/LA-0226_SHORL_0000000000_2015043020150913_RAC0009.zip","Meta_xml":"http://cims.coastal.louisiana.gov/meta_docs/gis_refs/shoreline/BICM2/Shoreline_Metadata.xml","Meta_html":"http://cims.coastal.louisiana.gov/meta_docs/gis_refs/shoreline/BICM2/Shoreline_Metadata.html","COMMENTS":null,"SHAPE_Length":793.2054427553331,"DSAS_DATE":"08/27/2015","DSAS_UNCER":null,"year":2015}},{"type":"Feature","id":28442,"geometry":{"type":"LineString","coordinates":[[-91.782539,29.589195],[-91.782573,29.58956],[-91.782778,29.589538],[-91.783091,29.589802],[-91.784449,29.59123],[-91.784542,29.591881],[-91.784764,29.592159],[-91.784474,29.59307],[-91.785113,29.593075],[-91.785536,29.592393],[-91.786067,29.591997],[-91.785851,29.591474],[-91.785951,29.590894]]},"properties":{"OBJECTID":28442,"PROGRAM":"STATE","PROJECT":"LOUISIANA BARRIER ISLAND COMPREHENSIVE MONITORING PROGRAM (BICM)","PROJ_ID":"LA-0226","PROD_DATE":"20160614","SHORE_TYPE":"MARSH","SRC_DATE":"20150827","SRC_DATA":"USDA NAIP ORTHOIMAGERY","SRC_RES":"1-m pixel","SRC_VECT":"APPLIED COASTAL","SRC_RAST":"M2909126NE","DIG_NOTES":" ","REGION":"AB","CONTRACTOR":"APPLIED COASTAL","ORG":"COASTAL PROTECTION AND RESTORATION AUTHORITY OF LOUISIANA (CPRA)","SRC_REG":"USDA","DATAURL":"http://cims.coastal.louisiana.gov/meta_docs/gis_refs/shoreline/BICM2/LA-0226_SHORL_0000000000_2015043020150913_RAC0009.zip","Meta_xml":"http://cims.coastal.louisiana.gov/meta_docs/gis_refs/shoreline/BICM2/Shoreline_Metadata.xml","Meta_html":"http://cims.coastal.louisiana.gov/meta_docs/gis_refs/shoreline/BICM2/Shoreline_Metadata.html","COMMENTS":null,"SHAPE_Length":948.2793263957316,"DSAS_DATE":"08/27/2015","DSAS_UNCER":null,"year":2015}},{"type":"Feature","id":28443,"geometry":{"type":"LineString","coordinates":[[-91.782549,29.588937],[-91.781937,29.589536],[-91.781594,29.589149],[-91.780821,29.588841],[-91.780661,29.588257],[-91.77947,29.587649],[-91.778821,29.587532],[-91.778173,29.587689],[-91.776963,29.587246],[-91.776144,29.587326],[-91.77596,29.587494],[-91.7758,29.586761],[-91.77599,29.58645]]},"properties":{"OBJECTID":28443,"PROGRAM":"STATE","PROJECT":"LOUISIANA BARRIER ISLAND COMPREHENSIVE MONITORING PROGRAM (BICM)","PROJ_ID":"LA-0226","PROD_DATE":"20160614","SHORE_TYPE":"MARSH","SRC_DATE":"20150827","SRC_DATA":"USDA NAIP ORTHOIMAGERY","SRC_RES":"1-m pixel","SRC_VECT":"APPLIED COASTAL","SRC_RAST":"M2909126NE","DIG_NOTES":" ","REGION":"AB","CONTRACTOR":"APPLIED COASTAL","ORG":"COASTAL PROTECTION AND RESTORATION AUTHORITY OF LOUISIANA (CPRA)","SRC_REG":"USDA","DATAURL":"http://cims.coastal.louisiana.gov/meta_docs/gis_refs/shoreline/BICM2/LA-0226_SHORL_0000000000_2015043020150913_RAC0009.zip","Meta_xml":"http://cims.coastal.louisiana.gov/meta_docs/gis_refs/shoreline/BICM2/Shoreline_Metadata.xml","Meta_html":"http://cims.coastal.louisiana.gov/meta_docs/gis_refs/shoreline/BICM2/Shoreline_Metadata.html","COMMENTS":null,"SHAPE_Length":963.2152909281783,"DSAS_DATE":"08/27/2015","DSAS_UNCER":null,"year":2015}},{"type":"Feature","id":28444,"geometry":{"type":"LineString","coordinates":[[-91.775876,29.586371],[-91.775559,29.587031],[-91.775071,29.585894],[-91.776612,29.584185],[-91.777095,29.58414],[-91.777324,29.583946],[-91.777319,29.582893],[-91.777047,29.582543],[-91.777349,29.582284],[-91.777274,29.582066],[-91.776995,29.58196],[-91.777167,29.581802]]},"properties":{"OBJECTID":28444,"PROGRAM":"STATE","PROJECT":"LOUISIANA BARRIER ISLAND COMPREHENSIVE MONITORING PROGRAM (BICM)","PROJ_ID":"LA-0226","PROD_DATE":"20160614","SHORE_TYPE":"MARSH","SRC_DATE":"20150827","SRC_DATA":"USDA NAIP ORTHOIMAGERY","SRC_RES":"1-m pixel","SRC_VECT":"APPLIED COASTAL","SRC_RAST":"M2909126NE","DIG_NOTES":" ","REGION":"AB","CONTRACTOR":"APPLIED COASTAL","ORG":"COASTAL PROTECTION AND RESTORATION AUTHORITY OF LOUISIANA (CPRA)","SRC_REG":"USDA","DATAURL":"http://cims.coastal.louisiana.gov/meta_docs/gis_refs/shoreline/BICM2/LA-0226_SHORL_0000000000_2015043020150913_RAC0009.zip","Meta_xml":"http://cims.coastal.louisiana.gov/meta_docs/gis_refs/shoreline/BICM2/Shoreline_Metadata.xml","Meta_html":"http://cims.coastal.louisiana.gov/meta_docs/gis_refs/shoreline/BICM2/Shoreline_Metadata.html","COMMENTS":null,"SHAPE_Length":865.1954408290459,"DSAS_DATE":"08/27/2015","DSAS_UNCER":null,"year":2015}},{"type":"Feature","id":28445,"geometry":{"type":"LineString","coordinates":[[-91.777289,29.581715],[-91.777034,29.581559],[-91.777115,29.581172],[-91.776934,29.580964],[-91.777504,29.580347],[-91.777791,29.580253],[-91.777846,29.57983],[-91.77728,29.577716]]},"properties":{"OBJECTID":28445,"PROGRAM":"STATE","PROJECT":"LOUISIANA BARRIER ISLAND COMPREHENSIVE MONITORING PROGRAM (BICM)","PROJ_ID":"LA-0226","PROD_DATE":"20160614","SHORE_TYPE":"MARSH","SRC_DATE":"20150827","SRC_DATA":"USDA NAIP ORTHOIMAGERY","SRC_RES":"1-m pixel","SRC_VECT":"APPLIED COASTAL","SRC_RAST":"M2909126NE","DIG_NOTES":" ","REGION":"AB","CONTRACTOR":"APPLIED COASTAL","ORG":"COASTAL PROTECTION AND RESTORATION AUTHORITY OF LOUISIANA (CPRA)","SRC_REG":"USDA","DATAURL":"http://cims.coastal.louisiana.gov/meta_docs/gis_refs/shoreline/BICM2/LA-0226_SHORL_0000000000_2015043020150913_RAC0009.zip","Meta_xml":"http://cims.coastal.louisiana.gov/meta_docs/gis_refs/shoreline/BICM2/Shoreline_Metadata.xml","Meta_html":"http://cims.coastal.louisiana.gov/meta_docs/gis_refs/shoreline/BICM2/Shoreline_Metadata.html","COMMENTS":null,"SHAPE_Length":536.4046359172556,"DSAS_DATE":"08/27/2015","DSAS_UNCER":null,"year":2015}},{"type":"Feature","id":28446,"geometry":{"type":"LineString","coordinates":[[-91.777238,29.577658],[-91.777034,29.577802],[-91.776783,29.576457],[-91.776569,29.576264],[-91.776753,29.575422],[-91.776648,29.573926],[-91.775799,29.572686],[-91.775949,29.571275]]},"properties":{"OBJECTID":28446,"PROGRAM":"STATE","PROJECT":"LOUISIANA BARRIER ISLAND COMPREHENSIVE MONITORING PROGRAM (BICM)","PROJ_ID":"LA-0226","PROD_DATE":"20160614","SHORE_TYPE":"MARSH","SRC_DATE":"20150827","SRC_DATA":"USDA NAIP ORTHOIMAGERY","SRC_RES":"1-m pixel","SRC_VECT":"APPLIED COASTAL","SRC_RAST":"M2909126NE","DIG_NOTES":" ","REGION":"AB","CONTRACTOR":"APPLIED COASTAL","ORG":"COASTAL PROTECTION AND RESTORATION AUTHORITY OF LOUISIANA (CPRA)","SRC_REG":"USDA","DATAURL":"http://cims.coastal.louisiana.gov/meta_docs/gis_refs/shoreline/BICM2/LA-0226_SHORL_0000000000_2015043020150913_RAC0009.zip","Meta_xml":"http://cims.coastal.louisiana.gov/meta_docs/gis_refs/shoreline/BICM2/Shoreline_Metadata.xml","Meta_html":"http://cims.coastal.louisiana.gov/meta_docs/gis_refs/shoreline/BICM2/Shoreline_Metadata.html","COMMENTS":null,"SHAPE_Length":830.3067138456413,"DSAS_DATE":"08/27/2015","DSAS_UNCER":null,"year":2015}},{"type":"Feature","id":28447,"geometry":{"type":"LineString","coordinates":[[-91.801678,29.587665],[-91.801874,29.587592],[-91.801824,29.587428],[-91.801438,29.587071],[-91.801118,29.587044],[-91.80128,29.586721],[-91.800135,29.585429],[-91.799006,29.585759]]},"properties":{"OBJECTID":28447,"PROGRAM":"STATE","PROJECT":"LOUISIANA BARRIER ISLAND COMPREHENSIVE MONITORING PROGRAM (BICM)","PROJ_ID":"LA-0226","PROD_DATE":"20160614","SHORE_TYPE":"MARSH","SRC_DATE":"20150827","SRC_DATA":"USDA NAIP ORTHOIMAGERY","SRC_RES":"1-m pixel","SRC_VECT":"APPLIED COASTAL","SRC_RAST":"M2909126NE","DIG_NOTES":" ","REGION":"AB","CONTRACTOR":"APPLIED COASTAL","ORG":"COASTAL PROTECTION AND RESTORATION AUTHORITY OF LOUISIANA (CPRA)","SRC_REG":"USDA","DATAURL":"http://cims.coastal.louisiana.gov/meta_docs/gis_refs/shoreline/BICM2/LA-0226_SHORL_0000000000_2015043020150913_RAC0009.zip","Meta_xml":"http://cims.coastal.louisiana.gov/meta_docs/gis_refs/shoreline/BICM2/Shoreline_Metadata.xml","Meta_html":"http://cims.coastal.louisiana.gov/meta_docs/gis_refs/shoreline/BICM2/Shoreline_Metadata.html","COMMENTS":null,"SHAPE_Length":492.09230917531505,"DSAS_DATE":"08/27/2015","DSAS_UNCER":null,"year":2015}},{"type":"Feature","id":28448,"geometry":{"type":"LineString","coordinates":[[-91.798366,29.585467],[-91.798956,29.58558],[-91.799718,29.585455],[-91.799889,29.58519],[-91.799877,29.584481],[-91.800152,29.583728],[-91.801174,29.583201],[-91.801024,29.582815],[-91.800063,29.582103],[-91.799625,29.581409]]},"properties":{"OBJECTID":28448,"PROGRAM":"STATE","PROJECT":"LOUISIANA BARRIER ISLAND COMPREHENSIVE MONITORING PROGRAM (BICM)","PROJ_ID":"LA-0226","PROD_DATE":"20160614","SHORE_TYPE":"MARSH","SRC_DATE":"20150827","SRC_DATA":"USDA NAIP ORTHOIMAGERY","SRC_RES":"1-m pixel","SRC_VECT":"APPLIED COASTAL","SRC_RAST":"M2909126NE","DIG_NOTES":" ","REGION":"AB","CONTRACTOR":"APPLIED COASTAL","ORG":"COASTAL PROTECTION AND RESTORATION AUTHORITY OF LOUISIANA (CPRA)","SRC_REG":"USDA","DATAURL":"http://cims.coastal.louisiana.gov/meta_docs/gis_refs/shoreline/BICM2/LA-0226_SHORL_0000000000_2015043020150913_RAC0009.zip","Meta_xml":"http://cims.coastal.louisiana.gov/meta_docs/gis_refs/shoreline/BICM2/Shoreline_Metadata.xml","Meta_html":"http://cims.coastal.louisiana.gov/meta_docs/gis_refs/shoreline/BICM2/Shoreline_Metadata.html","COMMENTS":null,"SHAPE_Length":721.9241099027203,"DSAS_DATE":"08/27/2015","DSAS_UNCER":null,"year":2015}},{"type":"Feature","id":28449,"geometry":{"type":"LineString","coordinates":[[-91.807432,29.582964],[-91.806754,29.583411],[-91.805939,29.58254],[-91.804627,29.582358],[-91.804585,29.582172]]},"properties":{"OBJECTID":28449,"PROGRAM":"STATE","PROJECT":"LOUISIANA BARRIER ISLAND COMPREHENSIVE MONITORING PROGRAM (BICM)","PROJ_ID":"LA-0226","PROD_DATE":"20160614","SHORE_TYPE":"MARSH","SRC_DATE":"20150827","SRC_DATA":"USDA NAIP ORTHOIMAGERY","SRC_RES":"1-m pixel","SRC_VECT":"APPLIED COASTAL","SRC_RAST":"M2909126NE","DIG_NOTES":" ","REGION":"AB","CONTRACTOR":"APPLIED COASTAL","ORG":"COASTAL PROTECTION AND RESTORATION AUTHORITY OF LOUISIANA (CPRA)","SRC_REG":"USDA","DATAURL":"http://cims.coastal.louisiana.gov/meta_docs/gis_refs/shoreline/BICM2/LA-0226_SHORL_0000000000_2015043020150913_RAC0009.zip","Meta_xml":"http://cims.coastal.louisiana.gov/meta_docs/gis_refs/shoreline/BICM2/Shoreline_Metadata.xml","Meta_html":"http://cims.coastal.louisiana.gov/meta_docs/gis_refs/shoreline/BICM2/Shoreline_Metadata.html","COMMENTS":null,"SHAPE_Length":376.5479540015306,"DSAS_DATE":"08/27/2015","DSAS_UNCER":null,"year":2015}},{"type":"Feature","id":28450,"geometry":{"type":"LineString","coordinates":[[-91.80452,29.582108],[-91.803122,29.582937],[-91.802119,29.583857],[-91.801952,29.58496],[-91.802102,29.585504],[-91.800845,29.584735],[-91.801073,29.584326],[-91.802118,29.583578],[-91.802239,29.583312],[-91.802163,29.58279]]},"properties":{"OBJECTID":28450,"PROGRAM":"STATE","PROJECT":"LOUISIANA BARRIER ISLAND COMPREHENSIVE MONITORING PROGRAM (BICM)","PROJ_ID":"LA-0226","PROD_DATE":"20160614","SHORE_TYPE":"MARSH","SRC_DATE":"20150827","SRC_DATA":"USDA NAIP ORTHOIMAGERY","SRC_RES":"1-m pixel","SRC_VECT":"APPLIED COASTAL","SRC_RAST":"M2909126NE","DIG_NOTES":" ","REGION":"AB","CONTRACTOR":"APPLIED COASTAL","ORG":"COASTAL PROTECTION AND RESTORATION AUTHORITY OF LOUISIANA (CPRA)","SRC_REG":"USDA","DATAURL":"http://cims.coastal.louisiana.gov/meta_docs/gis_refs/shoreline/BICM2/LA-0226_SHORL_0000000000_2015043020150913_RAC0009.zip","Meta_xml":"http://cims.coastal.louisiana.gov/meta_docs/gis_refs/shoreline/BICM2/Shoreline_Metadata.xml","Meta_html":"http://cims.coastal.louisiana.gov/meta_docs/gis_refs/shoreline/BICM2/Shoreline_Metadata.html","COMMENTS":null,"SHAPE_Length":950.7716782228858,"DSAS_DATE":"08/27/2015","DSAS_UNCER":null,"year":2015}},{"type":"Feature","id":28451,"geometry":{"type":"LineString","coordinates":[[-91.806452,29.588826],[-91.806926,29.588552],[-91.806808,29.587915],[-91.806429,29.587393]]},"properties":{"OBJECTID":28451,"PROGRAM":"STATE","PROJECT":"LOUISIANA BARRIER ISLAND COMPREHENSIVE MONITORING PROGRAM (BICM)","PROJ_ID":"LA-0226","PROD_DATE":"20160614","SHORE_TYPE":"MARSH","SRC_DATE":"20150827","SRC_DATA":"USDA NAIP ORTHOIMAGERY","SRC_RES":"1-m pixel","SRC_VECT":"APPLIED COASTAL","SRC_RAST":"M2909126NE","DIG_NOTES":" ","REGION":"AB","CONTRACTOR":"APPLIED COASTAL","ORG":"COASTAL PROTECTION AND RESTORATION AUTHORITY OF LOUISIANA (CPRA)","SRC_REG":"USDA","DATAURL":"http://cims.coastal.louisiana.gov/meta_docs/gis_refs/shoreline/BICM2/LA-0226_SHORL_0000000000_2015043020150913_RAC0009.zip","Meta_xml":"http://cims.coastal.louisiana.gov/meta_docs/gis_refs/shoreline/BICM2/Shoreline_Metadata.xml","Meta_html":"http://cims.coastal.louisiana.gov/meta_docs/gis_refs/shoreline/BICM2/Shoreline_Metadata.html","COMMENTS":null,"SHAPE_Length":206.81385870999884,"DSAS_DATE":"08/27/2015","DSAS_UNCER":null,"year":2015}},{"type":"Feature","id":28452,"geometry":{"type":"LineString","coordinates":[[-91.806322,29.587408],[-91.806368,29.586713],[-91.80603,29.586306]]},"properties":{"OBJECTID":28452,"PROGRAM":"STATE","PROJECT":"LOUISIANA BARRIER ISLAND COMPREHENSIVE MONITORING PROGRAM (BICM)","PROJ_ID":"LA-0226","PROD_DATE":"20160614","SHORE_TYPE":"MARSH","SRC_DATE":"20150827","SRC_DATA":"USDA NAIP ORTHOIMAGERY","SRC_RES":"1-m pixel","SRC_VECT":"APPLIED COASTAL","SRC_RAST":"M2909126NE","DIG_NOTES":" ","REGION":"AB","CONTRACTOR":"APPLIED COASTAL","ORG":"COASTAL PROTECTION AND RESTORATION AUTHORITY OF LOUISIANA (CPRA)","SRC_REG":"USDA","DATAURL":"http://cims.coastal.louisiana.gov/meta_docs/gis_refs/shoreline/BICM2/LA-0226_SHORL_0000000000_2015043020150913_RAC0009.zip","Meta_xml":"http://cims.coastal.louisiana.gov/meta_docs/gis_refs/shoreline/BICM2/Shoreline_Metadata.xml","Meta_html":"http://cims.coastal.louisiana.gov/meta_docs/gis_refs/shoreline/BICM2/Shoreline_Metadata.html","COMMENTS":null,"SHAPE_Length":160.73527056180737,"DSAS_DATE":"08/27/2015","DSAS_UNCER":null,"year":2015}},{"type":"Feature","id":28453,"geometry":{"type":"LineString","coordinates":[[-91.806493,29.588904],[-91.806624,29.588904],[-91.806791,29.589469],[-91.806524,29.590079],[-91.80614,29.590474],[-91.805889,29.591155],[-91.805958,29.591885],[-91.806504,29.592793],[-91.806448,29.59313],[-91.806101,29.592486],[-91.805302,29.591651],[-91.805094,29.5909],[-91.804706,29.590357],[-91.804861,29.590264],[-91.805298,29.589034],[-91.805072,29.588018],[-91.804132,29.586904],[-91.804164,29.58487],[-91.80435,29.584415],[-91.804613,29.5845],[-91.805117,29.585508],[-91.805834,29.586235]]},"properties":{"OBJECTID":28453,"PROGRAM":"STATE","PROJECT":"LOUISIANA BARRIER ISLAND COMPREHENSIVE MONITORING PROGRAM (BICM)","PROJ_ID":"LA-0226","PROD_DATE":"20160614","SHORE_TYPE":"MARSH","SRC_DATE":"20150827","SRC_DATA":"USDA NAIP ORTHOIMAGERY","SRC_RES":"1-m pixel","SRC_VECT":"APPLIED COASTAL","SRC_RAST":"M2909126NE","DIG_NOTES":" ","REGION":"AB","CONTRACTOR":"APPLIED COASTAL","ORG":"COASTAL PROTECTION AND RESTORATION AUTHORITY OF LOUISIANA (CPRA)","SRC_REG":"USDA","DATAURL":"http://cims.coastal.louisiana.gov/meta_docs/gis_refs/shoreline/BICM2/LA-0226_SHORL_0000000000_2015043020150913_RAC0009.zip","Meta_xml":"http://cims.coastal.louisiana.gov/meta_docs/gis_refs/shoreline/BICM2/Shoreline_Metadata.xml","Meta_html":"http://cims.coastal.louisiana.gov/meta_docs/gis_refs/shoreline/BICM2/Shoreline_Metadata.html","COMMENTS":null,"SHAPE_Length":1900.2745033951262,"DSAS_DATE":"08/27/2015","DSAS_UNCER":null,"year":2015}},{"type":"Feature","id":28454,"geometry":{"type":"LineString","coordinates":[[-92.019841,29.578489],[-92.020389,29.578325],[-92.020555,29.578625],[-92.020153,29.578845],[-92.019879,29.578689],[-92.019841,29.578489]]},"properties":{"OBJECTID":28454,"PROGRAM":"STATE","PROJECT":"LOUISIANA BARRIER ISLAND COMPREHENSIVE MONITORING PROGRAM (BICM)","PROJ_ID":"LA-0226","PROD_DATE":"20160614","SHORE_TYPE":"MARSH","SRC_DATE":"20150810","SRC_DATA":"USDA NAIP ORTHOIMAGERY","SRC_RES":"1-m pixel","SRC_VECT":"APPLIED COASTAL","SRC_RAST":"M2909232NE","DIG_NOTES":" ","REGION":"AB","CONTRACTOR":"APPLIED COASTAL","ORG":"COASTAL PROTECTION AND RESTORATION AUTHORITY OF LOUISIANA (CPRA)","SRC_REG":"USDA","DATAURL":"http://cims.coastal.louisiana.gov/meta_docs/gis_refs/shoreline/BICM2/LA-0226_SHORL_0000000000_2015043020150913_RAC0009.zip","Meta_xml":"http://cims.coastal.louisiana.gov/meta_docs/gis_refs/shoreline/BICM2/Shoreline_Metadata.xml","Meta_html":"http://cims.coastal.louisiana.gov/meta_docs/gis_refs/shoreline/BICM2/Shoreline_Metadata.html","COMMENTS":null,"SHAPE_Length":203.3278688310834,"DSAS_DATE":"08/10/2015","DSAS_UNCER":null,"year":2015}},{"type":"Feature","id":28455,"geometry":{"type":"LineString","coordinates":[[-92.018433,29.57811],[-92.018659,29.578173],[-92.018838,29.578552],[-92.019767,29.578414],[-92.019831,29.578246],[-92.019236,29.578055],[-92.019097,29.577533]]},"properties":{"OBJECTID":28455,"PROGRAM":"STATE","PROJECT":"LOUISIANA BARRIER ISLAND COMPREHENSIVE MONITORING PROGRAM (BICM)","PROJ_ID":"LA-0226","PROD_DATE":"20160614","SHORE_TYPE":"MARSH","SRC_DATE":"20150810","SRC_DATA":"USDA NAIP ORTHOIMAGERY","SRC_RES":"1-m pixel","SRC_VECT":"APPLIED COASTAL","SRC_RAST":"M2909232NE","DIG_NOTES":" ","REGION":"AB","CONTRACTOR":"APPLIED COASTAL","ORG":"COASTAL PROTECTION AND RESTORATION AUTHORITY OF LOUISIANA (CPRA)","SRC_REG":"USDA","DATAURL":"http://cims.coastal.louisiana.gov/meta_docs/gis_refs/shoreline/BICM2/LA-0226_SHORL_0000000000_2015043020150913_RAC0009.zip","Meta_xml":"http://cims.coastal.louisiana.gov/meta_docs/gis_refs/shoreline/BICM2/Shoreline_Metadata.xml","Meta_html":"http://cims.coastal.louisiana.gov/meta_docs/gis_refs/shoreline/BICM2/Shoreline_Metadata.html","COMMENTS":null,"SHAPE_Length":313.2601190143406,"DSAS_DATE":"08/10/2015","DSAS_UNCER":null,"year":2015}},{"type":"Feature","id":28456,"geometry":{"type":"LineString","coordinates":[[-92.017814,29.579548],[-92.017806,29.579185],[-92.017407,29.579202]]},"properties":{"OBJECTID":28456,"PROGRAM":"STATE","PROJECT":"LOUISIANA BARRIER ISLAND COMPREHENSIVE MONITORING PROGRAM (BICM)","PROJ_ID":"LA-0226","PROD_DATE":"20160614","SHORE_TYPE":"MARSH","SRC_DATE":"20150810","SRC_DATA":"USDA NAIP ORTHOIMAGERY","SRC_RES":"1-m pixel","SRC_VECT":"APPLIED COASTAL","SRC_RAST":"M2909232NE","DIG_NOTES":" ","REGION":"AB","CONTRACTOR":"APPLIED COASTAL","ORG":"COASTAL PROTECTION AND RESTORATION AUTHORITY OF LOUISIANA (CPRA)","SRC_REG":"USDA","DATAURL":"http://cims.coastal.louisiana.gov/meta_docs/gis_refs/shoreline/BICM2/LA-0226_SHORL_0000000000_2015043020150913_RAC0009.zip","Meta_xml":"http://cims.coastal.louisiana.gov/meta_docs/gis_refs/shoreline/BICM2/Shoreline_Metadata.xml","Meta_html":"http://cims.coastal.louisiana.gov/meta_docs/gis_refs/shoreline/BICM2/Shoreline_Metadata.html","COMMENTS":null,"SHAPE_Length":85.13624006243536,"DSAS_DATE":"08/10/2015","DSAS_UNCER":null,"year":2015}},{"type":"Feature","id":28457,"geometry":{"type":"LineString","coordinates":[[-92.017896,29.5796],[-92.0183,29.57956],[-92.018009,29.580077],[-92.018345,29.580601],[-92.018134,29.580845],[-92.017788,29.580592]]},"properties":{"OBJECTID":28457,"PROGRAM":"STATE","PROJECT":"LOUISIANA BARRIER ISLAND COMPREHENSIVE MONITORING PROGRAM (BICM)","PROJ_ID":"LA-0226","PROD_DATE":"20160614","SHORE_TYPE":"MARSH","SRC_DATE":"20150810","SRC_DATA":"USDA NAIP ORTHOIMAGERY","SRC_RES":"1-m pixel","SRC_VECT":"APPLIED COASTAL","SRC_RAST":"M2909232NE","DIG_NOTES":" ","REGION":"AB","CONTRACTOR":"APPLIED COASTAL","ORG":"COASTAL PROTECTION AND RESTORATION AUTHORITY OF LOUISIANA (CPRA)","SRC_REG":"USDA","DATAURL":"http://cims.coastal.louisiana.gov/meta_docs/gis_refs/shoreline/BICM2/LA-0226_SHORL_0000000000_2015043020150913_RAC0009.zip","Meta_xml":"http://cims.coastal.louisiana.gov/meta_docs/gis_refs/shoreline/BICM2/Shoreline_Metadata.xml","Meta_html":"http://cims.coastal.louisiana.gov/meta_docs/gis_refs/shoreline/BICM2/Shoreline_Metadata.html","COMMENTS":null,"SHAPE_Length":266.9339119550882,"DSAS_DATE":"08/10/2015","DSAS_UNCER":null,"year":2015}},{"type":"Feature","id":28458,"geometry":{"type":"LineString","coordinates":[[-92.017562,29.581805],[-92.017706,29.581385],[-92.017588,29.580932],[-92.017441,29.580894]]},"properties":{"OBJECTID":28458,"PROGRAM":"STATE","PROJECT":"LOUISIANA BARRIER ISLAND COMPREHENSIVE MONITORING PROGRAM (BICM)","PROJ_ID":"LA-0226","PROD_DATE":"20160614","SHORE_TYPE":"MARSH","SRC_DATE":"20150810","SRC_DATA":"USDA NAIP ORTHOIMAGERY","SRC_RES":"1-m pixel","SRC_VECT":"APPLIED COASTAL","SRC_RAST":"M2909232NE","DIG_NOTES":" ","REGION":"AB","CONTRACTOR":"APPLIED COASTAL","ORG":"COASTAL PROTECTION AND RESTORATION AUTHORITY OF LOUISIANA (CPRA)","SRC_REG":"USDA","DATAURL":"http://cims.coastal.louisiana.gov/meta_docs/gis_refs/shoreline/BICM2/LA-0226_SHORL_0000000000_2015043020150913_RAC0009.zip","Meta_xml":"http://cims.coastal.louisiana.gov/meta_docs/gis_refs/shoreline/BICM2/Shoreline_Metadata.xml","Meta_html":"http://cims.coastal.louisiana.gov/meta_docs/gis_refs/shoreline/BICM2/Shoreline_Metadata.html","COMMENTS":null,"SHAPE_Length":121.70532247811046,"DSAS_DATE":"08/10/2015","DSAS_UNCER":null,"year":2015}},{"type":"Feature","id":28459,"geometry":{"type":"LineString","coordinates":[[-92.016666,29.584262],[-92.017088,29.58447],[-92.017797,29.584256],[-92.017768,29.584022],[-92.018065,29.583467],[-92.017956,29.582837],[-92.018329,29.58225],[-92.01871,29.582005],[-92.018475,29.581985],[-92.018073,29.582374],[-92.017795,29.58239]]},"properties":{"OBJECTID":28459,"PROGRAM":"STATE","PROJECT":"LOUISIANA BARRIER ISLAND COMPREHENSIVE MONITORING PROGRAM (BICM)","PROJ_ID":"LA-0226","PROD_DATE":"20160614","SHORE_TYPE":"MARSH","SRC_DATE":"20150810","SRC_DATA":"USDA NAIP ORTHOIMAGERY","SRC_RES":"1-m pixel","SRC_VECT":"APPLIED COASTAL","SRC_RAST":"M2909232NE","DIG_NOTES":" ","REGION":"AB","CONTRACTOR":"APPLIED COASTAL","ORG":"COASTAL PROTECTION AND RESTORATION AUTHORITY OF LOUISIANA (CPRA)","SRC_REG":"USDA","DATAURL":"http://cims.coastal.louisiana.gov/meta_docs/gis_refs/shoreline/BICM2/LA-0226_SHORL_0000000000_2015043020150913_RAC0009.zip","Meta_xml":"http://cims.coastal.louisiana.gov/meta_docs/gis_refs/shoreline/BICM2/Shoreline_Metadata.xml","Meta_html":"http://cims.coastal.louisiana.gov/meta_docs/gis_refs/shoreline/BICM2/Shoreline_Metadata.html","COMMENTS":null,"SHAPE_Length":545.6877963204245,"DSAS_DATE":"08/10/2015","DSAS_UNCER":null,"year":2015}},{"type":"Feature","id":28460,"geometry":{"type":"LineString","coordinates":[[-92.017904,29.578311],[-92.017731,29.578584],[-92.01742,29.578653],[-92.017456,29.579116]]},"properties":{"OBJECTID":28460,"PROGRAM":"STATE","PROJECT":"LOUISIANA BARRIER ISLAND COMPREHENSIVE MONITORING PROGRAM (BICM)","PROJ_ID":"LA-0226","PROD_DATE":"20160614","SHORE_TYPE":"MARSH","SRC_DATE":"20150810","SRC_DATA":"USDA NAIP ORTHOIMAGERY","SRC_RES":"1-m pixel","SRC_VECT":"APPLIED COASTAL","SRC_RAST":"M2909232NE","DIG_NOTES":" ","REGION":"AB","CONTRACTOR":"APPLIED COASTAL","ORG":"COASTAL PROTECTION AND RESTORATION AUTHORITY OF LOUISIANA (CPRA)","SRC_REG":"USDA","DATAURL":"http://cims.coastal.louisiana.gov/meta_docs/gis_refs/shoreline/BICM2/LA-0226_SHORL_0000000000_2015043020150913_RAC0009.zip","Meta_xml":"http://cims.coastal.louisiana.gov/meta_docs/gis_refs/shoreline/BICM2/Shoreline_Metadata.xml","Meta_html":"http://cims.coastal.louisiana.gov/meta_docs/gis_refs/shoreline/BICM2/Shoreline_Metadata.html","COMMENTS":null,"SHAPE_Length":128.0600824073013,"DSAS_DATE":"08/10/2015","DSAS_UNCER":null,"year":2015}},{"type":"Feature","id":28461,"geometry":{"type":"LineString","coordinates":[[-92.016205,29.585893],[-92.016507,29.586184],[-92.018565,29.586513],[-92.018429,29.585655],[-92.017793,29.585461],[-92.017352,29.58489],[-92.01677,29.584696],[-92.016515,29.584387]]},"properties":{"OBJECTID":28461,"PROGRAM":"STATE","PROJECT":"LOUISIANA BARRIER ISLAND COMPREHENSIVE MONITORING PROGRAM (BICM)","PROJ_ID":"LA-0226","PROD_DATE":"20160614","SHORE_TYPE":"MARSH","SRC_DATE":"20150810","SRC_DATA":"USDA NAIP ORTHOIMAGERY","SRC_RES":"1-m pixel","SRC_VECT":"APPLIED COASTAL","SRC_RAST":"M2909232NE","DIG_NOTES":" ","REGION":"AB","CONTRACTOR":"APPLIED COASTAL","ORG":"COASTAL PROTECTION AND RESTORATION AUTHORITY OF LOUISIANA (CPRA)","SRC_REG":"USDA","DATAURL":"http://cims.coastal.louisiana.gov/meta_docs/gis_refs/shoreline/BICM2/LA-0226_SHORL_0000000000_2015043020150913_RAC0009.zip","Meta_xml":"http://cims.coastal.louisiana.gov/meta_docs/gis_refs/shoreline/BICM2/Shoreline_Metadata.xml","Meta_html":"http://cims.coastal.louisiana.gov/meta_docs/gis_refs/shoreline/BICM2/Shoreline_Metadata.html","COMMENTS":null,"SHAPE_Length":613.1151176034448,"DSAS_DATE":"08/10/2015","DSAS_UNCER":null,"year":2015}},{"type":"Feature","id":28462,"geometry":{"type":"LineString","coordinates":[[-92.018385,29.588438],[-92.018572,29.588251],[-92.018249,29.58768],[-92.01742,29.587412],[-92.016028,29.586331]]},"properties":{"OBJECTID":28462,"PROGRAM":"STATE","PROJECT":"LOUISIANA BARRIER ISLAND COMPREHENSIVE MONITORING PROGRAM (BICM)","PROJ_ID":"LA-0226","PROD_DATE":"20160614","SHORE_TYPE":"MARSH","SRC_DATE":"20150810","SRC_DATA":"USDA NAIP ORTHOIMAGERY","SRC_RES":"1-m pixel","SRC_VECT":"APPLIED COASTAL","SRC_RAST":"M2909232NE","DIG_NOTES":" ","REGION":"AB","CONTRACTOR":"APPLIED COASTAL","ORG":"COASTAL PROTECTION AND RESTORATION AUTHORITY OF LOUISIANA (CPRA)","SRC_REG":"USDA","DATAURL":"http://cims.coastal.louisiana.gov/meta_docs/gis_refs/shoreline/BICM2/LA-0226_SHORL_0000000000_2015043020150913_RAC0009.zip","Meta_xml":"http://cims.coastal.louisiana.gov/meta_docs/gis_refs/shoreline/BICM2/Shoreline_Metadata.xml","Meta_html":"http://cims.coastal.louisiana.gov/meta_docs/gis_refs/shoreline/BICM2/Shoreline_Metadata.html","COMMENTS":null,"SHAPE_Length":380.85409593927295,"DSAS_DATE":"08/10/2015","DSAS_UNCER":null,"year":2015}},{"type":"Feature","id":28463,"geometry":{"type":"LineString","coordinates":[[-92.018353,29.588517],[-92.018788,29.588622],[-92.019122,29.588327],[-92.019428,29.588776],[-92.018359,29.589391],[-92.017564,29.590505],[-92.016915,29.590358],[-92.016605,29.590574],[-92.016154,29.590512],[-92.01519,29.590911],[-92.014762,29.590648],[-92.014872,29.589925],[-92.014452,29.589655],[-92.013593,29.589716],[-92.013393,29.58923],[-92.013456,29.588958]]},"properties":{"OBJECTID":28463,"PROGRAM":"STATE","PROJECT":"LOUISIANA BARRIER ISLAND COMPREHENSIVE MONITORING PROGRAM (BICM)","PROJ_ID":"LA-0226","PROD_DATE":"20160614","SHORE_TYPE":"MARSH","SRC_DATE":"20150810","SRC_DATA":"USDA NAIP ORTHOIMAGERY","SRC_RES":"1-m pixel","SRC_VECT":"APPLIED COASTAL","SRC_RAST":"M2909232NE","DIG_NOTES":" ","REGION":"AB","CONTRACTOR":"APPLIED COASTAL","ORG":"COASTAL PROTECTION AND RESTORATION AUTHORITY OF LOUISIANA (CPRA)","SRC_REG":"USDA","DATAURL":"http://cims.coastal.louisiana.gov/meta_docs/gis_refs/shoreline/BICM2/LA-0226_SHORL_0000000000_2015043020150913_RAC0009.zip","Meta_xml":"http://cims.coastal.louisiana.gov/meta_docs/gis_refs/shoreline/BICM2/Shoreline_Metadata.xml","Meta_html":"http://cims.coastal.louisiana.gov/meta_docs/gis_refs/shoreline/BICM2/Shoreline_Metadata.html","COMMENTS":null,"SHAPE_Length":1127.9024984901139,"DSAS_DATE":"08/10/2015","DSAS_UNCER":null,"year":2015}},{"type":"Feature","id":28464,"geometry":{"type":"LineString","coordinates":[[-92.010075,29.590594],[-92.010234,29.590994],[-92.011647,29.591596],[-92.011752,29.591423],[-92.011497,29.59126],[-92.011693,29.591116],[-92.011939,29.591172],[-92.012165,29.590662],[-92.012402,29.590575],[-92.012772,29.590809],[-92.012787,29.590587],[-92.013497,29.590104],[-92.013167,29.589855],[-92.013083,29.589476]]},"properties":{"OBJECTID":28464,"PROGRAM":"STATE","PROJECT":"LOUISIANA BARRIER ISLAND COMPREHENSIVE MONITORING PROGRAM (BICM)","PROJ_ID":"LA-0226","PROD_DATE":"20160614","SHORE_TYPE":"MARSH","SRC_DATE":"20150810","SRC_DATA":"USDA NAIP ORTHOIMAGERY","SRC_RES":"1-m pixel","SRC_VECT":"APPLIED COASTAL","SRC_RAST":"M2909232NE","DIG_NOTES":" ","REGION":"AB","CONTRACTOR":"APPLIED COASTAL","ORG":"COASTAL PROTECTION AND RESTORATION AUTHORITY OF LOUISIANA (CPRA)","SRC_REG":"USDA","DATAURL":"http://cims.coastal.louisiana.gov/meta_docs/gis_refs/shoreline/BICM2/LA-0226_SHORL_0000000000_2015043020150913_RAC0009.zip","Meta_xml":"http://cims.coastal.louisiana.gov/meta_docs/gis_refs/shoreline/BICM2/Shoreline_Metadata.xml","Meta_html":"http://cims.coastal.louisiana.gov/meta_docs/gis_refs/shoreline/BICM2/Shoreline_Metadata.html","COMMENTS":null,"SHAPE_Length":675.480538687407,"DSAS_DATE":"08/10/2015","DSAS_UNCER":null,"year":2015}},{"type":"Feature","id":28465,"geometry":{"type":"LineString","coordinates":[[-92.007879,29.593343],[-92.007764,29.593272],[-92.007867,29.593357]]},"properties":{"OBJECTID":28465,"PROGRAM":"STATE","PROJECT":"LOUISIANA BARRIER ISLAND COMPREHENSIVE MONITORING PROGRAM (BICM)","PROJ_ID":"LA-0226","PROD_DATE":"20160614","SHORE_TYPE":"MARSH","SRC_DATE":"20150810","SRC_DATA":"USDA NAIP ORTHOIMAGERY","SRC_RES":"1-m pixel","SRC_VECT":"APPLIED COASTAL","SRC_RAST":"M2909232NE","DIG_NOTES":" ","REGION":"AB","CONTRACTOR":"APPLIED COASTAL","ORG":"COASTAL PROTECTION AND RESTORATION AUTHORITY OF LOUISIANA (CPRA)","SRC_REG":"USDA","DATAURL":"http://cims.coastal.louisiana.gov/meta_docs/gis_refs/shoreline/BICM2/LA-0226_SHORL_0000000000_2015043020150913_RAC0009.zip","Meta_xml":"http://cims.coastal.louisiana.gov/meta_docs/gis_refs/shoreline/BICM2/Shoreline_Metadata.xml","Meta_html":"http://cims.coastal.louisiana.gov/meta_docs/gis_refs/shoreline/BICM2/Shoreline_Metadata.html","COMMENTS":null,"SHAPE_Length":30.821638721403865,"DSAS_DATE":"08/10/2015","DSAS_UNCER":null,"year":2015}},{"type":"Feature","id":28466,"geometry":{"type":"LineString","coordinates":[[-92.007932,29.593357],[-92.008071,29.593245],[-92.007932,29.593357]]},"properties":{"OBJECTID":28466,"PROGRAM":"STATE","PROJECT":"LOUISIANA BARRIER ISLAND COMPREHENSIVE MONITORING PROGRAM (BICM)","PROJ_ID":"LA-0226","PROD_DATE":"20160614","SHORE_TYPE":"MARSH","SRC_DATE":"20150810","SRC_DATA":"USDA NAIP ORTHOIMAGERY","SRC_RES":"1-m pixel","SRC_VECT":"APPLIED COASTAL","SRC_RAST":"M2909232NE","DIG_NOTES":" ","REGION":"AB","CONTRACTOR":"APPLIED COASTAL","ORG":"COASTAL PROTECTION AND RESTORATION AUTHORITY OF LOUISIANA (CPRA)","SRC_REG":"USDA","DATAURL":"http://cims.coastal.louisiana.gov/meta_docs/gis_refs/shoreline/BICM2/LA-0226_SHORL_0000000000_2015043020150913_RAC0009.zip","Meta_xml":"http://cims.coastal.louisiana.gov/meta_docs/gis_refs/shoreline/BICM2/Shoreline_Metadata.xml","Meta_html":"http://cims.coastal.louisiana.gov/meta_docs/gis_refs/shoreline/BICM2/Shoreline_Metadata.html","COMMENTS":null,"SHAPE_Length":41.87488617236348,"DSAS_DATE":"08/10/2015","DSAS_UNCER":null,"year":2015}},{"type":"Feature","id":28467,"geometry":{"type":"LineString","coordinates":[[-92.007915,29.593246],[-92.008082,29.593044],[-92.00775,29.592989],[-92.007759,29.593211],[-92.007915,29.593246]]},"properties":{"OBJECTID":28467,"PROGRAM":"STATE","PROJECT":"LOUISIANA BARRIER ISLAND COMPREHENSIVE MONITORING PROGRAM (BICM)","PROJ_ID":"LA-0226","PROD_DATE":"20160614","SHORE_TYPE":"MARSH","SRC_DATE":"20150810","SRC_DATA":"USDA NAIP ORTHOIMAGERY","SRC_RES":"1-m pixel","SRC_VECT":"APPLIED COASTAL","SRC_RAST":"M2909232NE","DIG_NOTES":" ","REGION":"AB","CONTRACTOR":"APPLIED COASTAL","ORG":"COASTAL PROTECTION AND RESTORATION AUTHORITY OF LOUISIANA (CPRA)","SRC_REG":"USDA","DATAURL":"http://cims.coastal.louisiana.gov/meta_docs/gis_refs/shoreline/BICM2/LA-0226_SHORL_0000000000_2015043020150913_RAC0009.zip","Meta_xml":"http://cims.coastal.louisiana.gov/meta_docs/gis_refs/shoreline/BICM2/Shoreline_Metadata.xml","Meta_html":"http://cims.coastal.louisiana.gov/meta_docs/gis_refs/shoreline/BICM2/Shoreline_Metadata.html","COMMENTS":null,"SHAPE_Length":107.3860254599328,"DSAS_DATE":"08/10/2015","DSAS_UNCER":null,"year":2015}},{"type":"Feature","id":28468,"geometry":{"type":"LineString","coordinates":[[-92.00991,29.590586],[-92.009886,29.590871],[-92.010172,29.591274],[-92.010248,29.591717],[-92.009745,29.591966],[-92.009342,29.591362],[-92.00896,29.591484],[-92.008981,29.591292]]},"properties":{"OBJECTID":28468,"PROGRAM":"STATE","PROJECT":"LOUISIANA BARRIER ISLAND COMPREHENSIVE MONITORING PROGRAM (BICM)","PROJ_ID":"LA-0226","PROD_DATE":"20160614","SHORE_TYPE":"MARSH","SRC_DATE":"20150810","SRC_DATA":"USDA NAIP ORTHOIMAGERY","SRC_RES":"1-m pixel","SRC_VECT":"APPLIED COASTAL","SRC_RAST":"M2909232NE","DIG_NOTES":" ","REGION":"AB","CONTRACTOR":"APPLIED COASTAL","ORG":"COASTAL PROTECTION AND RESTORATION AUTHORITY OF LOUISIANA (CPRA)","SRC_REG":"USDA","DATAURL":"http://cims.coastal.louisiana.gov/meta_docs/gis_refs/shoreline/BICM2/LA-0226_SHORL_0000000000_2015043020150913_RAC0009.zip","Meta_xml":"http://cims.coastal.louisiana.gov/meta_docs/gis_refs/shoreline/BICM2/Shoreline_Metadata.xml","Meta_html":"http://cims.coastal.louisiana.gov/meta_docs/gis_refs/shoreline/BICM2/Shoreline_Metadata.html","COMMENTS":null,"SHAPE_Length":371.9919058499078,"DSAS_DATE":"08/10/2015","DSAS_UNCER":null,"year":2015}},{"type":"Feature","id":28469,"geometry":{"type":"LineString","coordinates":[[-92.008839,29.591274],[-92.008909,29.592018],[-92.008429,29.592007],[-92.008132,29.591765],[-92.00813,29.591426]]},"properties":{"OBJECTID":28469,"PROGRAM":"STATE","PROJECT":"LOUISIANA BARRIER ISLAND COMPREHENSIVE MONITORING PROGRAM (BICM)","PROJ_ID":"LA-0226","PROD_DATE":"20160614","SHORE_TYPE":"MARSH","SRC_DATE":"20150810","SRC_DATA":"USDA NAIP ORTHOIMAGERY","SRC_RES":"1-m pixel","SRC_VECT":"APPLIED COASTAL","SRC_RAST":"M2909232NE","DIG_NOTES":" ","REGION":"AB","CONTRACTOR":"APPLIED COASTAL","ORG":"COASTAL PROTECTION AND RESTORATION AUTHORITY OF LOUISIANA (CPRA)","SRC_REG":"USDA","DATAURL":"http://cims.coastal.louisiana.gov/meta_docs/gis_refs/shoreline/BICM2/LA-0226_SHORL_0000000000_2015043020150913_RAC0009.zip","Meta_xml":"http://cims.coastal.louisiana.gov/meta_docs/gis_refs/shoreline/BICM2/Shoreline_Metadata.xml","Meta_html":"http://cims.coastal.louisiana.gov/meta_docs/gis_refs/shoreline/BICM2/Shoreline_Metadata.html","COMMENTS":null,"SHAPE_Length":225.90985010402417,"DSAS_DATE":"08/10/2015","DSAS_UNCER":null,"year":2015}},{"type":"Feature","id":28470,"geometry":{"type":"LineString","coordinates":[[-92.007149,29.592624],[-92.007032,29.592609]]},"properties":{"OBJECTID":28470,"PROGRAM":"STATE","PROJECT":"LOUISIANA BARRIER ISLAND COMPREHENSIVE MONITORING PROGRAM (BICM)","PROJ_ID":"LA-0226","PROD_DATE":"20160614","SHORE_TYPE":"MARSH","SRC_DATE":"20150430","SRC_DATA":"USDA NAIP ORTHOIMAGERY","SRC_RES":"1-m pixel","SRC_VECT":"APPLIED COASTAL","SRC_RAST":"M2909232NE","DIG_NOTES":" ","REGION":"AB","CONTRACTOR":"APPLIED COASTAL","ORG":"COASTAL PROTECTION AND RESTORATION AUTHORITY OF LOUISIANA (CPRA)","SRC_REG":"USDA","DATAURL":"http://cims.coastal.louisiana.gov/meta_docs/gis_refs/shoreline/BICM2/LA-0226_SHORL_0000000000_2015043020150913_RAC0009.zip","Meta_xml":"http://cims.coastal.louisiana.gov/meta_docs/gis_refs/shoreline/BICM2/Shoreline_Metadata.xml","Meta_html":"http://cims.coastal.louisiana.gov/meta_docs/gis_refs/shoreline/BICM2/Shoreline_Metadata.html","COMMENTS":null,"SHAPE_Length":11.427809674726689,"DSAS_DATE":"04/30/2015","DSAS_UNCER":null,"year":2015}},{"type":"Feature","id":28471,"geometry":{"type":"LineString","coordinates":[[-92.007202,29.593503],[-92.007418,29.593671],[-92.007354,29.593915],[-92.007114,29.593988],[-92.006961,29.593859],[-92.006778,29.594328],[-92.0064,29.594418]]},"properties":{"OBJECTID":28471,"PROGRAM":"STATE","PROJECT":"LOUISIANA BARRIER ISLAND COMPREHENSIVE MONITORING PROGRAM (BICM)","PROJ_ID":"LA-0226","PROD_DATE":"20160614","SHORE_TYPE":"MARSH","SRC_DATE":"20150810","SRC_DATA":"USDA NAIP ORTHOIMAGERY","SRC_RES":"1-m pixel","SRC_VECT":"APPLIED COASTAL","SRC_RAST":"M2909232NE","DIG_NOTES":" ","REGION":"AB","CONTRACTOR":"APPLIED COASTAL","ORG":"COASTAL PROTECTION AND RESTORATION AUTHORITY OF LOUISIANA (CPRA)","SRC_REG":"USDA","DATAURL":"http://cims.coastal.louisiana.gov/meta_docs/gis_refs/shoreline/BICM2/LA-0226_SHORL_0000000000_2015043020150913_RAC0009.zip","Meta_xml":"http://cims.coastal.louisiana.gov/meta_docs/gis_refs/shoreline/BICM2/Shoreline_Metadata.xml","Meta_html":"http://cims.coastal.louisiana.gov/meta_docs/gis_refs/shoreline/BICM2/Shoreline_Metadata.html","COMMENTS":null,"SHAPE_Length":208.42348042354666,"DSAS_DATE":"08/10/2015","DSAS_UNCER":null,"year":2015}},{"type":"Feature","id":28472,"geometry":{"type":"LineString","coordinates":[[-91.996588,29.607198],[-91.996353,29.60735]]},"properties":{"OBJECTID":28472,"PROGRAM":"STATE","PROJECT":"LOUISIANA BARRIER ISLAND COMPREHENSIVE MONITORING PROGRAM (BICM)","PROJ_ID":"LA-0226","PROD_DATE":"20160614","SHORE_TYPE":"MARSH","SRC_DATE":"20150810","SRC_DATA":"USDA NAIP ORTHOIMAGERY","SRC_RES":"1-m pixel","SRC_VECT":"APPLIED COASTAL","SRC_RAST":"M2909125NW","DIG_NOTES":" ","REGION":"AB","CONTRACTOR":"APPLIED COASTAL","ORG":"COASTAL PROTECTION AND RESTORATION AUTHORITY OF LOUISIANA (CPRA)","SRC_REG":"USDA","DATAURL":"http://cims.coastal.louisiana.gov/meta_docs/gis_refs/shoreline/BICM2/LA-0226_SHORL_0000000000_2015043020150913_RAC0009.zip","Meta_xml":"http://cims.coastal.louisiana.gov/meta_docs/gis_refs/shoreline/BICM2/Shoreline_Metadata.xml","Meta_html":"http://cims.coastal.louisiana.gov/meta_docs/gis_refs/shoreline/BICM2/Shoreline_Metadata.html","COMMENTS":null,"SHAPE_Length":31.939923222857402,"DSAS_DATE":"08/10/2015","DSAS_UNCER":null,"year":2015}},{"type":"Feature","id":28473,"geometry":{"type":"LineString","coordinates":[[-91.988598,29.609104],[-91.988119,29.608969],[-91.987579,29.607862]]},"properties":{"OBJECTID":28473,"PROGRAM":"STATE","PROJECT":"LOUISIANA BARRIER ISLAND COMPREHENSIVE MONITORING PROGRAM (BICM)","PROJ_ID":"LA-0226","PROD_DATE":"20160614","SHORE_TYPE":"MARSH","SRC_DATE":"20150430","SRC_DATA":"USDA NAIP ORTHOIMAGERY","SRC_RES":"1-m pixel","SRC_VECT":"APPLIED COASTAL","SRC_RAST":"M2909125NW","DIG_NOTES":" ","REGION":"AB","CONTRACTOR":"APPLIED COASTAL","ORG":"COASTAL PROTECTION AND RESTORATION AUTHORITY OF LOUISIANA (CPRA)","SRC_REG":"USDA","DATAURL":"http://cims.coastal.louisiana.gov/meta_docs/gis_refs/shoreline/BICM2/LA-0226_SHORL_0000000000_2015043020150913_RAC0009.zip","Meta_xml":"http://cims.coastal.louisiana.gov/meta_docs/gis_refs/shoreline/BICM2/Shoreline_Metadata.xml","Meta_html":"http://cims.coastal.louisiana.gov/meta_docs/gis_refs/shoreline/BICM2/Shoreline_Metadata.html","COMMENTS":null,"SHAPE_Length":204.42203519501996,"DSAS_DATE":"04/30/2015","DSAS_UNCER":null,"year":2015}},{"type":"Feature","id":28474,"geometry":{"type":"LineString","coordinates":[[-91.98749,29.607874],[-91.98741,29.608137],[-91.98636,29.607403],[-91.984848,29.606909],[-91.984759,29.606838],[-91.984936,29.606741],[-91.985298,29.606811]]},"properties":{"OBJECTID":28474,"PROGRAM":"STATE","PROJECT":"LOUISIANA BARRIER ISLAND COMPREHENSIVE MONITORING PROGRAM (BICM)","PROJ_ID":"LA-0226","PROD_DATE":"20160614","SHORE_TYPE":"MARSH","SRC_DATE":"20150430","SRC_DATA":"USDA NAIP ORTHOIMAGERY","SRC_RES":"1-m pixel","SRC_VECT":"APPLIED COASTAL","SRC_RAST":"M2909125NW","DIG_NOTES":" ","REGION":"AB","CONTRACTOR":"APPLIED COASTAL","ORG":"COASTAL PROTECTION AND RESTORATION AUTHORITY OF LOUISIANA (CPRA)","SRC_REG":"USDA","DATAURL":"http://cims.coastal.louisiana.gov/meta_docs/gis_refs/shoreline/BICM2/LA-0226_SHORL_0000000000_2015043020150913_RAC0009.zip","Meta_xml":"http://cims.coastal.louisiana.gov/meta_docs/gis_refs/shoreline/BICM2/Shoreline_Metadata.xml","Meta_html":"http://cims.coastal.louisiana.gov/meta_docs/gis_refs/shoreline/BICM2/Shoreline_Metadata.html","COMMENTS":null,"SHAPE_Length":402.48340289280077,"DSAS_DATE":"04/30/2015","DSAS_UNCER":null,"year":2015}},{"type":"Feature","id":28475,"geometry":{"type":"LineString","coordinates":[[-91.985311,29.606763],[-91.985049,29.606305],[-91.985484,29.605957],[-91.985657,29.605362],[-91.98622,29.605693]]},"properties":{"OBJECTID":28475,"PROGRAM":"STATE","PROJECT":"LOUISIANA BARRIER ISLAND COMPREHENSIVE MONITORING PROGRAM (BICM)","PROJ_ID":"LA-0226","PROD_DATE":"20160614","SHORE_TYPE":"MARSH","SRC_DATE":"20150430","SRC_DATA":"USDA NAIP ORTHOIMAGERY","SRC_RES":"1-m pixel","SRC_VECT":"APPLIED COASTAL","SRC_RAST":"M2909125NW","DIG_NOTES":" ","REGION":"AB","CONTRACTOR":"APPLIED COASTAL","ORG":"COASTAL PROTECTION AND RESTORATION AUTHORITY OF LOUISIANA (CPRA)","SRC_REG":"USDA","DATAURL":"http://cims.coastal.louisiana.gov/meta_docs/gis_refs/shoreline/BICM2/LA-0226_SHORL_0000000000_2015043020150913_RAC0009.zip","Meta_xml":"http://cims.coastal.louisiana.gov/meta_docs/gis_refs/shoreline/BICM2/Shoreline_Metadata.xml","Meta_html":"http://cims.coastal.louisiana.gov/meta_docs/gis_refs/shoreline/BICM2/Shoreline_Metadata.html","COMMENTS":null,"SHAPE_Length":277.82394255809,"DSAS_DATE":"04/30/2015","DSAS_UNCER":null,"year":2015}},{"type":"Feature","id":28476,"geometry":{"type":"LineString","coordinates":[[-91.986349,29.605573],[-91.986293,29.605442],[-91.986605,29.605119],[-91.986322,29.604637],[-91.986334,29.604356],[-91.986844,29.603861],[-91.98726,29.603828]]},"properties":{"OBJECTID":28476,"PROGRAM":"STATE","PROJECT":"LOUISIANA BARRIER ISLAND COMPREHENSIVE MONITORING PROGRAM (BICM)","PROJ_ID":"LA-0226","PROD_DATE":"20160614","SHORE_TYPE":"MARSH","SRC_DATE":"20150430","SRC_DATA":"USDA NAIP ORTHOIMAGERY","SRC_RES":"1-m pixel","SRC_VECT":"APPLIED COASTAL","SRC_RAST":"M2909125NW","DIG_NOTES":" ","REGION":"AB","CONTRACTOR":"APPLIED COASTAL","ORG":"COASTAL PROTECTION AND RESTORATION AUTHORITY OF LOUISIANA (CPRA)","SRC_REG":"USDA","DATAURL":"http://cims.coastal.louisiana.gov/meta_docs/gis_refs/shoreline/BICM2/LA-0226_SHORL_0000000000_2015043020150913_RAC0009.zip","Meta_xml":"http://cims.coastal.louisiana.gov/meta_docs/gis_refs/shoreline/BICM2/Shoreline_Metadata.xml","Meta_html":"http://cims.coastal.louisiana.gov/meta_docs/gis_refs/shoreline/BICM2/Shoreline_Metadata.html","COMMENTS":null,"SHAPE_Length":295.766211404691,"DSAS_DATE":"04/30/2015","DSAS_UNCER":null,"year":2015}},{"type":"Feature","id":28477,"geometry":{"type":"LineString","coordinates":[[-91.986138,29.603493],[-91.985581,29.603836],[-91.98545,29.603723],[-91.985372,29.603222],[-91.985716,29.602558]]},"properties":{"OBJECTID":28477,"PROGRAM":"STATE","PROJECT":"LOUISIANA BARRIER ISLAND COMPREHENSIVE MONITORING PROGRAM (BICM)","PROJ_ID":"LA-0226","PROD_DATE":"20160614","SHORE_TYPE":"MARSH","SRC_DATE":"20150430","SRC_DATA":"USDA NAIP ORTHOIMAGERY","SRC_RES":"1-m pixel","SRC_VECT":"APPLIED COASTAL","SRC_RAST":"M2909125NW","DIG_NOTES":" ","REGION":"AB","CONTRACTOR":"APPLIED COASTAL","ORG":"COASTAL PROTECTION AND RESTORATION AUTHORITY OF LOUISIANA (CPRA)","SRC_REG":"USDA","DATAURL":"http://cims.coastal.louisiana.gov/meta_docs/gis_refs/shoreline/BICM2/LA-0226_SHORL_0000000000_2015043020150913_RAC0009.zip","Meta_xml":"http://cims.coastal.louisiana.gov/meta_docs/gis_refs/shoreline/BICM2/Shoreline_Metadata.xml","Meta_html":"http://cims.coastal.louisiana.gov/meta_docs/gis_refs/shoreline/BICM2/Shoreline_Metadata.html","COMMENTS":null,"SHAPE_Length":236.97066693360125,"DSAS_DATE":"04/30/2015","DSAS_UNCER":null,"year":2015}},{"type":"Feature","id":28478,"geometry":{"type":"LineString","coordinates":[[-91.985571,29.602445],[-91.984945,29.602651],[-91.984047,29.60225],[-91.983812,29.60181],[-91.983843,29.601338],[-91.984013,29.601194]]},"properties":{"OBJECTID":28478,"PROGRAM":"STATE","PROJECT":"LOUISIANA BARRIER ISLAND COMPREHENSIVE MONITORING PROGRAM (BICM)","PROJ_ID":"LA-0226","PROD_DATE":"20160614","SHORE_TYPE":"MARSH","SRC_DATE":"20150430","SRC_DATA":"USDA NAIP ORTHOIMAGERY","SRC_RES":"1-m pixel","SRC_VECT":"APPLIED COASTAL","SRC_RAST":"M2909125NW","DIG_NOTES":" ","REGION":"AB","CONTRACTOR":"APPLIED COASTAL","ORG":"COASTAL PROTECTION AND RESTORATION AUTHORITY OF LOUISIANA (CPRA)","SRC_REG":"USDA","DATAURL":"http://cims.coastal.louisiana.gov/meta_docs/gis_refs/shoreline/BICM2/LA-0226_SHORL_0000000000_2015043020150913_RAC0009.zip","Meta_xml":"http://cims.coastal.louisiana.gov/meta_docs/gis_refs/shoreline/BICM2/Shoreline_Metadata.xml","Meta_html":"http://cims.coastal.louisiana.gov/meta_docs/gis_refs/shoreline/BICM2/Shoreline_Metadata.html","COMMENTS":null,"SHAPE_Length":305.1532949345802,"DSAS_DATE":"04/30/2015","DSAS_UNCER":null,"year":2015}},{"type":"Feature","id":28479,"geometry":{"type":"LineString","coordinates":[[-91.983849,29.601153],[-91.98341,29.600869],[-91.983073,29.601575],[-91.982491,29.601219],[-91.981712,29.601211],[-91.982141,29.60103]]},"properties":{"OBJECTID":28479,"PROGRAM":"STATE","PROJECT":"LOUISIANA BARRIER ISLAND COMPREHENSIVE MONITORING PROGRAM (BICM)","PROJ_ID":"LA-0226","PROD_DATE":"20160614","SHORE_TYPE":"MARSH","SRC_DATE":"20150430","SRC_DATA":"USDA NAIP ORTHOIMAGERY","SRC_RES":"1-m pixel","SRC_VECT":"APPLIED COASTAL","SRC_RAST":"M2909125NW","DIG_NOTES":" ","REGION":"AB","CONTRACTOR":"APPLIED COASTAL","ORG":"COASTAL PROTECTION AND RESTORATION AUTHORITY OF LOUISIANA (CPRA)","SRC_REG":"USDA","DATAURL":"http://cims.coastal.louisiana.gov/meta_docs/gis_refs/shoreline/BICM2/LA-0226_SHORL_0000000000_2015043020150913_RAC0009.zip","Meta_xml":"http://cims.coastal.louisiana.gov/meta_docs/gis_refs/shoreline/BICM2/Shoreline_Metadata.xml","Meta_html":"http://cims.coastal.louisiana.gov/meta_docs/gis_refs/shoreline/BICM2/Shoreline_Metadata.html","COMMENTS":null,"SHAPE_Length":358.13287653145966,"DSAS_DATE":"04/30/2015","DSAS_UNCER":null,"year":2015}},{"type":"Feature","id":28480,"geometry":{"type":"LineString","coordinates":[[-91.980334,29.605422],[-91.980488,29.605004],[-91.979977,29.604052],[-91.979881,29.602966],[-91.979695,29.60277]]},"properties":{"OBJECTID":28480,"PROGRAM":"STATE","PROJECT":"LOUISIANA BARRIER ISLAND COMPREHENSIVE MONITORING PROGRAM (BICM)","PROJ_ID":"LA-0226","PROD_DATE":"20160614","SHORE_TYPE":"MARSH","SRC_DATE":"20150430","SRC_DATA":"USDA NAIP ORTHOIMAGERY","SRC_RES":"1-m pixel","SRC_VECT":"APPLIED COASTAL","SRC_RAST":"M2909125NW","DIG_NOTES":" ","REGION":"AB","CONTRACTOR":"APPLIED COASTAL","ORG":"COASTAL PROTECTION AND RESTORATION AUTHORITY OF LOUISIANA (CPRA)","SRC_REG":"USDA","DATAURL":"http://cims.coastal.louisiana.gov/meta_docs/gis_refs/shoreline/BICM2/LA-0226_SHORL_0000000000_2015043020150913_RAC0009.zip","Meta_xml":"http://cims.coastal.louisiana.gov/meta_docs/gis_refs/shoreline/BICM2/Shoreline_Metadata.xml","Meta_html":"http://cims.coastal.louisiana.gov/meta_docs/gis_refs/shoreline/BICM2/Shoreline_Metadata.html","COMMENTS":null,"SHAPE_Length":326.4959039670303,"DSAS_DATE":"04/30/2015","DSAS_UNCER":null,"year":2015}},{"type":"Feature","id":28481,"geometry":{"type":"LineString","coordinates":[[-91.9375,29.610376],[-91.937299,29.610551],[-91.935414,29.61093],[-91.933762,29.611568],[-91.932565,29.612316],[-91.932158,29.61281],[-91.931782,29.613833],[-91.929425,29.616489],[-91.928214,29.618419],[-91.926633,29.619101],[-91.925885,29.619624],[-91.925567,29.620159],[-91.925444,29.620106]]},"properties":{"OBJECTID":28481,"PROGRAM":"STATE","PROJECT":"LOUISIANA BARRIER ISLAND COMPREHENSIVE MONITORING PROGRAM (BICM)","PROJ_ID":"LA-0226","PROD_DATE":"20160614","SHORE_TYPE":"MARSH","SRC_DATE":"20150430","SRC_DATA":"USDA NAIP ORTHOIMAGERY","SRC_RES":"1-m pixel","SRC_VECT":"APPLIED COASTAL","SRC_RAST":"M2909125NE","DIG_NOTES":" ","REGION":"AB","CONTRACTOR":"APPLIED COASTAL","ORG":"COASTAL PROTECTION AND RESTORATION AUTHORITY OF LOUISIANA (CPRA)","SRC_REG":"USDA","DATAURL":"http://cims.coastal.louisiana.gov/meta_docs/gis_refs/shoreline/BICM2/LA-0226_SHORL_0000000000_2015043020150913_RAC0009.zip","Meta_xml":"http://cims.coastal.louisiana.gov/meta_docs/gis_refs/shoreline/BICM2/Shoreline_Metadata.xml","Meta_html":"http://cims.coastal.louisiana.gov/meta_docs/gis_refs/shoreline/BICM2/Shoreline_Metadata.html","COMMENTS":null,"SHAPE_Length":1707.6652956432713,"DSAS_DATE":"04/30/2015","DSAS_UNCER":null,"year":2015}},{"type":"Feature","id":28482,"geometry":{"type":"LineString","coordinates":[[-91.937713,29.610036],[-91.937884,29.61025],[-91.9375,29.610376]]},"properties":{"OBJECTID":28482,"PROGRAM":"STATE","PROJECT":"LOUISIANA BARRIER ISLAND COMPREHENSIVE MONITORING PROGRAM (BICM)","PROJ_ID":"LA-0226","PROD_DATE":"20160614","SHORE_TYPE":"MARSH","SRC_DATE":"20150430","SRC_DATA":"USDA NAIP ORTHOIMAGERY","SRC_RES":"1-m pixel","SRC_VECT":"APPLIED COASTAL","SRC_RAST":"M2909125NW","DIG_NOTES":" ","REGION":"AB","CONTRACTOR":"APPLIED COASTAL","ORG":"COASTAL PROTECTION AND RESTORATION AUTHORITY OF LOUISIANA (CPRA)","SRC_REG":"USDA","DATAURL":"http://cims.coastal.louisiana.gov/meta_docs/gis_refs/shoreline/BICM2/LA-0226_SHORL_0000000000_2015043020150913_RAC0009.zip","Meta_xml":"http://cims.coastal.louisiana.gov/meta_docs/gis_refs/shoreline/BICM2/Shoreline_Metadata.xml","Meta_html":"http://cims.coastal.louisiana.gov/meta_docs/gis_refs/shoreline/BICM2/Shoreline_Metadata.html","COMMENTS":null,"SHAPE_Length":76.42357507465091,"DSAS_DATE":"04/30/2015","DSAS_UNCER":null,"year":2015}},{"type":"Feature","id":28483,"geometry":{"type":"LineString","coordinates":[[-91.925376,29.620148],[-91.925479,29.620321],[-91.925344,29.620608],[-91.925147,29.620644],[-91.925091,29.620436]]},"properties":{"OBJECTID":28483,"PROGRAM":"STATE","PROJECT":"LOUISIANA BARRIER ISLAND COMPREHENSIVE MONITORING PROGRAM (BICM)","PROJ_ID":"LA-0226","PROD_DATE":"20160614","SHORE_TYPE":"MARSH","SRC_DATE":"20150430","SRC_DATA":"USDA NAIP ORTHOIMAGERY","SRC_RES":"1-m pixel","SRC_VECT":"APPLIED COASTAL","SRC_RAST":"M2909125NE","DIG_NOTES":" ","REGION":"AB","CONTRACTOR":"APPLIED COASTAL","ORG":"COASTAL PROTECTION AND RESTORATION AUTHORITY OF LOUISIANA (CPRA)","SRC_REG":"USDA","DATAURL":"http://cims.coastal.louisiana.gov/meta_docs/gis_refs/shoreline/BICM2/LA-0226_SHORL_0000000000_2015043020150913_RAC0009.zip","Meta_xml":"http://cims.coastal.louisiana.gov/meta_docs/gis_refs/shoreline/BICM2/Shoreline_Metadata.xml","Meta_html":"http://cims.coastal.louisiana.gov/meta_docs/gis_refs/shoreline/BICM2/Shoreline_Metadata.html","COMMENTS":null,"SHAPE_Length":105.75251340039702,"DSAS_DATE":"04/30/2015","DSAS_UNCER":null,"year":2015}},{"type":"Feature","id":28484,"geometry":{"type":"LineString","coordinates":[[-91.925022,29.62043],[-91.924962,29.620609],[-91.923812,29.621378],[-91.922126,29.621583],[-91.921948,29.621423]]},"properties":{"OBJECTID":28484,"PROGRAM":"STATE","PROJECT":"LOUISIANA BARRIER ISLAND COMPREHENSIVE MONITORING PROGRAM (BICM)","PROJ_ID":"LA-0226","PROD_DATE":"20160614","SHORE_TYPE":"MARSH","SRC_DATE":"20150430","SRC_DATA":"USDA NAIP ORTHOIMAGERY","SRC_RES":"1-m pixel","SRC_VECT":"APPLIED COASTAL","SRC_RAST":"M2909125NE","DIG_NOTES":" ","REGION":"AB","CONTRACTOR":"APPLIED COASTAL","ORG":"COASTAL PROTECTION AND RESTORATION AUTHORITY OF LOUISIANA (CPRA)","SRC_REG":"USDA","DATAURL":"http://cims.coastal.louisiana.gov/meta_docs/gis_refs/shoreline/BICM2/LA-0226_SHORL_0000000000_2015043020150913_RAC0009.zip","Meta_xml":"http://cims.coastal.louisiana.gov/meta_docs/gis_refs/shoreline/BICM2/Shoreline_Metadata.xml","Meta_html":"http://cims.coastal.louisiana.gov/meta_docs/gis_refs/shoreline/BICM2/Shoreline_Metadata.html","COMMENTS":null,"SHAPE_Length":365.52235584653914,"DSAS_DATE":"04/30/2015","DSAS_UNCER":null,"year":2015}},{"type":"Feature","id":28485,"geometry":{"type":"LineString","coordinates":[[-91.921886,29.621411],[-91.920316,29.621448]]},"properties":{"OBJECTID":28485,"PROGRAM":"STATE","PROJECT":"LOUISIANA BARRIER ISLAND COMPREHENSIVE MONITORING PROGRAM (BICM)","PROJ_ID":"LA-0226","PROD_DATE":"20160614","SHORE_TYPE":"MARSH","SRC_DATE":"20150430","SRC_DATA":"USDA NAIP ORTHOIMAGERY","SRC_RES":"1-m pixel","SRC_VECT":"APPLIED COASTAL","SRC_RAST":"M2909125NE","DIG_NOTES":" ","REGION":"AB","CONTRACTOR":"APPLIED COASTAL","ORG":"COASTAL PROTECTION AND RESTORATION AUTHORITY OF LOUISIANA (CPRA)","SRC_REG":"USDA","DATAURL":"http://cims.coastal.louisiana.gov/meta_docs/gis_refs/shoreline/BICM2/LA-0226_SHORL_0000000000_2015043020150913_RAC0009.zip","Meta_xml":"http://cims.coastal.louisiana.gov/meta_docs/gis_refs/shoreline/BICM2/Shoreline_Metadata.xml","Meta_html":"http://cims.coastal.louisiana.gov/meta_docs/gis_refs/shoreline/BICM2/Shoreline_Metadata.html","COMMENTS":null,"SHAPE_Length":171.08592321073888,"DSAS_DATE":"04/30/2015","DSAS_UNCER":null,"year":2015}},{"type":"Feature","id":28486,"geometry":{"type":"LineString","coordinates":[[-91.920288,29.621373],[-91.919739,29.620946],[-91.919483,29.62038]]},"properties":{"OBJECTID":28486,"PROGRAM":"STATE","PROJECT":"LOUISIANA BARRIER ISLAND COMPREHENSIVE MONITORING PROGRAM (BICM)","PROJ_ID":"LA-0226","PROD_DATE":"20160614","SHORE_TYPE":"MARSH","SRC_DATE":"20150430","SRC_DATA":"USDA NAIP ORTHOIMAGERY","SRC_RES":"1-m pixel","SRC_VECT":"APPLIED COASTAL","SRC_RAST":"M2909125NE","DIG_NOTES":" ","REGION":"AB","CONTRACTOR":"APPLIED COASTAL","ORG":"COASTAL PROTECTION AND RESTORATION AUTHORITY OF LOUISIANA (CPRA)","SRC_REG":"USDA","DATAURL":"http://cims.coastal.louisiana.gov/meta_docs/gis_refs/shoreline/BICM2/LA-0226_SHORL_0000000000_2015043020150913_RAC0009.zip","Meta_xml":"http://cims.coastal.louisiana.gov/meta_docs/gis_refs/shoreline/BICM2/Shoreline_Metadata.xml","Meta_html":"http://cims.coastal.louisiana.gov/meta_docs/gis_refs/shoreline/BICM2/Shoreline_Metadata.html","COMMENTS":null,"SHAPE_Length":145.05852586619687,"DSAS_DATE":"04/30/2015","DSAS_UNCER":null,"year":2015}},{"type":"Feature","id":28487,"geometry":{"type":"LineString","coordinates":[[-91.980628,29.607879],[-91.981802,29.60776],[-91.981623,29.607582],[-91.981538,29.607051],[-91.981118,29.606564],[-91.980971,29.605884],[-91.980667,29.605462],[-91.980394,29.605469]]},"properties":{"OBJECTID":28487,"PROGRAM":"STATE","PROJECT":"LOUISIANA BARRIER ISLAND COMPREHENSIVE MONITORING PROGRAM (BICM)","PROJ_ID":"LA-0226","PROD_DATE":"20160614","SHORE_TYPE":"MARSH","SRC_DATE":"20150430","SRC_DATA":"USDA NAIP ORTHOIMAGERY","SRC_RES":"1-m pixel","SRC_VECT":"APPLIED COASTAL","SRC_RAST":"M2909125NW","DIG_NOTES":" ","REGION":"AB","CONTRACTOR":"APPLIED COASTAL","ORG":"COASTAL PROTECTION AND RESTORATION AUTHORITY OF LOUISIANA (CPRA)","SRC_REG":"USDA","DATAURL":"http://cims.coastal.louisiana.gov/meta_docs/gis_refs/shoreline/BICM2/LA-0226_SHORL_0000000000_2015043020150913_RAC0009.zip","Meta_xml":"http://cims.coastal.louisiana.gov/meta_docs/gis_refs/shoreline/BICM2/Shoreline_Metadata.xml","Meta_html":"http://cims.coastal.louisiana.gov/meta_docs/gis_refs/shoreline/BICM2/Shoreline_Metadata.html","COMMENTS":null,"SHAPE_Length":446.3653546826242,"DSAS_DATE":"04/30/2015","DSAS_UNCER":null,"year":2015}},{"type":"Feature","id":28488,"geometry":{"type":"LineString","coordinates":[[-91.981522,29.609805],[-91.982578,29.609496],[-91.982986,29.608055],[-91.982749,29.607448],[-91.983221,29.607541],[-91.983382,29.608107],[-91.983116,29.609141],[-91.983602,29.611484],[-91.983375,29.612294],[-91.983185,29.612462]]},"properties":{"OBJECTID":28488,"PROGRAM":"STATE","PROJECT":"LOUISIANA BARRIER ISLAND COMPREHENSIVE MONITORING PROGRAM (BICM)","PROJ_ID":"LA-0226","PROD_DATE":"20160614","SHORE_TYPE":"MARSH","SRC_DATE":"20150430","SRC_DATA":"USDA NAIP ORTHOIMAGERY","SRC_RES":"1-m pixel","SRC_VECT":"APPLIED COASTAL","SRC_RAST":"M2909125NW","DIG_NOTES":" ","REGION":"AB","CONTRACTOR":"APPLIED COASTAL","ORG":"COASTAL PROTECTION AND RESTORATION AUTHORITY OF LOUISIANA (CPRA)","SRC_REG":"USDA","DATAURL":"http://cims.coastal.louisiana.gov/meta_docs/gis_refs/shoreline/BICM2/LA-0226_SHORL_0000000000_2015043020150913_RAC0009.zip","Meta_xml":"http://cims.coastal.louisiana.gov/meta_docs/gis_refs/shoreline/BICM2/Shoreline_Metadata.xml","Meta_html":"http://cims.coastal.louisiana.gov/meta_docs/gis_refs/shoreline/BICM2/Shoreline_Metadata.html","COMMENTS":null,"SHAPE_Length":992.6226561711943,"DSAS_DATE":"04/30/2015","DSAS_UNCER":null,"year":2015}},{"type":"Feature","id":28489,"geometry":{"type":"LineString","coordinates":[[-91.983983,29.612261],[-91.984066,29.612469],[-91.983863,29.612775],[-91.983176,29.613238],[-91.982723,29.61395],[-91.981788,29.613943],[-91.97948,29.612319],[-91.979029,29.612291],[-91.977726,29.611444],[-91.977268,29.611423],[-91.977137,29.611208],[-91.976549,29.611176],[-91.975451,29.61039],[-91.973182,29.610073],[-91.971779,29.609626],[-91.972051,29.609428],[-91.972219,29.608962]]},"properties":{"OBJECTID":28489,"PROGRAM":"STATE","PROJECT":"LOUISIANA BARRIER ISLAND COMPREHENSIVE MONITORING PROGRAM (BICM)","PROJ_ID":"LA-0226","PROD_DATE":"20160614","SHORE_TYPE":"MARSH","SRC_DATE":"20150430","SRC_DATA":"USDA NAIP ORTHOIMAGERY","SRC_RES":"1-m pixel","SRC_VECT":"APPLIED COASTAL","SRC_RAST":"M2909125NW","DIG_NOTES":" ","REGION":"AB","CONTRACTOR":"APPLIED COASTAL","ORG":"COASTAL PROTECTION AND RESTORATION AUTHORITY OF LOUISIANA (CPRA)","SRC_REG":"USDA","DATAURL":"http://cims.coastal.louisiana.gov/meta_docs/gis_refs/shoreline/BICM2/LA-0226_SHORL_0000000000_2015043020150913_RAC0009.zip","Meta_xml":"http://cims.coastal.louisiana.gov/meta_docs/gis_refs/shoreline/BICM2/Shoreline_Metadata.xml","Meta_html":"http://cims.coastal.louisiana.gov/meta_docs/gis_refs/shoreline/BICM2/Shoreline_Metadata.html","COMMENTS":null,"SHAPE_Length":1636.039713984018,"DSAS_DATE":"04/30/2015","DSAS_UNCER":null,"year":2015}},{"type":"Feature","id":28490,"geometry":{"type":"LineString","coordinates":[[-91.972185,29.608801],[-91.971893,29.609083],[-91.970863,29.608104],[-91.970817,29.607424],[-91.97152,29.607247]]},"properties":{"OBJECTID":28490,"PROGRAM":"STATE","PROJECT":"LOUISIANA BARRIER ISLAND COMPREHENSIVE MONITORING PROGRAM (BICM)","PROJ_ID":"LA-0226","PROD_DATE":"20160614","SHORE_TYPE":"MARSH","SRC_DATE":"20150430","SRC_DATA":"USDA NAIP ORTHOIMAGERY","SRC_RES":"1-m pixel","SRC_VECT":"APPLIED COASTAL","SRC_RAST":"M2909125NW","DIG_NOTES":" ","REGION":"AB","CONTRACTOR":"APPLIED COASTAL","ORG":"COASTAL PROTECTION AND RESTORATION AUTHORITY OF LOUISIANA (CPRA)","SRC_REG":"USDA","DATAURL":"http://cims.coastal.louisiana.gov/meta_docs/gis_refs/shoreline/BICM2/LA-0226_SHORL_0000000000_2015043020150913_RAC0009.zip","Meta_xml":"http://cims.coastal.louisiana.gov/meta_docs/gis_refs/shoreline/BICM2/Shoreline_Metadata.xml","Meta_html":"http://cims.coastal.louisiana.gov/meta_docs/gis_refs/shoreline/BICM2/Shoreline_Metadata.html","COMMENTS":null,"SHAPE_Length":350.7824448975553,"DSAS_DATE":"04/30/2015","DSAS_UNCER":null,"year":2015}},{"type":"Feature","id":28491,"geometry":{"type":"LineString","coordinates":[[-91.970156,29.607624],[-91.969963,29.608418],[-91.970108,29.608722],[-91.968654,29.607607],[-91.968167,29.607413],[-91.968288,29.607066]]},"properties":{"OBJECTID":28491,"PROGRAM":"STATE","PROJECT":"LOUISIANA BARRIER ISLAND COMPREHENSIVE MONITORING PROGRAM (BICM)","PROJ_ID":"LA-0226","PROD_DATE":"20160614","SHORE_TYPE":"MARSH","SRC_DATE":"20150430","SRC_DATA":"USDA NAIP ORTHOIMAGERY","SRC_RES":"1-m pixel","SRC_VECT":"APPLIED COASTAL","SRC_RAST":"M2909125NW","DIG_NOTES":" ","REGION":"AB","CONTRACTOR":"APPLIED COASTAL","ORG":"COASTAL PROTECTION AND RESTORATION AUTHORITY OF LOUISIANA (CPRA)","SRC_REG":"USDA","DATAURL":"http://cims.coastal.louisiana.gov/meta_docs/gis_refs/shoreline/BICM2/LA-0226_SHORL_0000000000_2015043020150913_RAC0009.zip","Meta_xml":"http://cims.coastal.louisiana.gov/meta_docs/gis_refs/shoreline/BICM2/Shoreline_Metadata.xml","Meta_html":"http://cims.coastal.louisiana.gov/meta_docs/gis_refs/shoreline/BICM2/Shoreline_Metadata.html","COMMENTS":null,"SHAPE_Length":434.1292946207846,"DSAS_DATE":"04/30/2015","DSAS_UNCER":null,"year":2015}},{"type":"Feature","id":28492,"geometry":{"type":"LineString","coordinates":[[-91.968219,29.606977],[-91.967905,29.606996],[-91.967775,29.606836]]},"properties":{"OBJECTID":28492,"PROGRAM":"STATE","PROJECT":"LOUISIANA BARRIER ISLAND COMPREHENSIVE MONITORING PROGRAM (BICM)","PROJ_ID":"LA-0226","PROD_DATE":"20160614","SHORE_TYPE":"MARSH","SRC_DATE":"20150430","SRC_DATA":"USDA NAIP ORTHOIMAGERY","SRC_RES":"1-m pixel","SRC_VECT":"APPLIED COASTAL","SRC_RAST":"M2909125NW","DIG_NOTES":" ","REGION":"AB","CONTRACTOR":"APPLIED COASTAL","ORG":"COASTAL PROTECTION AND RESTORATION AUTHORITY OF LOUISIANA (CPRA)","SRC_REG":"USDA","DATAURL":"http://cims.coastal.louisiana.gov/meta_docs/gis_refs/shoreline/BICM2/LA-0226_SHORL_0000000000_2015043020150913_RAC0009.zip","Meta_xml":"http://cims.coastal.louisiana.gov/meta_docs/gis_refs/shoreline/BICM2/Shoreline_Metadata.xml","Meta_html":"http://cims.coastal.louisiana.gov/meta_docs/gis_refs/shoreline/BICM2/Shoreline_Metadata.html","COMMENTS":null,"SHAPE_Length":53.46561483121909,"DSAS_DATE":"04/30/2015","DSAS_UNCER":null,"year":2015}},{"type":"Feature","id":28493,"geometry":{"type":"LineString","coordinates":[[-91.96772,29.606872],[-91.967878,29.607062],[-91.967756,29.60714],[-91.966358,29.607409],[-91.965272,29.607432],[-91.963608,29.607769],[-91.962347,29.608222],[-91.960887,29.608361],[-91.959384,29.608386],[-91.958296,29.607908],[-91.956663,29.607784],[-91.955598,29.607962],[-91.954185,29.607963],[-91.953295,29.607633],[-91.95165,29.607873],[-91.951124,29.607751],[-91.951094,29.607375]]},"properties":{"OBJECTID":28493,"PROGRAM":"STATE","PROJECT":"LOUISIANA BARRIER ISLAND COMPREHENSIVE MONITORING PROGRAM (BICM)","PROJ_ID":"LA-0226","PROD_DATE":"20160614","SHORE_TYPE":"MARSH","SRC_DATE":"20150430","SRC_DATA":"USDA NAIP ORTHOIMAGERY","SRC_RES":"1-m pixel","SRC_VECT":"APPLIED COASTAL","SRC_RAST":"M2909125NW","DIG_NOTES":" ","REGION":"AB","CONTRACTOR":"APPLIED COASTAL","ORG":"COASTAL PROTECTION AND RESTORATION AUTHORITY OF LOUISIANA (CPRA)","SRC_REG":"USDA","DATAURL":"http://cims.coastal.louisiana.gov/meta_docs/gis_refs/shoreline/BICM2/LA-0226_SHORL_0000000000_2015043020150913_RAC0009.zip","Meta_xml":"http://cims.coastal.louisiana.gov/meta_docs/gis_refs/shoreline/BICM2/Shoreline_Metadata.xml","Meta_html":"http://cims.coastal.louisiana.gov/meta_docs/gis_refs/shoreline/BICM2/Shoreline_Metadata.html","COMMENTS":null,"SHAPE_Length":1777.6729394822803,"DSAS_DATE":"04/30/2015","DSAS_UNCER":null,"year":2015}},{"type":"Feature","id":28494,"geometry":{"type":"LineString","coordinates":[[-91.950978,29.607423],[-91.950708,29.607896],[-91.949569,29.608062]]},"properties":{"OBJECTID":28494,"PROGRAM":"STATE","PROJECT":"LOUISIANA BARRIER ISLAND COMPREHENSIVE MONITORING PROGRAM (BICM)","PROJ_ID":"LA-0226","PROD_DATE":"20160614","SHORE_TYPE":"MARSH","SRC_DATE":"20150430","SRC_DATA":"USDA NAIP ORTHOIMAGERY","SRC_RES":"1-m pixel","SRC_VECT":"APPLIED COASTAL","SRC_RAST":"M2909125NW","DIG_NOTES":" ","REGION":"AB","CONTRACTOR":"APPLIED COASTAL","ORG":"COASTAL PROTECTION AND RESTORATION AUTHORITY OF LOUISIANA (CPRA)","SRC_REG":"USDA","DATAURL":"http://cims.coastal.louisiana.gov/meta_docs/gis_refs/shoreline/BICM2/LA-0226_SHORL_0000000000_2015043020150913_RAC0009.zip","Meta_xml":"http://cims.coastal.louisiana.gov/meta_docs/gis_refs/shoreline/BICM2/Shoreline_Metadata.xml","Meta_html":"http://cims.coastal.louisiana.gov/meta_docs/gis_refs/shoreline/BICM2/Shoreline_Metadata.html","COMMENTS":null,"SHAPE_Length":175.69518916047699,"DSAS_DATE":"04/30/2015","DSAS_UNCER":null,"year":2015}},{"type":"Feature","id":28495,"geometry":{"type":"LineString","coordinates":[[-91.949303,29.608093],[-91.949487,29.608146],[-91.949283,29.608237],[-91.949303,29.608093]]},"properties":{"OBJECTID":28495,"PROGRAM":"STATE","PROJECT":"LOUISIANA BARRIER ISLAND COMPREHENSIVE MONITORING PROGRAM (BICM)","PROJ_ID":"LA-0226","PROD_DATE":"20160614","SHORE_TYPE":"MARSH","SRC_DATE":"20150430","SRC_DATA":"USDA NAIP ORTHOIMAGERY","SRC_RES":"1-m pixel","SRC_VECT":"APPLIED COASTAL","SRC_RAST":"M2909125NW","DIG_NOTES":" ","REGION":"AB","CONTRACTOR":"APPLIED COASTAL","ORG":"COASTAL PROTECTION AND RESTORATION AUTHORITY OF LOUISIANA (CPRA)","SRC_REG":"USDA","DATAURL":"http://cims.coastal.louisiana.gov/meta_docs/gis_refs/shoreline/BICM2/LA-0226_SHORL_0000000000_2015043020150913_RAC0009.zip","Meta_xml":"http://cims.coastal.louisiana.gov/meta_docs/gis_refs/shoreline/BICM2/Shoreline_Metadata.xml","Meta_html":"http://cims.coastal.louisiana.gov/meta_docs/gis_refs/shoreline/BICM2/Shoreline_Metadata.html","COMMENTS":null,"SHAPE_Length":61.68248320042049,"DSAS_DATE":"04/30/2015","DSAS_UNCER":null,"year":2015}},{"type":"Feature","id":28496,"geometry":{"type":"LineString","coordinates":[[-91.948975,29.607659],[-91.94905,29.608124],[-91.94834,29.608175],[-91.948298,29.608038],[-91.947881,29.607969],[-91.946902,29.608624],[-91.946724,29.608547]]},"properties":{"OBJECTID":28496,"PROGRAM":"STATE","PROJECT":"LOUISIANA BARRIER ISLAND COMPREHENSIVE MONITORING PROGRAM (BICM)","PROJ_ID":"LA-0226","PROD_DATE":"20160614","SHORE_TYPE":"MARSH","SRC_DATE":"20150430","SRC_DATA":"USDA NAIP ORTHOIMAGERY","SRC_RES":"1-m pixel","SRC_VECT":"APPLIED COASTAL","SRC_RAST":"M2909125NW","DIG_NOTES":" ","REGION":"AB","CONTRACTOR":"APPLIED COASTAL","ORG":"COASTAL PROTECTION AND RESTORATION AUTHORITY OF LOUISIANA (CPRA)","SRC_REG":"USDA","DATAURL":"http://cims.coastal.louisiana.gov/meta_docs/gis_refs/shoreline/BICM2/LA-0226_SHORL_0000000000_2015043020150913_RAC0009.zip","Meta_xml":"http://cims.coastal.louisiana.gov/meta_docs/gis_refs/shoreline/BICM2/Shoreline_Metadata.xml","Meta_html":"http://cims.coastal.louisiana.gov/meta_docs/gis_refs/shoreline/BICM2/Shoreline_Metadata.html","COMMENTS":null,"SHAPE_Length":344.07766379716753,"DSAS_DATE":"04/30/2015","DSAS_UNCER":null,"year":2015}},{"type":"Feature","id":28497,"geometry":{"type":"LineString","coordinates":[[-91.947053,29.608766],[-91.947538,29.608842],[-91.947391,29.609314],[-91.946414,29.609253],[-91.945784,29.609405]]},"properties":{"OBJECTID":28497,"PROGRAM":"STATE","PROJECT":"LOUISIANA BARRIER ISLAND COMPREHENSIVE MONITORING PROGRAM (BICM)","PROJ_ID":"LA-0226","PROD_DATE":"20160614","SHORE_TYPE":"MARSH","SRC_DATE":"20150430","SRC_DATA":"USDA NAIP ORTHOIMAGERY","SRC_RES":"1-m pixel","SRC_VECT":"APPLIED COASTAL","SRC_RAST":"M2909125NW","DIG_NOTES":" ","REGION":"AB","CONTRACTOR":"APPLIED COASTAL","ORG":"COASTAL PROTECTION AND RESTORATION AUTHORITY OF LOUISIANA (CPRA)","SRC_REG":"USDA","DATAURL":"http://cims.coastal.louisiana.gov/meta_docs/gis_refs/shoreline/BICM2/LA-0226_SHORL_0000000000_2015043020150913_RAC0009.zip","Meta_xml":"http://cims.coastal.louisiana.gov/meta_docs/gis_refs/shoreline/BICM2/Shoreline_Metadata.xml","Meta_html":"http://cims.coastal.louisiana.gov/meta_docs/gis_refs/shoreline/BICM2/Shoreline_Metadata.html","COMMENTS":null,"SHAPE_Length":275.34944532793105,"DSAS_DATE":"04/30/2015","DSAS_UNCER":null,"year":2015}},{"type":"Feature","id":28498,"geometry":{"type":"LineString","coordinates":[[-91.945784,29.609405],[-91.943992,29.609694],[-91.943192,29.609405],[-91.94278,29.609049],[-91.940532,29.60888],[-91.93985,29.609009],[-91.939139,29.60891],[-91.938336,29.60935],[-91.938408,29.608938],[-91.938905,29.608721]]},"properties":{"OBJECTID":28498,"PROGRAM":"STATE","PROJECT":"LOUISIANA BARRIER ISLAND COMPREHENSIVE MONITORING PROGRAM (BICM)","PROJ_ID":"LA-0226","PROD_DATE":"20160614","SHORE_TYPE":"MARSH","SRC_DATE":"20150430","SRC_DATA":"USDA NAIP ORTHOIMAGERY","SRC_RES":"1-m pixel","SRC_VECT":"APPLIED COASTAL","SRC_RAST":"M2909125NW","DIG_NOTES":" ","REGION":"AB","CONTRACTOR":"APPLIED COASTAL","ORG":"COASTAL PROTECTION AND RESTORATION AUTHORITY OF LOUISIANA (CPRA)","SRC_REG":"USDA","DATAURL":"http://cims.coastal.louisiana.gov/meta_docs/gis_refs/shoreline/BICM2/LA-0226_SHORL_0000000000_2015043020150913_RAC0009.zip","Meta_xml":"http://cims.coastal.louisiana.gov/meta_docs/gis_refs/shoreline/BICM2/Shoreline_Metadata.xml","Meta_html":"http://cims.coastal.louisiana.gov/meta_docs/gis_refs/shoreline/BICM2/Shoreline_Metadata.html","COMMENTS":null,"SHAPE_Length":890.4884037216772,"DSAS_DATE":"04/30/2015","DSAS_UNCER":null,"year":2015}},{"type":"Feature","id":28499,"geometry":{"type":"LineString","coordinates":[[-91.925249,29.620768],[-91.925249,29.620768]]},"properties":{"OBJECTID":28499,"PROGRAM":"STATE","PROJECT":"LOUISIANA BARRIER ISLAND COMPREHENSIVE MONITORING PROGRAM (BICM)","PROJ_ID":"LA-0226","PROD_DATE":"20160614","SHORE_TYPE":"MARSH","SRC_DATE":"20150430","SRC_DATA":"USDA NAIP ORTHOIMAGERY","SRC_RES":"1-m pixel","SRC_VECT":"APPLIED COASTAL","SRC_RAST":"M2909125NE","DIG_NOTES":" ","REGION":"AB","CONTRACTOR":"APPLIED COASTAL","ORG":"COASTAL PROTECTION AND RESTORATION AUTHORITY OF LOUISIANA (CPRA)","SRC_REG":"USDA","DATAURL":"http://cims.coastal.louisiana.gov/meta_docs/gis_refs/shoreline/BICM2/LA-0226_SHORL_0000000000_2015043020150913_RAC0009.zip","Meta_xml":"http://cims.coastal.louisiana.gov/meta_docs/gis_refs/shoreline/BICM2/Shoreline_Metadata.xml","Meta_html":"http://cims.coastal.louisiana.gov/meta_docs/gis_refs/shoreline/BICM2/Shoreline_Metadata.html","COMMENTS":null,"SHAPE_Length":25.490736013238383,"DSAS_DATE":"04/30/2015","DSAS_UNCER":null,"year":2015}},{"type":"Feature","id":28500,"geometry":{"type":"LineString","coordinates":[[-91.912117,29.633348],[-91.911994,29.633283],[-91.912129,29.633032],[-91.91205,29.6324],[-91.912151,29.632149],[-91.91239,29.632118],[-91.912646,29.632624],[-91.912955,29.632861],[-91.912343,29.633425],[-91.912117,29.633348]]},"properties":{"OBJECTID":28500,"PROGRAM":"STATE","PROJECT":"LOUISIANA BARRIER ISLAND COMPREHENSIVE MONITORING PROGRAM (BICM)","PROJ_ID":"LA-0226","PROD_DATE":"20160614","SHORE_TYPE":"MARSH","SRC_DATE":"20150430","SRC_DATA":"USDA NAIP ORTHOIMAGERY","SRC_RES":"1-m pixel","SRC_VECT":"APPLIED COASTAL","SRC_RAST":"M2909117SE","DIG_NOTES":" ","REGION":"AB","CONTRACTOR":"APPLIED COASTAL","ORG":"COASTAL PROTECTION AND RESTORATION AUTHORITY OF LOUISIANA (CPRA)","SRC_REG":"USDA","DATAURL":"http://cims.coastal.louisiana.gov/meta_docs/gis_refs/shoreline/BICM2/LA-0226_SHORL_0000000000_2015043020150913_RAC0009.zip","Meta_xml":"http://cims.coastal.louisiana.gov/meta_docs/gis_refs/shoreline/BICM2/Shoreline_Metadata.xml","Meta_html":"http://cims.coastal.louisiana.gov/meta_docs/gis_refs/shoreline/BICM2/Shoreline_Metadata.html","COMMENTS":null,"SHAPE_Length":393.52869636175717,"DSAS_DATE":"04/30/2015","DSAS_UNCER":null,"year":2015}},{"type":"Feature","id":28501,"geometry":{"type":"LineString","coordinates":[[-91.912029,29.63342],[-91.911989,29.633707],[-91.911717,29.633798],[-91.912029,29.63342]]},"properties":{"OBJECTID":28501,"PROGRAM":"STATE","PROJECT":"LOUISIANA BARRIER ISLAND COMPREHENSIVE MONITORING PROGRAM (BICM)","PROJ_ID":"LA-0226","PROD_DATE":"20160614","SHORE_TYPE":"MARSH","SRC_DATE":"20150430","SRC_DATA":"USDA NAIP ORTHOIMAGERY","SRC_RES":"1-m pixel","SRC_VECT":"APPLIED COASTAL","SRC_RAST":"M2909117SE","DIG_NOTES":" ","REGION":"AB","CONTRACTOR":"APPLIED COASTAL","ORG":"COASTAL PROTECTION AND RESTORATION AUTHORITY OF LOUISIANA (CPRA)","SRC_REG":"USDA","DATAURL":"http://cims.coastal.louisiana.gov/meta_docs/gis_refs/shoreline/BICM2/LA-0226_SHORL_0000000000_2015043020150913_RAC0009.zip","Meta_xml":"http://cims.coastal.louisiana.gov/meta_docs/gis_refs/shoreline/BICM2/Shoreline_Metadata.xml","Meta_html":"http://cims.coastal.louisiana.gov/meta_docs/gis_refs/shoreline/BICM2/Shoreline_Metadata.html","COMMENTS":null,"SHAPE_Length":124.02209523910176,"DSAS_DATE":"04/30/2015","DSAS_UNCER":null,"year":2015}},{"type":"Feature","id":28502,"geometry":{"type":"LineString","coordinates":[[-91.91031,29.633822],[-91.910432,29.633678],[-91.910856,29.633885],[-91.911335,29.633889],[-91.910975,29.63423],[-91.910558,29.634328],[-91.91031,29.633822]]},"properties":{"OBJECTID":28502,"PROGRAM":"STATE","PROJECT":"LOUISIANA BARRIER ISLAND COMPREHENSIVE MONITORING PROGRAM (BICM)","PROJ_ID":"LA-0226","PROD_DATE":"20160614","SHORE_TYPE":"MARSH","SRC_DATE":"20150430","SRC_DATA":"USDA NAIP ORTHOIMAGERY","SRC_RES":"1-m pixel","SRC_VECT":"APPLIED COASTAL","SRC_RAST":"M2909117SE","DIG_NOTES":" ","REGION":"AB","CONTRACTOR":"APPLIED COASTAL","ORG":"COASTAL PROTECTION AND RESTORATION AUTHORITY OF LOUISIANA (CPRA)","SRC_REG":"USDA","DATAURL":"http://cims.coastal.louisiana.gov/meta_docs/gis_refs/shoreline/BICM2/LA-0226_SHORL_0000000000_2015043020150913_RAC0009.zip","Meta_xml":"http://cims.coastal.louisiana.gov/meta_docs/gis_refs/shoreline/BICM2/Shoreline_Metadata.xml","Meta_html":"http://cims.coastal.louisiana.gov/meta_docs/gis_refs/shoreline/BICM2/Shoreline_Metadata.html","COMMENTS":null,"SHAPE_Length":293.66806193480335,"DSAS_DATE":"04/30/2015","DSAS_UNCER":null,"year":2015}},{"type":"Feature","id":28503,"geometry":{"type":"LineString","coordinates":[[-91.916279,29.629436],[-91.916013,29.628412]]},"properties":{"OBJECTID":28503,"PROGRAM":"STATE","PROJECT":"LOUISIANA BARRIER ISLAND COMPREHENSIVE MONITORING PROGRAM (BICM)","PROJ_ID":"LA-0226","PROD_DATE":"20160614","SHORE_TYPE":"MARSH","SRC_DATE":"20150430","SRC_DATA":"USDA NAIP ORTHOIMAGERY","SRC_RES":"1-m pixel","SRC_VECT":"APPLIED COASTAL","SRC_RAST":"M2909117SE","DIG_NOTES":" ","REGION":"AB","CONTRACTOR":"APPLIED COASTAL","ORG":"COASTAL PROTECTION AND RESTORATION AUTHORITY OF LOUISIANA (CPRA)","SRC_REG":"USDA","DATAURL":"http://cims.coastal.louisiana.gov/meta_docs/gis_refs/shoreline/BICM2/LA-0226_SHORL_0000000000_2015043020150913_RAC0009.zip","Meta_xml":"http://cims.coastal.louisiana.gov/meta_docs/gis_refs/shoreline/BICM2/Shoreline_Metadata.xml","Meta_html":"http://cims.coastal.louisiana.gov/meta_docs/gis_refs/shoreline/BICM2/Shoreline_Metadata.html","COMMENTS":null,"SHAPE_Length":121.33263537473968,"DSAS_DATE":"04/30/2015","DSAS_UNCER":null,"year":2015}},{"type":"Feature","id":28504,"geometry":{"type":"LineString","coordinates":[[-91.915558,29.629058],[-91.91511,29.629511],[-91.91469,29.630602]]},"properties":{"OBJECTID":28504,"PROGRAM":"STATE","PROJECT":"LOUISIANA BARRIER ISLAND COMPREHENSIVE MONITORING PROGRAM (BICM)","PROJ_ID":"LA-0226","PROD_DATE":"20160614","SHORE_TYPE":"MARSH","SRC_DATE":"20150430","SRC_DATA":"USDA NAIP ORTHOIMAGERY","SRC_RES":"1-m pixel","SRC_VECT":"APPLIED COASTAL","SRC_RAST":"M2909117SE","DIG_NOTES":" ","REGION":"AB","CONTRACTOR":"APPLIED COASTAL","ORG":"COASTAL PROTECTION AND RESTORATION AUTHORITY OF LOUISIANA (CPRA)","SRC_REG":"USDA","DATAURL":"http://cims.coastal.louisiana.gov/meta_docs/gis_refs/shoreline/BICM2/LA-0226_SHORL_0000000000_2015043020150913_RAC0009.zip","Meta_xml":"http://cims.coastal.louisiana.gov/meta_docs/gis_refs/shoreline/BICM2/Shoreline_Metadata.xml","Meta_html":"http://cims.coastal.louisiana.gov/meta_docs/gis_refs/shoreline/BICM2/Shoreline_Metadata.html","COMMENTS":null,"SHAPE_Length":204.3808187985951,"DSAS_DATE":"04/30/2015","DSAS_UNCER":null,"year":2015}},{"type":"Feature","id":28505,"geometry":{"type":"LineString","coordinates":[[-91.914764,29.630666],[-91.9151,29.630564],[-91.914564,29.631462],[-91.913059,29.631962],[-91.912319,29.631651],[-91.91136,29.631648],[-91.911104,29.631291],[-91.910645,29.631321]]},"properties":{"OBJECTID":28505,"PROGRAM":"STATE","PROJECT":"LOUISIANA BARRIER ISLAND COMPREHENSIVE MONITORING PROGRAM (BICM)","PROJ_ID":"LA-0226","PROD_DATE":"20160614","SHORE_TYPE":"MARSH","SRC_DATE":"20150430","SRC_DATA":"USDA NAIP ORTHOIMAGERY","SRC_RES":"1-m pixel","SRC_VECT":"APPLIED COASTAL","SRC_RAST":"M2909117SE","DIG_NOTES":" ","REGION":"AB","CONTRACTOR":"APPLIED COASTAL","ORG":"COASTAL PROTECTION AND RESTORATION AUTHORITY OF LOUISIANA (CPRA)","SRC_REG":"USDA","DATAURL":"http://cims.coastal.louisiana.gov/meta_docs/gis_refs/shoreline/BICM2/LA-0226_SHORL_0000000000_2015043020150913_RAC0009.zip","Meta_xml":"http://cims.coastal.louisiana.gov/meta_docs/gis_refs/shoreline/BICM2/Shoreline_Metadata.xml","Meta_html":"http://cims.coastal.louisiana.gov/meta_docs/gis_refs/shoreline/BICM2/Shoreline_Metadata.html","COMMENTS":null,"SHAPE_Length":584.7799866449739,"DSAS_DATE":"04/30/2015","DSAS_UNCER":null,"year":2015}},{"type":"Feature","id":28506,"geometry":{"type":"LineString","coordinates":[[-91.925772,29.629179],[-91.926232,29.629392],[-91.926479,29.630888],[-91.927308,29.632517],[-91.927654,29.632823],[-91.927582,29.633088],[-91.927895,29.633291],[-91.92783,29.633456]]},"properties":{"OBJECTID":28506,"PROGRAM":"STATE","PROJECT":"LOUISIANA BARRIER ISLAND COMPREHENSIVE MONITORING PROGRAM (BICM)","PROJ_ID":"LA-0226","PROD_DATE":"20160614","SHORE_TYPE":"MARSH","SRC_DATE":"20150430","SRC_DATA":"USDA NAIP ORTHOIMAGERY","SRC_RES":"1-m pixel","SRC_VECT":"APPLIED COASTAL","SRC_RAST":"M2909117SE","DIG_NOTES":" ","REGION":"AB","CONTRACTOR":"APPLIED COASTAL","ORG":"COASTAL PROTECTION AND RESTORATION AUTHORITY OF LOUISIANA (CPRA)","SRC_REG":"USDA","DATAURL":"http://cims.coastal.louisiana.gov/meta_docs/gis_refs/shoreline/BICM2/LA-0226_SHORL_0000000000_2015043020150913_RAC0009.zip","Meta_xml":"http://cims.coastal.louisiana.gov/meta_docs/gis_refs/shoreline/BICM2/Shoreline_Metadata.xml","Meta_html":"http://cims.coastal.louisiana.gov/meta_docs/gis_refs/shoreline/BICM2/Shoreline_Metadata.html","COMMENTS":null,"SHAPE_Length":590.2649746672809,"DSAS_DATE":"04/30/2015","DSAS_UNCER":null,"year":2015}},{"type":"Feature","id":28507,"geometry":{"type":"LineString","coordinates":[[-91.927831,29.633578],[-91.927931,29.633907],[-91.927795,29.634423],[-91.92677,29.634311],[-91.926531,29.634176],[-91.926315,29.633719],[-91.92579,29.63352],[-91.925336,29.632971],[-91.924917,29.63293],[-91.923593,29.632105],[-91.922796,29.63193],[-91.922393,29.631609],[-91.921009,29.631773],[-91.920303,29.63169],[-91.919634,29.630841],[-91.91879,29.630838],[-91.91832,29.630317],[-91.91795,29.630168],[-91.916484,29.630393],[-91.916004,29.629651],[-91.9162,29.62952]]},"properties":{"OBJECTID":28507,"PROGRAM":"STATE","PROJECT":"LOUISIANA BARRIER ISLAND COMPREHENSIVE MONITORING PROGRAM (BICM)","PROJ_ID":"LA-0226","PROD_DATE":"20160614","SHORE_TYPE":"MARSH","SRC_DATE":"20150430","SRC_DATA":"USDA NAIP ORTHOIMAGERY","SRC_RES":"1-m pixel","SRC_VECT":"APPLIED COASTAL","SRC_RAST":"M2909117SE","DIG_NOTES":" ","REGION":"AB","CONTRACTOR":"APPLIED COASTAL","ORG":"COASTAL PROTECTION AND RESTORATION AUTHORITY OF LOUISIANA (CPRA)","SRC_REG":"USDA","DATAURL":"http://cims.coastal.louisiana.gov/meta_docs/gis_refs/shoreline/BICM2/LA-0226_SHORL_0000000000_2015043020150913_RAC0009.zip","Meta_xml":"http://cims.coastal.louisiana.gov/meta_docs/gis_refs/shoreline/BICM2/Shoreline_Metadata.xml","Meta_html":"http://cims.coastal.louisiana.gov/meta_docs/gis_refs/shoreline/BICM2/Shoreline_Metadata.html","COMMENTS":null,"SHAPE_Length":1581.9637853283864,"DSAS_DATE":"04/30/2015","DSAS_UNCER":null,"year":2015}},{"type":"Feature","id":28508,"geometry":{"type":"LineString","coordinates":[[-91.925615,29.629147],[-91.925254,29.629075]]},"properties":{"OBJECTID":28508,"PROGRAM":"STATE","PROJECT":"LOUISIANA BARRIER ISLAND COMPREHENSIVE MONITORING PROGRAM (BICM)","PROJ_ID":"LA-0226","PROD_DATE":"20160614","SHORE_TYPE":"MARSH","SRC_DATE":"20150430","SRC_DATA":"USDA NAIP ORTHOIMAGERY","SRC_RES":"1-m pixel","SRC_VECT":"APPLIED COASTAL","SRC_RAST":"M2909117SE","DIG_NOTES":" ","REGION":"AB","CONTRACTOR":"APPLIED COASTAL","ORG":"COASTAL PROTECTION AND RESTORATION AUTHORITY OF LOUISIANA (CPRA)","SRC_REG":"USDA","DATAURL":"http://cims.coastal.louisiana.gov/meta_docs/gis_refs/shoreline/BICM2/LA-0226_SHORL_0000000000_2015043020150913_RAC0009.zip","Meta_xml":"http://cims.coastal.louisiana.gov/meta_docs/gis_refs/shoreline/BICM2/Shoreline_Metadata.xml","Meta_html":"http://cims.coastal.louisiana.gov/meta_docs/gis_refs/shoreline/BICM2/Shoreline_Metadata.html","COMMENTS":null,"SHAPE_Length":55.3076408108001,"DSAS_DATE":"04/30/2015","DSAS_UNCER":null,"year":2015}},{"type":"Feature","id":28509,"geometry":{"type":"LineString","coordinates":[[-91.923127,29.62348],[-91.923495,29.623377],[-91.923542,29.62321],[-91.923336,29.623044],[-91.922152,29.622739],[-91.922119,29.622882]]},"properties":{"OBJECTID":28509,"PROGRAM":"STATE","PROJECT":"LOUISIANA BARRIER ISLAND COMPREHENSIVE MONITORING PROGRAM (BICM)","PROJ_ID":"LA-0226","PROD_DATE":"20160614","SHORE_TYPE":"MARSH","SRC_DATE":"20150430","SRC_DATA":"USDA NAIP ORTHOIMAGERY","SRC_RES":"1-m pixel","SRC_VECT":"APPLIED COASTAL","SRC_RAST":"M2909125NE","DIG_NOTES":" ","REGION":"AB","CONTRACTOR":"APPLIED COASTAL","ORG":"COASTAL PROTECTION AND RESTORATION AUTHORITY OF LOUISIANA (CPRA)","SRC_REG":"USDA","DATAURL":"http://cims.coastal.louisiana.gov/meta_docs/gis_refs/shoreline/BICM2/LA-0226_SHORL_0000000000_2015043020150913_RAC0009.zip","Meta_xml":"http://cims.coastal.louisiana.gov/meta_docs/gis_refs/shoreline/BICM2/Shoreline_Metadata.xml","Meta_html":"http://cims.coastal.louisiana.gov/meta_docs/gis_refs/shoreline/BICM2/Shoreline_Metadata.html","COMMENTS":null,"SHAPE_Length":232.86855851431815,"DSAS_DATE":"04/30/2015","DSAS_UNCER":null,"year":2015}},{"type":"Feature","id":28510,"geometry":{"type":"LineString","coordinates":[[-91.922045,29.623073],[-91.921996,29.622847],[-91.921516,29.622509],[-91.920895,29.622541],[-91.920787,29.622781]]},"properties":{"OBJECTID":28510,"PROGRAM":"STATE","PROJECT":"LOUISIANA BARRIER ISLAND COMPREHENSIVE MONITORING PROGRAM (BICM)","PROJ_ID":"LA-0226","PROD_DATE":"20160614","SHORE_TYPE":"MARSH","SRC_DATE":"20150430","SRC_DATA":"USDA NAIP ORTHOIMAGERY","SRC_RES":"1-m pixel","SRC_VECT":"APPLIED COASTAL","SRC_RAST":"M2909125NE","DIG_NOTES":" ","REGION":"AB","CONTRACTOR":"APPLIED COASTAL","ORG":"COASTAL PROTECTION AND RESTORATION AUTHORITY OF LOUISIANA (CPRA)","SRC_REG":"USDA","DATAURL":"http://cims.coastal.louisiana.gov/meta_docs/gis_refs/shoreline/BICM2/LA-0226_SHORL_0000000000_2015043020150913_RAC0009.zip","Meta_xml":"http://cims.coastal.louisiana.gov/meta_docs/gis_refs/shoreline/BICM2/Shoreline_Metadata.xml","Meta_html":"http://cims.coastal.louisiana.gov/meta_docs/gis_refs/shoreline/BICM2/Shoreline_Metadata.html","COMMENTS":null,"SHAPE_Length":186.5558419917295,"DSAS_DATE":"04/30/2015","DSAS_UNCER":null,"year":2015}},{"type":"Feature","id":28511,"geometry":{"type":"LineString","coordinates":[[-91.925689,29.624729],[-91.925811,29.624585],[-91.925491,29.623614],[-91.924484,29.623153],[-91.924075,29.623256],[-91.924342,29.623458]]},"properties":{"OBJECTID":28511,"PROGRAM":"STATE","PROJECT":"LOUISIANA BARRIER ISLAND COMPREHENSIVE MONITORING PROGRAM (BICM)","PROJ_ID":"LA-0226","PROD_DATE":"20160614","SHORE_TYPE":"MARSH","SRC_DATE":"20150430","SRC_DATA":"USDA NAIP ORTHOIMAGERY","SRC_RES":"1-m pixel","SRC_VECT":"APPLIED COASTAL","SRC_RAST":"M2909125NE","DIG_NOTES":" ","REGION":"AB","CONTRACTOR":"APPLIED COASTAL","ORG":"COASTAL PROTECTION AND RESTORATION AUTHORITY OF LOUISIANA (CPRA)","SRC_REG":"USDA","DATAURL":"http://cims.coastal.louisiana.gov/meta_docs/gis_refs/shoreline/BICM2/LA-0226_SHORL_0000000000_2015043020150913_RAC0009.zip","Meta_xml":"http://cims.coastal.louisiana.gov/meta_docs/gis_refs/shoreline/BICM2/Shoreline_Metadata.xml","Meta_html":"http://cims.coastal.louisiana.gov/meta_docs/gis_refs/shoreline/BICM2/Shoreline_Metadata.html","COMMENTS":null,"SHAPE_Length":344.8315407767815,"DSAS_DATE":"04/30/2015","DSAS_UNCER":null,"year":2015}},{"type":"Feature","id":28512,"geometry":{"type":"LineString","coordinates":[[-91.924254,29.623488],[-91.924076,29.623477],[-91.924146,29.623662]]},"properties":{"OBJECTID":28512,"PROGRAM":"STATE","PROJECT":"LOUISIANA BARRIER ISLAND COMPREHENSIVE MONITORING PROGRAM (BICM)","PROJ_ID":"LA-0226","PROD_DATE":"20160614","SHORE_TYPE":"MARSH","SRC_DATE":"20150430","SRC_DATA":"USDA NAIP ORTHOIMAGERY","SRC_RES":"1-m pixel","SRC_VECT":"APPLIED COASTAL","SRC_RAST":"M2909125NE","DIG_NOTES":" ","REGION":"AB","CONTRACTOR":"APPLIED COASTAL","ORG":"COASTAL PROTECTION AND RESTORATION AUTHORITY OF LOUISIANA (CPRA)","SRC_REG":"USDA","DATAURL":"http://cims.coastal.louisiana.gov/meta_docs/gis_refs/shoreline/BICM2/LA-0226_SHORL_0000000000_2015043020150913_RAC0009.zip","Meta_xml":"http://cims.coastal.louisiana.gov/meta_docs/gis_refs/shoreline/BICM2/Shoreline_Metadata.xml","Meta_html":"http://cims.coastal.louisiana.gov/meta_docs/gis_refs/shoreline/BICM2/Shoreline_Metadata.html","COMMENTS":null,"SHAPE_Length":40.66939774254864,"DSAS_DATE":"04/30/2015","DSAS_UNCER":null,"year":2015}},{"type":"Feature","id":28513,"geometry":{"type":"LineString","coordinates":[[-91.924084,29.623668],[-91.923926,29.623579],[-91.923866,29.623753]]},"properties":{"OBJECTID":28513,"PROGRAM":"STATE","PROJECT":"LOUISIANA BARRIER ISLAND COMPREHENSIVE MONITORING PROGRAM (BICM)","PROJ_ID":"LA-0226","PROD_DATE":"20160614","SHORE_TYPE":"MARSH","SRC_DATE":"20150430","SRC_DATA":"USDA NAIP ORTHOIMAGERY","SRC_RES":"1-m pixel","SRC_VECT":"APPLIED COASTAL","SRC_RAST":"M2909125NE","DIG_NOTES":" ","REGION":"AB","CONTRACTOR":"APPLIED COASTAL","ORG":"COASTAL PROTECTION AND RESTORATION AUTHORITY OF LOUISIANA (CPRA)","SRC_REG":"USDA","DATAURL":"http://cims.coastal.louisiana.gov/meta_docs/gis_refs/shoreline/BICM2/LA-0226_SHORL_0000000000_2015043020150913_RAC0009.zip","Meta_xml":"http://cims.coastal.louisiana.gov/meta_docs/gis_refs/shoreline/BICM2/Shoreline_Metadata.xml","Meta_html":"http://cims.coastal.louisiana.gov/meta_docs/gis_refs/shoreline/BICM2/Shoreline_Metadata.html","COMMENTS":null,"SHAPE_Length":40.1373813811826,"DSAS_DATE":"04/30/2015","DSAS_UNCER":null,"year":2015}},{"type":"Feature","id":28514,"geometry":{"type":"LineString","coordinates":[[-91.923784,29.623735],[-91.92364,29.623575],[-91.922924,29.623882]]},"properties":{"OBJECTID":28514,"PROGRAM":"STATE","PROJECT":"LOUISIANA BARRIER ISLAND COMPREHENSIVE MONITORING PROGRAM (BICM)","PROJ_ID":"LA-0226","PROD_DATE":"20160614","SHORE_TYPE":"MARSH","SRC_DATE":"20150430","SRC_DATA":"USDA NAIP ORTHOIMAGERY","SRC_RES":"1-m pixel","SRC_VECT":"APPLIED COASTAL","SRC_RAST":"M2909125NE","DIG_NOTES":" ","REGION":"AB","CONTRACTOR":"APPLIED COASTAL","ORG":"COASTAL PROTECTION AND RESTORATION AUTHORITY OF LOUISIANA (CPRA)","SRC_REG":"USDA","DATAURL":"http://cims.coastal.louisiana.gov/meta_docs/gis_refs/shoreline/BICM2/LA-0226_SHORL_0000000000_2015043020150913_RAC0009.zip","Meta_xml":"http://cims.coastal.louisiana.gov/meta_docs/gis_refs/shoreline/BICM2/Shoreline_Metadata.xml","Meta_html":"http://cims.coastal.louisiana.gov/meta_docs/gis_refs/shoreline/BICM2/Shoreline_Metadata.html","COMMENTS":null,"SHAPE_Length":113.04912214544244,"DSAS_DATE":"04/30/2015","DSAS_UNCER":null,"year":2015}},{"type":"Feature","id":28515,"geometry":{"type":"LineString","coordinates":[[-91.920595,29.622783],[-91.920253,29.622605],[-91.919974,29.622738]]},"properties":{"OBJECTID":28515,"PROGRAM":"STATE","PROJECT":"LOUISIANA BARRIER ISLAND COMPREHENSIVE MONITORING PROGRAM (BICM)","PROJ_ID":"LA-0226","PROD_DATE":"20160614","SHORE_TYPE":"MARSH","SRC_DATE":"20150430","SRC_DATA":"USDA NAIP ORTHOIMAGERY","SRC_RES":"1-m pixel","SRC_VECT":"APPLIED COASTAL","SRC_RAST":"M2909125NE","DIG_NOTES":" ","REGION":"AB","CONTRACTOR":"APPLIED COASTAL","ORG":"COASTAL PROTECTION AND RESTORATION AUTHORITY OF LOUISIANA (CPRA)","SRC_REG":"USDA","DATAURL":"http://cims.coastal.louisiana.gov/meta_docs/gis_refs/shoreline/BICM2/LA-0226_SHORL_0000000000_2015043020150913_RAC0009.zip","Meta_xml":"http://cims.coastal.louisiana.gov/meta_docs/gis_refs/shoreline/BICM2/Shoreline_Metadata.xml","Meta_html":"http://cims.coastal.louisiana.gov/meta_docs/gis_refs/shoreline/BICM2/Shoreline_Metadata.html","COMMENTS":null,"SHAPE_Length":81.08853354567998,"DSAS_DATE":"04/30/2015","DSAS_UNCER":null,"year":2015}},{"type":"Feature","id":28516,"geometry":{"type":"LineString","coordinates":[[-91.919892,29.622762],[-91.919768,29.622607],[-91.918253,29.622775]]},"properties":{"OBJECTID":28516,"PROGRAM":"STATE","PROJECT":"LOUISIANA BARRIER ISLAND COMPREHENSIVE MONITORING PROGRAM (BICM)","PROJ_ID":"LA-0226","PROD_DATE":"20160614","SHORE_TYPE":"MARSH","SRC_DATE":"20150430","SRC_DATA":"USDA NAIP ORTHOIMAGERY","SRC_RES":"1-m pixel","SRC_VECT":"APPLIED COASTAL","SRC_RAST":"M2909125NE","DIG_NOTES":" ","REGION":"AB","CONTRACTOR":"APPLIED COASTAL","ORG":"COASTAL PROTECTION AND RESTORATION AUTHORITY OF LOUISIANA (CPRA)","SRC_REG":"USDA","DATAURL":"http://cims.coastal.louisiana.gov/meta_docs/gis_refs/shoreline/BICM2/LA-0226_SHORL_0000000000_2015043020150913_RAC0009.zip","Meta_xml":"http://cims.coastal.louisiana.gov/meta_docs/gis_refs/shoreline/BICM2/Shoreline_Metadata.xml","Meta_html":"http://cims.coastal.louisiana.gov/meta_docs/gis_refs/shoreline/BICM2/Shoreline_Metadata.html","COMMENTS":null,"SHAPE_Length":181.72492233166668,"DSAS_DATE":"04/30/2015","DSAS_UNCER":null,"year":2015}},{"type":"Feature","id":28517,"geometry":{"type":"LineString","coordinates":[[-91.925615,29.625017],[-91.925684,29.625002]]},"properties":{"OBJECTID":28517,"PROGRAM":"STATE","PROJECT":"LOUISIANA BARRIER ISLAND COMPREHENSIVE MONITORING PROGRAM (BICM)","PROJ_ID":"LA-0226","PROD_DATE":"20160614","SHORE_TYPE":"MARSH","SRC_DATE":"20150430","SRC_DATA":"USDA NAIP ORTHOIMAGERY","SRC_RES":"1-m pixel","SRC_VECT":"APPLIED COASTAL","SRC_RAST":"M2909117SE","DIG_NOTES":" ","REGION":"AB","CONTRACTOR":"APPLIED COASTAL","ORG":"COASTAL PROTECTION AND RESTORATION AUTHORITY OF LOUISIANA (CPRA)","SRC_REG":"USDA","DATAURL":"http://cims.coastal.louisiana.gov/meta_docs/gis_refs/shoreline/BICM2/LA-0226_SHORL_0000000000_2015043020150913_RAC0009.zip","Meta_xml":"http://cims.coastal.louisiana.gov/meta_docs/gis_refs/shoreline/BICM2/Shoreline_Metadata.xml","Meta_html":"http://cims.coastal.louisiana.gov/meta_docs/gis_refs/shoreline/BICM2/Shoreline_Metadata.html","COMMENTS":null,"SHAPE_Length":8.089330637690818,"DSAS_DATE":"04/30/2015","DSAS_UNCER":null,"year":2015}},{"type":"Feature","id":28518,"geometry":{"type":"LineString","coordinates":[[-91.925684,29.625002],[-91.925675,29.624766]]},"properties":{"OBJECTID":28518,"PROGRAM":"STATE","PROJECT":"LOUISIANA BARRIER ISLAND COMPREHENSIVE MONITORING PROGRAM (BICM)","PROJ_ID":"LA-0226","PROD_DATE":"20160614","SHORE_TYPE":"MARSH","SRC_DATE":"20150430","SRC_DATA":"USDA NAIP ORTHOIMAGERY","SRC_RES":"1-m pixel","SRC_VECT":"APPLIED COASTAL","SRC_RAST":"M2909125NE","DIG_NOTES":" ","REGION":"AB","CONTRACTOR":"APPLIED COASTAL","ORG":"COASTAL PROTECTION AND RESTORATION AUTHORITY OF LOUISIANA (CPRA)","SRC_REG":"USDA","DATAURL":"http://cims.coastal.louisiana.gov/meta_docs/gis_refs/shoreline/BICM2/LA-0226_SHORL_0000000000_2015043020150913_RAC0009.zip","Meta_xml":"http://cims.coastal.louisiana.gov/meta_docs/gis_refs/shoreline/BICM2/Shoreline_Metadata.xml","Meta_html":"http://cims.coastal.louisiana.gov/meta_docs/gis_refs/shoreline/BICM2/Shoreline_Metadata.html","COMMENTS":null,"SHAPE_Length":30.80825334517506,"DSAS_DATE":"04/30/2015","DSAS_UNCER":null,"year":2015}},{"type":"Feature","id":28519,"geometry":{"type":"LineString","coordinates":[[-91.925657,29.625083],[-91.925933,29.62566],[-91.925842,29.626395],[-91.92548,29.62645],[-91.925495,29.626695],[-91.925071,29.626547]]},"properties":{"OBJECTID":28519,"PROGRAM":"STATE","PROJECT":"LOUISIANA BARRIER ISLAND COMPREHENSIVE MONITORING PROGRAM (BICM)","PROJ_ID":"LA-0226","PROD_DATE":"20160614","SHORE_TYPE":"MARSH","SRC_DATE":"20150430","SRC_DATA":"USDA NAIP ORTHOIMAGERY","SRC_RES":"1-m pixel","SRC_VECT":"APPLIED COASTAL","SRC_RAST":"M2909117SE","DIG_NOTES":" ","REGION":"AB","CONTRACTOR":"APPLIED COASTAL","ORG":"COASTAL PROTECTION AND RESTORATION AUTHORITY OF LOUISIANA (CPRA)","SRC_REG":"USDA","DATAURL":"http://cims.coastal.louisiana.gov/meta_docs/gis_refs/shoreline/BICM2/LA-0226_SHORL_0000000000_2015043020150913_RAC0009.zip","Meta_xml":"http://cims.coastal.louisiana.gov/meta_docs/gis_refs/shoreline/BICM2/Shoreline_Metadata.xml","Meta_html":"http://cims.coastal.louisiana.gov/meta_docs/gis_refs/shoreline/BICM2/Shoreline_Metadata.html","COMMENTS":null,"SHAPE_Length":306.19269980110073,"DSAS_DATE":"04/30/2015","DSAS_UNCER":null,"year":2015}},{"type":"Feature","id":28520,"geometry":{"type":"LineString","coordinates":[[-91.925936,29.625057],[-91.925936,29.625057]]},"properties":{"OBJECTID":28520,"PROGRAM":"STATE","PROJECT":"LOUISIANA BARRIER ISLAND COMPREHENSIVE MONITORING PROGRAM (BICM)","PROJ_ID":"LA-0226","PROD_DATE":"20160614","SHORE_TYPE":"MARSH","SRC_DATE":"20150430","SRC_DATA":"USDA NAIP ORTHOIMAGERY","SRC_RES":"1-m pixel","SRC_VECT":"APPLIED COASTAL","SRC_RAST":"M2909117SE","DIG_NOTES":" ","REGION":"AB","CONTRACTOR":"APPLIED COASTAL","ORG":"COASTAL PROTECTION AND RESTORATION AUTHORITY OF LOUISIANA (CPRA)","SRC_REG":"USDA","DATAURL":"http://cims.coastal.louisiana.gov/meta_docs/gis_refs/shoreline/BICM2/LA-0226_SHORL_0000000000_2015043020150913_RAC0009.zip","Meta_xml":"http://cims.coastal.louisiana.gov/meta_docs/gis_refs/shoreline/BICM2/Shoreline_Metadata.xml","Meta_html":"http://cims.coastal.louisiana.gov/meta_docs/gis_refs/shoreline/BICM2/Shoreline_Metadata.html","COMMENTS":null,"SHAPE_Length":22.11306616443189,"DSAS_DATE":"04/30/2015","DSAS_UNCER":null,"year":2015}},{"type":"Feature","id":28521,"geometry":{"type":"LineString","coordinates":[[-91.926253,29.624304],[-91.926296,29.624662],[-91.926193,29.624537],[-91.926003,29.624789],[-91.926253,29.624304]]},"properties":{"OBJECTID":28521,"PROGRAM":"STATE","PROJECT":"LOUISIANA BARRIER ISLAND COMPREHENSIVE MONITORING PROGRAM (BICM)","PROJ_ID":"LA-0226","PROD_DATE":"20160614","SHORE_TYPE":"MARSH","SRC_DATE":"20150430","SRC_DATA":"USDA NAIP ORTHOIMAGERY","SRC_RES":"1-m pixel","SRC_VECT":"APPLIED COASTAL","SRC_RAST":"M2909125NE","DIG_NOTES":" ","REGION":"AB","CONTRACTOR":"APPLIED COASTAL","ORG":"COASTAL PROTECTION AND RESTORATION AUTHORITY OF LOUISIANA (CPRA)","SRC_REG":"USDA","DATAURL":"http://cims.coastal.louisiana.gov/meta_docs/gis_refs/shoreline/BICM2/LA-0226_SHORL_0000000000_2015043020150913_RAC0009.zip","Meta_xml":"http://cims.coastal.louisiana.gov/meta_docs/gis_refs/shoreline/BICM2/Shoreline_Metadata.xml","Meta_html":"http://cims.coastal.louisiana.gov/meta_docs/gis_refs/shoreline/BICM2/Shoreline_Metadata.html","COMMENTS":null,"SHAPE_Length":176.90683531837817,"DSAS_DATE":"04/30/2015","DSAS_UNCER":null,"year":2015}},{"type":"Feature","id":28522,"geometry":{"type":"LineString","coordinates":[[-91.924443,29.626657],[-91.924867,29.626721],[-91.924724,29.626811],[-91.92519,29.62697],[-91.924559,29.627791]]},"properties":{"OBJECTID":28522,"PROGRAM":"STATE","PROJECT":"LOUISIANA BARRIER ISLAND COMPREHENSIVE MONITORING PROGRAM (BICM)","PROJ_ID":"LA-0226","PROD_DATE":"20160614","SHORE_TYPE":"MARSH","SRC_DATE":"20150430","SRC_DATA":"USDA NAIP ORTHOIMAGERY","SRC_RES":"1-m pixel","SRC_VECT":"APPLIED COASTAL","SRC_RAST":"M2909117SE","DIG_NOTES":" ","REGION":"AB","CONTRACTOR":"APPLIED COASTAL","ORG":"COASTAL PROTECTION AND RESTORATION AUTHORITY OF LOUISIANA (CPRA)","SRC_REG":"USDA","DATAURL":"http://cims.coastal.louisiana.gov/meta_docs/gis_refs/shoreline/BICM2/LA-0226_SHORL_0000000000_2015043020150913_RAC0009.zip","Meta_xml":"http://cims.coastal.louisiana.gov/meta_docs/gis_refs/shoreline/BICM2/Shoreline_Metadata.xml","Meta_html":"http://cims.coastal.louisiana.gov/meta_docs/gis_refs/shoreline/BICM2/Shoreline_Metadata.html","COMMENTS":null,"SHAPE_Length":235.49714451302302,"DSAS_DATE":"04/30/2015","DSAS_UNCER":null,"year":2015}},{"type":"Feature","id":28523,"geometry":{"type":"LineString","coordinates":[[-91.92458,29.627838],[-91.924731,29.627921],[-91.924653,29.628638],[-91.925147,29.629006]]},"properties":{"OBJECTID":28523,"PROGRAM":"STATE","PROJECT":"LOUISIANA BARRIER ISLAND COMPREHENSIVE MONITORING PROGRAM (BICM)","PROJ_ID":"LA-0226","PROD_DATE":"20160614","SHORE_TYPE":"MARSH","SRC_DATE":"20150430","SRC_DATA":"USDA NAIP ORTHOIMAGERY","SRC_RES":"1-m pixel","SRC_VECT":"APPLIED COASTAL","SRC_RAST":"M2909117SE","DIG_NOTES":" ","REGION":"AB","CONTRACTOR":"APPLIED COASTAL","ORG":"COASTAL PROTECTION AND RESTORATION AUTHORITY OF LOUISIANA (CPRA)","SRC_REG":"USDA","DATAURL":"http://cims.coastal.louisiana.gov/meta_docs/gis_refs/shoreline/BICM2/LA-0226_SHORL_0000000000_2015043020150913_RAC0009.zip","Meta_xml":"http://cims.coastal.louisiana.gov/meta_docs/gis_refs/shoreline/BICM2/Shoreline_Metadata.xml","Meta_html":"http://cims.coastal.louisiana.gov/meta_docs/gis_refs/shoreline/BICM2/Shoreline_Metadata.html","COMMENTS":null,"SHAPE_Length":178.67495800627492,"DSAS_DATE":"04/30/2015","DSAS_UNCER":null,"year":2015}},{"type":"Feature","id":28524,"geometry":{"type":"LineString","coordinates":[[-91.910733,29.631517],[-91.911077,29.631501],[-91.911269,29.632195],[-91.910379,29.632729],[-91.910308,29.633295],[-91.910023,29.633576],[-91.909737,29.633749],[-91.909564,29.633592]]},"properties":{"OBJECTID":28524,"PROGRAM":"STATE","PROJECT":"LOUISIANA BARRIER ISLAND COMPREHENSIVE MONITORING PROGRAM (BICM)","PROJ_ID":"LA-0226","PROD_DATE":"20160614","SHORE_TYPE":"MARSH","SRC_DATE":"20150430","SRC_DATA":"USDA NAIP ORTHOIMAGERY","SRC_RES":"1-m pixel","SRC_VECT":"APPLIED COASTAL","SRC_RAST":"M2909117SE","DIG_NOTES":" ","REGION":"AB","CONTRACTOR":"APPLIED COASTAL","ORG":"COASTAL PROTECTION AND RESTORATION AUTHORITY OF LOUISIANA (CPRA)","SRC_REG":"USDA","DATAURL":"http://cims.coastal.louisiana.gov/meta_docs/gis_refs/shoreline/BICM2/LA-0226_SHORL_0000000000_2015043020150913_RAC0009.zip","Meta_xml":"http://cims.coastal.louisiana.gov/meta_docs/gis_refs/shoreline/BICM2/Shoreline_Metadata.xml","Meta_html":"http://cims.coastal.louisiana.gov/meta_docs/gis_refs/shoreline/BICM2/Shoreline_Metadata.html","COMMENTS":null,"SHAPE_Length":406.0422708033949,"DSAS_DATE":"04/30/2015","DSAS_UNCER":null,"year":2015}},{"type":"Feature","id":28525,"geometry":{"type":"LineString","coordinates":[[-91.909359,29.63355],[-91.90918,29.633859],[-91.908844,29.633839],[-91.908478,29.634248],[-91.907864,29.634423],[-91.9078,29.634753],[-91.906359,29.63506],[-91.90582,29.635363],[-91.905353,29.635343],[-91.905264,29.635552],[-91.905034,29.635495],[-91.904668,29.635948],[-91.904014,29.636352],[-91.903317,29.636226],[-91.903039,29.636392],[-91.90291,29.635419],[-91.902431,29.634762],[-91.902529,29.634618],[-91.902587,29.634775]]},"properties":{"OBJECTID":28525,"PROGRAM":"STATE","PROJECT":"LOUISIANA BARRIER ISLAND COMPREHENSIVE MONITORING PROGRAM (BICM)","PROJ_ID":"LA-0226","PROD_DATE":"20160614","SHORE_TYPE":"MARSH","SRC_DATE":"20150430","SRC_DATA":"USDA NAIP ORTHOIMAGERY","SRC_RES":"1-m pixel","SRC_VECT":"APPLIED COASTAL","SRC_RAST":"M2909117SE","DIG_NOTES":" ","REGION":"AB","CONTRACTOR":"APPLIED COASTAL","ORG":"COASTAL PROTECTION AND RESTORATION AUTHORITY OF LOUISIANA (CPRA)","SRC_REG":"USDA","DATAURL":"http://cims.coastal.louisiana.gov/meta_docs/gis_refs/shoreline/BICM2/LA-0226_SHORL_0000000000_2015043020150913_RAC0009.zip","Meta_xml":"http://cims.coastal.louisiana.gov/meta_docs/gis_refs/shoreline/BICM2/Shoreline_Metadata.xml","Meta_html":"http://cims.coastal.louisiana.gov/meta_docs/gis_refs/shoreline/BICM2/Shoreline_Metadata.html","COMMENTS":null,"SHAPE_Length":1069.4800591801966,"DSAS_DATE":"04/30/2015","DSAS_UNCER":null,"year":2015}},{"type":"Feature","id":28526,"geometry":{"type":"LineString","coordinates":[[-91.902752,29.634918],[-91.902669,29.634739],[-91.903524,29.633783],[-91.90358,29.633489],[-91.903092,29.632804],[-91.901193,29.631853],[-91.901068,29.631452],[-91.901947,29.631621],[-91.902947,29.631588],[-91.903791,29.631031],[-91.903936,29.630667],[-91.903797,29.630157],[-91.903286,29.629706],[-91.902738,29.629498]]},"properties":{"OBJECTID":28526,"PROGRAM":"STATE","PROJECT":"LOUISIANA BARRIER ISLAND COMPREHENSIVE MONITORING PROGRAM (BICM)","PROJ_ID":"LA-0226","PROD_DATE":"20160614","SHORE_TYPE":"MARSH","SRC_DATE":"20150430","SRC_DATA":"USDA NAIP ORTHOIMAGERY","SRC_RES":"1-m pixel","SRC_VECT":"APPLIED COASTAL","SRC_RAST":"M2909117SE","DIG_NOTES":" ","REGION":"AB","CONTRACTOR":"APPLIED COASTAL","ORG":"COASTAL PROTECTION AND RESTORATION AUTHORITY OF LOUISIANA (CPRA)","SRC_REG":"USDA","DATAURL":"http://cims.coastal.louisiana.gov/meta_docs/gis_refs/shoreline/BICM2/LA-0226_SHORL_0000000000_2015043020150913_RAC0009.zip","Meta_xml":"http://cims.coastal.louisiana.gov/meta_docs/gis_refs/shoreline/BICM2/Shoreline_Metadata.xml","Meta_html":"http://cims.coastal.louisiana.gov/meta_docs/gis_refs/shoreline/BICM2/Shoreline_Metadata.html","COMMENTS":null,"SHAPE_Length":1091.5694425888894,"DSAS_DATE":"04/30/2015","DSAS_UNCER":null,"year":2015}},{"type":"Feature","id":28527,"geometry":{"type":"LineString","coordinates":[[-91.901727,29.629389],[-91.901543,29.629954],[-91.901744,29.630467],[-91.900418,29.630347],[-91.899615,29.63084],[-91.899379,29.631318],[-91.898901,29.631344]]},"properties":{"OBJECTID":28527,"PROGRAM":"STATE","PROJECT":"LOUISIANA BARRIER ISLAND COMPREHENSIVE MONITORING PROGRAM (BICM)","PROJ_ID":"LA-0226","PROD_DATE":"20160614","SHORE_TYPE":"MARSH","SRC_DATE":"20150430","SRC_DATA":"USDA NAIP ORTHOIMAGERY","SRC_RES":"1-m pixel","SRC_VECT":"APPLIED COASTAL","SRC_RAST":"M2909117SE","DIG_NOTES":" ","REGION":"AB","CONTRACTOR":"APPLIED COASTAL","ORG":"COASTAL PROTECTION AND RESTORATION AUTHORITY OF LOUISIANA (CPRA)","SRC_REG":"USDA","DATAURL":"http://cims.coastal.louisiana.gov/meta_docs/gis_refs/shoreline/BICM2/LA-0226_SHORL_0000000000_2015043020150913_RAC0009.zip","Meta_xml":"http://cims.coastal.louisiana.gov/meta_docs/gis_refs/shoreline/BICM2/Shoreline_Metadata.xml","Meta_html":"http://cims.coastal.louisiana.gov/meta_docs/gis_refs/shoreline/BICM2/Shoreline_Metadata.html","COMMENTS":null,"SHAPE_Length":484.8718387401602,"DSAS_DATE":"04/30/2015","DSAS_UNCER":null,"year":2015}},{"type":"Feature","id":28528,"geometry":{"type":"LineString","coordinates":[[-91.899516,29.631359],[-91.899611,29.631275],[-91.899592,29.631616],[-91.899346,29.631664]]},"properties":{"OBJECTID":28528,"PROGRAM":"STATE","PROJECT":"LOUISIANA BARRIER ISLAND COMPREHENSIVE MONITORING PROGRAM (BICM)","PROJ_ID":"LA-0226","PROD_DATE":"20160614","SHORE_TYPE":"MARSH","SRC_DATE":"20150430","SRC_DATA":"USDA NAIP ORTHOIMAGERY","SRC_RES":"1-m pixel","SRC_VECT":"APPLIED COASTAL","SRC_RAST":"M2909117SE","DIG_NOTES":" ","REGION":"AB","CONTRACTOR":"APPLIED COASTAL","ORG":"COASTAL PROTECTION AND RESTORATION AUTHORITY OF LOUISIANA (CPRA)","SRC_REG":"USDA","DATAURL":"http://cims.coastal.louisiana.gov/meta_docs/gis_refs/shoreline/BICM2/LA-0226_SHORL_0000000000_2015043020150913_RAC0009.zip","Meta_xml":"http://cims.coastal.louisiana.gov/meta_docs/gis_refs/shoreline/BICM2/Shoreline_Metadata.xml","Meta_html":"http://cims.coastal.louisiana.gov/meta_docs/gis_refs/shoreline/BICM2/Shoreline_Metadata.html","COMMENTS":null,"SHAPE_Length":77.51149636590857,"DSAS_DATE":"04/30/2015","DSAS_UNCER":null,"year":2015}},{"type":"Feature","id":28529,"geometry":{"type":"LineString","coordinates":[[-91.899777,29.631609],[-91.900307,29.632359],[-91.90011,29.632568]]},"properties":{"OBJECTID":28529,"PROGRAM":"STATE","PROJECT":"LOUISIANA BARRIER ISLAND COMPREHENSIVE MONITORING PROGRAM (BICM)","PROJ_ID":"LA-0226","PROD_DATE":"20160614","SHORE_TYPE":"MARSH","SRC_DATE":"20150430","SRC_DATA":"USDA NAIP ORTHOIMAGERY","SRC_RES":"1-m pixel","SRC_VECT":"APPLIED COASTAL","SRC_RAST":"M2909117SE","DIG_NOTES":" ","REGION":"AB","CONTRACTOR":"APPLIED COASTAL","ORG":"COASTAL PROTECTION AND RESTORATION AUTHORITY OF LOUISIANA (CPRA)","SRC_REG":"USDA","DATAURL":"http://cims.coastal.louisiana.gov/meta_docs/gis_refs/shoreline/BICM2/LA-0226_SHORL_0000000000_2015043020150913_RAC0009.zip","Meta_xml":"http://cims.coastal.louisiana.gov/meta_docs/gis_refs/shoreline/BICM2/Shoreline_Metadata.xml","Meta_html":"http://cims.coastal.louisiana.gov/meta_docs/gis_refs/shoreline/BICM2/Shoreline_Metadata.html","COMMENTS":null,"SHAPE_Length":132.245685931166,"DSAS_DATE":"04/30/2015","DSAS_UNCER":null,"year":2015}},{"type":"Feature","id":28530,"geometry":{"type":"LineString","coordinates":[[-91.900171,29.63258],[-91.900692,29.632793],[-91.901043,29.633286],[-91.901481,29.633469],[-91.900831,29.634111],[-91.90029,29.633793],[-91.900077,29.633425],[-91.89978,29.633454],[-91.898103,29.632771],[-91.897906,29.632389],[-91.897403,29.632023],[-91.897331,29.631764],[-91.896736,29.631575],[-91.896287,29.63086],[-91.895055,29.629998],[-91.894249,29.629926],[-91.893258,29.630272],[-91.892922,29.630212],[-91.892387,29.630596],[-91.891806,29.630539],[-91.891681,29.630146],[-91.892845,29.629484],[-91.893304,29.628805],[-91.893162,29.627702],[-91.894153,29.626596],[-91.894293,29.626064],[-91.894104,29.625205]]},"properties":{"OBJECTID":28530,"PROGRAM":"STATE","PROJECT":"LOUISIANA BARRIER ISLAND COMPREHENSIVE MONITORING PROGRAM (BICM)","PROJ_ID":"LA-0226","PROD_DATE":"20160614","SHORE_TYPE":"MARSH","SRC_DATE":"20150430","SRC_DATA":"USDA NAIP ORTHOIMAGERY","SRC_RES":"1-m pixel","SRC_VECT":"APPLIED COASTAL","SRC_RAST":"M2909117SE","DIG_NOTES":" ","REGION":"AB","CONTRACTOR":"APPLIED COASTAL","ORG":"COASTAL PROTECTION AND RESTORATION AUTHORITY OF LOUISIANA (CPRA)","SRC_REG":"USDA","DATAURL":"http://cims.coastal.louisiana.gov/meta_docs/gis_refs/shoreline/BICM2/LA-0226_SHORL_0000000000_2015043020150913_RAC0009.zip","Meta_xml":"http://cims.coastal.louisiana.gov/meta_docs/gis_refs/shoreline/BICM2/Shoreline_Metadata.xml","Meta_html":"http://cims.coastal.louisiana.gov/meta_docs/gis_refs/shoreline/BICM2/Shoreline_Metadata.html","COMMENTS":null,"SHAPE_Length":2165.6194505578696,"DSAS_DATE":"04/30/2015","DSAS_UNCER":null,"year":2015}},{"type":"Feature","id":28531,"geometry":{"type":"LineString","coordinates":[[-91.892693,29.625772],[-91.892744,29.626387],[-91.891833,29.627017],[-91.891446,29.627532]]},"properties":{"OBJECTID":28531,"PROGRAM":"STATE","PROJECT":"LOUISIANA BARRIER ISLAND COMPREHENSIVE MONITORING PROGRAM (BICM)","PROJ_ID":"LA-0226","PROD_DATE":"20160614","SHORE_TYPE":"MARSH","SRC_DATE":"20150430","SRC_DATA":"USDA NAIP ORTHOIMAGERY","SRC_RES":"1-m pixel","SRC_VECT":"APPLIED COASTAL","SRC_RAST":"M2909117SE","DIG_NOTES":" ","REGION":"AB","CONTRACTOR":"APPLIED COASTAL","ORG":"COASTAL PROTECTION AND RESTORATION AUTHORITY OF LOUISIANA (CPRA)","SRC_REG":"USDA","DATAURL":"http://cims.coastal.louisiana.gov/meta_docs/gis_refs/shoreline/BICM2/LA-0226_SHORL_0000000000_2015043020150913_RAC0009.zip","Meta_xml":"http://cims.coastal.louisiana.gov/meta_docs/gis_refs/shoreline/BICM2/Shoreline_Metadata.xml","Meta_html":"http://cims.coastal.louisiana.gov/meta_docs/gis_refs/shoreline/BICM2/Shoreline_Metadata.html","COMMENTS":null,"SHAPE_Length":253.97780833001724,"DSAS_DATE":"04/30/2015","DSAS_UNCER":null,"year":2015}},{"type":"Feature","id":28532,"geometry":{"type":"LineString","coordinates":[[-91.879758,29.627823],[-91.879325,29.628186],[-91.878607,29.627879],[-91.879193,29.627071]]},"properties":{"OBJECTID":28532,"PROGRAM":"STATE","PROJECT":"LOUISIANA BARRIER ISLAND COMPREHENSIVE MONITORING PROGRAM (BICM)","PROJ_ID":"LA-0226","PROD_DATE":"20160614","SHORE_TYPE":"MARSH","SRC_DATE":"20150430","SRC_DATA":"USDA NAIP ORTHOIMAGERY","SRC_RES":"1-m pixel","SRC_VECT":"APPLIED COASTAL","SRC_RAST":"M2909117SE","DIG_NOTES":" ","REGION":"AB","CONTRACTOR":"APPLIED COASTAL","ORG":"COASTAL PROTECTION AND RESTORATION AUTHORITY OF LOUISIANA (CPRA)","SRC_REG":"USDA","DATAURL":"http://cims.coastal.louisiana.gov/meta_docs/gis_refs/shoreline/BICM2/LA-0226_SHORL_0000000000_2015043020150913_RAC0009.zip","Meta_xml":"http://cims.coastal.louisiana.gov/meta_docs/gis_refs/shoreline/BICM2/Shoreline_Metadata.xml","Meta_html":"http://cims.coastal.louisiana.gov/meta_docs/gis_refs/shoreline/BICM2/Shoreline_Metadata.html","COMMENTS":null,"SHAPE_Length":258.1409759485593,"DSAS_DATE":"04/30/2015","DSAS_UNCER":null,"year":2015}},{"type":"Feature","id":28533,"geometry":{"type":"LineString","coordinates":[[-91.879393,29.626867],[-91.879154,29.626784],[-91.879328,29.626169],[-91.879059,29.625728],[-91.879365,29.625423],[-91.879474,29.625001]]},"properties":{"OBJECTID":28533,"PROGRAM":"STATE","PROJECT":"LOUISIANA BARRIER ISLAND COMPREHENSIVE MONITORING PROGRAM (BICM)","PROJ_ID":"LA-0226","PROD_DATE":"20160614","SHORE_TYPE":"MARSH","SRC_DATE":"20150430","SRC_DATA":"USDA NAIP ORTHOIMAGERY","SRC_RES":"1-m pixel","SRC_VECT":"APPLIED COASTAL","SRC_RAST":"M2909117SE","DIG_NOTES":" ","REGION":"AB","CONTRACTOR":"APPLIED COASTAL","ORG":"COASTAL PROTECTION AND RESTORATION AUTHORITY OF LOUISIANA (CPRA)","SRC_REG":"USDA","DATAURL":"http://cims.coastal.louisiana.gov/meta_docs/gis_refs/shoreline/BICM2/LA-0226_SHORL_0000000000_2015043020150913_RAC0009.zip","Meta_xml":"http://cims.coastal.louisiana.gov/meta_docs/gis_refs/shoreline/BICM2/Shoreline_Metadata.xml","Meta_html":"http://cims.coastal.louisiana.gov/meta_docs/gis_refs/shoreline/BICM2/Shoreline_Metadata.html","COMMENTS":null,"SHAPE_Length":259.2697638295179,"DSAS_DATE":"04/30/2015","DSAS_UNCER":null,"year":2015}},{"type":"Feature","id":28534,"geometry":{"type":"LineString","coordinates":[[-91.879474,29.625001],[-91.87949,29.624461],[-91.879262,29.624003]]},"properties":{"OBJECTID":28534,"PROGRAM":"STATE","PROJECT":"LOUISIANA BARRIER ISLAND COMPREHENSIVE MONITORING PROGRAM (BICM)","PROJ_ID":"LA-0226","PROD_DATE":"20160614","SHORE_TYPE":"MARSH","SRC_DATE":"20150430","SRC_DATA":"USDA NAIP ORTHOIMAGERY","SRC_RES":"1-m pixel","SRC_VECT":"APPLIED COASTAL","SRC_RAST":"M2909125NE","DIG_NOTES":" ","REGION":"AB","CONTRACTOR":"APPLIED COASTAL","ORG":"COASTAL PROTECTION AND RESTORATION AUTHORITY OF LOUISIANA (CPRA)","SRC_REG":"USDA","DATAURL":"http://cims.coastal.louisiana.gov/meta_docs/gis_refs/shoreline/BICM2/LA-0226_SHORL_0000000000_2015043020150913_RAC0009.zip","Meta_xml":"http://cims.coastal.louisiana.gov/meta_docs/gis_refs/shoreline/BICM2/Shoreline_Metadata.xml","Meta_html":"http://cims.coastal.louisiana.gov/meta_docs/gis_refs/shoreline/BICM2/Shoreline_Metadata.html","COMMENTS":null,"SHAPE_Length":121.4128766756621,"DSAS_DATE":"04/30/2015","DSAS_UNCER":null,"year":2015}},{"type":"Feature","id":28535,"geometry":{"type":"LineString","coordinates":[[-91.87726,29.625001],[-91.877302,29.625101]]},"properties":{"OBJECTID":28535,"PROGRAM":"STATE","PROJECT":"LOUISIANA BARRIER ISLAND COMPREHENSIVE MONITORING PROGRAM (BICM)","PROJ_ID":"LA-0226","PROD_DATE":"20160614","SHORE_TYPE":"MARSH","SRC_DATE":"20150430","SRC_DATA":"USDA NAIP ORTHOIMAGERY","SRC_RES":"1-m pixel","SRC_VECT":"APPLIED COASTAL","SRC_RAST":"M2909117SE","DIG_NOTES":" ","REGION":"AB","CONTRACTOR":"APPLIED COASTAL","ORG":"COASTAL PROTECTION AND RESTORATION AUTHORITY OF LOUISIANA (CPRA)","SRC_REG":"USDA","DATAURL":"http://cims.coastal.louisiana.gov/meta_docs/gis_refs/shoreline/BICM2/LA-0226_SHORL_0000000000_2015043020150913_RAC0009.zip","Meta_xml":"http://cims.coastal.louisiana.gov/meta_docs/gis_refs/shoreline/BICM2/Shoreline_Metadata.xml","Meta_html":"http://cims.coastal.louisiana.gov/meta_docs/gis_refs/shoreline/BICM2/Shoreline_Metadata.html","COMMENTS":null,"SHAPE_Length":12.056996542842919,"DSAS_DATE":"04/30/2015","DSAS_UNCER":null,"year":2015}},{"type":"Feature","id":28536,"geometry":{"type":"LineString","coordinates":[[-91.877666,29.624252],[-91.877353,29.624403],[-91.87726,29.625001]]},"properties":{"OBJECTID":28536,"PROGRAM":"STATE","PROJECT":"LOUISIANA BARRIER ISLAND COMPREHENSIVE MONITORING PROGRAM (BICM)","PROJ_ID":"LA-0226","PROD_DATE":"20160614","SHORE_TYPE":"MARSH","SRC_DATE":"20150430","SRC_DATA":"USDA NAIP ORTHOIMAGERY","SRC_RES":"1-m pixel","SRC_VECT":"APPLIED COASTAL","SRC_RAST":"M2909125NE","DIG_NOTES":" ","REGION":"AB","CONTRACTOR":"APPLIED COASTAL","ORG":"COASTAL PROTECTION AND RESTORATION AUTHORITY OF LOUISIANA (CPRA)","SRC_REG":"USDA","DATAURL":"http://cims.coastal.louisiana.gov/meta_docs/gis_refs/shoreline/BICM2/LA-0226_SHORL_0000000000_2015043020150913_RAC0009.zip","Meta_xml":"http://cims.coastal.louisiana.gov/meta_docs/gis_refs/shoreline/BICM2/Shoreline_Metadata.xml","Meta_html":"http://cims.coastal.louisiana.gov/meta_docs/gis_refs/shoreline/BICM2/Shoreline_Metadata.html","COMMENTS":null,"SHAPE_Length":111.64797024644814,"DSAS_DATE":"04/30/2015","DSAS_UNCER":null,"year":2015}},{"type":"Feature","id":28537,"geometry":{"type":"LineString","coordinates":[[-91.877426,29.625256],[-91.877407,29.625554],[-91.877689,29.625911],[-91.877581,29.626115],[-91.877192,29.626242],[-91.875634,29.626194],[-91.875116,29.626393],[-91.875,29.626652]]},"properties":{"OBJECTID":28537,"PROGRAM":"STATE","PROJECT":"LOUISIANA BARRIER ISLAND COMPREHENSIVE MONITORING PROGRAM (BICM)","PROJ_ID":"LA-0226","PROD_DATE":"20160614","SHORE_TYPE":"MARSH","SRC_DATE":"20150430","SRC_DATA":"USDA NAIP ORTHOIMAGERY","SRC_RES":"1-m pixel","SRC_VECT":"APPLIED COASTAL","SRC_RAST":"M2909117SE","DIG_NOTES":" ","REGION":"AB","CONTRACTOR":"APPLIED COASTAL","ORG":"COASTAL PROTECTION AND RESTORATION AUTHORITY OF LOUISIANA (CPRA)","SRC_REG":"USDA","DATAURL":"http://cims.coastal.louisiana.gov/meta_docs/gis_refs/shoreline/BICM2/LA-0226_SHORL_0000000000_2015043020150913_RAC0009.zip","Meta_xml":"http://cims.coastal.louisiana.gov/meta_docs/gis_refs/shoreline/BICM2/Shoreline_Metadata.xml","Meta_html":"http://cims.coastal.louisiana.gov/meta_docs/gis_refs/shoreline/BICM2/Shoreline_Metadata.html","COMMENTS":null,"SHAPE_Length":397.93154889607035,"DSAS_DATE":"04/30/2015","DSAS_UNCER":null,"year":2015}},{"type":"Feature","id":28538,"geometry":{"type":"LineString","coordinates":[[-91.875,29.626652],[-91.874669,29.627111],[-91.874417,29.627184],[-91.873965,29.628189],[-91.873269,29.627147],[-91.872885,29.626844],[-91.871348,29.626767],[-91.869724,29.627096],[-91.869017,29.627666],[-91.868967,29.628585],[-91.868767,29.62818],[-91.868132,29.628195],[-91.867725,29.628894],[-91.867356,29.628741],[-91.867055,29.628939],[-91.866962,29.629262],[-91.866308,29.629479],[-91.865991,29.629092],[-91.866487,29.628494],[-91.86637,29.628327],[-91.866436,29.627939],[-91.866091,29.627338],[-91.866296,29.627259]]},"properties":{"OBJECTID":28538,"PROGRAM":"STATE","PROJECT":"LOUISIANA BARRIER ISLAND COMPREHENSIVE MONITORING PROGRAM (BICM)","PROJ_ID":"LA-0226","PROD_DATE":"20160614","SHORE_TYPE":"MARSH","SRC_DATE":"20150430","SRC_DATA":"USDA NAIP ORTHOIMAGERY","SRC_RES":"1-m pixel","SRC_VECT":"APPLIED COASTAL","SRC_RAST":"M2909118SW","DIG_NOTES":" ","REGION":"AB","CONTRACTOR":"APPLIED COASTAL","ORG":"COASTAL PROTECTION AND RESTORATION AUTHORITY OF LOUISIANA (CPRA)","SRC_REG":"USDA","DATAURL":"http://cims.coastal.louisiana.gov/meta_docs/gis_refs/shoreline/BICM2/LA-0226_SHORL_0000000000_2015043020150913_RAC0009.zip","Meta_xml":"http://cims.coastal.louisiana.gov/meta_docs/gis_refs/shoreline/BICM2/Shoreline_Metadata.xml","Meta_html":"http://cims.coastal.louisiana.gov/meta_docs/gis_refs/shoreline/BICM2/Shoreline_Metadata.html","COMMENTS":null,"SHAPE_Length":1648.6941508881064,"DSAS_DATE":"04/30/2015","DSAS_UNCER":null,"year":2015}},{"type":"Feature","id":28539,"geometry":{"type":"LineString","coordinates":[[-91.8662,29.627158],[-91.86643,29.626811],[-91.866367,29.626567],[-91.866032,29.626449],[-91.865698,29.626545]]},"properties":{"OBJECTID":28539,"PROGRAM":"STATE","PROJECT":"LOUISIANA BARRIER ISLAND COMPREHENSIVE MONITORING PROGRAM (BICM)","PROJ_ID":"LA-0226","PROD_DATE":"20160614","SHORE_TYPE":"MARSH","SRC_DATE":"20150430","SRC_DATA":"USDA NAIP ORTHOIMAGERY","SRC_RES":"1-m pixel","SRC_VECT":"APPLIED COASTAL","SRC_RAST":"M2909118SW","DIG_NOTES":" ","REGION":"AB","CONTRACTOR":"APPLIED COASTAL","ORG":"COASTAL PROTECTION AND RESTORATION AUTHORITY OF LOUISIANA (CPRA)","SRC_REG":"USDA","DATAURL":"http://cims.coastal.louisiana.gov/meta_docs/gis_refs/shoreline/BICM2/LA-0226_SHORL_0000000000_2015043020150913_RAC0009.zip","Meta_xml":"http://cims.coastal.louisiana.gov/meta_docs/gis_refs/shoreline/BICM2/Shoreline_Metadata.xml","Meta_html":"http://cims.coastal.louisiana.gov/meta_docs/gis_refs/shoreline/BICM2/Shoreline_Metadata.html","COMMENTS":null,"SHAPE_Length":144.80414781710957,"DSAS_DATE":"04/30/2015","DSAS_UNCER":null,"year":2015}},{"type":"Feature","id":28540,"geometry":{"type":"LineString","coordinates":[[-91.865369,29.627621],[-91.86539,29.627788],[-91.865198,29.627675],[-91.865204,29.627443],[-91.864813,29.627217],[-91.864874,29.627056],[-91.863908,29.626433],[-91.863749,29.626052],[-91.862361,29.625002]]},"properties":{"OBJECTID":28540,"PROGRAM":"STATE","PROJECT":"LOUISIANA BARRIER ISLAND COMPREHENSIVE MONITORING PROGRAM (BICM)","PROJ_ID":"LA-0226","PROD_DATE":"20160614","SHORE_TYPE":"MARSH","SRC_DATE":"20150430","SRC_DATA":"USDA NAIP ORTHOIMAGERY","SRC_RES":"1-m pixel","SRC_VECT":"APPLIED COASTAL","SRC_RAST":"M2909118SW","DIG_NOTES":" ","REGION":"AB","CONTRACTOR":"APPLIED COASTAL","ORG":"COASTAL PROTECTION AND RESTORATION AUTHORITY OF LOUISIANA (CPRA)","SRC_REG":"USDA","DATAURL":"http://cims.coastal.louisiana.gov/meta_docs/gis_refs/shoreline/BICM2/LA-0226_SHORL_0000000000_2015043020150913_RAC0009.zip","Meta_xml":"http://cims.coastal.louisiana.gov/meta_docs/gis_refs/shoreline/BICM2/Shoreline_Metadata.xml","Meta_html":"http://cims.coastal.louisiana.gov/meta_docs/gis_refs/shoreline/BICM2/Shoreline_Metadata.html","COMMENTS":null,"SHAPE_Length":501.36827412446803,"DSAS_DATE":"04/30/2015","DSAS_UNCER":null,"year":2015}},{"type":"Feature","id":28541,"geometry":{"type":"LineString","coordinates":[[-91.862361,29.625002],[-91.861266,29.624473],[-91.857713,29.623621],[-91.855574,29.623724],[-91.854416,29.623298],[-91.853687,29.623394],[-91.853349,29.622952],[-91.852865,29.622889],[-91.852633,29.622503],[-91.852191,29.622477],[-91.851369,29.622115],[-91.851449,29.621763],[-91.851663,29.621813]]},"properties":{"OBJECTID":28541,"PROGRAM":"STATE","PROJECT":"LOUISIANA BARRIER ISLAND COMPREHENSIVE MONITORING PROGRAM (BICM)","PROJ_ID":"LA-0226","PROD_DATE":"20160614","SHORE_TYPE":"MARSH","SRC_DATE":"20150430","SRC_DATA":"USDA NAIP ORTHOIMAGERY","SRC_RES":"1-m pixel","SRC_VECT":"APPLIED COASTAL","SRC_RAST":"M2909126NW","DIG_NOTES":" ","REGION":"AB","CONTRACTOR":"APPLIED COASTAL","ORG":"COASTAL PROTECTION AND RESTORATION AUTHORITY OF LOUISIANA (CPRA)","SRC_REG":"USDA","DATAURL":"http://cims.coastal.louisiana.gov/meta_docs/gis_refs/shoreline/BICM2/LA-0226_SHORL_0000000000_2015043020150913_RAC0009.zip","Meta_xml":"http://cims.coastal.louisiana.gov/meta_docs/gis_refs/shoreline/BICM2/Shoreline_Metadata.xml","Meta_html":"http://cims.coastal.louisiana.gov/meta_docs/gis_refs/shoreline/BICM2/Shoreline_Metadata.html","COMMENTS":null,"SHAPE_Length":1283.6342610655906,"DSAS_DATE":"04/30/2015","DSAS_UNCER":null,"year":2015}},{"type":"Feature","id":28542,"geometry":{"type":"LineString","coordinates":[[-91.865478,29.627585],[-91.865821,29.627804],[-91.865695,29.627303],[-91.866102,29.626699]]},"properties":{"OBJECTID":28542,"PROGRAM":"STATE","PROJECT":"LOUISIANA BARRIER ISLAND COMPREHENSIVE MONITORING PROGRAM (BICM)","PROJ_ID":"LA-0226","PROD_DATE":"20160614","SHORE_TYPE":"MARSH","SRC_DATE":"20150430","SRC_DATA":"USDA NAIP ORTHOIMAGERY","SRC_RES":"1-m pixel","SRC_VECT":"APPLIED COASTAL","SRC_RAST":"M2909118SW","DIG_NOTES":" ","REGION":"AB","CONTRACTOR":"APPLIED COASTAL","ORG":"COASTAL PROTECTION AND RESTORATION AUTHORITY OF LOUISIANA (CPRA)","SRC_REG":"USDA","DATAURL":"http://cims.coastal.louisiana.gov/meta_docs/gis_refs/shoreline/BICM2/LA-0226_SHORL_0000000000_2015043020150913_RAC0009.zip","Meta_xml":"http://cims.coastal.louisiana.gov/meta_docs/gis_refs/shoreline/BICM2/Shoreline_Metadata.xml","Meta_html":"http://cims.coastal.louisiana.gov/meta_docs/gis_refs/shoreline/BICM2/Shoreline_Metadata.html","COMMENTS":null,"SHAPE_Length":186.63638562712782,"DSAS_DATE":"04/30/2015","DSAS_UNCER":null,"year":2015}},{"type":"Feature","id":28543,"geometry":{"type":"LineString","coordinates":[[-91.848549,29.625155],[-91.848705,29.625204],[-91.848957,29.625004]]},"properties":{"OBJECTID":28543,"PROGRAM":"STATE","PROJECT":"LOUISIANA BARRIER ISLAND COMPREHENSIVE MONITORING PROGRAM (BICM)","PROJ_ID":"LA-0226","PROD_DATE":"20160614","SHORE_TYPE":"MARSH","SRC_DATE":"20150430","SRC_DATA":"USDA NAIP ORTHOIMAGERY","SRC_RES":"1-m pixel","SRC_VECT":"APPLIED COASTAL","SRC_RAST":"M2909118SW","DIG_NOTES":" ","REGION":"AB","CONTRACTOR":"APPLIED COASTAL","ORG":"COASTAL PROTECTION AND RESTORATION AUTHORITY OF LOUISIANA (CPRA)","SRC_REG":"USDA","DATAURL":"http://cims.coastal.louisiana.gov/meta_docs/gis_refs/shoreline/BICM2/LA-0226_SHORL_0000000000_2015043020150913_RAC0009.zip","Meta_xml":"http://cims.coastal.louisiana.gov/meta_docs/gis_refs/shoreline/BICM2/Shoreline_Metadata.xml","Meta_html":"http://cims.coastal.louisiana.gov/meta_docs/gis_refs/shoreline/BICM2/Shoreline_Metadata.html","COMMENTS":null,"SHAPE_Length":51.367255350073634,"DSAS_DATE":"04/30/2015","DSAS_UNCER":null,"year":2015}},{"type":"Feature","id":28544,"geometry":{"type":"LineString","coordinates":[[-91.848957,29.625004],[-91.849431,29.624593],[-91.850913,29.623915],[-91.851082,29.623444],[-91.850951,29.623196],[-91.850809,29.623259]]},"properties":{"OBJECTID":28544,"PROGRAM":"STATE","PROJECT":"LOUISIANA BARRIER ISLAND COMPREHENSIVE MONITORING PROGRAM (BICM)","PROJ_ID":"LA-0226","PROD_DATE":"20160614","SHORE_TYPE":"MARSH","SRC_DATE":"20150430","SRC_DATA":"USDA NAIP ORTHOIMAGERY","SRC_RES":"1-m pixel","SRC_VECT":"APPLIED COASTAL","SRC_RAST":"M2909126NW","DIG_NOTES":" ","REGION":"AB","CONTRACTOR":"APPLIED COASTAL","ORG":"COASTAL PROTECTION AND RESTORATION AUTHORITY OF LOUISIANA (CPRA)","SRC_REG":"USDA","DATAURL":"http://cims.coastal.louisiana.gov/meta_docs/gis_refs/shoreline/BICM2/LA-0226_SHORL_0000000000_2015043020150913_RAC0009.zip","Meta_xml":"http://cims.coastal.louisiana.gov/meta_docs/gis_refs/shoreline/BICM2/Shoreline_Metadata.xml","Meta_html":"http://cims.coastal.louisiana.gov/meta_docs/gis_refs/shoreline/BICM2/Shoreline_Metadata.html","COMMENTS":null,"SHAPE_Length":338.80277929964944,"DSAS_DATE":"04/30/2015","DSAS_UNCER":null,"year":2015}},{"type":"Feature","id":28545,"geometry":{"type":"LineString","coordinates":[[-91.848459,29.625252],[-91.848551,29.625509],[-91.848248,29.625661],[-91.847956,29.626156],[-91.847879,29.627152],[-91.847505,29.627776]]},"properties":{"OBJECTID":28545,"PROGRAM":"STATE","PROJECT":"LOUISIANA BARRIER ISLAND COMPREHENSIVE MONITORING PROGRAM (BICM)","PROJ_ID":"LA-0226","PROD_DATE":"20160614","SHORE_TYPE":"MARSH","SRC_DATE":"20150430","SRC_DATA":"USDA NAIP ORTHOIMAGERY","SRC_RES":"1-m pixel","SRC_VECT":"APPLIED COASTAL","SRC_RAST":"M2909118SW","DIG_NOTES":" ","REGION":"AB","CONTRACTOR":"APPLIED COASTAL","ORG":"COASTAL PROTECTION AND RESTORATION AUTHORITY OF LOUISIANA (CPRA)","SRC_REG":"USDA","DATAURL":"http://cims.coastal.louisiana.gov/meta_docs/gis_refs/shoreline/BICM2/LA-0226_SHORL_0000000000_2015043020150913_RAC0009.zip","Meta_xml":"http://cims.coastal.louisiana.gov/meta_docs/gis_refs/shoreline/BICM2/Shoreline_Metadata.xml","Meta_html":"http://cims.coastal.louisiana.gov/meta_docs/gis_refs/shoreline/BICM2/Shoreline_Metadata.html","COMMENTS":null,"SHAPE_Length":346.13692875985464,"DSAS_DATE":"04/30/2015","DSAS_UNCER":null,"year":2015}},{"type":"Feature","id":28546,"geometry":{"type":"LineString","coordinates":[[-91.847505,29.627827],[-91.847671,29.628177],[-91.847524,29.628235],[-91.847449,29.628013],[-91.847089,29.628158],[-91.846871,29.628803],[-91.84655,29.628461],[-91.845901,29.628191],[-91.845171,29.628201],[-91.84491,29.628424],[-91.844613,29.628131],[-91.844031,29.628034],[-91.843906,29.627676],[-91.843217,29.627636],[-91.843085,29.627328],[-91.843623,29.62671],[-91.843833,29.626086],[-91.843665,29.625371],[-91.84396,29.625004]]},"properties":{"OBJECTID":28546,"PROGRAM":"STATE","PROJECT":"LOUISIANA BARRIER ISLAND COMPREHENSIVE MONITORING PROGRAM (BICM)","PROJ_ID":"LA-0226","PROD_DATE":"20160614","SHORE_TYPE":"MARSH","SRC_DATE":"20150430","SRC_DATA":"USDA NAIP ORTHOIMAGERY","SRC_RES":"1-m pixel","SRC_VECT":"APPLIED COASTAL","SRC_RAST":"M2909118SW","DIG_NOTES":" ","REGION":"AB","CONTRACTOR":"APPLIED COASTAL","ORG":"COASTAL PROTECTION AND RESTORATION AUTHORITY OF LOUISIANA (CPRA)","SRC_REG":"USDA","DATAURL":"http://cims.coastal.louisiana.gov/meta_docs/gis_refs/shoreline/BICM2/LA-0226_SHORL_0000000000_2015043020150913_RAC0009.zip","Meta_xml":"http://cims.coastal.louisiana.gov/meta_docs/gis_refs/shoreline/BICM2/Shoreline_Metadata.xml","Meta_html":"http://cims.coastal.louisiana.gov/meta_docs/gis_refs/shoreline/BICM2/Shoreline_Metadata.html","COMMENTS":null,"SHAPE_Length":1026.490872242059,"DSAS_DATE":"04/30/2015","DSAS_UNCER":null,"year":2015}},{"type":"Feature","id":28547,"geometry":{"type":"LineString","coordinates":[[-91.84396,29.625004],[-91.843782,29.624311],[-91.843904,29.623952],[-91.843333,29.623002],[-91.843675,29.62246],[-91.843436,29.622167],[-91.843687,29.621593],[-91.843519,29.620856],[-91.843598,29.620305],[-91.843275,29.619679],[-91.843256,29.619185],[-91.842886,29.618965],[-91.842711,29.618407],[-91.841813,29.617304],[-91.841513,29.616424],[-91.840867,29.616101],[-91.84071,29.615801],[-91.839789,29.615231],[-91.839591,29.614888],[-91.838727,29.614233],[-91.837664,29.613837],[-91.836479,29.612717],[-91.833942,29.611917],[-91.833278,29.611934],[-91.83299,29.611642],[-91.83249,29.611672],[-91.832259,29.611301],[-91.831054,29.61132],[-91.830288,29.608709],[-91.830147,29.608552],[-91.829664,29.608528],[-91.829696,29.608356],[-91.829376,29.60825],[-91.82897,29.607493],[-91.828617,29.607215],[-91.828522,29.606413],[-91.827746,29.605166]]},"properties":{"OBJECTID":28547,"PROGRAM":"STATE","PROJECT":"LOUISIANA BARRIER ISLAND COMPREHENSIVE MONITORING PROGRAM (BICM)","PROJ_ID":"LA-0226","PROD_DATE":"20160614","SHORE_TYPE":"MARSH","SRC_DATE":"20150430","SRC_DATA":"USDA NAIP ORTHOIMAGERY","SRC_RES":"1-m pixel","SRC_VECT":"APPLIED COASTAL","SRC_RAST":"M2909126NW","DIG_NOTES":" ","REGION":"AB","CONTRACTOR":"APPLIED COASTAL","ORG":"COASTAL PROTECTION AND RESTORATION AUTHORITY OF LOUISIANA (CPRA)","SRC_REG":"USDA","DATAURL":"http://cims.coastal.louisiana.gov/meta_docs/gis_refs/shoreline/BICM2/LA-0226_SHORL_0000000000_2015043020150913_RAC0009.zip","Meta_xml":"http://cims.coastal.louisiana.gov/meta_docs/gis_refs/shoreline/BICM2/Shoreline_Metadata.xml","Meta_html":"http://cims.coastal.louisiana.gov/meta_docs/gis_refs/shoreline/BICM2/Shoreline_Metadata.html","COMMENTS":null,"SHAPE_Length":3231.728395345517,"DSAS_DATE":"04/30/2015","DSAS_UNCER":null,"year":2015}},{"type":"Feature","id":28548,"geometry":{"type":"LineString","coordinates":[[-91.850762,29.623259],[-91.850245,29.622729]]},"properties":{"OBJECTID":28548,"PROGRAM":"STATE","PROJECT":"LOUISIANA BARRIER ISLAND COMPREHENSIVE MONITORING PROGRAM (BICM)","PROJ_ID":"LA-0226","PROD_DATE":"20160614","SHORE_TYPE":"MARSH","SRC_DATE":"20150430","SRC_DATA":"USDA NAIP ORTHOIMAGERY","SRC_RES":"1-m pixel","SRC_VECT":"APPLIED COASTAL","SRC_RAST":"M2909126NW","DIG_NOTES":" ","REGION":"AB","CONTRACTOR":"APPLIED COASTAL","ORG":"COASTAL PROTECTION AND RESTORATION AUTHORITY OF LOUISIANA (CPRA)","SRC_REG":"USDA","DATAURL":"http://cims.coastal.louisiana.gov/meta_docs/gis_refs/shoreline/BICM2/LA-0226_SHORL_0000000000_2015043020150913_RAC0009.zip","Meta_xml":"http://cims.coastal.louisiana.gov/meta_docs/gis_refs/shoreline/BICM2/Shoreline_Metadata.xml","Meta_html":"http://cims.coastal.louisiana.gov/meta_docs/gis_refs/shoreline/BICM2/Shoreline_Metadata.html","COMMENTS":null,"SHAPE_Length":85.36985072938062,"DSAS_DATE":"04/30/2015","DSAS_UNCER":null,"year":2015}},{"type":"Feature","id":28549,"geometry":{"type":"LineString","coordinates":[[-91.850274,29.622661],[-91.85041,29.622625],[-91.850384,29.622294],[-91.849764,29.622395]]},"properties":{"OBJECTID":28549,"PROGRAM":"STATE","PROJECT":"LOUISIANA BARRIER ISLAND COMPREHENSIVE MONITORING PROGRAM (BICM)","PROJ_ID":"LA-0226","PROD_DATE":"20160614","SHORE_TYPE":"MARSH","SRC_DATE":"20150430","SRC_DATA":"USDA NAIP ORTHOIMAGERY","SRC_RES":"1-m pixel","SRC_VECT":"APPLIED COASTAL","SRC_RAST":"M2909126NW","DIG_NOTES":" ","REGION":"AB","CONTRACTOR":"APPLIED COASTAL","ORG":"COASTAL PROTECTION AND RESTORATION AUTHORITY OF LOUISIANA (CPRA)","SRC_REG":"USDA","DATAURL":"http://cims.coastal.louisiana.gov/meta_docs/gis_refs/shoreline/BICM2/LA-0226_SHORL_0000000000_2015043020150913_RAC0009.zip","Meta_xml":"http://cims.coastal.louisiana.gov/meta_docs/gis_refs/shoreline/BICM2/Shoreline_Metadata.xml","Meta_html":"http://cims.coastal.louisiana.gov/meta_docs/gis_refs/shoreline/BICM2/Shoreline_Metadata.html","COMMENTS":null,"SHAPE_Length":118.30081840804259,"DSAS_DATE":"04/30/2015","DSAS_UNCER":null,"year":2015}},{"type":"Feature","id":28550,"geometry":{"type":"LineString","coordinates":[[-91.849699,29.622379],[-91.849277,29.621994]]},"properties":{"OBJECTID":28550,"PROGRAM":"STATE","PROJECT":"LOUISIANA BARRIER ISLAND COMPREHENSIVE MONITORING PROGRAM (BICM)","PROJ_ID":"LA-0226","PROD_DATE":"20160614","SHORE_TYPE":"MARSH","SRC_DATE":"20150430","SRC_DATA":"USDA NAIP ORTHOIMAGERY","SRC_RES":"1-m pixel","SRC_VECT":"APPLIED COASTAL","SRC_RAST":"M2909126NW","DIG_NOTES":" ","REGION":"AB","CONTRACTOR":"APPLIED COASTAL","ORG":"COASTAL PROTECTION AND RESTORATION AUTHORITY OF LOUISIANA (CPRA)","SRC_REG":"USDA","DATAURL":"http://cims.coastal.louisiana.gov/meta_docs/gis_refs/shoreline/BICM2/LA-0226_SHORL_0000000000_2015043020150913_RAC0009.zip","Meta_xml":"http://cims.coastal.louisiana.gov/meta_docs/gis_refs/shoreline/BICM2/Shoreline_Metadata.xml","Meta_html":"http://cims.coastal.louisiana.gov/meta_docs/gis_refs/shoreline/BICM2/Shoreline_Metadata.html","COMMENTS":null,"SHAPE_Length":64.81186117284331,"DSAS_DATE":"04/30/2015","DSAS_UNCER":null,"year":2015}},{"type":"Feature","id":28551,"geometry":{"type":"LineString","coordinates":[[-91.8493,29.621911],[-91.849369,29.621621],[-91.848823,29.621256],[-91.848528,29.621216],[-91.848505,29.621418]]},"properties":{"OBJECTID":28551,"PROGRAM":"STATE","PROJECT":"LOUISIANA BARRIER ISLAND COMPREHENSIVE MONITORING PROGRAM (BICM)","PROJ_ID":"LA-0226","PROD_DATE":"20160614","SHORE_TYPE":"MARSH","SRC_DATE":"20150430","SRC_DATA":"USDA NAIP ORTHOIMAGERY","SRC_RES":"1-m pixel","SRC_VECT":"APPLIED COASTAL","SRC_RAST":"M2909126NW","DIG_NOTES":" ","REGION":"AB","CONTRACTOR":"APPLIED COASTAL","ORG":"COASTAL PROTECTION AND RESTORATION AUTHORITY OF LOUISIANA (CPRA)","SRC_REG":"USDA","DATAURL":"http://cims.coastal.louisiana.gov/meta_docs/gis_refs/shoreline/BICM2/LA-0226_SHORL_0000000000_2015043020150913_RAC0009.zip","Meta_xml":"http://cims.coastal.louisiana.gov/meta_docs/gis_refs/shoreline/BICM2/Shoreline_Metadata.xml","Meta_html":"http://cims.coastal.louisiana.gov/meta_docs/gis_refs/shoreline/BICM2/Shoreline_Metadata.html","COMMENTS":null,"SHAPE_Length":159.22806970964453,"DSAS_DATE":"04/30/2015","DSAS_UNCER":null,"year":2015}},{"type":"Feature","id":28552,"geometry":{"type":"LineString","coordinates":[[-91.848416,29.621418],[-91.84835,29.62121],[-91.847912,29.621089],[-91.847404,29.621283],[-91.84747,29.62152]]},"properties":{"OBJECTID":28552,"PROGRAM":"STATE","PROJECT":"LOUISIANA BARRIER ISLAND COMPREHENSIVE MONITORING PROGRAM (BICM)","PROJ_ID":"LA-0226","PROD_DATE":"20160614","SHORE_TYPE":"MARSH","SRC_DATE":"20150430","SRC_DATA":"USDA NAIP ORTHOIMAGERY","SRC_RES":"1-m pixel","SRC_VECT":"APPLIED COASTAL","SRC_RAST":"M2909126NW","DIG_NOTES":" ","REGION":"AB","CONTRACTOR":"APPLIED COASTAL","ORG":"COASTAL PROTECTION AND RESTORATION AUTHORITY OF LOUISIANA (CPRA)","SRC_REG":"USDA","DATAURL":"http://cims.coastal.louisiana.gov/meta_docs/gis_refs/shoreline/BICM2/LA-0226_SHORL_0000000000_2015043020150913_RAC0009.zip","Meta_xml":"http://cims.coastal.louisiana.gov/meta_docs/gis_refs/shoreline/BICM2/Shoreline_Metadata.xml","Meta_html":"http://cims.coastal.louisiana.gov/meta_docs/gis_refs/shoreline/BICM2/Shoreline_Metadata.html","COMMENTS":null,"SHAPE_Length":158.1261204223701,"DSAS_DATE":"04/30/2015","DSAS_UNCER":null,"year":2015}},{"type":"Feature","id":28553,"geometry":{"type":"LineString","coordinates":[[-91.851694,29.621751],[-91.851172,29.621361],[-91.850167,29.621391],[-91.850248,29.62111],[-91.850549,29.621067],[-91.850413,29.62099],[-91.850435,29.620747],[-91.85066,29.620762]]},"properties":{"OBJECTID":28553,"PROGRAM":"STATE","PROJECT":"LOUISIANA BARRIER ISLAND COMPREHENSIVE MONITORING PROGRAM (BICM)","PROJ_ID":"LA-0226","PROD_DATE":"20160614","SHORE_TYPE":"MARSH","SRC_DATE":"20150430","SRC_DATA":"USDA NAIP ORTHOIMAGERY","SRC_RES":"1-m pixel","SRC_VECT":"APPLIED COASTAL","SRC_RAST":"M2909126NW","DIG_NOTES":" ","REGION":"AB","CONTRACTOR":"APPLIED COASTAL","ORG":"COASTAL PROTECTION AND RESTORATION AUTHORITY OF LOUISIANA (CPRA)","SRC_REG":"USDA","DATAURL":"http://cims.coastal.louisiana.gov/meta_docs/gis_refs/shoreline/BICM2/LA-0226_SHORL_0000000000_2015043020150913_RAC0009.zip","Meta_xml":"http://cims.coastal.louisiana.gov/meta_docs/gis_refs/shoreline/BICM2/Shoreline_Metadata.xml","Meta_html":"http://cims.coastal.louisiana.gov/meta_docs/gis_refs/shoreline/BICM2/Shoreline_Metadata.html","COMMENTS":null,"SHAPE_Length":319.36492535710005,"DSAS_DATE":"04/30/2015","DSAS_UNCER":null,"year":2015}},{"type":"Feature","id":28554,"geometry":{"type":"LineString","coordinates":[[-91.847054,29.620941],[-91.846864,29.620828],[-91.847393,29.620335],[-91.848028,29.620741],[-91.847054,29.620941]]},"properties":{"OBJECTID":28554,"PROGRAM":"STATE","PROJECT":"LOUISIANA BARRIER ISLAND COMPREHENSIVE MONITORING PROGRAM (BICM)","PROJ_ID":"LA-0226","PROD_DATE":"20160614","SHORE_TYPE":"MARSH","SRC_DATE":"20150430","SRC_DATA":"USDA NAIP ORTHOIMAGERY","SRC_RES":"1-m pixel","SRC_VECT":"APPLIED COASTAL","SRC_RAST":"M2909126NW","DIG_NOTES":" ","REGION":"AB","CONTRACTOR":"APPLIED COASTAL","ORG":"COASTAL PROTECTION AND RESTORATION AUTHORITY OF LOUISIANA (CPRA)","SRC_REG":"USDA","DATAURL":"http://cims.coastal.louisiana.gov/meta_docs/gis_refs/shoreline/BICM2/LA-0226_SHORL_0000000000_2015043020150913_RAC0009.zip","Meta_xml":"http://cims.coastal.louisiana.gov/meta_docs/gis_refs/shoreline/BICM2/Shoreline_Metadata.xml","Meta_html":"http://cims.coastal.louisiana.gov/meta_docs/gis_refs/shoreline/BICM2/Shoreline_Metadata.html","COMMENTS":null,"SHAPE_Length":290.24184216893207,"DSAS_DATE":"04/30/2015","DSAS_UNCER":null,"year":2015}},{"type":"Feature","id":28555,"geometry":{"type":"LineString","coordinates":[[-91.84935,29.620133],[-91.848808,29.620575],[-91.847734,29.61983]]},"properties":{"OBJECTID":28555,"PROGRAM":"STATE","PROJECT":"LOUISIANA BARRIER ISLAND COMPREHENSIVE MONITORING PROGRAM (BICM)","PROJ_ID":"LA-0226","PROD_DATE":"20160614","SHORE_TYPE":"MARSH","SRC_DATE":"20150430","SRC_DATA":"USDA NAIP ORTHOIMAGERY","SRC_RES":"1-m pixel","SRC_VECT":"APPLIED COASTAL","SRC_RAST":"M2909126NW","DIG_NOTES":" ","REGION":"AB","CONTRACTOR":"APPLIED COASTAL","ORG":"COASTAL PROTECTION AND RESTORATION AUTHORITY OF LOUISIANA (CPRA)","SRC_REG":"USDA","DATAURL":"http://cims.coastal.louisiana.gov/meta_docs/gis_refs/shoreline/BICM2/LA-0226_SHORL_0000000000_2015043020150913_RAC0009.zip","Meta_xml":"http://cims.coastal.louisiana.gov/meta_docs/gis_refs/shoreline/BICM2/Shoreline_Metadata.xml","Meta_html":"http://cims.coastal.louisiana.gov/meta_docs/gis_refs/shoreline/BICM2/Shoreline_Metadata.html","COMMENTS":null,"SHAPE_Length":213.2508127101763,"DSAS_DATE":"04/30/2015","DSAS_UNCER":null,"year":2015}},{"type":"Feature","id":28556,"geometry":{"type":"LineString","coordinates":[[-91.850547,29.620604],[-91.849433,29.62018]]},"properties":{"OBJECTID":28556,"PROGRAM":"STATE","PROJECT":"LOUISIANA BARRIER ISLAND COMPREHENSIVE MONITORING PROGRAM (BICM)","PROJ_ID":"LA-0226","PROD_DATE":"20160614","SHORE_TYPE":"MARSH","SRC_DATE":"20150430","SRC_DATA":"USDA NAIP ORTHOIMAGERY","SRC_RES":"1-m pixel","SRC_VECT":"APPLIED COASTAL","SRC_RAST":"M2909126NW","DIG_NOTES":" ","REGION":"AB","CONTRACTOR":"APPLIED COASTAL","ORG":"COASTAL PROTECTION AND RESTORATION AUTHORITY OF LOUISIANA (CPRA)","SRC_REG":"USDA","DATAURL":"http://cims.coastal.louisiana.gov/meta_docs/gis_refs/shoreline/BICM2/LA-0226_SHORL_0000000000_2015043020150913_RAC0009.zip","Meta_xml":"http://cims.coastal.louisiana.gov/meta_docs/gis_refs/shoreline/BICM2/Shoreline_Metadata.xml","Meta_html":"http://cims.coastal.louisiana.gov/meta_docs/gis_refs/shoreline/BICM2/Shoreline_Metadata.html","COMMENTS":null,"SHAPE_Length":131.9583363012343,"DSAS_DATE":"04/30/2015","DSAS_UNCER":null,"year":2015}},{"type":"Feature","id":28557,"geometry":{"type":"LineString","coordinates":[[-91.849684,29.62068],[-91.849603,29.621083],[-91.849307,29.620888],[-91.849684,29.62068]]},"properties":{"OBJECTID":28557,"PROGRAM":"STATE","PROJECT":"LOUISIANA BARRIER ISLAND COMPREHENSIVE MONITORING PROGRAM (BICM)","PROJ_ID":"LA-0226","PROD_DATE":"20160614","SHORE_TYPE":"MARSH","SRC_DATE":"20150430","SRC_DATA":"USDA NAIP ORTHOIMAGERY","SRC_RES":"1-m pixel","SRC_VECT":"APPLIED COASTAL","SRC_RAST":"M2909126NW","DIG_NOTES":" ","REGION":"AB","CONTRACTOR":"APPLIED COASTAL","ORG":"COASTAL PROTECTION AND RESTORATION AUTHORITY OF LOUISIANA (CPRA)","SRC_REG":"USDA","DATAURL":"http://cims.coastal.louisiana.gov/meta_docs/gis_refs/shoreline/BICM2/LA-0226_SHORL_0000000000_2015043020150913_RAC0009.zip","Meta_xml":"http://cims.coastal.louisiana.gov/meta_docs/gis_refs/shoreline/BICM2/Shoreline_Metadata.xml","Meta_html":"http://cims.coastal.louisiana.gov/meta_docs/gis_refs/shoreline/BICM2/Shoreline_Metadata.html","COMMENTS":null,"SHAPE_Length":130.36902992288944,"DSAS_DATE":"04/30/2015","DSAS_UNCER":null,"year":2015}},{"type":"Feature","id":28558,"geometry":{"type":"LineString","coordinates":[[-91.846851,29.628865],[-91.846851,29.628865]]},"properties":{"OBJECTID":28558,"PROGRAM":"STATE","PROJECT":"LOUISIANA BARRIER ISLAND COMPREHENSIVE MONITORING PROGRAM (BICM)","PROJ_ID":"LA-0226","PROD_DATE":"20160614","SHORE_TYPE":"MARSH","SRC_DATE":"20150430","SRC_DATA":"USDA NAIP ORTHOIMAGERY","SRC_RES":"1-m pixel","SRC_VECT":"APPLIED COASTAL","SRC_RAST":"M2909118SW","DIG_NOTES":" ","REGION":"AB","CONTRACTOR":"APPLIED COASTAL","ORG":"COASTAL PROTECTION AND RESTORATION AUTHORITY OF LOUISIANA (CPRA)","SRC_REG":"USDA","DATAURL":"http://cims.coastal.louisiana.gov/meta_docs/gis_refs/shoreline/BICM2/LA-0226_SHORL_0000000000_2015043020150913_RAC0009.zip","Meta_xml":"http://cims.coastal.louisiana.gov/meta_docs/gis_refs/shoreline/BICM2/Shoreline_Metadata.xml","Meta_html":"http://cims.coastal.louisiana.gov/meta_docs/gis_refs/shoreline/BICM2/Shoreline_Metadata.html","COMMENTS":null,"SHAPE_Length":16.85823834193836,"DSAS_DATE":"04/30/2015","DSAS_UNCER":null,"year":2015}},{"type":"Feature","id":28559,"geometry":{"type":"LineString","coordinates":[[-91.848468,29.628663],[-91.848468,29.628663]]},"properties":{"OBJECTID":28559,"PROGRAM":"STATE","PROJECT":"LOUISIANA BARRIER ISLAND COMPREHENSIVE MONITORING PROGRAM (BICM)","PROJ_ID":"LA-0226","PROD_DATE":"20160614","SHORE_TYPE":"MARSH","SRC_DATE":"20150430","SRC_DATA":"USDA NAIP ORTHOIMAGERY","SRC_RES":"1-m pixel","SRC_VECT":"APPLIED COASTAL","SRC_RAST":"M2909118SW","DIG_NOTES":" ","REGION":"AB","CONTRACTOR":"APPLIED COASTAL","ORG":"COASTAL PROTECTION AND RESTORATION AUTHORITY OF LOUISIANA (CPRA)","SRC_REG":"USDA","DATAURL":"http://cims.coastal.louisiana.gov/meta_docs/gis_refs/shoreline/BICM2/LA-0226_SHORL_0000000000_2015043020150913_RAC0009.zip","Meta_xml":"http://cims.coastal.louisiana.gov/meta_docs/gis_refs/shoreline/BICM2/Shoreline_Metadata.xml","Meta_html":"http://cims.coastal.louisiana.gov/meta_docs/gis_refs/shoreline/BICM2/Shoreline_Metadata.html","COMMENTS":null,"SHAPE_Length":27.311665798559666,"DSAS_DATE":"04/30/2015","DSAS_UNCER":null,"year":2015}},{"type":"Feature","id":28560,"geometry":{"type":"LineString","coordinates":[[-91.865999,29.628273],[-91.866236,29.62832],[-91.866003,29.628548],[-91.865999,29.628273]]},"properties":{"OBJECTID":28560,"PROGRAM":"STATE","PROJECT":"LOUISIANA BARRIER ISLAND COMPREHENSIVE MONITORING PROGRAM (BICM)","PROJ_ID":"LA-0226","PROD_DATE":"20160614","SHORE_TYPE":"MARSH","SRC_DATE":"20150430","SRC_DATA":"USDA NAIP ORTHOIMAGERY","SRC_RES":"1-m pixel","SRC_VECT":"APPLIED COASTAL","SRC_RAST":"M2909118SW","DIG_NOTES":" ","REGION":"AB","CONTRACTOR":"APPLIED COASTAL","ORG":"COASTAL PROTECTION AND RESTORATION AUTHORITY OF LOUISIANA (CPRA)","SRC_REG":"USDA","DATAURL":"http://cims.coastal.louisiana.gov/meta_docs/gis_refs/shoreline/BICM2/LA-0226_SHORL_0000000000_2015043020150913_RAC0009.zip","Meta_xml":"http://cims.coastal.louisiana.gov/meta_docs/gis_refs/shoreline/BICM2/Shoreline_Metadata.xml","Meta_html":"http://cims.coastal.louisiana.gov/meta_docs/gis_refs/shoreline/BICM2/Shoreline_Metadata.html","COMMENTS":null,"SHAPE_Length":113.18415079951217,"DSAS_DATE":"04/30/2015","DSAS_UNCER":null,"year":2015}},{"type":"Feature","id":28561,"geometry":{"type":"LineString","coordinates":[[-91.827624,29.605168],[-91.827533,29.605422]]},"properties":{"OBJECTID":28561,"PROGRAM":"STATE","PROJECT":"LOUISIANA BARRIER ISLAND COMPREHENSIVE MONITORING PROGRAM (BICM)","PROJ_ID":"LA-0226","PROD_DATE":"20160614","SHORE_TYPE":"MARSH","SRC_DATE":"20150430","SRC_DATA":"USDA NAIP ORTHOIMAGERY","SRC_RES":"1-m pixel","SRC_VECT":"APPLIED COASTAL","SRC_RAST":"M2909126NW","DIG_NOTES":" ","REGION":"AB","CONTRACTOR":"APPLIED COASTAL","ORG":"COASTAL PROTECTION AND RESTORATION AUTHORITY OF LOUISIANA (CPRA)","SRC_REG":"USDA","DATAURL":"http://cims.coastal.louisiana.gov/meta_docs/gis_refs/shoreline/BICM2/LA-0226_SHORL_0000000000_2015043020150913_RAC0009.zip","Meta_xml":"http://cims.coastal.louisiana.gov/meta_docs/gis_refs/shoreline/BICM2/Shoreline_Metadata.xml","Meta_html":"http://cims.coastal.louisiana.gov/meta_docs/gis_refs/shoreline/BICM2/Shoreline_Metadata.html","COMMENTS":null,"SHAPE_Length":30.287123365558365,"DSAS_DATE":"04/30/2015","DSAS_UNCER":null,"year":2015}},{"type":"Feature","id":28562,"geometry":{"type":"LineString","coordinates":[[-91.82747,29.605441],[-91.827265,29.605689],[-91.826641,29.605413],[-91.825979,29.604734],[-91.82547,29.603573],[-91.825582,29.603306],[-91.825731,29.603262],[-91.825632,29.603436]]},"properties":{"OBJECTID":28562,"PROGRAM":"STATE","PROJECT":"LOUISIANA BARRIER ISLAND COMPREHENSIVE MONITORING PROGRAM (BICM)","PROJ_ID":"LA-0226","PROD_DATE":"20160614","SHORE_TYPE":"MARSH","SRC_DATE":"20150430","SRC_DATA":"USDA NAIP ORTHOIMAGERY","SRC_RES":"1-m pixel","SRC_VECT":"APPLIED COASTAL","SRC_RAST":"M2909126NW","DIG_NOTES":" ","REGION":"AB","CONTRACTOR":"APPLIED COASTAL","ORG":"COASTAL PROTECTION AND RESTORATION AUTHORITY OF LOUISIANA (CPRA)","SRC_REG":"USDA","DATAURL":"http://cims.coastal.louisiana.gov/meta_docs/gis_refs/shoreline/BICM2/LA-0226_SHORL_0000000000_2015043020150913_RAC0009.zip","Meta_xml":"http://cims.coastal.louisiana.gov/meta_docs/gis_refs/shoreline/BICM2/Shoreline_Metadata.xml","Meta_html":"http://cims.coastal.louisiana.gov/meta_docs/gis_refs/shoreline/BICM2/Shoreline_Metadata.html","COMMENTS":null,"SHAPE_Length":438.056730147282,"DSAS_DATE":"04/30/2015","DSAS_UNCER":null,"year":2015}},{"type":"Feature","id":28563,"geometry":{"type":"LineString","coordinates":[[-91.824119,29.600964],[-91.824523,29.601243],[-91.824758,29.601695],[-91.824759,29.602006],[-91.824488,29.602436],[-91.823866,29.60223],[-91.822528,29.6023],[-91.822451,29.602068]]},"properties":{"OBJECTID":28563,"PROGRAM":"STATE","PROJECT":"LOUISIANA BARRIER ISLAND COMPREHENSIVE MONITORING PROGRAM (BICM)","PROJ_ID":"LA-0226","PROD_DATE":"20160614","SHORE_TYPE":"MARSH","SRC_DATE":"20150430","SRC_DATA":"USDA NAIP ORTHOIMAGERY","SRC_RES":"1-m pixel","SRC_VECT":"APPLIED COASTAL","SRC_RAST":"M2909126NW","DIG_NOTES":" ","REGION":"AB","CONTRACTOR":"APPLIED COASTAL","ORG":"COASTAL PROTECTION AND RESTORATION AUTHORITY OF LOUISIANA (CPRA)","SRC_REG":"USDA","DATAURL":"http://cims.coastal.louisiana.gov/meta_docs/gis_refs/shoreline/BICM2/LA-0226_SHORL_0000000000_2015043020150913_RAC0009.zip","Meta_xml":"http://cims.coastal.louisiana.gov/meta_docs/gis_refs/shoreline/BICM2/Shoreline_Metadata.xml","Meta_html":"http://cims.coastal.louisiana.gov/meta_docs/gis_refs/shoreline/BICM2/Shoreline_Metadata.html","COMMENTS":null,"SHAPE_Length":433.1747645641539,"DSAS_DATE":"04/30/2015","DSAS_UNCER":null,"year":2015}},{"type":"Feature","id":28564,"geometry":{"type":"LineString","coordinates":[[-91.822411,29.602086],[-91.822255,29.602474],[-91.822275,29.602254]]},"properties":{"OBJECTID":28564,"PROGRAM":"STATE","PROJECT":"LOUISIANA BARRIER ISLAND COMPREHENSIVE MONITORING PROGRAM (BICM)","PROJ_ID":"LA-0226","PROD_DATE":"20160614","SHORE_TYPE":"MARSH","SRC_DATE":"20150430","SRC_DATA":"USDA NAIP ORTHOIMAGERY","SRC_RES":"1-m pixel","SRC_VECT":"APPLIED COASTAL","SRC_RAST":"M2909126NW","DIG_NOTES":" ","REGION":"AB","CONTRACTOR":"APPLIED COASTAL","ORG":"COASTAL PROTECTION AND RESTORATION AUTHORITY OF LOUISIANA (CPRA)","SRC_REG":"USDA","DATAURL":"http://cims.coastal.louisiana.gov/meta_docs/gis_refs/shoreline/BICM2/LA-0226_SHORL_0000000000_2015043020150913_RAC0009.zip","Meta_xml":"http://cims.coastal.louisiana.gov/meta_docs/gis_refs/shoreline/BICM2/Shoreline_Metadata.xml","Meta_html":"http://cims.coastal.louisiana.gov/meta_docs/gis_refs/shoreline/BICM2/Shoreline_Metadata.html","COMMENTS":null,"SHAPE_Length":88.10994359511795,"DSAS_DATE":"04/30/2015","DSAS_UNCER":null,"year":2015}},{"type":"Feature","id":28565,"geometry":{"type":"LineString","coordinates":[[-91.825681,29.603446],[-91.825824,29.603261],[-91.825584,29.603077],[-91.825897,29.602843],[-91.82582,29.602467],[-91.825076,29.601097]]},"properties":{"OBJECTID":28565,"PROGRAM":"STATE","PROJECT":"LOUISIANA BARRIER ISLAND COMPREHENSIVE MONITORING PROGRAM (BICM)","PROJ_ID":"LA-0226","PROD_DATE":"20160614","SHORE_TYPE":"MARSH","SRC_DATE":"20150430","SRC_DATA":"USDA NAIP ORTHOIMAGERY","SRC_RES":"1-m pixel","SRC_VECT":"APPLIED COASTAL","SRC_RAST":"M2909126NW","DIG_NOTES":" ","REGION":"AB","CONTRACTOR":"APPLIED COASTAL","ORG":"COASTAL PROTECTION AND RESTORATION AUTHORITY OF LOUISIANA (CPRA)","SRC_REG":"USDA","DATAURL":"http://cims.coastal.louisiana.gov/meta_docs/gis_refs/shoreline/BICM2/LA-0226_SHORL_0000000000_2015043020150913_RAC0009.zip","Meta_xml":"http://cims.coastal.louisiana.gov/meta_docs/gis_refs/shoreline/BICM2/Shoreline_Metadata.xml","Meta_html":"http://cims.coastal.louisiana.gov/meta_docs/gis_refs/shoreline/BICM2/Shoreline_Metadata.html","COMMENTS":null,"SHAPE_Length":325.61535219972006,"DSAS_DATE":"04/30/2015","DSAS_UNCER":null,"year":2015}},{"type":"Feature","id":28566,"geometry":{"type":"LineString","coordinates":[[-91.817457,29.601197],[-91.818548,29.601122],[-91.818746,29.601306],[-91.818944,29.601234],[-91.819724,29.601577],[-91.819766,29.601797],[-91.820541,29.602463],[-91.82106,29.602509],[-91.821084,29.603207],[-91.8213,29.602526],[-91.821716,29.602411],[-91.821701,29.602268],[-91.822207,29.602296]]},"properties":{"OBJECTID":28566,"PROGRAM":"STATE","PROJECT":"LOUISIANA BARRIER ISLAND COMPREHENSIVE MONITORING PROGRAM (BICM)","PROJ_ID":"LA-0226","PROD_DATE":"20160614","SHORE_TYPE":"MARSH","SRC_DATE":"20150430","SRC_DATA":"USDA NAIP ORTHOIMAGERY","SRC_RES":"1-m pixel","SRC_VECT":"APPLIED COASTAL","SRC_RAST":"M2909126NW","DIG_NOTES":" ","REGION":"AB","CONTRACTOR":"APPLIED COASTAL","ORG":"COASTAL PROTECTION AND RESTORATION AUTHORITY OF LOUISIANA (CPRA)","SRC_REG":"USDA","DATAURL":"http://cims.coastal.louisiana.gov/meta_docs/gis_refs/shoreline/BICM2/LA-0226_SHORL_0000000000_2015043020150913_RAC0009.zip","Meta_xml":"http://cims.coastal.louisiana.gov/meta_docs/gis_refs/shoreline/BICM2/Shoreline_Metadata.xml","Meta_html":"http://cims.coastal.louisiana.gov/meta_docs/gis_refs/shoreline/BICM2/Shoreline_Metadata.html","COMMENTS":null,"SHAPE_Length":758.1907153535224,"DSAS_DATE":"04/30/2015","DSAS_UNCER":null,"year":2015}},{"type":"Feature","id":28567,"geometry":{"type":"LineString","coordinates":[[-91.809441,29.596421],[-91.809439,29.596039],[-91.809185,29.595808],[-91.809248,29.59554],[-91.808113,29.595222],[-91.807263,29.594658],[-91.807234,29.595655],[-91.807044,29.595876],[-91.807298,29.596213],[-91.806967,29.596972],[-91.806989,29.597288],[-91.806609,29.597767],[-91.806761,29.598297],[-91.807001,29.598428],[-91.806921,29.598828],[-91.807181,29.598887],[-91.807296,29.598677],[-91.80763,29.598598],[-91.808225,29.59871],[-91.808793,29.599125],[-91.809988,29.599055],[-91.810866,29.599789],[-91.810718,29.600249],[-91.811901,29.600597],[-91.8125,29.600475]]},"properties":{"OBJECTID":28567,"PROGRAM":"STATE","PROJECT":"LOUISIANA BARRIER ISLAND COMPREHENSIVE MONITORING PROGRAM (BICM)","PROJ_ID":"LA-0226","PROD_DATE":"20160614","SHORE_TYPE":"MARSH","SRC_DATE":"20150827","SRC_DATA":"USDA NAIP ORTHOIMAGERY","SRC_RES":"1-m pixel","SRC_VECT":"APPLIED COASTAL","SRC_RAST":"M2909126NE","DIG_NOTES":" ","REGION":"AB","CONTRACTOR":"APPLIED COASTAL","ORG":"COASTAL PROTECTION AND RESTORATION AUTHORITY OF LOUISIANA (CPRA)","SRC_REG":"USDA","DATAURL":"http://cims.coastal.louisiana.gov/meta_docs/gis_refs/shoreline/BICM2/LA-0226_SHORL_0000000000_2015043020150913_RAC0009.zip","Meta_xml":"http://cims.coastal.louisiana.gov/meta_docs/gis_refs/shoreline/BICM2/Shoreline_Metadata.xml","Meta_html":"http://cims.coastal.louisiana.gov/meta_docs/gis_refs/shoreline/BICM2/Shoreline_Metadata.html","COMMENTS":null,"SHAPE_Length":1622.7988097201824,"DSAS_DATE":"08/27/2015","DSAS_UNCER":null,"year":2015}},{"type":"Feature","id":28568,"geometry":{"type":"LineString","coordinates":[[-91.8125,29.600475],[-91.813212,29.600622],[-91.813837,29.601324],[-91.814267,29.601322],[-91.814576,29.601626],[-91.815417,29.601981],[-91.816195,29.601829],[-91.816964,29.601277],[-91.817457,29.601197]]},"properties":{"OBJECTID":28568,"PROGRAM":"STATE","PROJECT":"LOUISIANA BARRIER ISLAND COMPREHENSIVE MONITORING PROGRAM (BICM)","PROJ_ID":"LA-0226","PROD_DATE":"20160614","SHORE_TYPE":"MARSH","SRC_DATE":"20150827","SRC_DATA":"USDA NAIP ORTHOIMAGERY","SRC_RES":"1-m pixel","SRC_VECT":"APPLIED COASTAL","SRC_RAST":"M2909126NW","DIG_NOTES":" ","REGION":"AB","CONTRACTOR":"APPLIED COASTAL","ORG":"COASTAL PROTECTION AND RESTORATION AUTHORITY OF LOUISIANA (CPRA)","SRC_REG":"USDA","DATAURL":"http://cims.coastal.louisiana.gov/meta_docs/gis_refs/shoreline/BICM2/LA-0226_SHORL_0000000000_2015043020150913_RAC0009.zip","Meta_xml":"http://cims.coastal.louisiana.gov/meta_docs/gis_refs/shoreline/BICM2/Shoreline_Metadata.xml","Meta_html":"http://cims.coastal.louisiana.gov/meta_docs/gis_refs/shoreline/BICM2/Shoreline_Metadata.html","COMMENTS":null,"SHAPE_Length":601.3661613833406,"DSAS_DATE":"08/27/2015","DSAS_UNCER":null,"year":2015}},{"type":"Feature","id":28569,"geometry":{"type":"LineString","coordinates":[[-91.820249,29.589652],[-91.820043,29.589423],[-91.819855,29.589517],[-91.819588,29.590242],[-91.819344,29.590636],[-91.818781,29.591018],[-91.818148,29.592324],[-91.817307,29.593068],[-91.816998,29.593542],[-91.816452,29.593689]]},"properties":{"OBJECTID":28569,"PROGRAM":"STATE","PROJECT":"LOUISIANA BARRIER ISLAND COMPREHENSIVE MONITORING PROGRAM (BICM)","PROJ_ID":"LA-0226","PROD_DATE":"20160614","SHORE_TYPE":"MARSH","SRC_DATE":"20150430","SRC_DATA":"USDA NAIP ORTHOIMAGERY","SRC_RES":"1-m pixel","SRC_VECT":"APPLIED COASTAL","SRC_RAST":"M2909126NW","DIG_NOTES":" ","REGION":"AB","CONTRACTOR":"APPLIED COASTAL","ORG":"COASTAL PROTECTION AND RESTORATION AUTHORITY OF LOUISIANA (CPRA)","SRC_REG":"USDA","DATAURL":"http://cims.coastal.louisiana.gov/meta_docs/gis_refs/shoreline/BICM2/LA-0226_SHORL_0000000000_2015043020150913_RAC0009.zip","Meta_xml":"http://cims.coastal.louisiana.gov/meta_docs/gis_refs/shoreline/BICM2/Shoreline_Metadata.xml","Meta_html":"http://cims.coastal.louisiana.gov/meta_docs/gis_refs/shoreline/BICM2/Shoreline_Metadata.html","COMMENTS":null,"SHAPE_Length":689.7366347277282,"DSAS_DATE":"04/30/2015","DSAS_UNCER":null,"year":2015}},{"type":"Feature","id":28570,"geometry":{"type":"LineString","coordinates":[[-91.816452,29.593689],[-91.815747,29.593983],[-91.815601,29.594242],[-91.814898,29.594681],[-91.814654,29.594997],[-91.814777,29.59509]]},"properties":{"OBJECTID":28570,"PROGRAM":"STATE","PROJECT":"LOUISIANA BARRIER ISLAND COMPREHENSIVE MONITORING PROGRAM (BICM)","PROJ_ID":"LA-0226","PROD_DATE":"20160614","SHORE_TYPE":"MARSH","SRC_DATE":"20150827","SRC_DATA":"USDA NAIP ORTHOIMAGERY","SRC_RES":"1-m pixel","SRC_VECT":"APPLIED COASTAL","SRC_RAST":"M2909126NW","DIG_NOTES":" ","REGION":"AB","CONTRACTOR":"APPLIED COASTAL","ORG":"COASTAL PROTECTION AND RESTORATION AUTHORITY OF LOUISIANA (CPRA)","SRC_REG":"USDA","DATAURL":"http://cims.coastal.louisiana.gov/meta_docs/gis_refs/shoreline/BICM2/LA-0226_SHORL_0000000000_2015043020150913_RAC0009.zip","Meta_xml":"http://cims.coastal.louisiana.gov/meta_docs/gis_refs/shoreline/BICM2/Shoreline_Metadata.xml","Meta_html":"http://cims.coastal.louisiana.gov/meta_docs/gis_refs/shoreline/BICM2/Shoreline_Metadata.html","COMMENTS":null,"SHAPE_Length":260.2996018337695,"DSAS_DATE":"08/27/2015","DSAS_UNCER":null,"year":2015}},{"type":"Feature","id":28571,"geometry":{"type":"LineString","coordinates":[[-91.8125,29.59585],[-91.811471,29.595947],[-91.809979,29.595809],[-91.809671,29.595955],[-91.809632,29.596439]]},"properties":{"OBJECTID":28571,"PROGRAM":"STATE","PROJECT":"LOUISIANA BARRIER ISLAND COMPREHENSIVE MONITORING PROGRAM (BICM)","PROJ_ID":"LA-0226","PROD_DATE":"20160614","SHORE_TYPE":"MARSH","SRC_DATE":"20150827","SRC_DATA":"USDA NAIP ORTHOIMAGERY","SRC_RES":"1-m pixel","SRC_VECT":"APPLIED COASTAL","SRC_RAST":"M2909126NE","DIG_NOTES":" ","REGION":"AB","CONTRACTOR":"APPLIED COASTAL","ORG":"COASTAL PROTECTION AND RESTORATION AUTHORITY OF LOUISIANA (CPRA)","SRC_REG":"USDA","DATAURL":"http://cims.coastal.louisiana.gov/meta_docs/gis_refs/shoreline/BICM2/LA-0226_SHORL_0000000000_2015043020150913_RAC0009.zip","Meta_xml":"http://cims.coastal.louisiana.gov/meta_docs/gis_refs/shoreline/BICM2/Shoreline_Metadata.xml","Meta_html":"http://cims.coastal.louisiana.gov/meta_docs/gis_refs/shoreline/BICM2/Shoreline_Metadata.html","COMMENTS":null,"SHAPE_Length":341.174470633963,"DSAS_DATE":"08/27/2015","DSAS_UNCER":null,"year":2015}},{"type":"Feature","id":28572,"geometry":{"type":"LineString","coordinates":[[-91.814613,29.595148],[-91.814032,29.595286],[-91.813289,29.595711],[-91.8125,29.59585]]},"properties":{"OBJECTID":28572,"PROGRAM":"STATE","PROJECT":"LOUISIANA BARRIER ISLAND COMPREHENSIVE MONITORING PROGRAM (BICM)","PROJ_ID":"LA-0226","PROD_DATE":"20160614","SHORE_TYPE":"MARSH","SRC_DATE":"20150827","SRC_DATA":"USDA NAIP ORTHOIMAGERY","SRC_RES":"1-m pixel","SRC_VECT":"APPLIED COASTAL","SRC_RAST":"M2909126NW","DIG_NOTES":" ","REGION":"AB","CONTRACTOR":"APPLIED COASTAL","ORG":"COASTAL PROTECTION AND RESTORATION AUTHORITY OF LOUISIANA (CPRA)","SRC_REG":"USDA","DATAURL":"http://cims.coastal.louisiana.gov/meta_docs/gis_refs/shoreline/BICM2/LA-0226_SHORL_0000000000_2015043020150913_RAC0009.zip","Meta_xml":"http://cims.coastal.louisiana.gov/meta_docs/gis_refs/shoreline/BICM2/Shoreline_Metadata.xml","Meta_html":"http://cims.coastal.louisiana.gov/meta_docs/gis_refs/shoreline/BICM2/Shoreline_Metadata.html","COMMENTS":null,"SHAPE_Length":233.67898004725214,"DSAS_DATE":"08/27/2015","DSAS_UNCER":null,"year":2015}},{"type":"Feature","id":28647,"geometry":{"type":"LineString","coordinates":[[-91.972073,29.834098],[-91.971713,29.83429],[-91.971439,29.834234],[-91.971331,29.834474],[-91.969834,29.835063],[-91.967755,29.835331],[-91.966971,29.835575]]},"properties":{"OBJECTID":28647,"PROGRAM":"STATE","PROJECT":"LOUISIANA BARRIER ISLAND COMPREHENSIVE MONITORING PROGRAM (BICM)","PROJ_ID":"LA-0226","PROD_DATE":"20160614","SHORE_TYPE":"MARSH","SRC_DATE":"20150430","SRC_DATA":"USDA NAIP ORTHOIMAGERY","SRC_RES":"1-m pixel","SRC_VECT":"APPLIED COASTAL","SRC_RAST":"M2909109NW","DIG_NOTES":" ","REGION":"AB","CONTRACTOR":"APPLIED COASTAL","ORG":"COASTAL PROTECTION AND RESTORATION AUTHORITY OF LOUISIANA (CPRA)","SRC_REG":"USDA","DATAURL":"http://cims.coastal.louisiana.gov/meta_docs/gis_refs/shoreline/BICM2/LA-0226_SHORL_0000000000_2015043020150913_RAC0009.zip","Meta_xml":"http://cims.coastal.louisiana.gov/meta_docs/gis_refs/shoreline/BICM2/Shoreline_Metadata.xml","Meta_html":"http://cims.coastal.louisiana.gov/meta_docs/gis_refs/shoreline/BICM2/Shoreline_Metadata.html","COMMENTS":null,"SHAPE_Length":1872.4857697644056,"DSAS_DATE":"04/30/2015","DSAS_UNCER":null,"year":2015}},{"type":"Feature","id":28648,"geometry":{"type":"LineString","coordinates":[[-91.965594,29.836161],[-91.965924,29.835007],[-91.966904,29.834057],[-91.967142,29.832759],[-91.966823,29.83169],[-91.966291,29.830655],[-91.965343,29.830101],[-91.964788,29.829351],[-91.964591,29.829388],[-91.964277,29.829168],[-91.96383,29.828525],[-91.963039,29.828207],[-91.962568,29.827758],[-91.962624,29.827575],[-91.96227,29.827355],[-91.962252,29.827104],[-91.961137,29.826114],[-91.959071,29.825379],[-91.95862,29.825467],[-91.957107,29.825209],[-91.956878,29.825339],[-91.956597,29.825119],[-91.95645,29.825298],[-91.95626,29.825106],[-91.955661,29.825166],[-91.955167,29.8249],[-91.954658,29.824995],[-91.95432,29.824789],[-91.954033,29.824869],[-91.953834,29.824613],[-91.953259,29.824601],[-91.951228,29.824095],[-91.951161,29.823966],[-91.950932,29.824046],[-91.950618,29.823818],[-91.95038,29.823863],[-91.950231,29.823648],[-91.950051,29.823699],[-91.948404,29.822941],[-91.947985,29.822986],[-91.947906,29.823541]]},"properties":{"OBJECTID":28648,"PROGRAM":"STATE","PROJECT":"LOUISIANA BARRIER ISLAND COMPREHENSIVE MONITORING PROGRAM (BICM)","PROJ_ID":"LA-0226","PROD_DATE":"20160614","SHORE_TYPE":"MARSH","SRC_DATE":"20150430","SRC_DATA":"USDA NAIP ORTHOIMAGERY","SRC_RES":"1-m pixel","SRC_VECT":"APPLIED COASTAL","SRC_RAST":"M2909109NW","DIG_NOTES":" ","REGION":"AB","CONTRACTOR":"APPLIED COASTAL","ORG":"COASTAL PROTECTION AND RESTORATION AUTHORITY OF LOUISIANA (CPRA)","SRC_REG":"USDA","DATAURL":"http://cims.coastal.louisiana.gov/meta_docs/gis_refs/shoreline/BICM2/LA-0226_SHORL_0000000000_2015043020150913_RAC0009.zip","Meta_xml":"http://cims.coastal.louisiana.gov/meta_docs/gis_refs/shoreline/BICM2/Shoreline_Metadata.xml","Meta_html":"http://cims.coastal.louisiana.gov/meta_docs/gis_refs/shoreline/BICM2/Shoreline_Metadata.html","COMMENTS":null,"SHAPE_Length":3150.5774154923706,"DSAS_DATE":"04/30/2015","DSAS_UNCER":null,"year":2015}},{"type":"Feature","id":28649,"geometry":{"type":"LineString","coordinates":[[-91.947442,29.822734],[-91.947408,29.822634],[-91.947424,29.822743]]},"properties":{"OBJECTID":28649,"PROGRAM":"STATE","PROJECT":"LOUISIANA BARRIER ISLAND COMPREHENSIVE MONITORING PROGRAM (BICM)","PROJ_ID":"LA-0226","PROD_DATE":"20160614","SHORE_TYPE":"MARSH","SRC_DATE":"20150430","SRC_DATA":"USDA NAIP ORTHOIMAGERY","SRC_RES":"1-m pixel","SRC_VECT":"APPLIED COASTAL","SRC_RAST":"M2909109NW","DIG_NOTES":" ","REGION":"AB","CONTRACTOR":"APPLIED COASTAL","ORG":"COASTAL PROTECTION AND RESTORATION AUTHORITY OF LOUISIANA (CPRA)","SRC_REG":"USDA","DATAURL":"http://cims.coastal.louisiana.gov/meta_docs/gis_refs/shoreline/BICM2/LA-0226_SHORL_0000000000_2015043020150913_RAC0009.zip","Meta_xml":"http://cims.coastal.louisiana.gov/meta_docs/gis_refs/shoreline/BICM2/Shoreline_Metadata.xml","Meta_html":"http://cims.coastal.louisiana.gov/meta_docs/gis_refs/shoreline/BICM2/Shoreline_Metadata.html","COMMENTS":null,"SHAPE_Length":28.72873083275,"DSAS_DATE":"04/30/2015","DSAS_UNCER":null,"year":2015}},{"type":"Feature","id":28650,"geometry":{"type":"LineString","coordinates":[[-91.934011,29.821583],[-91.933491,29.821458],[-91.932687,29.821684],[-91.932131,29.822145],[-91.931009,29.822644],[-91.929941,29.822556],[-91.929556,29.822779],[-91.928473,29.82296],[-91.928349,29.822839],[-91.927775,29.822927],[-91.927503,29.822685],[-91.927248,29.822715],[-91.926512,29.823212],[-91.926459,29.823921]]},"properties":{"OBJECTID":28650,"PROGRAM":"STATE","PROJECT":"LOUISIANA BARRIER ISLAND COMPREHENSIVE MONITORING PROGRAM (BICM)","PROJ_ID":"LA-0226","PROD_DATE":"20160614","SHORE_TYPE":"MARSH","SRC_DATE":"20150430","SRC_DATA":"USDA NAIP ORTHOIMAGERY","SRC_RES":"1-m pixel","SRC_VECT":"APPLIED COASTAL","SRC_RAST":"M2909109NE","DIG_NOTES":" ","REGION":"AB","CONTRACTOR":"APPLIED COASTAL","ORG":"COASTAL PROTECTION AND RESTORATION AUTHORITY OF LOUISIANA (CPRA)","SRC_REG":"USDA","DATAURL":"http://cims.coastal.louisiana.gov/meta_docs/gis_refs/shoreline/BICM2/LA-0226_SHORL_0000000000_2015043020150913_RAC0009.zip","Meta_xml":"http://cims.coastal.louisiana.gov/meta_docs/gis_refs/shoreline/BICM2/Shoreline_Metadata.xml","Meta_html":"http://cims.coastal.louisiana.gov/meta_docs/gis_refs/shoreline/BICM2/Shoreline_Metadata.html","COMMENTS":null,"SHAPE_Length":981.1314589795537,"DSAS_DATE":"04/30/2015","DSAS_UNCER":null,"year":2015}},{"type":"Feature","id":28651,"geometry":{"type":"LineString","coordinates":[[-91.925722,29.822901],[-91.925958,29.822584],[-91.92594,29.822334],[-91.925621,29.822529],[-91.924577,29.822426],[-91.923716,29.82253],[-91.92346,29.822402],[-91.923363,29.822553]]},"properties":{"OBJECTID":28651,"PROGRAM":"STATE","PROJECT":"LOUISIANA BARRIER ISLAND COMPREHENSIVE MONITORING PROGRAM (BICM)","PROJ_ID":"LA-0226","PROD_DATE":"20160614","SHORE_TYPE":"MARSH","SRC_DATE":"20150430","SRC_DATA":"USDA NAIP ORTHOIMAGERY","SRC_RES":"1-m pixel","SRC_VECT":"APPLIED COASTAL","SRC_RAST":"M2909109NE","DIG_NOTES":" ","REGION":"AB","CONTRACTOR":"APPLIED COASTAL","ORG":"COASTAL PROTECTION AND RESTORATION AUTHORITY OF LOUISIANA (CPRA)","SRC_REG":"USDA","DATAURL":"http://cims.coastal.louisiana.gov/meta_docs/gis_refs/shoreline/BICM2/LA-0226_SHORL_0000000000_2015043020150913_RAC0009.zip","Meta_xml":"http://cims.coastal.louisiana.gov/meta_docs/gis_refs/shoreline/BICM2/Shoreline_Metadata.xml","Meta_html":"http://cims.coastal.louisiana.gov/meta_docs/gis_refs/shoreline/BICM2/Shoreline_Metadata.html","COMMENTS":null,"SHAPE_Length":369.23688039842676,"DSAS_DATE":"04/30/2015","DSAS_UNCER":null,"year":2015}},{"type":"Feature","id":28652,"geometry":{"type":"LineString","coordinates":[[-91.923198,29.822561],[-91.923082,29.822318],[-91.922589,29.82222],[-91.921694,29.82236],[-91.920658,29.822057],[-91.919722,29.822068],[-91.919425,29.821912],[-91.918719,29.821901],[-91.918108,29.821431],[-91.917928,29.821539],[-91.917427,29.821448],[-91.917088,29.821185],[-91.916538,29.819751],[-91.916357,29.819781],[-91.916438,29.81948],[-91.916042,29.819281],[-91.915814,29.819461],[-91.915833,29.819919],[-91.914753,29.82069],[-91.914682,29.82112],[-91.914329,29.821172],[-91.914167,29.821667],[-91.913701,29.821909],[-91.913669,29.822181],[-91.913057,29.822728],[-91.912813,29.823223],[-91.912559,29.82326],[-91.912462,29.823497],[-91.91233,29.82344],[-91.912184,29.823777],[-91.911775,29.824008],[-91.911375,29.824554],[-91.910566,29.825124],[-91.91027,29.825161],[-91.910092,29.825613],[-91.909757,29.825929],[-91.909703,29.826427],[-91.909378,29.827037],[-91.909478,29.827287],[-91.909365,29.827689],[-91.908764,29.828916],[-91.908831,29.829081],[-91.908268,29.829652],[-91.908,29.830212],[-91.908989,29.830895]]},"properties":{"OBJECTID":28652,"PROGRAM":"STATE","PROJECT":"LOUISIANA BARRIER ISLAND COMPREHENSIVE MONITORING PROGRAM (BICM)","PROJ_ID":"LA-0226","PROD_DATE":"20160614","SHORE_TYPE":"MARSH","SRC_DATE":"20150430","SRC_DATA":"USDA NAIP ORTHOIMAGERY","SRC_RES":"1-m pixel","SRC_VECT":"APPLIED COASTAL","SRC_RAST":"M2909109NE","DIG_NOTES":" ","REGION":"AB","CONTRACTOR":"APPLIED COASTAL","ORG":"COASTAL PROTECTION AND RESTORATION AUTHORITY OF LOUISIANA (CPRA)","SRC_REG":"USDA","DATAURL":"http://cims.coastal.louisiana.gov/meta_docs/gis_refs/shoreline/BICM2/LA-0226_SHORL_0000000000_2015043020150913_RAC0009.zip","Meta_xml":"http://cims.coastal.louisiana.gov/meta_docs/gis_refs/shoreline/BICM2/Shoreline_Metadata.xml","Meta_html":"http://cims.coastal.louisiana.gov/meta_docs/gis_refs/shoreline/BICM2/Shoreline_Metadata.html","COMMENTS":null,"SHAPE_Length":2791.385844114138,"DSAS_DATE":"04/30/2015","DSAS_UNCER":null,"year":2015}},{"type":"Feature","id":28653,"geometry":{"type":"LineString","coordinates":[[-91.938811,29.8188],[-91.940006,29.819453],[-91.940309,29.819401],[-91.940787,29.819607],[-91.941689,29.81946],[-91.94244,29.820065],[-91.94365,29.82056],[-91.945316,29.821706],[-91.946287,29.822023],[-91.946594,29.822409],[-91.947145,29.822599],[-91.947337,29.823179],[-91.94775,29.823499]]},"properties":{"OBJECTID":28653,"PROGRAM":"STATE","PROJECT":"LOUISIANA BARRIER ISLAND COMPREHENSIVE MONITORING PROGRAM (BICM)","PROJ_ID":"LA-0226","PROD_DATE":"20160614","SHORE_TYPE":"MARSH","SRC_DATE":"20150430","SRC_DATA":"USDA NAIP ORTHOIMAGERY","SRC_RES":"1-m pixel","SRC_VECT":"APPLIED COASTAL","SRC_RAST":"M2909109NW","DIG_NOTES":" ","REGION":"AB","CONTRACTOR":"APPLIED COASTAL","ORG":"COASTAL PROTECTION AND RESTORATION AUTHORITY OF LOUISIANA (CPRA)","SRC_REG":"USDA","DATAURL":"http://cims.coastal.louisiana.gov/meta_docs/gis_refs/shoreline/BICM2/LA-0226_SHORL_0000000000_2015043020150913_RAC0009.zip","Meta_xml":"http://cims.coastal.louisiana.gov/meta_docs/gis_refs/shoreline/BICM2/Shoreline_Metadata.xml","Meta_html":"http://cims.coastal.louisiana.gov/meta_docs/gis_refs/shoreline/BICM2/Shoreline_Metadata.html","COMMENTS":null,"SHAPE_Length":1151.9818183856523,"DSAS_DATE":"04/30/2015","DSAS_UNCER":null,"year":2015}},{"type":"Feature","id":28654,"geometry":{"type":"LineString","coordinates":[[-91.936165,29.82127],[-91.933863,29.8208],[-91.933732,29.820693],[-91.933891,29.820343],[-91.93356,29.820527],[-91.932832,29.819921],[-91.933111,29.819741],[-91.932976,29.819169],[-91.93428,29.819247],[-91.934523,29.819056],[-91.934544,29.819164],[-91.935026,29.819057],[-91.935509,29.818711],[-91.936084,29.818694],[-91.936295,29.818407],[-91.936583,29.818405],[-91.936508,29.818248],[-91.936859,29.817953],[-91.936922,29.817509],[-91.9375,29.817218]]},"properties":{"OBJECTID":28654,"PROGRAM":"STATE","PROJECT":"LOUISIANA BARRIER ISLAND COMPREHENSIVE MONITORING PROGRAM (BICM)","PROJ_ID":"LA-0226","PROD_DATE":"20160614","SHORE_TYPE":"MARSH","SRC_DATE":"20150430","SRC_DATA":"USDA NAIP ORTHOIMAGERY","SRC_RES":"1-m pixel","SRC_VECT":"APPLIED COASTAL","SRC_RAST":"M2909109NE","DIG_NOTES":" ","REGION":"AB","CONTRACTOR":"APPLIED COASTAL","ORG":"COASTAL PROTECTION AND RESTORATION AUTHORITY OF LOUISIANA (CPRA)","SRC_REG":"USDA","DATAURL":"http://cims.coastal.louisiana.gov/meta_docs/gis_refs/shoreline/BICM2/LA-0226_SHORL_0000000000_2015043020150913_RAC0009.zip","Meta_xml":"http://cims.coastal.louisiana.gov/meta_docs/gis_refs/shoreline/BICM2/Shoreline_Metadata.xml","Meta_html":"http://cims.coastal.louisiana.gov/meta_docs/gis_refs/shoreline/BICM2/Shoreline_Metadata.html","COMMENTS":null,"SHAPE_Length":1176.1313954137438,"DSAS_DATE":"04/30/2015","DSAS_UNCER":null,"year":2015}},{"type":"Feature","id":28655,"geometry":{"type":"LineString","coordinates":[[-91.9375,29.817218],[-91.937914,29.817175],[-91.938098,29.817689],[-91.938027,29.818173],[-91.938811,29.8188]]},"properties":{"OBJECTID":28655,"PROGRAM":"STATE","PROJECT":"LOUISIANA BARRIER ISLAND COMPREHENSIVE MONITORING PROGRAM (BICM)","PROJ_ID":"LA-0226","PROD_DATE":"20160614","SHORE_TYPE":"MARSH","SRC_DATE":"20150430","SRC_DATA":"USDA NAIP ORTHOIMAGERY","SRC_RES":"1-m pixel","SRC_VECT":"APPLIED COASTAL","SRC_RAST":"M2909109NW","DIG_NOTES":" ","REGION":"AB","CONTRACTOR":"APPLIED COASTAL","ORG":"COASTAL PROTECTION AND RESTORATION AUTHORITY OF LOUISIANA (CPRA)","SRC_REG":"USDA","DATAURL":"http://cims.coastal.louisiana.gov/meta_docs/gis_refs/shoreline/BICM2/LA-0226_SHORL_0000000000_2015043020150913_RAC0009.zip","Meta_xml":"http://cims.coastal.louisiana.gov/meta_docs/gis_refs/shoreline/BICM2/Shoreline_Metadata.xml","Meta_html":"http://cims.coastal.louisiana.gov/meta_docs/gis_refs/shoreline/BICM2/Shoreline_Metadata.html","COMMENTS":null,"SHAPE_Length":267.3074500198748,"DSAS_DATE":"04/30/2015","DSAS_UNCER":null,"year":2015}},{"type":"Feature","id":28656,"geometry":{"type":"LineString","coordinates":[[-91.908611,29.831866],[-91.907286,29.831435],[-91.906441,29.831604],[-91.906188,29.831798],[-91.905457,29.83193],[-91.90504,29.83224],[-91.904671,29.83227],[-91.90391,29.832832],[-91.901952,29.833729],[-91.899377,29.834399],[-91.899017,29.83469],[-91.898746,29.834591],[-91.898385,29.834764],[-91.897654,29.83476],[-91.895498,29.835536],[-91.893996,29.835757],[-91.893833,29.83598],[-91.893119,29.835947],[-91.89298,29.83617],[-91.892429,29.835957],[-91.891797,29.836089],[-91.8917,29.836347],[-91.891428,29.836133],[-91.890911,29.836229],[-91.890731,29.836487],[-91.890533,29.836359],[-91.889819,29.836391],[-91.889469,29.836693],[-91.889223,29.836687],[-91.889214,29.836515],[-91.888861,29.836617],[-91.888704,29.836474],[-91.887562,29.836479],[-91.886882,29.836768],[-91.886332,29.836756],[-91.885936,29.836386],[-91.884744,29.836312],[-91.884661,29.83614],[-91.883527,29.836009],[-91.883361,29.835816],[-91.882622,29.835834],[-91.88249,29.835591],[-91.882227,29.835628],[-91.882029,29.83545],[-91.880484,29.835327],[-91.879776,29.834943],[-91.879251,29.83511],[-91.877442,29.83421]]},"properties":{"OBJECTID":28656,"PROGRAM":"STATE","PROJECT":"LOUISIANA BARRIER ISLAND COMPREHENSIVE MONITORING PROGRAM (BICM)","PROJ_ID":"LA-0226","PROD_DATE":"20160614","SHORE_TYPE":"MARSH","SRC_DATE":"20150430","SRC_DATA":"USDA NAIP ORTHOIMAGERY","SRC_RES":"1-m pixel","SRC_VECT":"APPLIED COASTAL","SRC_RAST":"M2909109NE","DIG_NOTES":" ","REGION":"AB","CONTRACTOR":"APPLIED COASTAL","ORG":"COASTAL PROTECTION AND RESTORATION AUTHORITY OF LOUISIANA (CPRA)","SRC_REG":"USDA","DATAURL":"http://cims.coastal.louisiana.gov/meta_docs/gis_refs/shoreline/BICM2/LA-0226_SHORL_0000000000_2015043020150913_RAC0009.zip","Meta_xml":"http://cims.coastal.louisiana.gov/meta_docs/gis_refs/shoreline/BICM2/Shoreline_Metadata.xml","Meta_html":"http://cims.coastal.louisiana.gov/meta_docs/gis_refs/shoreline/BICM2/Shoreline_Metadata.html","COMMENTS":null,"SHAPE_Length":3788.882261233953,"DSAS_DATE":"04/30/2015","DSAS_UNCER":null,"year":2015}},{"type":"Feature","id":28657,"geometry":{"type":"LineString","coordinates":[[-91.877442,29.83421],[-91.877166,29.833873],[-91.876977,29.833917],[-91.876103,29.83324],[-91.875684,29.833177],[-91.875,29.832769]]},"properties":{"OBJECTID":28657,"PROGRAM":"STATE","PROJECT":"LOUISIANA BARRIER ISLAND COMPREHENSIVE MONITORING PROGRAM (BICM)","PROJ_ID":"LA-0226","PROD_DATE":"20160614","SHORE_TYPE":"MARSH","SRC_DATE":"20150430","SRC_DATA":"USDA NAIP ORTHOIMAGERY","SRC_RES":"1-m pixel","SRC_VECT":"APPLIED COASTAL","SRC_RAST":"M2909109NE","DIG_NOTES":" ","REGION":"AB","CONTRACTOR":"APPLIED COASTAL","ORG":"COASTAL PROTECTION AND RESTORATION AUTHORITY OF LOUISIANA (CPRA)","SRC_REG":"USDA","DATAURL":"http://cims.coastal.louisiana.gov/meta_docs/gis_refs/shoreline/BICM2/LA-0226_SHORL_0000000000_2015043020150913_RAC0009.zip","Meta_xml":"http://cims.coastal.louisiana.gov/meta_docs/gis_refs/shoreline/BICM2/Shoreline_Metadata.xml","Meta_html":"http://cims.coastal.louisiana.gov/meta_docs/gis_refs/shoreline/BICM2/Shoreline_Metadata.html","COMMENTS":null,"SHAPE_Length":325.4400213852524,"DSAS_DATE":"04/30/2015","DSAS_UNCER":null,"year":2015}},{"type":"Feature","id":28658,"geometry":{"type":"LineString","coordinates":[[-91.875,29.832769],[-91.874152,29.832496],[-91.873504,29.832535],[-91.873412,29.832306],[-91.873084,29.8323],[-91.872382,29.831743],[-91.872268,29.831859]]},"properties":{"OBJECTID":28658,"PROGRAM":"STATE","PROJECT":"LOUISIANA BARRIER ISLAND COMPREHENSIVE MONITORING PROGRAM (BICM)","PROJ_ID":"LA-0226","PROD_DATE":"20160614","SHORE_TYPE":"MARSH","SRC_DATE":"20150430","SRC_DATA":"USDA NAIP ORTHOIMAGERY","SRC_RES":"1-m pixel","SRC_VECT":"APPLIED COASTAL","SRC_RAST":"M2909110NW","DIG_NOTES":" ","REGION":"AB","CONTRACTOR":"APPLIED COASTAL","ORG":"COASTAL PROTECTION AND RESTORATION AUTHORITY OF LOUISIANA (CPRA)","SRC_REG":"USDA","DATAURL":"http://cims.coastal.louisiana.gov/meta_docs/gis_refs/shoreline/BICM2/LA-0226_SHORL_0000000000_2015043020150913_RAC0009.zip","Meta_xml":"http://cims.coastal.louisiana.gov/meta_docs/gis_refs/shoreline/BICM2/Shoreline_Metadata.xml","Meta_html":"http://cims.coastal.louisiana.gov/meta_docs/gis_refs/shoreline/BICM2/Shoreline_Metadata.html","COMMENTS":null,"SHAPE_Length":343.73335615058505,"DSAS_DATE":"04/30/2015","DSAS_UNCER":null,"year":2015}},{"type":"Feature","id":28659,"geometry":{"type":"LineString","coordinates":[[-91.87213,29.831687],[-91.872173,29.831486],[-91.871295,29.83107],[-91.870192,29.830163],[-91.869797,29.830129],[-91.868455,29.829497],[-91.867552,29.829458],[-91.866917,29.829052],[-91.866318,29.829126],[-91.865963,29.828863],[-91.866053,29.828655],[-91.865805,29.828355],[-91.865535,29.828557],[-91.865295,29.8283],[-91.864983,29.828351]]},"properties":{"OBJECTID":28659,"PROGRAM":"STATE","PROJECT":"LOUISIANA BARRIER ISLAND COMPREHENSIVE MONITORING PROGRAM (BICM)","PROJ_ID":"LA-0226","PROD_DATE":"20160614","SHORE_TYPE":"MARSH","SRC_DATE":"20150430","SRC_DATA":"USDA NAIP ORTHOIMAGERY","SRC_RES":"1-m pixel","SRC_VECT":"APPLIED COASTAL","SRC_RAST":"M2909110NW","DIG_NOTES":" ","REGION":"AB","CONTRACTOR":"APPLIED COASTAL","ORG":"COASTAL PROTECTION AND RESTORATION AUTHORITY OF LOUISIANA (CPRA)","SRC_REG":"USDA","DATAURL":"http://cims.coastal.louisiana.gov/meta_docs/gis_refs/shoreline/BICM2/LA-0226_SHORL_0000000000_2015043020150913_RAC0009.zip","Meta_xml":"http://cims.coastal.louisiana.gov/meta_docs/gis_refs/shoreline/BICM2/Shoreline_Metadata.xml","Meta_html":"http://cims.coastal.louisiana.gov/meta_docs/gis_refs/shoreline/BICM2/Shoreline_Metadata.html","COMMENTS":null,"SHAPE_Length":984.7235830391417,"DSAS_DATE":"04/30/2015","DSAS_UNCER":null,"year":2015}},{"type":"Feature","id":28660,"geometry":{"type":"LineString","coordinates":[[-91.864941,29.828219],[-91.865203,29.828068],[-91.865087,29.827853],[-91.863629,29.827007],[-91.862576,29.826624],[-91.860619,29.826253],[-91.860365,29.826354],[-91.859872,29.826241],[-91.859749,29.826392],[-91.859273,29.826452],[-91.859026,29.826202],[-91.858806,29.826539],[-91.858437,29.826684],[-91.857228,29.826495],[-91.856417,29.826785],[-91.856238,29.827158],[-91.855835,29.827017],[-91.855154,29.82712],[-91.854352,29.827631],[-91.853548,29.827842],[-91.853524,29.828028],[-91.853113,29.828001],[-91.852401,29.828377],[-91.851851,29.828379],[-91.851392,29.828681],[-91.851451,29.828867],[-91.851083,29.829198],[-91.850986,29.829521],[-91.850756,29.829472],[-91.850815,29.829786],[-91.850569,29.829945],[-91.850405,29.829874],[-91.850209,29.830111]]},"properties":{"OBJECTID":28660,"PROGRAM":"STATE","PROJECT":"LOUISIANA BARRIER ISLAND COMPREHENSIVE MONITORING PROGRAM (BICM)","PROJ_ID":"LA-0226","PROD_DATE":"20160614","SHORE_TYPE":"MARSH","SRC_DATE":"20150430","SRC_DATA":"USDA NAIP ORTHOIMAGERY","SRC_RES":"1-m pixel","SRC_VECT":"APPLIED COASTAL","SRC_RAST":"M2909110NW","DIG_NOTES":" ","REGION":"AB","CONTRACTOR":"APPLIED COASTAL","ORG":"COASTAL PROTECTION AND RESTORATION AUTHORITY OF LOUISIANA (CPRA)","SRC_REG":"USDA","DATAURL":"http://cims.coastal.louisiana.gov/meta_docs/gis_refs/shoreline/BICM2/LA-0226_SHORL_0000000000_2015043020150913_RAC0009.zip","Meta_xml":"http://cims.coastal.louisiana.gov/meta_docs/gis_refs/shoreline/BICM2/Shoreline_Metadata.xml","Meta_html":"http://cims.coastal.louisiana.gov/meta_docs/gis_refs/shoreline/BICM2/Shoreline_Metadata.html","COMMENTS":null,"SHAPE_Length":2013.6063551299092,"DSAS_DATE":"04/30/2015","DSAS_UNCER":null,"year":2015}},{"type":"Feature","id":28661,"geometry":{"type":"LineString","coordinates":[[-91.848978,29.830091],[-91.849214,29.829603],[-91.849131,29.829453],[-91.849393,29.82923],[-91.849294,29.82913],[-91.847816,29.829343],[-91.847169,29.829668],[-91.846848,29.829584],[-91.846669,29.829749],[-91.844797,29.829964],[-91.843153,29.829655],[-91.842429,29.82945],[-91.842412,29.8293],[-91.842125,29.829373],[-91.841598,29.829181],[-91.841424,29.828953],[-91.840735,29.828984],[-91.839525,29.828617],[-91.838597,29.828541],[-91.8367,29.828541],[-91.835307,29.829141],[-91.834223,29.829296],[-91.833837,29.829183],[-91.832886,29.829687],[-91.831761,29.829577],[-91.831803,29.829763]]},"properties":{"OBJECTID":28661,"PROGRAM":"STATE","PROJECT":"LOUISIANA BARRIER ISLAND COMPREHENSIVE MONITORING PROGRAM (BICM)","PROJ_ID":"LA-0226","PROD_DATE":"20160614","SHORE_TYPE":"MARSH","SRC_DATE":"20150430","SRC_DATA":"USDA NAIP ORTHOIMAGERY","SRC_RES":"1-m pixel","SRC_VECT":"APPLIED COASTAL","SRC_RAST":"M2909110NW","DIG_NOTES":" ","REGION":"AB","CONTRACTOR":"APPLIED COASTAL","ORG":"COASTAL PROTECTION AND RESTORATION AUTHORITY OF LOUISIANA (CPRA)","SRC_REG":"USDA","DATAURL":"http://cims.coastal.louisiana.gov/meta_docs/gis_refs/shoreline/BICM2/LA-0226_SHORL_0000000000_2015043020150913_RAC0009.zip","Meta_xml":"http://cims.coastal.louisiana.gov/meta_docs/gis_refs/shoreline/BICM2/Shoreline_Metadata.xml","Meta_html":"http://cims.coastal.louisiana.gov/meta_docs/gis_refs/shoreline/BICM2/Shoreline_Metadata.html","COMMENTS":null,"SHAPE_Length":2088.476316293752,"DSAS_DATE":"04/30/2015","DSAS_UNCER":null,"year":2015}},{"type":"Feature","id":28662,"geometry":{"type":"LineString","coordinates":[[-91.831548,29.829821],[-91.830629,29.829982],[-91.829245,29.830847],[-91.829502,29.831211],[-91.829653,29.831898],[-91.829638,29.83217],[-91.829236,29.832315],[-91.829328,29.83263],[-91.830121,29.833436]]},"properties":{"OBJECTID":28662,"PROGRAM":"STATE","PROJECT":"LOUISIANA BARRIER ISLAND COMPREHENSIVE MONITORING PROGRAM (BICM)","PROJ_ID":"LA-0226","PROD_DATE":"20160614","SHORE_TYPE":"MARSH","SRC_DATE":"20150430","SRC_DATA":"USDA NAIP ORTHOIMAGERY","SRC_RES":"1-m pixel","SRC_VECT":"APPLIED COASTAL","SRC_RAST":"M2909110NW","DIG_NOTES":" ","REGION":"AB","CONTRACTOR":"APPLIED COASTAL","ORG":"COASTAL PROTECTION AND RESTORATION AUTHORITY OF LOUISIANA (CPRA)","SRC_REG":"USDA","DATAURL":"http://cims.coastal.louisiana.gov/meta_docs/gis_refs/shoreline/BICM2/LA-0226_SHORL_0000000000_2015043020150913_RAC0009.zip","Meta_xml":"http://cims.coastal.louisiana.gov/meta_docs/gis_refs/shoreline/BICM2/Shoreline_Metadata.xml","Meta_html":"http://cims.coastal.louisiana.gov/meta_docs/gis_refs/shoreline/BICM2/Shoreline_Metadata.html","COMMENTS":null,"SHAPE_Length":676.4343082222133,"DSAS_DATE":"04/30/2015","DSAS_UNCER":null,"year":2015}},{"type":"Feature","id":28663,"geometry":{"type":"LineString","coordinates":[[-91.822497,29.831524],[-91.824025,29.831447],[-91.825235,29.830397],[-91.825263,29.829301],[-91.824809,29.828959],[-91.824682,29.828207],[-91.824902,29.827863],[-91.825247,29.827905],[-91.825623,29.829056],[-91.82577,29.829013],[-91.825482,29.827062],[-91.825333,29.826934],[-91.82541,29.825824],[-91.825067,29.82464],[-91.825245,29.824045],[-91.825248,29.822956],[-91.82459,29.822851],[-91.824616,29.823116]]},"properties":{"OBJECTID":28663,"PROGRAM":"STATE","PROJECT":"LOUISIANA BARRIER ISLAND COMPREHENSIVE MONITORING PROGRAM (BICM)","PROJ_ID":"LA-0226","PROD_DATE":"20160614","SHORE_TYPE":"MARSH","SRC_DATE":"20150430","SRC_DATA":"USDA NAIP ORTHOIMAGERY","SRC_RES":"1-m pixel","SRC_VECT":"APPLIED COASTAL","SRC_RAST":"M2909110NW","DIG_NOTES":" ","REGION":"AB","CONTRACTOR":"APPLIED COASTAL","ORG":"COASTAL PROTECTION AND RESTORATION AUTHORITY OF LOUISIANA (CPRA)","SRC_REG":"USDA","DATAURL":"http://cims.coastal.louisiana.gov/meta_docs/gis_refs/shoreline/BICM2/LA-0226_SHORL_0000000000_2015043020150913_RAC0009.zip","Meta_xml":"http://cims.coastal.louisiana.gov/meta_docs/gis_refs/shoreline/BICM2/Shoreline_Metadata.xml","Meta_html":"http://cims.coastal.louisiana.gov/meta_docs/gis_refs/shoreline/BICM2/Shoreline_Metadata.html","COMMENTS":null,"SHAPE_Length":1637.4909854296743,"DSAS_DATE":"04/30/2015","DSAS_UNCER":null,"year":2015}},{"type":"Feature","id":28667,"geometry":{"type":"LineString","coordinates":[[-91.830057,29.822834],[-91.830203,29.822439],[-91.829595,29.82237],[-91.828718,29.822638],[-91.828173,29.822068],[-91.827762,29.820401],[-91.828629,29.819581],[-91.829526,29.820115],[-91.830014,29.820671],[-91.830007,29.821001],[-91.830586,29.821736],[-91.830548,29.822424],[-91.830821,29.822781],[-91.830553,29.823348],[-91.829452,29.823416],[-91.828911,29.823626],[-91.828861,29.823447],[-91.829344,29.82308],[-91.830057,29.822834]]},"properties":{"OBJECTID":28667,"PROGRAM":"STATE","PROJECT":"LOUISIANA BARRIER ISLAND COMPREHENSIVE MONITORING PROGRAM (BICM)","PROJ_ID":"LA-0226","PROD_DATE":"20160614","SHORE_TYPE":"MARSH","SRC_DATE":"20150430","SRC_DATA":"USDA NAIP ORTHOIMAGERY","SRC_RES":"1-m pixel","SRC_VECT":"APPLIED COASTAL","SRC_RAST":"M2909110NW","DIG_NOTES":" ","REGION":"AB","CONTRACTOR":"APPLIED COASTAL","ORG":"COASTAL PROTECTION AND RESTORATION AUTHORITY OF LOUISIANA (CPRA)","SRC_REG":"USDA","DATAURL":"http://cims.coastal.louisiana.gov/meta_docs/gis_refs/shoreline/BICM2/LA-0226_SHORL_0000000000_2015043020150913_RAC0009.zip","Meta_xml":"http://cims.coastal.louisiana.gov/meta_docs/gis_refs/shoreline/BICM2/Shoreline_Metadata.xml","Meta_html":"http://cims.coastal.louisiana.gov/meta_docs/gis_refs/shoreline/BICM2/Shoreline_Metadata.html","COMMENTS":null,"SHAPE_Length":1508.9968360811456,"DSAS_DATE":"04/30/2015","DSAS_UNCER":null,"year":2015}},{"type":"Feature","id":28668,"geometry":{"type":"LineString","coordinates":[[-91.82273,29.819105],[-91.822649,29.819456],[-91.822938,29.819685],[-91.822989,29.820107],[-91.823312,29.820514],[-91.823707,29.820713],[-91.82442,29.820474],[-91.82491,29.819806],[-91.824763,29.818425],[-91.824414,29.817588],[-91.823878,29.817125],[-91.823692,29.815983],[-91.821995,29.814944],[-91.82197,29.814829],[-91.822643,29.814727],[-91.822953,29.814332],[-91.82272,29.813795],[-91.822804,29.813249],[-91.822475,29.812502]]},"properties":{"OBJECTID":28668,"PROGRAM":"STATE","PROJECT":"LOUISIANA BARRIER ISLAND COMPREHENSIVE MONITORING PROGRAM (BICM)","PROJ_ID":"LA-0226","PROD_DATE":"20160614","SHORE_TYPE":"MARSH","SRC_DATE":"20150430","SRC_DATA":"USDA NAIP ORTHOIMAGERY","SRC_RES":"1-m pixel","SRC_VECT":"APPLIED COASTAL","SRC_RAST":"M2909110NW","DIG_NOTES":" ","REGION":"AB","CONTRACTOR":"APPLIED COASTAL","ORG":"COASTAL PROTECTION AND RESTORATION AUTHORITY OF LOUISIANA (CPRA)","SRC_REG":"USDA","DATAURL":"http://cims.coastal.louisiana.gov/meta_docs/gis_refs/shoreline/BICM2/LA-0226_SHORL_0000000000_2015043020150913_RAC0009.zip","Meta_xml":"http://cims.coastal.louisiana.gov/meta_docs/gis_refs/shoreline/BICM2/Shoreline_Metadata.xml","Meta_html":"http://cims.coastal.louisiana.gov/meta_docs/gis_refs/shoreline/BICM2/Shoreline_Metadata.html","COMMENTS":null,"SHAPE_Length":1473.2699428487335,"DSAS_DATE":"04/30/2015","DSAS_UNCER":null,"year":2015}},{"type":"Feature","id":28669,"geometry":{"type":"LineString","coordinates":[[-91.822475,29.812502],[-91.82208,29.811375],[-91.820919,29.809038],[-91.821024,29.808715],[-91.82038,29.807844],[-91.819764,29.806224],[-91.819309,29.805603],[-91.818766,29.805412]]},"properties":{"OBJECTID":28669,"PROGRAM":"STATE","PROJECT":"LOUISIANA BARRIER ISLAND COMPREHENSIVE MONITORING PROGRAM (BICM)","PROJ_ID":"LA-0226","PROD_DATE":"20160614","SHORE_TYPE":"MARSH","SRC_DATE":"20150430","SRC_DATA":"USDA NAIP ORTHOIMAGERY","SRC_RES":"1-m pixel","SRC_VECT":"APPLIED COASTAL","SRC_RAST":"M2909110SW","DIG_NOTES":" ","REGION":"AB","CONTRACTOR":"APPLIED COASTAL","ORG":"COASTAL PROTECTION AND RESTORATION AUTHORITY OF LOUISIANA (CPRA)","SRC_REG":"USDA","DATAURL":"http://cims.coastal.louisiana.gov/meta_docs/gis_refs/shoreline/BICM2/LA-0226_SHORL_0000000000_2015043020150913_RAC0009.zip","Meta_xml":"http://cims.coastal.louisiana.gov/meta_docs/gis_refs/shoreline/BICM2/Shoreline_Metadata.xml","Meta_html":"http://cims.coastal.louisiana.gov/meta_docs/gis_refs/shoreline/BICM2/Shoreline_Metadata.html","COMMENTS":null,"SHAPE_Length":951.3722788551711,"DSAS_DATE":"04/30/2015","DSAS_UNCER":null,"year":2015}},{"type":"Feature","id":28670,"geometry":{"type":"LineString","coordinates":[[-91.827029,29.81912],[-91.826315,29.817583],[-91.826418,29.816866],[-91.826786,29.816507],[-91.827116,29.816864],[-91.827904,29.818379],[-91.827593,29.818666],[-91.827354,29.819985],[-91.827072,29.819528],[-91.827029,29.81912]]},"properties":{"OBJECTID":28670,"PROGRAM":"STATE","PROJECT":"LOUISIANA BARRIER ISLAND COMPREHENSIVE MONITORING PROGRAM (BICM)","PROJ_ID":"LA-0226","PROD_DATE":"20160614","SHORE_TYPE":"MARSH","SRC_DATE":"20150430","SRC_DATA":"USDA NAIP ORTHOIMAGERY","SRC_RES":"1-m pixel","SRC_VECT":"APPLIED COASTAL","SRC_RAST":"M2909110NW","DIG_NOTES":" ","REGION":"AB","CONTRACTOR":"APPLIED COASTAL","ORG":"COASTAL PROTECTION AND RESTORATION AUTHORITY OF LOUISIANA (CPRA)","SRC_REG":"USDA","DATAURL":"http://cims.coastal.louisiana.gov/meta_docs/gis_refs/shoreline/BICM2/LA-0226_SHORL_0000000000_2015043020150913_RAC0009.zip","Meta_xml":"http://cims.coastal.louisiana.gov/meta_docs/gis_refs/shoreline/BICM2/Shoreline_Metadata.xml","Meta_html":"http://cims.coastal.louisiana.gov/meta_docs/gis_refs/shoreline/BICM2/Shoreline_Metadata.html","COMMENTS":null,"SHAPE_Length":928.6096243014556,"DSAS_DATE":"04/30/2015","DSAS_UNCER":null,"year":2015}},{"type":"Feature","id":28671,"geometry":{"type":"LineString","coordinates":[[-91.828797,29.831152],[-91.829085,29.831393],[-91.828744,29.831701],[-91.828586,29.83158],[-91.828797,29.831152]]},"properties":{"OBJECTID":28671,"PROGRAM":"STATE","PROJECT":"LOUISIANA BARRIER ISLAND COMPREHENSIVE MONITORING PROGRAM (BICM)","PROJ_ID":"LA-0226","PROD_DATE":"20160614","SHORE_TYPE":"MARSH","SRC_DATE":"20150430","SRC_DATA":"USDA NAIP ORTHOIMAGERY","SRC_RES":"1-m pixel","SRC_VECT":"APPLIED COASTAL","SRC_RAST":"M2909110NW","DIG_NOTES":" ","REGION":"AB","CONTRACTOR":"APPLIED COASTAL","ORG":"COASTAL PROTECTION AND RESTORATION AUTHORITY OF LOUISIANA (CPRA)","SRC_REG":"USDA","DATAURL":"http://cims.coastal.louisiana.gov/meta_docs/gis_refs/shoreline/BICM2/LA-0226_SHORL_0000000000_2015043020150913_RAC0009.zip","Meta_xml":"http://cims.coastal.louisiana.gov/meta_docs/gis_refs/shoreline/BICM2/Shoreline_Metadata.xml","Meta_html":"http://cims.coastal.louisiana.gov/meta_docs/gis_refs/shoreline/BICM2/Shoreline_Metadata.html","COMMENTS":null,"SHAPE_Length":172.58553251001695,"DSAS_DATE":"04/30/2015","DSAS_UNCER":null,"year":2015}},{"type":"Feature","id":28672,"geometry":{"type":"LineString","coordinates":[[-91.828445,29.82807],[-91.828457,29.828829],[-91.828445,29.82807]]},"properties":{"OBJECTID":28672,"PROGRAM":"STATE","PROJECT":"LOUISIANA BARRIER ISLAND COMPREHENSIVE MONITORING PROGRAM (BICM)","PROJ_ID":"LA-0226","PROD_DATE":"20160614","SHORE_TYPE":"MARSH","SRC_DATE":"20150430","SRC_DATA":"USDA NAIP ORTHOIMAGERY","SRC_RES":"1-m pixel","SRC_VECT":"APPLIED COASTAL","SRC_RAST":"M2909110NW","DIG_NOTES":" ","REGION":"AB","CONTRACTOR":"APPLIED COASTAL","ORG":"COASTAL PROTECTION AND RESTORATION AUTHORITY OF LOUISIANA (CPRA)","SRC_REG":"USDA","DATAURL":"http://cims.coastal.louisiana.gov/meta_docs/gis_refs/shoreline/BICM2/LA-0226_SHORL_0000000000_2015043020150913_RAC0009.zip","Meta_xml":"http://cims.coastal.louisiana.gov/meta_docs/gis_refs/shoreline/BICM2/Shoreline_Metadata.xml","Meta_html":"http://cims.coastal.louisiana.gov/meta_docs/gis_refs/shoreline/BICM2/Shoreline_Metadata.html","COMMENTS":null,"SHAPE_Length":179.6513372222729,"DSAS_DATE":"04/30/2015","DSAS_UNCER":null,"year":2015}},{"type":"Feature","id":28673,"geometry":{"type":"LineString","coordinates":[[-91.828479,29.828939],[-91.828432,29.829107],[-91.828479,29.828939]]},"properties":{"OBJECTID":28673,"PROGRAM":"STATE","PROJECT":"LOUISIANA BARRIER ISLAND COMPREHENSIVE MONITORING PROGRAM (BICM)","PROJ_ID":"LA-0226","PROD_DATE":"20160614","SHORE_TYPE":"MARSH","SRC_DATE":"20150430","SRC_DATA":"USDA NAIP ORTHOIMAGERY","SRC_RES":"1-m pixel","SRC_VECT":"APPLIED COASTAL","SRC_RAST":"M2909110NW","DIG_NOTES":" ","REGION":"AB","CONTRACTOR":"APPLIED COASTAL","ORG":"COASTAL PROTECTION AND RESTORATION AUTHORITY OF LOUISIANA (CPRA)","SRC_REG":"USDA","DATAURL":"http://cims.coastal.louisiana.gov/meta_docs/gis_refs/shoreline/BICM2/LA-0226_SHORL_0000000000_2015043020150913_RAC0009.zip","Meta_xml":"http://cims.coastal.louisiana.gov/meta_docs/gis_refs/shoreline/BICM2/Shoreline_Metadata.xml","Meta_html":"http://cims.coastal.louisiana.gov/meta_docs/gis_refs/shoreline/BICM2/Shoreline_Metadata.html","COMMENTS":null,"SHAPE_Length":42.13959056569206,"DSAS_DATE":"04/30/2015","DSAS_UNCER":null,"year":2015}},{"type":"Feature","id":28674,"geometry":{"type":"LineString","coordinates":[[-91.828476,29.829451],[-91.828515,29.829172],[-91.828365,29.829292],[-91.828476,29.829451]]},"properties":{"OBJECTID":28674,"PROGRAM":"STATE","PROJECT":"LOUISIANA BARRIER ISLAND COMPREHENSIVE MONITORING PROGRAM (BICM)","PROJ_ID":"LA-0226","PROD_DATE":"20160614","SHORE_TYPE":"MARSH","SRC_DATE":"20150430","SRC_DATA":"USDA NAIP ORTHOIMAGERY","SRC_RES":"1-m pixel","SRC_VECT":"APPLIED COASTAL","SRC_RAST":"M2909110NW","DIG_NOTES":" ","REGION":"AB","CONTRACTOR":"APPLIED COASTAL","ORG":"COASTAL PROTECTION AND RESTORATION AUTHORITY OF LOUISIANA (CPRA)","SRC_REG":"USDA","DATAURL":"http://cims.coastal.louisiana.gov/meta_docs/gis_refs/shoreline/BICM2/LA-0226_SHORL_0000000000_2015043020150913_RAC0009.zip","Meta_xml":"http://cims.coastal.louisiana.gov/meta_docs/gis_refs/shoreline/BICM2/Shoreline_Metadata.xml","Meta_html":"http://cims.coastal.louisiana.gov/meta_docs/gis_refs/shoreline/BICM2/Shoreline_Metadata.html","COMMENTS":null,"SHAPE_Length":82.3999229699027,"DSAS_DATE":"04/30/2015","DSAS_UNCER":null,"year":2015}},{"type":"Feature","id":28675,"geometry":{"type":"LineString","coordinates":[[-91.828373,29.827379],[-91.828205,29.826559],[-91.828398,29.826907],[-91.828447,29.827899],[-91.828373,29.827379]]},"properties":{"OBJECTID":28675,"PROGRAM":"STATE","PROJECT":"LOUISIANA BARRIER ISLAND COMPREHENSIVE MONITORING PROGRAM (BICM)","PROJ_ID":"LA-0226","PROD_DATE":"20160614","SHORE_TYPE":"MARSH","SRC_DATE":"20150430","SRC_DATA":"USDA NAIP ORTHOIMAGERY","SRC_RES":"1-m pixel","SRC_VECT":"APPLIED COASTAL","SRC_RAST":"M2909110NW","DIG_NOTES":" ","REGION":"AB","CONTRACTOR":"APPLIED COASTAL","ORG":"COASTAL PROTECTION AND RESTORATION AUTHORITY OF LOUISIANA (CPRA)","SRC_REG":"USDA","DATAURL":"http://cims.coastal.louisiana.gov/meta_docs/gis_refs/shoreline/BICM2/LA-0226_SHORL_0000000000_2015043020150913_RAC0009.zip","Meta_xml":"http://cims.coastal.louisiana.gov/meta_docs/gis_refs/shoreline/BICM2/Shoreline_Metadata.xml","Meta_html":"http://cims.coastal.louisiana.gov/meta_docs/gis_refs/shoreline/BICM2/Shoreline_Metadata.html","COMMENTS":null,"SHAPE_Length":358.38567926879205,"DSAS_DATE":"04/30/2015","DSAS_UNCER":null,"year":2015}},{"type":"Feature","id":28676,"geometry":{"type":"LineString","coordinates":[[-91.822329,29.808574],[-91.823547,29.80915],[-91.823982,29.808941],[-91.82447,29.808001],[-91.82442,29.807851],[-91.824107,29.80778],[-91.82323,29.80812],[-91.822918,29.807978],[-91.822924,29.807584],[-91.824195,29.807193],[-91.823788,29.806378],[-91.822941,29.806152],[-91.822907,29.805815],[-91.823497,29.805613],[-91.823034,29.804991],[-91.822908,29.804455],[-91.822703,29.804348],[-91.822047,29.804501],[-91.821996,29.804272],[-91.822495,29.803941],[-91.822114,29.803287],[-91.822158,29.802048],[-91.821894,29.80192],[-91.82214,29.801733],[-91.822003,29.801189],[-91.82032,29.799491],[-91.819006,29.799431],[-91.818904,29.798852],[-91.819382,29.799179],[-91.819694,29.799135],[-91.819898,29.798919],[-91.819669,29.797291]]},"properties":{"OBJECTID":28676,"PROGRAM":"STATE","PROJECT":"LOUISIANA BARRIER ISLAND COMPREHENSIVE MONITORING PROGRAM (BICM)","PROJ_ID":"LA-0226","PROD_DATE":"20160614","SHORE_TYPE":"MARSH","SRC_DATE":"20150430","SRC_DATA":"USDA NAIP ORTHOIMAGERY","SRC_RES":"1-m pixel","SRC_VECT":"APPLIED COASTAL","SRC_RAST":"M2909110SW","DIG_NOTES":" ","REGION":"AB","CONTRACTOR":"APPLIED COASTAL","ORG":"COASTAL PROTECTION AND RESTORATION AUTHORITY OF LOUISIANA (CPRA)","SRC_REG":"USDA","DATAURL":"http://cims.coastal.louisiana.gov/meta_docs/gis_refs/shoreline/BICM2/LA-0226_SHORL_0000000000_2015043020150913_RAC0009.zip","Meta_xml":"http://cims.coastal.louisiana.gov/meta_docs/gis_refs/shoreline/BICM2/Shoreline_Metadata.xml","Meta_html":"http://cims.coastal.louisiana.gov/meta_docs/gis_refs/shoreline/BICM2/Shoreline_Metadata.html","COMMENTS":null,"SHAPE_Length":2462.486882689965,"DSAS_DATE":"04/30/2015","DSAS_UNCER":null,"year":2015}},{"type":"Feature","id":28677,"geometry":{"type":"LineString","coordinates":[[-91.823723,29.809737],[-91.824117,29.809714],[-91.825362,29.809093],[-91.825361,29.8089],[-91.825065,29.808793],[-91.825064,29.808643],[-91.825521,29.807975],[-91.825485,29.807417],[-91.825763,29.807222],[-91.825928,29.807344],[-91.826011,29.807587],[-91.825816,29.807967],[-91.825795,29.808619],[-91.825307,29.809587],[-91.825056,29.810905],[-91.824573,29.810729],[-91.823803,29.810997],[-91.823572,29.810826],[-91.823216,29.810168],[-91.823493,29.809773],[-91.823723,29.809737]]},"properties":{"OBJECTID":28677,"PROGRAM":"STATE","PROJECT":"LOUISIANA BARRIER ISLAND COMPREHENSIVE MONITORING PROGRAM (BICM)","PROJ_ID":"LA-0226","PROD_DATE":"20160614","SHORE_TYPE":"MARSH","SRC_DATE":"20150430","SRC_DATA":"USDA NAIP ORTHOIMAGERY","SRC_RES":"1-m pixel","SRC_VECT":"APPLIED COASTAL","SRC_RAST":"M2909110SW","DIG_NOTES":" ","REGION":"AB","CONTRACTOR":"APPLIED COASTAL","ORG":"COASTAL PROTECTION AND RESTORATION AUTHORITY OF LOUISIANA (CPRA)","SRC_REG":"USDA","DATAURL":"http://cims.coastal.louisiana.gov/meta_docs/gis_refs/shoreline/BICM2/LA-0226_SHORL_0000000000_2015043020150913_RAC0009.zip","Meta_xml":"http://cims.coastal.louisiana.gov/meta_docs/gis_refs/shoreline/BICM2/Shoreline_Metadata.xml","Meta_html":"http://cims.coastal.louisiana.gov/meta_docs/gis_refs/shoreline/BICM2/Shoreline_Metadata.html","COMMENTS":null,"SHAPE_Length":1256.0711488643942,"DSAS_DATE":"04/30/2015","DSAS_UNCER":null,"year":2015}},{"type":"Feature","id":28678,"geometry":{"type":"LineString","coordinates":[[-91.824886,29.812502],[-91.824783,29.81267],[-91.824275,29.812502]]},"properties":{"OBJECTID":28678,"PROGRAM":"STATE","PROJECT":"LOUISIANA BARRIER ISLAND COMPREHENSIVE MONITORING PROGRAM (BICM)","PROJ_ID":"LA-0226","PROD_DATE":"20160614","SHORE_TYPE":"MARSH","SRC_DATE":"20150430","SRC_DATA":"USDA NAIP ORTHOIMAGERY","SRC_RES":"1-m pixel","SRC_VECT":"APPLIED COASTAL","SRC_RAST":"M2909110NW","DIG_NOTES":" ","REGION":"AB","CONTRACTOR":"APPLIED COASTAL","ORG":"COASTAL PROTECTION AND RESTORATION AUTHORITY OF LOUISIANA (CPRA)","SRC_REG":"USDA","DATAURL":"http://cims.coastal.louisiana.gov/meta_docs/gis_refs/shoreline/BICM2/LA-0226_SHORL_0000000000_2015043020150913_RAC0009.zip","Meta_xml":"http://cims.coastal.louisiana.gov/meta_docs/gis_refs/shoreline/BICM2/Shoreline_Metadata.xml","Meta_html":"http://cims.coastal.louisiana.gov/meta_docs/gis_refs/shoreline/BICM2/Shoreline_Metadata.html","COMMENTS":null,"SHAPE_Length":80.92207888176758,"DSAS_DATE":"04/30/2015","DSAS_UNCER":null,"year":2015}},{"type":"Feature","id":28679,"geometry":{"type":"LineString","coordinates":[[-91.824275,29.812502],[-91.823964,29.812048],[-91.824159,29.811655],[-91.824657,29.811534],[-91.824898,29.811691],[-91.824786,29.812173],[-91.824886,29.812502]]},"properties":{"OBJECTID":28679,"PROGRAM":"STATE","PROJECT":"LOUISIANA BARRIER ISLAND COMPREHENSIVE MONITORING PROGRAM (BICM)","PROJ_ID":"LA-0226","PROD_DATE":"20160614","SHORE_TYPE":"MARSH","SRC_DATE":"20150430","SRC_DATA":"USDA NAIP ORTHOIMAGERY","SRC_RES":"1-m pixel","SRC_VECT":"APPLIED COASTAL","SRC_RAST":"M2909110SW","DIG_NOTES":" ","REGION":"AB","CONTRACTOR":"APPLIED COASTAL","ORG":"COASTAL PROTECTION AND RESTORATION AUTHORITY OF LOUISIANA (CPRA)","SRC_REG":"USDA","DATAURL":"http://cims.coastal.louisiana.gov/meta_docs/gis_refs/shoreline/BICM2/LA-0226_SHORL_0000000000_2015043020150913_RAC0009.zip","Meta_xml":"http://cims.coastal.louisiana.gov/meta_docs/gis_refs/shoreline/BICM2/Shoreline_Metadata.xml","Meta_html":"http://cims.coastal.louisiana.gov/meta_docs/gis_refs/shoreline/BICM2/Shoreline_Metadata.html","COMMENTS":null,"SHAPE_Length":321.20374158613856,"DSAS_DATE":"04/30/2015","DSAS_UNCER":null,"year":2015}},{"type":"Feature","id":28680,"geometry":{"type":"LineString","coordinates":[[-91.850225,29.789532],[-91.850915,29.789376],[-91.851191,29.789528],[-91.850767,29.789761],[-91.850967,29.78983],[-91.851025,29.790288],[-91.851402,29.790605],[-91.851368,29.79085],[-91.851059,29.791069],[-91.851225,29.791239],[-91.851088,29.791772],[-91.849722,29.791839],[-91.849886,29.791663],[-91.850057,29.790785],[-91.849821,29.789721],[-91.850225,29.789532]]},"properties":{"OBJECTID":28680,"PROGRAM":"STATE","PROJECT":"LOUISIANA BARRIER ISLAND COMPREHENSIVE MONITORING PROGRAM (BICM)","PROJ_ID":"LA-0226","PROD_DATE":"20160614","SHORE_TYPE":"MARSH","SRC_DATE":"20150430","SRC_DATA":"USDA NAIP ORTHOIMAGERY","SRC_RES":"1-m pixel","SRC_VECT":"APPLIED COASTAL","SRC_RAST":"M2909110SW","DIG_NOTES":" ","REGION":"AB","CONTRACTOR":"APPLIED COASTAL","ORG":"COASTAL PROTECTION AND RESTORATION AUTHORITY OF LOUISIANA (CPRA)","SRC_REG":"USDA","DATAURL":"http://cims.coastal.louisiana.gov/meta_docs/gis_refs/shoreline/BICM2/LA-0226_SHORL_0000000000_2015043020150913_RAC0009.zip","Meta_xml":"http://cims.coastal.louisiana.gov/meta_docs/gis_refs/shoreline/BICM2/Shoreline_Metadata.xml","Meta_html":"http://cims.coastal.louisiana.gov/meta_docs/gis_refs/shoreline/BICM2/Shoreline_Metadata.html","COMMENTS":null,"SHAPE_Length":897.8407665630064,"DSAS_DATE":"04/30/2015","DSAS_UNCER":null,"year":2015}},{"type":"Feature","id":28681,"geometry":{"type":"LineString","coordinates":[[-91.851315,29.788404],[-91.850977,29.788807],[-91.851021,29.788566],[-91.851315,29.788404]]},"properties":{"OBJECTID":28681,"PROGRAM":"STATE","PROJECT":"LOUISIANA BARRIER ISLAND COMPREHENSIVE MONITORING PROGRAM (BICM)","PROJ_ID":"LA-0226","PROD_DATE":"20160614","SHORE_TYPE":"MARSH","SRC_DATE":"20150430","SRC_DATA":"USDA NAIP ORTHOIMAGERY","SRC_RES":"1-m pixel","SRC_VECT":"APPLIED COASTAL","SRC_RAST":"M2909110SW","DIG_NOTES":" ","REGION":"AB","CONTRACTOR":"APPLIED COASTAL","ORG":"COASTAL PROTECTION AND RESTORATION AUTHORITY OF LOUISIANA (CPRA)","SRC_REG":"USDA","DATAURL":"http://cims.coastal.louisiana.gov/meta_docs/gis_refs/shoreline/BICM2/LA-0226_SHORL_0000000000_2015043020150913_RAC0009.zip","Meta_xml":"http://cims.coastal.louisiana.gov/meta_docs/gis_refs/shoreline/BICM2/Shoreline_Metadata.xml","Meta_html":"http://cims.coastal.louisiana.gov/meta_docs/gis_refs/shoreline/BICM2/Shoreline_Metadata.html","COMMENTS":null,"SHAPE_Length":124.02783992041749,"DSAS_DATE":"04/30/2015","DSAS_UNCER":null,"year":2015}},{"type":"Feature","id":28682,"geometry":{"type":"LineString","coordinates":[[-91.851576,29.787462],[-91.851731,29.787597],[-91.851571,29.787637],[-91.851576,29.787462]]},"properties":{"OBJECTID":28682,"PROGRAM":"STATE","PROJECT":"LOUISIANA BARRIER ISLAND COMPREHENSIVE MONITORING PROGRAM (BICM)","PROJ_ID":"LA-0226","PROD_DATE":"20160614","SHORE_TYPE":"MARSH","SRC_DATE":"20150430","SRC_DATA":"USDA NAIP ORTHOIMAGERY","SRC_RES":"1-m pixel","SRC_VECT":"APPLIED COASTAL","SRC_RAST":"M2909110SW","DIG_NOTES":" ","REGION":"AB","CONTRACTOR":"APPLIED COASTAL","ORG":"COASTAL PROTECTION AND RESTORATION AUTHORITY OF LOUISIANA (CPRA)","SRC_REG":"USDA","DATAURL":"http://cims.coastal.louisiana.gov/meta_docs/gis_refs/shoreline/BICM2/LA-0226_SHORL_0000000000_2015043020150913_RAC0009.zip","Meta_xml":"http://cims.coastal.louisiana.gov/meta_docs/gis_refs/shoreline/BICM2/Shoreline_Metadata.xml","Meta_html":"http://cims.coastal.louisiana.gov/meta_docs/gis_refs/shoreline/BICM2/Shoreline_Metadata.html","COMMENTS":null,"SHAPE_Length":58.14848110008204,"DSAS_DATE":"04/30/2015","DSAS_UNCER":null,"year":2015}},{"type":"Feature","id":28683,"geometry":{"type":"LineString","coordinates":[[-91.850162,29.786075],[-91.850855,29.786531],[-91.85067,29.786666],[-91.85108,29.786564],[-91.850654,29.787568],[-91.850856,29.787557],[-91.850706,29.787649],[-91.850223,29.787175],[-91.850039,29.786338],[-91.850162,29.786075]]},"properties":{"OBJECTID":28683,"PROGRAM":"STATE","PROJECT":"LOUISIANA BARRIER ISLAND COMPREHENSIVE MONITORING PROGRAM (BICM)","PROJ_ID":"LA-0226","PROD_DATE":"20160614","SHORE_TYPE":"MARSH","SRC_DATE":"20150430","SRC_DATA":"USDA NAIP ORTHOIMAGERY","SRC_RES":"1-m pixel","SRC_VECT":"APPLIED COASTAL","SRC_RAST":"M2909110SW","DIG_NOTES":" ","REGION":"AB","CONTRACTOR":"APPLIED COASTAL","ORG":"COASTAL PROTECTION AND RESTORATION AUTHORITY OF LOUISIANA (CPRA)","SRC_REG":"USDA","DATAURL":"http://cims.coastal.louisiana.gov/meta_docs/gis_refs/shoreline/BICM2/LA-0226_SHORL_0000000000_2015043020150913_RAC0009.zip","Meta_xml":"http://cims.coastal.louisiana.gov/meta_docs/gis_refs/shoreline/BICM2/Shoreline_Metadata.xml","Meta_html":"http://cims.coastal.louisiana.gov/meta_docs/gis_refs/shoreline/BICM2/Shoreline_Metadata.html","COMMENTS":null,"SHAPE_Length":542.1235675710432,"DSAS_DATE":"04/30/2015","DSAS_UNCER":null,"year":2015}},{"type":"Feature","id":28684,"geometry":{"type":"LineString","coordinates":[[-91.82045,29.798432],[-91.820284,29.798635],[-91.820519,29.799197],[-91.821333,29.799617],[-91.821654,29.79997],[-91.821709,29.799363],[-91.822186,29.799083],[-91.822234,29.798539],[-91.822415,29.798406],[-91.822707,29.797418],[-91.822573,29.796679],[-91.82207,29.796061],[-91.822007,29.795094],[-91.821767,29.794943],[-91.821488,29.794201],[-91.820603,29.79404],[-91.819183,29.794311],[-91.818566,29.79406],[-91.818397,29.793794]]},"properties":{"OBJECTID":28684,"PROGRAM":"STATE","PROJECT":"LOUISIANA BARRIER ISLAND COMPREHENSIVE MONITORING PROGRAM (BICM)","PROJ_ID":"LA-0226","PROD_DATE":"20160614","SHORE_TYPE":"MARSH","SRC_DATE":"20150430","SRC_DATA":"USDA NAIP ORTHOIMAGERY","SRC_RES":"1-m pixel","SRC_VECT":"APPLIED COASTAL","SRC_RAST":"M2909110SW","DIG_NOTES":" ","REGION":"AB","CONTRACTOR":"APPLIED COASTAL","ORG":"COASTAL PROTECTION AND RESTORATION AUTHORITY OF LOUISIANA (CPRA)","SRC_REG":"USDA","DATAURL":"http://cims.coastal.louisiana.gov/meta_docs/gis_refs/shoreline/BICM2/LA-0226_SHORL_0000000000_2015043020150913_RAC0009.zip","Meta_xml":"http://cims.coastal.louisiana.gov/meta_docs/gis_refs/shoreline/BICM2/Shoreline_Metadata.xml","Meta_html":"http://cims.coastal.louisiana.gov/meta_docs/gis_refs/shoreline/BICM2/Shoreline_Metadata.html","COMMENTS":null,"SHAPE_Length":1335.3251708590174,"DSAS_DATE":"04/30/2015","DSAS_UNCER":null,"year":2015}},{"type":"Feature","id":28685,"geometry":{"type":"LineString","coordinates":[[-91.818397,29.793794],[-91.818084,29.79336],[-91.817786,29.793267]]},"properties":{"OBJECTID":28685,"PROGRAM":"STATE","PROJECT":"LOUISIANA BARRIER ISLAND COMPREHENSIVE MONITORING PROGRAM (BICM)","PROJ_ID":"LA-0226","PROD_DATE":"20160614","SHORE_TYPE":"MARSH","SRC_DATE":"20150827","SRC_DATA":"USDA NAIP ORTHOIMAGERY","SRC_RES":"1-m pixel","SRC_VECT":"APPLIED COASTAL","SRC_RAST":"M2909110SW","DIG_NOTES":" ","REGION":"AB","CONTRACTOR":"APPLIED COASTAL","ORG":"COASTAL PROTECTION AND RESTORATION AUTHORITY OF LOUISIANA (CPRA)","SRC_REG":"USDA","DATAURL":"http://cims.coastal.louisiana.gov/meta_docs/gis_refs/shoreline/BICM2/LA-0226_SHORL_0000000000_2015043020150913_RAC0009.zip","Meta_xml":"http://cims.coastal.louisiana.gov/meta_docs/gis_refs/shoreline/BICM2/Shoreline_Metadata.xml","Meta_html":"http://cims.coastal.louisiana.gov/meta_docs/gis_refs/shoreline/BICM2/Shoreline_Metadata.html","COMMENTS":null,"SHAPE_Length":88.85245548808123,"DSAS_DATE":"08/27/2015","DSAS_UNCER":null,"year":2015}},{"type":"Feature","id":28686,"geometry":{"type":"LineString","coordinates":[[-91.822672,29.788008],[-91.823412,29.788284],[-91.82349,29.789036],[-91.823919,29.789442],[-91.824077,29.789893],[-91.823867,29.790553],[-91.823065,29.79125],[-91.823264,29.791636],[-91.823061,29.792088],[-91.822505,29.792574],[-91.822657,29.793332],[-91.821309,29.793231],[-91.820681,29.793664],[-91.819196,29.793973],[-91.818949,29.79391],[-91.818512,29.793375]]},"properties":{"OBJECTID":28686,"PROGRAM":"STATE","PROJECT":"LOUISIANA BARRIER ISLAND COMPREHENSIVE MONITORING PROGRAM (BICM)","PROJ_ID":"LA-0226","PROD_DATE":"20160614","SHORE_TYPE":"MARSH","SRC_DATE":"20150430","SRC_DATA":"USDA NAIP ORTHOIMAGERY","SRC_RES":"1-m pixel","SRC_VECT":"APPLIED COASTAL","SRC_RAST":"M2909110SW","DIG_NOTES":" ","REGION":"AB","CONTRACTOR":"APPLIED COASTAL","ORG":"COASTAL PROTECTION AND RESTORATION AUTHORITY OF LOUISIANA (CPRA)","SRC_REG":"USDA","DATAURL":"http://cims.coastal.louisiana.gov/meta_docs/gis_refs/shoreline/BICM2/LA-0226_SHORL_0000000000_2015043020150913_RAC0009.zip","Meta_xml":"http://cims.coastal.louisiana.gov/meta_docs/gis_refs/shoreline/BICM2/Shoreline_Metadata.xml","Meta_html":"http://cims.coastal.louisiana.gov/meta_docs/gis_refs/shoreline/BICM2/Shoreline_Metadata.html","COMMENTS":null,"SHAPE_Length":1210.783464303438,"DSAS_DATE":"04/30/2015","DSAS_UNCER":null,"year":2015}},{"type":"Feature","id":28687,"geometry":{"type":"LineString","coordinates":[[-91.821894,29.78679],[-91.822157,29.787656]]},"properties":{"OBJECTID":28687,"PROGRAM":"STATE","PROJECT":"LOUISIANA BARRIER ISLAND COMPREHENSIVE MONITORING PROGRAM (BICM)","PROJ_ID":"LA-0226","PROD_DATE":"20160614","SHORE_TYPE":"MARSH","SRC_DATE":"20150430","SRC_DATA":"USDA NAIP ORTHOIMAGERY","SRC_RES":"1-m pixel","SRC_VECT":"APPLIED COASTAL","SRC_RAST":"M2909110SW","DIG_NOTES":" ","REGION":"AB","CONTRACTOR":"APPLIED COASTAL","ORG":"COASTAL PROTECTION AND RESTORATION AUTHORITY OF LOUISIANA (CPRA)","SRC_REG":"USDA","DATAURL":"http://cims.coastal.louisiana.gov/meta_docs/gis_refs/shoreline/BICM2/LA-0226_SHORL_0000000000_2015043020150913_RAC0009.zip","Meta_xml":"http://cims.coastal.louisiana.gov/meta_docs/gis_refs/shoreline/BICM2/Shoreline_Metadata.xml","Meta_html":"http://cims.coastal.louisiana.gov/meta_docs/gis_refs/shoreline/BICM2/Shoreline_Metadata.html","COMMENTS":null,"SHAPE_Length":106.68143481610115,"DSAS_DATE":"04/30/2015","DSAS_UNCER":null,"year":2015}},{"type":"Feature","id":28688,"geometry":{"type":"LineString","coordinates":[[-91.822576,29.787994],[-91.822061,29.787674]]},"properties":{"OBJECTID":28688,"PROGRAM":"STATE","PROJECT":"LOUISIANA BARRIER ISLAND COMPREHENSIVE MONITORING PROGRAM (BICM)","PROJ_ID":"LA-0226","PROD_DATE":"20160614","SHORE_TYPE":"MARSH","SRC_DATE":"20150430","SRC_DATA":"USDA NAIP ORTHOIMAGERY","SRC_RES":"1-m pixel","SRC_VECT":"APPLIED COASTAL","SRC_RAST":"M2909110SW","DIG_NOTES":" ","REGION":"AB","CONTRACTOR":"APPLIED COASTAL","ORG":"COASTAL PROTECTION AND RESTORATION AUTHORITY OF LOUISIANA (CPRA)","SRC_REG":"USDA","DATAURL":"http://cims.coastal.louisiana.gov/meta_docs/gis_refs/shoreline/BICM2/LA-0226_SHORL_0000000000_2015043020150913_RAC0009.zip","Meta_xml":"http://cims.coastal.louisiana.gov/meta_docs/gis_refs/shoreline/BICM2/Shoreline_Metadata.xml","Meta_html":"http://cims.coastal.louisiana.gov/meta_docs/gis_refs/shoreline/BICM2/Shoreline_Metadata.html","COMMENTS":null,"SHAPE_Length":67.82874127804065,"DSAS_DATE":"04/30/2015","DSAS_UNCER":null,"year":2015}},{"type":"Feature","id":28689,"geometry":{"type":"LineString","coordinates":[[-91.82312,29.785802],[-91.82341,29.786475],[-91.822975,29.787026],[-91.82253,29.786992],[-91.822001,29.786582]]},"properties":{"OBJECTID":28689,"PROGRAM":"STATE","PROJECT":"LOUISIANA BARRIER ISLAND COMPREHENSIVE MONITORING PROGRAM (BICM)","PROJ_ID":"LA-0226","PROD_DATE":"20160614","SHORE_TYPE":"MARSH","SRC_DATE":"20150430","SRC_DATA":"USDA NAIP ORTHOIMAGERY","SRC_RES":"1-m pixel","SRC_VECT":"APPLIED COASTAL","SRC_RAST":"M2909110SW","DIG_NOTES":" ","REGION":"AB","CONTRACTOR":"APPLIED COASTAL","ORG":"COASTAL PROTECTION AND RESTORATION AUTHORITY OF LOUISIANA (CPRA)","SRC_REG":"USDA","DATAURL":"http://cims.coastal.louisiana.gov/meta_docs/gis_refs/shoreline/BICM2/LA-0226_SHORL_0000000000_2015043020150913_RAC0009.zip","Meta_xml":"http://cims.coastal.louisiana.gov/meta_docs/gis_refs/shoreline/BICM2/Shoreline_Metadata.xml","Meta_html":"http://cims.coastal.louisiana.gov/meta_docs/gis_refs/shoreline/BICM2/Shoreline_Metadata.html","COMMENTS":null,"SHAPE_Length":272.99438605267494,"DSAS_DATE":"04/30/2015","DSAS_UNCER":null,"year":2015}},{"type":"Feature","id":28690,"geometry":{"type":"LineString","coordinates":[[-91.824193,29.782857],[-91.824371,29.78285],[-91.824688,29.783296],[-91.825305,29.783616],[-91.825397,29.784195],[-91.825282,29.78444],[-91.825433,29.784553],[-91.825321,29.785526],[-91.824818,29.78622],[-91.824935,29.786411],[-91.824711,29.786686],[-91.82426,29.786688],[-91.82421,29.786318],[-91.82358,29.786153],[-91.823407,29.785831]]},"properties":{"OBJECTID":28690,"PROGRAM":"STATE","PROJECT":"LOUISIANA BARRIER ISLAND COMPREHENSIVE MONITORING PROGRAM (BICM)","PROJ_ID":"LA-0226","PROD_DATE":"20160614","SHORE_TYPE":"MARSH","SRC_DATE":"20150430","SRC_DATA":"USDA NAIP ORTHOIMAGERY","SRC_RES":"1-m pixel","SRC_VECT":"APPLIED COASTAL","SRC_RAST":"M2909110SW","DIG_NOTES":" ","REGION":"AB","CONTRACTOR":"APPLIED COASTAL","ORG":"COASTAL PROTECTION AND RESTORATION AUTHORITY OF LOUISIANA (CPRA)","SRC_REG":"USDA","DATAURL":"http://cims.coastal.louisiana.gov/meta_docs/gis_refs/shoreline/BICM2/LA-0226_SHORL_0000000000_2015043020150913_RAC0009.zip","Meta_xml":"http://cims.coastal.louisiana.gov/meta_docs/gis_refs/shoreline/BICM2/Shoreline_Metadata.xml","Meta_html":"http://cims.coastal.louisiana.gov/meta_docs/gis_refs/shoreline/BICM2/Shoreline_Metadata.html","COMMENTS":null,"SHAPE_Length":736.5356338758122,"DSAS_DATE":"04/30/2015","DSAS_UNCER":null,"year":2015}},{"type":"Feature","id":28691,"geometry":{"type":"LineString","coordinates":[[-91.824342,29.782364],[-91.824959,29.782588],[-91.826031,29.780776],[-91.826453,29.780422],[-91.826337,29.780291],[-91.82501,29.780523]]},"properties":{"OBJECTID":28691,"PROGRAM":"STATE","PROJECT":"LOUISIANA BARRIER ISLAND COMPREHENSIVE MONITORING PROGRAM (BICM)","PROJ_ID":"LA-0226","PROD_DATE":"20160614","SHORE_TYPE":"MARSH","SRC_DATE":"20150430","SRC_DATA":"USDA NAIP ORTHOIMAGERY","SRC_RES":"1-m pixel","SRC_VECT":"APPLIED COASTAL","SRC_RAST":"M2909110SW","DIG_NOTES":" ","REGION":"AB","CONTRACTOR":"APPLIED COASTAL","ORG":"COASTAL PROTECTION AND RESTORATION AUTHORITY OF LOUISIANA (CPRA)","SRC_REG":"USDA","DATAURL":"http://cims.coastal.louisiana.gov/meta_docs/gis_refs/shoreline/BICM2/LA-0226_SHORL_0000000000_2015043020150913_RAC0009.zip","Meta_xml":"http://cims.coastal.louisiana.gov/meta_docs/gis_refs/shoreline/BICM2/Shoreline_Metadata.xml","Meta_html":"http://cims.coastal.louisiana.gov/meta_docs/gis_refs/shoreline/BICM2/Shoreline_Metadata.html","COMMENTS":null,"SHAPE_Length":531.2925345399253,"DSAS_DATE":"04/30/2015","DSAS_UNCER":null,"year":2015}},{"type":"Feature","id":28692,"geometry":{"type":"LineString","coordinates":[[-91.824949,29.780547],[-91.82434,29.780532]]},"properties":{"OBJECTID":28692,"PROGRAM":"STATE","PROJECT":"LOUISIANA BARRIER ISLAND COMPREHENSIVE MONITORING PROGRAM (BICM)","PROJ_ID":"LA-0226","PROD_DATE":"20160614","SHORE_TYPE":"MARSH","SRC_DATE":"20150430","SRC_DATA":"USDA NAIP ORTHOIMAGERY","SRC_RES":"1-m pixel","SRC_VECT":"APPLIED COASTAL","SRC_RAST":"M2909110SW","DIG_NOTES":" ","REGION":"AB","CONTRACTOR":"APPLIED COASTAL","ORG":"COASTAL PROTECTION AND RESTORATION AUTHORITY OF LOUISIANA (CPRA)","SRC_REG":"USDA","DATAURL":"http://cims.coastal.louisiana.gov/meta_docs/gis_refs/shoreline/BICM2/LA-0226_SHORL_0000000000_2015043020150913_RAC0009.zip","Meta_xml":"http://cims.coastal.louisiana.gov/meta_docs/gis_refs/shoreline/BICM2/Shoreline_Metadata.xml","Meta_html":"http://cims.coastal.louisiana.gov/meta_docs/gis_refs/shoreline/BICM2/Shoreline_Metadata.html","COMMENTS":null,"SHAPE_Length":63.46739728264697,"DSAS_DATE":"04/30/2015","DSAS_UNCER":null,"year":2015}},{"type":"Feature","id":28693,"geometry":{"type":"LineString","coordinates":[[-91.824152,29.779795],[-91.825121,29.779949],[-91.825391,29.779776],[-91.825495,29.779167],[-91.826043,29.778757],[-91.826776,29.777623],[-91.826537,29.777466]]},"properties":{"OBJECTID":28693,"PROGRAM":"STATE","PROJECT":"LOUISIANA BARRIER ISLAND COMPREHENSIVE MONITORING PROGRAM (BICM)","PROJ_ID":"LA-0226","PROD_DATE":"20160614","SHORE_TYPE":"MARSH","SRC_DATE":"20150430","SRC_DATA":"USDA NAIP ORTHOIMAGERY","SRC_RES":"1-m pixel","SRC_VECT":"APPLIED COASTAL","SRC_RAST":"M2909110SW","DIG_NOTES":" ","REGION":"AB","CONTRACTOR":"APPLIED COASTAL","ORG":"COASTAL PROTECTION AND RESTORATION AUTHORITY OF LOUISIANA (CPRA)","SRC_REG":"USDA","DATAURL":"http://cims.coastal.louisiana.gov/meta_docs/gis_refs/shoreline/BICM2/LA-0226_SHORL_0000000000_2015043020150913_RAC0009.zip","Meta_xml":"http://cims.coastal.louisiana.gov/meta_docs/gis_refs/shoreline/BICM2/Shoreline_Metadata.xml","Meta_html":"http://cims.coastal.louisiana.gov/meta_docs/gis_refs/shoreline/BICM2/Shoreline_Metadata.html","COMMENTS":null,"SHAPE_Length":458.21553116931796,"DSAS_DATE":"04/30/2015","DSAS_UNCER":null,"year":2015}},{"type":"Feature","id":28694,"geometry":{"type":"LineString","coordinates":[[-91.826545,29.777416],[-91.826732,29.77695],[-91.826334,29.776228]]},"properties":{"OBJECTID":28694,"PROGRAM":"STATE","PROJECT":"LOUISIANA BARRIER ISLAND COMPREHENSIVE MONITORING PROGRAM (BICM)","PROJ_ID":"LA-0226","PROD_DATE":"20160614","SHORE_TYPE":"MARSH","SRC_DATE":"20150430","SRC_DATA":"USDA NAIP ORTHOIMAGERY","SRC_RES":"1-m pixel","SRC_VECT":"APPLIED COASTAL","SRC_RAST":"M2909110SW","DIG_NOTES":" ","REGION":"AB","CONTRACTOR":"APPLIED COASTAL","ORG":"COASTAL PROTECTION AND RESTORATION AUTHORITY OF LOUISIANA (CPRA)","SRC_REG":"USDA","DATAURL":"http://cims.coastal.louisiana.gov/meta_docs/gis_refs/shoreline/BICM2/LA-0226_SHORL_0000000000_2015043020150913_RAC0009.zip","Meta_xml":"http://cims.coastal.louisiana.gov/meta_docs/gis_refs/shoreline/BICM2/Shoreline_Metadata.xml","Meta_html":"http://cims.coastal.louisiana.gov/meta_docs/gis_refs/shoreline/BICM2/Shoreline_Metadata.html","COMMENTS":null,"SHAPE_Length":145.54432489732494,"DSAS_DATE":"04/30/2015","DSAS_UNCER":null,"year":2015}},{"type":"Feature","id":28695,"geometry":{"type":"LineString","coordinates":[[-91.830102,29.777822],[-91.829905,29.777887],[-91.830102,29.777822]]},"properties":{"OBJECTID":28695,"PROGRAM":"STATE","PROJECT":"LOUISIANA BARRIER ISLAND COMPREHENSIVE MONITORING PROGRAM (BICM)","PROJ_ID":"LA-0226","PROD_DATE":"20160614","SHORE_TYPE":"MARSH","SRC_DATE":"20150430","SRC_DATA":"USDA NAIP ORTHOIMAGERY","SRC_RES":"1-m pixel","SRC_VECT":"APPLIED COASTAL","SRC_RAST":"M2909110SW","DIG_NOTES":" ","REGION":"AB","CONTRACTOR":"APPLIED COASTAL","ORG":"COASTAL PROTECTION AND RESTORATION AUTHORITY OF LOUISIANA (CPRA)","SRC_REG":"USDA","DATAURL":"http://cims.coastal.louisiana.gov/meta_docs/gis_refs/shoreline/BICM2/LA-0226_SHORL_0000000000_2015043020150913_RAC0009.zip","Meta_xml":"http://cims.coastal.louisiana.gov/meta_docs/gis_refs/shoreline/BICM2/Shoreline_Metadata.xml","Meta_html":"http://cims.coastal.louisiana.gov/meta_docs/gis_refs/shoreline/BICM2/Shoreline_Metadata.html","COMMENTS":null,"SHAPE_Length":45.84142372561937,"DSAS_DATE":"04/30/2015","DSAS_UNCER":null,"year":2015}},{"type":"Feature","id":28696,"geometry":{"type":"LineString","coordinates":[[-91.835624,29.77407],[-91.836002,29.774226],[-91.836194,29.774683],[-91.835858,29.774907],[-91.835655,29.775366],[-91.833369,29.776191],[-91.833223,29.776514],[-91.832683,29.776838],[-91.831296,29.777029],[-91.831044,29.777453],[-91.830617,29.777483],[-91.830608,29.777168],[-91.829895,29.777522],[-91.829115,29.777396],[-91.828338,29.776468],[-91.828403,29.776295]]},"properties":{"OBJECTID":28696,"PROGRAM":"STATE","PROJECT":"LOUISIANA BARRIER ISLAND COMPREHENSIVE MONITORING PROGRAM (BICM)","PROJ_ID":"LA-0226","PROD_DATE":"20160614","SHORE_TYPE":"MARSH","SRC_DATE":"20150430","SRC_DATA":"USDA NAIP ORTHOIMAGERY","SRC_RES":"1-m pixel","SRC_VECT":"APPLIED COASTAL","SRC_RAST":"M2909110SW","DIG_NOTES":" ","REGION":"AB","CONTRACTOR":"APPLIED COASTAL","ORG":"COASTAL PROTECTION AND RESTORATION AUTHORITY OF LOUISIANA (CPRA)","SRC_REG":"USDA","DATAURL":"http://cims.coastal.louisiana.gov/meta_docs/gis_refs/shoreline/BICM2/LA-0226_SHORL_0000000000_2015043020150913_RAC0009.zip","Meta_xml":"http://cims.coastal.louisiana.gov/meta_docs/gis_refs/shoreline/BICM2/Shoreline_Metadata.xml","Meta_html":"http://cims.coastal.louisiana.gov/meta_docs/gis_refs/shoreline/BICM2/Shoreline_Metadata.html","COMMENTS":null,"SHAPE_Length":1195.1591314871157,"DSAS_DATE":"04/30/2015","DSAS_UNCER":null,"year":2015}},{"type":"Feature","id":28697,"geometry":{"type":"LineString","coordinates":[[-91.828287,29.776031],[-91.827959,29.776197],[-91.827831,29.776742],[-91.827197,29.776314],[-91.827055,29.775878]]},"properties":{"OBJECTID":28697,"PROGRAM":"STATE","PROJECT":"LOUISIANA BARRIER ISLAND COMPREHENSIVE MONITORING PROGRAM (BICM)","PROJ_ID":"LA-0226","PROD_DATE":"20160614","SHORE_TYPE":"MARSH","SRC_DATE":"20150430","SRC_DATA":"USDA NAIP ORTHOIMAGERY","SRC_RES":"1-m pixel","SRC_VECT":"APPLIED COASTAL","SRC_RAST":"M2909110SW","DIG_NOTES":" ","REGION":"AB","CONTRACTOR":"APPLIED COASTAL","ORG":"COASTAL PROTECTION AND RESTORATION AUTHORITY OF LOUISIANA (CPRA)","SRC_REG":"USDA","DATAURL":"http://cims.coastal.louisiana.gov/meta_docs/gis_refs/shoreline/BICM2/LA-0226_SHORL_0000000000_2015043020150913_RAC0009.zip","Meta_xml":"http://cims.coastal.louisiana.gov/meta_docs/gis_refs/shoreline/BICM2/Shoreline_Metadata.xml","Meta_html":"http://cims.coastal.louisiana.gov/meta_docs/gis_refs/shoreline/BICM2/Shoreline_Metadata.html","COMMENTS":null,"SHAPE_Length":236.84849629783992,"DSAS_DATE":"04/30/2015","DSAS_UNCER":null,"year":2015}},{"type":"Feature","id":28698,"geometry":{"type":"LineString","coordinates":[[-91.83443,29.773351],[-91.83536,29.773755],[-91.835558,29.774041]]},"properties":{"OBJECTID":28698,"PROGRAM":"STATE","PROJECT":"LOUISIANA BARRIER ISLAND COMPREHENSIVE MONITORING PROGRAM (BICM)","PROJ_ID":"LA-0226","PROD_DATE":"20160614","SHORE_TYPE":"MARSH","SRC_DATE":"20150430","SRC_DATA":"USDA NAIP ORTHOIMAGERY","SRC_RES":"1-m pixel","SRC_VECT":"APPLIED COASTAL","SRC_RAST":"M2909110SW","DIG_NOTES":" ","REGION":"AB","CONTRACTOR":"APPLIED COASTAL","ORG":"COASTAL PROTECTION AND RESTORATION AUTHORITY OF LOUISIANA (CPRA)","SRC_REG":"USDA","DATAURL":"http://cims.coastal.louisiana.gov/meta_docs/gis_refs/shoreline/BICM2/LA-0226_SHORL_0000000000_2015043020150913_RAC0009.zip","Meta_xml":"http://cims.coastal.louisiana.gov/meta_docs/gis_refs/shoreline/BICM2/Shoreline_Metadata.xml","Meta_html":"http://cims.coastal.louisiana.gov/meta_docs/gis_refs/shoreline/BICM2/Shoreline_Metadata.html","COMMENTS":null,"SHAPE_Length":139.77444296570758,"DSAS_DATE":"04/30/2015","DSAS_UNCER":null,"year":2015}},{"type":"Feature","id":28699,"geometry":{"type":"LineString","coordinates":[[-91.839931,29.773505],[-91.839226,29.773723],[-91.838368,29.772938],[-91.837587,29.772726],[-91.837215,29.772212],[-91.837261,29.771432]]},"properties":{"OBJECTID":28699,"PROGRAM":"STATE","PROJECT":"LOUISIANA BARRIER ISLAND COMPREHENSIVE MONITORING PROGRAM (BICM)","PROJ_ID":"LA-0226","PROD_DATE":"20160614","SHORE_TYPE":"MARSH","SRC_DATE":"20150430","SRC_DATA":"USDA NAIP ORTHOIMAGERY","SRC_RES":"1-m pixel","SRC_VECT":"APPLIED COASTAL","SRC_RAST":"M2909110SW","DIG_NOTES":" ","REGION":"AB","CONTRACTOR":"APPLIED COASTAL","ORG":"COASTAL PROTECTION AND RESTORATION AUTHORITY OF LOUISIANA (CPRA)","SRC_REG":"USDA","DATAURL":"http://cims.coastal.louisiana.gov/meta_docs/gis_refs/shoreline/BICM2/LA-0226_SHORL_0000000000_2015043020150913_RAC0009.zip","Meta_xml":"http://cims.coastal.louisiana.gov/meta_docs/gis_refs/shoreline/BICM2/Shoreline_Metadata.xml","Meta_html":"http://cims.coastal.louisiana.gov/meta_docs/gis_refs/shoreline/BICM2/Shoreline_Metadata.html","COMMENTS":null,"SHAPE_Length":436.5638912127255,"DSAS_DATE":"04/30/2015","DSAS_UNCER":null,"year":2015}},{"type":"Feature","id":28700,"geometry":{"type":"LineString","coordinates":[[-91.835768,29.771752],[-91.835917,29.771916],[-91.835763,29.772289],[-91.83589,29.773034],[-91.835735,29.773256],[-91.834847,29.773045],[-91.834171,29.772389]]},"properties":{"OBJECTID":28700,"PROGRAM":"STATE","PROJECT":"LOUISIANA BARRIER ISLAND COMPREHENSIVE MONITORING PROGRAM (BICM)","PROJ_ID":"LA-0226","PROD_DATE":"20160614","SHORE_TYPE":"MARSH","SRC_DATE":"20150430","SRC_DATA":"USDA NAIP ORTHOIMAGERY","SRC_RES":"1-m pixel","SRC_VECT":"APPLIED COASTAL","SRC_RAST":"M2909110SW","DIG_NOTES":" ","REGION":"AB","CONTRACTOR":"APPLIED COASTAL","ORG":"COASTAL PROTECTION AND RESTORATION AUTHORITY OF LOUISIANA (CPRA)","SRC_REG":"USDA","DATAURL":"http://cims.coastal.louisiana.gov/meta_docs/gis_refs/shoreline/BICM2/LA-0226_SHORL_0000000000_2015043020150913_RAC0009.zip","Meta_xml":"http://cims.coastal.louisiana.gov/meta_docs/gis_refs/shoreline/BICM2/Shoreline_Metadata.xml","Meta_html":"http://cims.coastal.louisiana.gov/meta_docs/gis_refs/shoreline/BICM2/Shoreline_Metadata.html","COMMENTS":null,"SHAPE_Length":374.9576920805527,"DSAS_DATE":"04/30/2015","DSAS_UNCER":null,"year":2015}},{"type":"Feature","id":28701,"geometry":{"type":"LineString","coordinates":[[-91.839542,29.774491],[-91.839426,29.774334],[-91.839547,29.773926],[-91.840063,29.773666]]},"properties":{"OBJECTID":28701,"PROGRAM":"STATE","PROJECT":"LOUISIANA BARRIER ISLAND COMPREHENSIVE MONITORING PROGRAM (BICM)","PROJ_ID":"LA-0226","PROD_DATE":"20160614","SHORE_TYPE":"MARSH","SRC_DATE":"20150430","SRC_DATA":"USDA NAIP ORTHOIMAGERY","SRC_RES":"1-m pixel","SRC_VECT":"APPLIED COASTAL","SRC_RAST":"M2909110SW","DIG_NOTES":" ","REGION":"AB","CONTRACTOR":"APPLIED COASTAL","ORG":"COASTAL PROTECTION AND RESTORATION AUTHORITY OF LOUISIANA (CPRA)","SRC_REG":"USDA","DATAURL":"http://cims.coastal.louisiana.gov/meta_docs/gis_refs/shoreline/BICM2/LA-0226_SHORL_0000000000_2015043020150913_RAC0009.zip","Meta_xml":"http://cims.coastal.louisiana.gov/meta_docs/gis_refs/shoreline/BICM2/Shoreline_Metadata.xml","Meta_html":"http://cims.coastal.louisiana.gov/meta_docs/gis_refs/shoreline/BICM2/Shoreline_Metadata.html","COMMENTS":null,"SHAPE_Length":127.0930551262041,"DSAS_DATE":"04/30/2015","DSAS_UNCER":null,"year":2015}},{"type":"Feature","id":28702,"geometry":{"type":"LineString","coordinates":[[-91.839435,29.774499],[-91.839328,29.774506],[-91.839498,29.775537],[-91.839773,29.776388],[-91.840094,29.776645],[-91.840328,29.777303],[-91.840721,29.777258]]},"properties":{"OBJECTID":28702,"PROGRAM":"STATE","PROJECT":"LOUISIANA BARRIER ISLAND COMPREHENSIVE MONITORING PROGRAM (BICM)","PROJ_ID":"LA-0226","PROD_DATE":"20160614","SHORE_TYPE":"MARSH","SRC_DATE":"20150430","SRC_DATA":"USDA NAIP ORTHOIMAGERY","SRC_RES":"1-m pixel","SRC_VECT":"APPLIED COASTAL","SRC_RAST":"M2909110SW","DIG_NOTES":" ","REGION":"AB","CONTRACTOR":"APPLIED COASTAL","ORG":"COASTAL PROTECTION AND RESTORATION AUTHORITY OF LOUISIANA (CPRA)","SRC_REG":"USDA","DATAURL":"http://cims.coastal.louisiana.gov/meta_docs/gis_refs/shoreline/BICM2/LA-0226_SHORL_0000000000_2015043020150913_RAC0009.zip","Meta_xml":"http://cims.coastal.louisiana.gov/meta_docs/gis_refs/shoreline/BICM2/Shoreline_Metadata.xml","Meta_html":"http://cims.coastal.louisiana.gov/meta_docs/gis_refs/shoreline/BICM2/Shoreline_Metadata.html","COMMENTS":null,"SHAPE_Length":397.38175378252106,"DSAS_DATE":"04/30/2015","DSAS_UNCER":null,"year":2015}},{"type":"Feature","id":28703,"geometry":{"type":"LineString","coordinates":[[-91.840821,29.777408],[-91.840395,29.77756],[-91.840437,29.777839],[-91.840263,29.777546],[-91.839976,29.777519],[-91.840151,29.778055],[-91.840497,29.778247],[-91.842385,29.778383],[-91.842731,29.778525],[-91.84284,29.778936],[-91.84307,29.779079],[-91.843875,29.77904],[-91.844663,29.77939],[-91.845181,29.779176],[-91.846096,29.779487],[-91.846143,29.779269]]},"properties":{"OBJECTID":28703,"PROGRAM":"STATE","PROJECT":"LOUISIANA BARRIER ISLAND COMPREHENSIVE MONITORING PROGRAM (BICM)","PROJ_ID":"LA-0226","PROD_DATE":"20160614","SHORE_TYPE":"MARSH","SRC_DATE":"20150430","SRC_DATA":"USDA NAIP ORTHOIMAGERY","SRC_RES":"1-m pixel","SRC_VECT":"APPLIED COASTAL","SRC_RAST":"M2909110SW","DIG_NOTES":" ","REGION":"AB","CONTRACTOR":"APPLIED COASTAL","ORG":"COASTAL PROTECTION AND RESTORATION AUTHORITY OF LOUISIANA (CPRA)","SRC_REG":"USDA","DATAURL":"http://cims.coastal.louisiana.gov/meta_docs/gis_refs/shoreline/BICM2/LA-0226_SHORL_0000000000_2015043020150913_RAC0009.zip","Meta_xml":"http://cims.coastal.louisiana.gov/meta_docs/gis_refs/shoreline/BICM2/Shoreline_Metadata.xml","Meta_html":"http://cims.coastal.louisiana.gov/meta_docs/gis_refs/shoreline/BICM2/Shoreline_Metadata.html","COMMENTS":null,"SHAPE_Length":920.4020655834577,"DSAS_DATE":"04/30/2015","DSAS_UNCER":null,"year":2015}},{"type":"Feature","id":28704,"geometry":{"type":"LineString","coordinates":[[-91.848487,29.783458],[-91.848279,29.783185],[-91.848271,29.782778],[-91.846661,29.781897],[-91.84661,29.781715],[-91.847081,29.781345]]},"properties":{"OBJECTID":28704,"PROGRAM":"STATE","PROJECT":"LOUISIANA BARRIER ISLAND COMPREHENSIVE MONITORING PROGRAM (BICM)","PROJ_ID":"LA-0226","PROD_DATE":"20160614","SHORE_TYPE":"MARSH","SRC_DATE":"20150430","SRC_DATA":"USDA NAIP ORTHOIMAGERY","SRC_RES":"1-m pixel","SRC_VECT":"APPLIED COASTAL","SRC_RAST":"M2909110SW","DIG_NOTES":" ","REGION":"AB","CONTRACTOR":"APPLIED COASTAL","ORG":"COASTAL PROTECTION AND RESTORATION AUTHORITY OF LOUISIANA (CPRA)","SRC_REG":"USDA","DATAURL":"http://cims.coastal.louisiana.gov/meta_docs/gis_refs/shoreline/BICM2/LA-0226_SHORL_0000000000_2015043020150913_RAC0009.zip","Meta_xml":"http://cims.coastal.louisiana.gov/meta_docs/gis_refs/shoreline/BICM2/Shoreline_Metadata.xml","Meta_html":"http://cims.coastal.louisiana.gov/meta_docs/gis_refs/shoreline/BICM2/Shoreline_Metadata.html","COMMENTS":null,"SHAPE_Length":372.15802838027713,"DSAS_DATE":"04/30/2015","DSAS_UNCER":null,"year":2015}},{"type":"Feature","id":28705,"geometry":{"type":"LineString","coordinates":[[-91.849273,29.78427],[-91.848847,29.783949],[-91.848735,29.783436],[-91.848487,29.783458]]},"properties":{"OBJECTID":28705,"PROGRAM":"STATE","PROJECT":"LOUISIANA BARRIER ISLAND COMPREHENSIVE MONITORING PROGRAM (BICM)","PROJ_ID":"LA-0226","PROD_DATE":"20160614","SHORE_TYPE":"MARSH","SRC_DATE":"20150430","SRC_DATA":"USDA NAIP ORTHOIMAGERY","SRC_RES":"1-m pixel","SRC_VECT":"APPLIED COASTAL","SRC_RAST":"M2909110SW","DIG_NOTES":" ","REGION":"AB","CONTRACTOR":"APPLIED COASTAL","ORG":"COASTAL PROTECTION AND RESTORATION AUTHORITY OF LOUISIANA (CPRA)","SRC_REG":"USDA","DATAURL":"http://cims.coastal.louisiana.gov/meta_docs/gis_refs/shoreline/BICM2/LA-0226_SHORL_0000000000_2015043020150913_RAC0009.zip","Meta_xml":"http://cims.coastal.louisiana.gov/meta_docs/gis_refs/shoreline/BICM2/Shoreline_Metadata.xml","Meta_html":"http://cims.coastal.louisiana.gov/meta_docs/gis_refs/shoreline/BICM2/Shoreline_Metadata.html","COMMENTS":null,"SHAPE_Length":142.27311929130192,"DSAS_DATE":"04/30/2015","DSAS_UNCER":null,"year":2015}},{"type":"Feature","id":28706,"geometry":{"type":"LineString","coordinates":[[-91.846911,29.781212],[-91.846616,29.78134],[-91.846553,29.781238],[-91.846568,29.780219],[-91.846234,29.779966],[-91.846362,29.779318]]},"properties":{"OBJECTID":28706,"PROGRAM":"STATE","PROJECT":"LOUISIANA BARRIER ISLAND COMPREHENSIVE MONITORING PROGRAM (BICM)","PROJ_ID":"LA-0226","PROD_DATE":"20160614","SHORE_TYPE":"MARSH","SRC_DATE":"20150430","SRC_DATA":"USDA NAIP ORTHOIMAGERY","SRC_RES":"1-m pixel","SRC_VECT":"APPLIED COASTAL","SRC_RAST":"M2909110SW","DIG_NOTES":" ","REGION":"AB","CONTRACTOR":"APPLIED COASTAL","ORG":"COASTAL PROTECTION AND RESTORATION AUTHORITY OF LOUISIANA (CPRA)","SRC_REG":"USDA","DATAURL":"http://cims.coastal.louisiana.gov/meta_docs/gis_refs/shoreline/BICM2/LA-0226_SHORL_0000000000_2015043020150913_RAC0009.zip","Meta_xml":"http://cims.coastal.louisiana.gov/meta_docs/gis_refs/shoreline/BICM2/Shoreline_Metadata.xml","Meta_html":"http://cims.coastal.louisiana.gov/meta_docs/gis_refs/shoreline/BICM2/Shoreline_Metadata.html","COMMENTS":null,"SHAPE_Length":288.9999807984166,"DSAS_DATE":"04/30/2015","DSAS_UNCER":null,"year":2015}},{"type":"Feature","id":28707,"geometry":{"type":"LineString","coordinates":[[-91.855845,29.776669],[-91.855837,29.776848],[-91.855249,29.777359]]},"properties":{"OBJECTID":28707,"PROGRAM":"STATE","PROJECT":"LOUISIANA BARRIER ISLAND COMPREHENSIVE MONITORING PROGRAM (BICM)","PROJ_ID":"LA-0226","PROD_DATE":"20160614","SHORE_TYPE":"MARSH","SRC_DATE":"20150430","SRC_DATA":"USDA NAIP ORTHOIMAGERY","SRC_RES":"1-m pixel","SRC_VECT":"APPLIED COASTAL","SRC_RAST":"M2909110SW","DIG_NOTES":" ","REGION":"AB","CONTRACTOR":"APPLIED COASTAL","ORG":"COASTAL PROTECTION AND RESTORATION AUTHORITY OF LOUISIANA (CPRA)","SRC_REG":"USDA","DATAURL":"http://cims.coastal.louisiana.gov/meta_docs/gis_refs/shoreline/BICM2/LA-0226_SHORL_0000000000_2015043020150913_RAC0009.zip","Meta_xml":"http://cims.coastal.louisiana.gov/meta_docs/gis_refs/shoreline/BICM2/Shoreline_Metadata.xml","Meta_html":"http://cims.coastal.louisiana.gov/meta_docs/gis_refs/shoreline/BICM2/Shoreline_Metadata.html","COMMENTS":null,"SHAPE_Length":107.38250708469747,"DSAS_DATE":"04/30/2015","DSAS_UNCER":null,"year":2015}},{"type":"Feature","id":28708,"geometry":{"type":"LineString","coordinates":[[-91.855312,29.7774],[-91.854916,29.777929],[-91.854653,29.778034]]},"properties":{"OBJECTID":28708,"PROGRAM":"STATE","PROJECT":"LOUISIANA BARRIER ISLAND COMPREHENSIVE MONITORING PROGRAM (BICM)","PROJ_ID":"LA-0226","PROD_DATE":"20160614","SHORE_TYPE":"MARSH","SRC_DATE":"20150430","SRC_DATA":"USDA NAIP ORTHOIMAGERY","SRC_RES":"1-m pixel","SRC_VECT":"APPLIED COASTAL","SRC_RAST":"M2909110SW","DIG_NOTES":" ","REGION":"AB","CONTRACTOR":"APPLIED COASTAL","ORG":"COASTAL PROTECTION AND RESTORATION AUTHORITY OF LOUISIANA (CPRA)","SRC_REG":"USDA","DATAURL":"http://cims.coastal.louisiana.gov/meta_docs/gis_refs/shoreline/BICM2/LA-0226_SHORL_0000000000_2015043020150913_RAC0009.zip","Meta_xml":"http://cims.coastal.louisiana.gov/meta_docs/gis_refs/shoreline/BICM2/Shoreline_Metadata.xml","Meta_html":"http://cims.coastal.louisiana.gov/meta_docs/gis_refs/shoreline/BICM2/Shoreline_Metadata.html","COMMENTS":null,"SHAPE_Length":118.38684642024275,"DSAS_DATE":"04/30/2015","DSAS_UNCER":null,"year":2015}},{"type":"Feature","id":28709,"geometry":{"type":"LineString","coordinates":[[-91.854601,29.778044],[-91.854234,29.778943],[-91.85307,29.780531],[-91.852732,29.78135],[-91.852824,29.782018],[-91.852655,29.782269],[-91.852799,29.782406],[-91.852343,29.782938],[-91.852339,29.783338],[-91.851946,29.784202],[-91.851956,29.784823],[-91.851336,29.785243],[-91.851482,29.785624],[-91.851134,29.785942],[-91.851059,29.786228],[-91.850759,29.786396],[-91.850199,29.78603],[-91.850042,29.786157],[-91.849466,29.785884],[-91.849425,29.785692],[-91.849728,29.785433],[-91.849512,29.785033],[-91.8496,29.784467],[-91.849435,29.784289]]},"properties":{"OBJECTID":28709,"PROGRAM":"STATE","PROJECT":"LOUISIANA BARRIER ISLAND COMPREHENSIVE MONITORING PROGRAM (BICM)","PROJ_ID":"LA-0226","PROD_DATE":"20160614","SHORE_TYPE":"MARSH","SRC_DATE":"20150430","SRC_DATA":"USDA NAIP ORTHOIMAGERY","SRC_RES":"1-m pixel","SRC_VECT":"APPLIED COASTAL","SRC_RAST":"M2909110SW","DIG_NOTES":" ","REGION":"AB","CONTRACTOR":"APPLIED COASTAL","ORG":"COASTAL PROTECTION AND RESTORATION AUTHORITY OF LOUISIANA (CPRA)","SRC_REG":"USDA","DATAURL":"http://cims.coastal.louisiana.gov/meta_docs/gis_refs/shoreline/BICM2/LA-0226_SHORL_0000000000_2015043020150913_RAC0009.zip","Meta_xml":"http://cims.coastal.louisiana.gov/meta_docs/gis_refs/shoreline/BICM2/Shoreline_Metadata.xml","Meta_html":"http://cims.coastal.louisiana.gov/meta_docs/gis_refs/shoreline/BICM2/Shoreline_Metadata.html","COMMENTS":null,"SHAPE_Length":1539.7030602595084,"DSAS_DATE":"04/30/2015","DSAS_UNCER":null,"year":2015}},{"type":"Feature","id":28710,"geometry":{"type":"LineString","coordinates":[[-91.858593,29.774205],[-91.857604,29.774946],[-91.857459,29.775376],[-91.857303,29.775377],[-91.857354,29.775771],[-91.857018,29.775894],[-91.856946,29.776173],[-91.856666,29.77616],[-91.856487,29.776483],[-91.85607,29.776678]]},"properties":{"OBJECTID":28710,"PROGRAM":"STATE","PROJECT":"LOUISIANA BARRIER ISLAND COMPREHENSIVE MONITORING PROGRAM (BICM)","PROJ_ID":"LA-0226","PROD_DATE":"20160614","SHORE_TYPE":"MARSH","SRC_DATE":"20150430","SRC_DATA":"USDA NAIP ORTHOIMAGERY","SRC_RES":"1-m pixel","SRC_VECT":"APPLIED COASTAL","SRC_RAST":"M2909110SW","DIG_NOTES":" ","REGION":"AB","CONTRACTOR":"APPLIED COASTAL","ORG":"COASTAL PROTECTION AND RESTORATION AUTHORITY OF LOUISIANA (CPRA)","SRC_REG":"USDA","DATAURL":"http://cims.coastal.louisiana.gov/meta_docs/gis_refs/shoreline/BICM2/LA-0226_SHORL_0000000000_2015043020150913_RAC0009.zip","Meta_xml":"http://cims.coastal.louisiana.gov/meta_docs/gis_refs/shoreline/BICM2/Shoreline_Metadata.xml","Meta_html":"http://cims.coastal.louisiana.gov/meta_docs/gis_refs/shoreline/BICM2/Shoreline_Metadata.html","COMMENTS":null,"SHAPE_Length":459.9128107274015,"DSAS_DATE":"04/30/2015","DSAS_UNCER":null,"year":2015}},{"type":"Feature","id":28711,"geometry":{"type":"LineString","coordinates":[[-91.862306,29.771572],[-91.863592,29.771044],[-91.862555,29.770465]]},"properties":{"OBJECTID":28711,"PROGRAM":"STATE","PROJECT":"LOUISIANA BARRIER ISLAND COMPREHENSIVE MONITORING PROGRAM (BICM)","PROJ_ID":"LA-0226","PROD_DATE":"20160614","SHORE_TYPE":"MARSH","SRC_DATE":"20150430","SRC_DATA":"USDA NAIP ORTHOIMAGERY","SRC_RES":"1-m pixel","SRC_VECT":"APPLIED COASTAL","SRC_RAST":"M2909110SW","DIG_NOTES":" ","REGION":"AB","CONTRACTOR":"APPLIED COASTAL","ORG":"COASTAL PROTECTION AND RESTORATION AUTHORITY OF LOUISIANA (CPRA)","SRC_REG":"USDA","DATAURL":"http://cims.coastal.louisiana.gov/meta_docs/gis_refs/shoreline/BICM2/LA-0226_SHORL_0000000000_2015043020150913_RAC0009.zip","Meta_xml":"http://cims.coastal.louisiana.gov/meta_docs/gis_refs/shoreline/BICM2/Shoreline_Metadata.xml","Meta_html":"http://cims.coastal.louisiana.gov/meta_docs/gis_refs/shoreline/BICM2/Shoreline_Metadata.html","COMMENTS":null,"SHAPE_Length":268.93535699052984,"DSAS_DATE":"04/30/2015","DSAS_UNCER":null,"year":2015}},{"type":"Feature","id":28712,"geometry":{"type":"LineString","coordinates":[[-91.862282,29.771615],[-91.860874,29.772473]]},"properties":{"OBJECTID":28712,"PROGRAM":"STATE","PROJECT":"LOUISIANA BARRIER ISLAND COMPREHENSIVE MONITORING PROGRAM (BICM)","PROJ_ID":"LA-0226","PROD_DATE":"20160614","SHORE_TYPE":"MARSH","SRC_DATE":"20150430","SRC_DATA":"USDA NAIP ORTHOIMAGERY","SRC_RES":"1-m pixel","SRC_VECT":"APPLIED COASTAL","SRC_RAST":"M2909110SW","DIG_NOTES":" ","REGION":"AB","CONTRACTOR":"APPLIED COASTAL","ORG":"COASTAL PROTECTION AND RESTORATION AUTHORITY OF LOUISIANA (CPRA)","SRC_REG":"USDA","DATAURL":"http://cims.coastal.louisiana.gov/meta_docs/gis_refs/shoreline/BICM2/LA-0226_SHORL_0000000000_2015043020150913_RAC0009.zip","Meta_xml":"http://cims.coastal.louisiana.gov/meta_docs/gis_refs/shoreline/BICM2/Shoreline_Metadata.xml","Meta_html":"http://cims.coastal.louisiana.gov/meta_docs/gis_refs/shoreline/BICM2/Shoreline_Metadata.html","COMMENTS":null,"SHAPE_Length":178.96852109051648,"DSAS_DATE":"04/30/2015","DSAS_UNCER":null,"year":2015}},{"type":"Feature","id":28713,"geometry":{"type":"LineString","coordinates":[[-91.860768,29.772556],[-91.860392,29.772916],[-91.859508,29.773327],[-91.858773,29.774111]]},"properties":{"OBJECTID":28713,"PROGRAM":"STATE","PROJECT":"LOUISIANA BARRIER ISLAND COMPREHENSIVE MONITORING PROGRAM (BICM)","PROJ_ID":"LA-0226","PROD_DATE":"20160614","SHORE_TYPE":"MARSH","SRC_DATE":"20150430","SRC_DATA":"USDA NAIP ORTHOIMAGERY","SRC_RES":"1-m pixel","SRC_VECT":"APPLIED COASTAL","SRC_RAST":"M2909110SW","DIG_NOTES":" ","REGION":"AB","CONTRACTOR":"APPLIED COASTAL","ORG":"COASTAL PROTECTION AND RESTORATION AUTHORITY OF LOUISIANA (CPRA)","SRC_REG":"USDA","DATAURL":"http://cims.coastal.louisiana.gov/meta_docs/gis_refs/shoreline/BICM2/LA-0226_SHORL_0000000000_2015043020150913_RAC0009.zip","Meta_xml":"http://cims.coastal.louisiana.gov/meta_docs/gis_refs/shoreline/BICM2/Shoreline_Metadata.xml","Meta_html":"http://cims.coastal.louisiana.gov/meta_docs/gis_refs/shoreline/BICM2/Shoreline_Metadata.html","COMMENTS":null,"SHAPE_Length":280.08392701296253,"DSAS_DATE":"04/30/2015","DSAS_UNCER":null,"year":2015}},{"type":"Feature","id":28714,"geometry":{"type":"LineString","coordinates":[[-91.865792,29.767995],[-91.865941,29.768181],[-91.865267,29.769494],[-91.86418,29.770487],[-91.86419,29.770809],[-91.863169,29.770291]]},"properties":{"OBJECTID":28714,"PROGRAM":"STATE","PROJECT":"LOUISIANA BARRIER ISLAND COMPREHENSIVE MONITORING PROGRAM (BICM)","PROJ_ID":"LA-0226","PROD_DATE":"20160614","SHORE_TYPE":"MARSH","SRC_DATE":"20150430","SRC_DATA":"USDA NAIP ORTHOIMAGERY","SRC_RES":"1-m pixel","SRC_VECT":"APPLIED COASTAL","SRC_RAST":"M2909110SW","DIG_NOTES":" ","REGION":"AB","CONTRACTOR":"APPLIED COASTAL","ORG":"COASTAL PROTECTION AND RESTORATION AUTHORITY OF LOUISIANA (CPRA)","SRC_REG":"USDA","DATAURL":"http://cims.coastal.louisiana.gov/meta_docs/gis_refs/shoreline/BICM2/LA-0226_SHORL_0000000000_2015043020150913_RAC0009.zip","Meta_xml":"http://cims.coastal.louisiana.gov/meta_docs/gis_refs/shoreline/BICM2/Shoreline_Metadata.xml","Meta_html":"http://cims.coastal.louisiana.gov/meta_docs/gis_refs/shoreline/BICM2/Shoreline_Metadata.html","COMMENTS":null,"SHAPE_Length":513.9519603288478,"DSAS_DATE":"04/30/2015","DSAS_UNCER":null,"year":2015}},{"type":"Feature","id":28715,"geometry":{"type":"LineString","coordinates":[[-91.864762,29.762577],[-91.865163,29.762282],[-91.865966,29.7622],[-91.866444,29.762484],[-91.866673,29.762318],[-91.867191,29.762503],[-91.867634,29.762408],[-91.867849,29.761801],[-91.867228,29.761302],[-91.867302,29.76112],[-91.868898,29.761246],[-91.868206,29.762123],[-91.867887,29.761897],[-91.867726,29.762095],[-91.867687,29.762421],[-91.867823,29.762581],[-91.868028,29.762547],[-91.868046,29.762734],[-91.867713,29.76348],[-91.867757,29.764052],[-91.867578,29.764354],[-91.86785,29.76605],[-91.867166,29.767012],[-91.866029,29.767855],[-91.865882,29.767827]]},"properties":{"OBJECTID":28715,"PROGRAM":"STATE","PROJECT":"LOUISIANA BARRIER ISLAND COMPREHENSIVE MONITORING PROGRAM (BICM)","PROJ_ID":"LA-0226","PROD_DATE":"20160614","SHORE_TYPE":"MARSH","SRC_DATE":"20150430","SRC_DATA":"USDA NAIP ORTHOIMAGERY","SRC_RES":"1-m pixel","SRC_VECT":"APPLIED COASTAL","SRC_RAST":"M2909110SW","DIG_NOTES":" ","REGION":"AB","CONTRACTOR":"APPLIED COASTAL","ORG":"COASTAL PROTECTION AND RESTORATION AUTHORITY OF LOUISIANA (CPRA)","SRC_REG":"USDA","DATAURL":"http://cims.coastal.louisiana.gov/meta_docs/gis_refs/shoreline/BICM2/LA-0226_SHORL_0000000000_2015043020150913_RAC0009.zip","Meta_xml":"http://cims.coastal.louisiana.gov/meta_docs/gis_refs/shoreline/BICM2/Shoreline_Metadata.xml","Meta_html":"http://cims.coastal.louisiana.gov/meta_docs/gis_refs/shoreline/BICM2/Shoreline_Metadata.html","COMMENTS":null,"SHAPE_Length":1675.7508899012305,"DSAS_DATE":"04/30/2015","DSAS_UNCER":null,"year":2015}},{"type":"Feature","id":28716,"geometry":{"type":"LineString","coordinates":[[-91.878124,29.752826],[-91.87827,29.752546],[-91.878558,29.752752],[-91.878362,29.752961],[-91.878429,29.753161],[-91.878176,29.753363],[-91.878507,29.753935],[-91.87842,29.754458],[-91.878554,29.755023],[-91.878441,29.755275],[-91.878754,29.75551],[-91.878789,29.755861],[-91.878103,29.756147],[-91.877606,29.756729],[-91.877047,29.756731]]},"properties":{"OBJECTID":28716,"PROGRAM":"STATE","PROJECT":"LOUISIANA BARRIER ISLAND COMPREHENSIVE MONITORING PROGRAM (BICM)","PROJ_ID":"LA-0226","PROD_DATE":"20160614","SHORE_TYPE":"MARSH","SRC_DATE":"20150430","SRC_DATA":"USDA NAIP ORTHOIMAGERY","SRC_RES":"1-m pixel","SRC_VECT":"APPLIED COASTAL","SRC_RAST":"M2909109SE","DIG_NOTES":" ","REGION":"AB","CONTRACTOR":"APPLIED COASTAL","ORG":"COASTAL PROTECTION AND RESTORATION AUTHORITY OF LOUISIANA (CPRA)","SRC_REG":"USDA","DATAURL":"http://cims.coastal.louisiana.gov/meta_docs/gis_refs/shoreline/BICM2/LA-0226_SHORL_0000000000_2015043020150913_RAC0009.zip","Meta_xml":"http://cims.coastal.louisiana.gov/meta_docs/gis_refs/shoreline/BICM2/Shoreline_Metadata.xml","Meta_html":"http://cims.coastal.louisiana.gov/meta_docs/gis_refs/shoreline/BICM2/Shoreline_Metadata.html","COMMENTS":null,"SHAPE_Length":728.7647562993142,"DSAS_DATE":"04/30/2015","DSAS_UNCER":null,"year":2015}},{"type":"Feature","id":28717,"geometry":{"type":"LineString","coordinates":[[-91.876974,29.756782],[-91.877032,29.756989],[-91.876722,29.757177],[-91.876714,29.757356],[-91.876157,29.757566],[-91.875754,29.75736]]},"properties":{"OBJECTID":28717,"PROGRAM":"STATE","PROJECT":"LOUISIANA BARRIER ISLAND COMPREHENSIVE MONITORING PROGRAM (BICM)","PROJ_ID":"LA-0226","PROD_DATE":"20160614","SHORE_TYPE":"MARSH","SRC_DATE":"20150430","SRC_DATA":"USDA NAIP ORTHOIMAGERY","SRC_RES":"1-m pixel","SRC_VECT":"APPLIED COASTAL","SRC_RAST":"M2909109SE","DIG_NOTES":" ","REGION":"AB","CONTRACTOR":"APPLIED COASTAL","ORG":"COASTAL PROTECTION AND RESTORATION AUTHORITY OF LOUISIANA (CPRA)","SRC_REG":"USDA","DATAURL":"http://cims.coastal.louisiana.gov/meta_docs/gis_refs/shoreline/BICM2/LA-0226_SHORL_0000000000_2015043020150913_RAC0009.zip","Meta_xml":"http://cims.coastal.louisiana.gov/meta_docs/gis_refs/shoreline/BICM2/Shoreline_Metadata.xml","Meta_html":"http://cims.coastal.louisiana.gov/meta_docs/gis_refs/shoreline/BICM2/Shoreline_Metadata.html","COMMENTS":null,"SHAPE_Length":196.1066319699282,"DSAS_DATE":"04/30/2015","DSAS_UNCER":null,"year":2015}},{"type":"Feature","id":28718,"geometry":{"type":"LineString","coordinates":[[-91.875722,29.757431],[-91.875435,29.757597],[-91.875586,29.757706],[-91.875395,29.757696],[-91.875281,29.757972],[-91.875,29.757785]]},"properties":{"OBJECTID":28718,"PROGRAM":"STATE","PROJECT":"LOUISIANA BARRIER ISLAND COMPREHENSIVE MONITORING PROGRAM (BICM)","PROJ_ID":"LA-0226","PROD_DATE":"20160614","SHORE_TYPE":"MARSH","SRC_DATE":"20150430","SRC_DATA":"USDA NAIP ORTHOIMAGERY","SRC_RES":"1-m pixel","SRC_VECT":"APPLIED COASTAL","SRC_RAST":"M2909109SE","DIG_NOTES":" ","REGION":"AB","CONTRACTOR":"APPLIED COASTAL","ORG":"COASTAL PROTECTION AND RESTORATION AUTHORITY OF LOUISIANA (CPRA)","SRC_REG":"USDA","DATAURL":"http://cims.coastal.louisiana.gov/meta_docs/gis_refs/shoreline/BICM2/LA-0226_SHORL_0000000000_2015043020150913_RAC0009.zip","Meta_xml":"http://cims.coastal.louisiana.gov/meta_docs/gis_refs/shoreline/BICM2/Shoreline_Metadata.xml","Meta_html":"http://cims.coastal.louisiana.gov/meta_docs/gis_refs/shoreline/BICM2/Shoreline_Metadata.html","COMMENTS":null,"SHAPE_Length":152.51401833872663,"DSAS_DATE":"04/30/2015","DSAS_UNCER":null,"year":2015}},{"type":"Feature","id":28719,"geometry":{"type":"LineString","coordinates":[[-91.875,29.757785],[-91.874129,29.758013],[-91.873684,29.75858],[-91.872883,29.758476],[-91.872215,29.7586],[-91.870484,29.759265],[-91.869972,29.759634],[-91.87038,29.75926],[-91.870123,29.7593],[-91.869898,29.759105],[-91.868689,29.759114],[-91.868871,29.758479],[-91.869601,29.757736]]},"properties":{"OBJECTID":28719,"PROGRAM":"STATE","PROJECT":"LOUISIANA BARRIER ISLAND COMPREHENSIVE MONITORING PROGRAM (BICM)","PROJ_ID":"LA-0226","PROD_DATE":"20160614","SHORE_TYPE":"MARSH","SRC_DATE":"20150430","SRC_DATA":"USDA NAIP ORTHOIMAGERY","SRC_RES":"1-m pixel","SRC_VECT":"APPLIED COASTAL","SRC_RAST":"M2909110SW","DIG_NOTES":" ","REGION":"AB","CONTRACTOR":"APPLIED COASTAL","ORG":"COASTAL PROTECTION AND RESTORATION AUTHORITY OF LOUISIANA (CPRA)","SRC_REG":"USDA","DATAURL":"http://cims.coastal.louisiana.gov/meta_docs/gis_refs/shoreline/BICM2/LA-0226_SHORL_0000000000_2015043020150913_RAC0009.zip","Meta_xml":"http://cims.coastal.louisiana.gov/meta_docs/gis_refs/shoreline/BICM2/Shoreline_Metadata.xml","Meta_html":"http://cims.coastal.louisiana.gov/meta_docs/gis_refs/shoreline/BICM2/Shoreline_Metadata.html","COMMENTS":null,"SHAPE_Length":1070.8774600549368,"DSAS_DATE":"04/30/2015","DSAS_UNCER":null,"year":2015}},{"type":"Feature","id":28720,"geometry":{"type":"LineString","coordinates":[[-91.869832,29.760076],[-91.87009,29.760295],[-91.870362,29.760188],[-91.869873,29.760635],[-91.870078,29.761088],[-91.869446,29.760513],[-91.869516,29.760259],[-91.869832,29.760076]]},"properties":{"OBJECTID":28720,"PROGRAM":"STATE","PROJECT":"LOUISIANA BARRIER ISLAND COMPREHENSIVE MONITORING PROGRAM (BICM)","PROJ_ID":"LA-0226","PROD_DATE":"20160614","SHORE_TYPE":"MARSH","SRC_DATE":"20150430","SRC_DATA":"USDA NAIP ORTHOIMAGERY","SRC_RES":"1-m pixel","SRC_VECT":"APPLIED COASTAL","SRC_RAST":"M2909110SW","DIG_NOTES":" ","REGION":"AB","CONTRACTOR":"APPLIED COASTAL","ORG":"COASTAL PROTECTION AND RESTORATION AUTHORITY OF LOUISIANA (CPRA)","SRC_REG":"USDA","DATAURL":"http://cims.coastal.louisiana.gov/meta_docs/gis_refs/shoreline/BICM2/LA-0226_SHORL_0000000000_2015043020150913_RAC0009.zip","Meta_xml":"http://cims.coastal.louisiana.gov/meta_docs/gis_refs/shoreline/BICM2/Shoreline_Metadata.xml","Meta_html":"http://cims.coastal.louisiana.gov/meta_docs/gis_refs/shoreline/BICM2/Shoreline_Metadata.html","COMMENTS":null,"SHAPE_Length":368.2301414147389,"DSAS_DATE":"04/30/2015","DSAS_UNCER":null,"year":2015}},{"type":"Feature","id":28721,"geometry":{"type":"LineString","coordinates":[[-91.877605,29.750244],[-91.877627,29.750001]]},"properties":{"OBJECTID":28721,"PROGRAM":"STATE","PROJECT":"LOUISIANA BARRIER ISLAND COMPREHENSIVE MONITORING PROGRAM (BICM)","PROJ_ID":"LA-0226","PROD_DATE":"20160614","SHORE_TYPE":"MARSH","SRC_DATE":"20150430","SRC_DATA":"USDA NAIP ORTHOIMAGERY","SRC_RES":"1-m pixel","SRC_VECT":"APPLIED COASTAL","SRC_RAST":"M2909109SE","DIG_NOTES":" ","REGION":"AB","CONTRACTOR":"APPLIED COASTAL","ORG":"COASTAL PROTECTION AND RESTORATION AUTHORITY OF LOUISIANA (CPRA)","SRC_REG":"USDA","DATAURL":"http://cims.coastal.louisiana.gov/meta_docs/gis_refs/shoreline/BICM2/LA-0226_SHORL_0000000000_2015043020150913_RAC0009.zip","Meta_xml":"http://cims.coastal.louisiana.gov/meta_docs/gis_refs/shoreline/BICM2/Shoreline_Metadata.xml","Meta_html":"http://cims.coastal.louisiana.gov/meta_docs/gis_refs/shoreline/BICM2/Shoreline_Metadata.html","COMMENTS":null,"SHAPE_Length":27.64035535931246,"DSAS_DATE":"04/30/2015","DSAS_UNCER":null,"year":2015}},{"type":"Feature","id":28722,"geometry":{"type":"LineString","coordinates":[[-91.877627,29.750001],[-91.877333,29.749445],[-91.877229,29.748381]]},"properties":{"OBJECTID":28722,"PROGRAM":"STATE","PROJECT":"LOUISIANA BARRIER ISLAND COMPREHENSIVE MONITORING PROGRAM (BICM)","PROJ_ID":"LA-0226","PROD_DATE":"20160614","SHORE_TYPE":"MARSH","SRC_DATE":"20150430","SRC_DATA":"USDA NAIP ORTHOIMAGERY","SRC_RES":"1-m pixel","SRC_VECT":"APPLIED COASTAL","SRC_RAST":"M2909117NE","DIG_NOTES":" ","REGION":"AB","CONTRACTOR":"APPLIED COASTAL","ORG":"COASTAL PROTECTION AND RESTORATION AUTHORITY OF LOUISIANA (CPRA)","SRC_REG":"USDA","DATAURL":"http://cims.coastal.louisiana.gov/meta_docs/gis_refs/shoreline/BICM2/LA-0226_SHORL_0000000000_2015043020150913_RAC0009.zip","Meta_xml":"http://cims.coastal.louisiana.gov/meta_docs/gis_refs/shoreline/BICM2/Shoreline_Metadata.xml","Meta_html":"http://cims.coastal.louisiana.gov/meta_docs/gis_refs/shoreline/BICM2/Shoreline_Metadata.html","COMMENTS":null,"SHAPE_Length":189.7647655784692,"DSAS_DATE":"04/30/2015","DSAS_UNCER":null,"year":2015}},{"type":"Feature","id":28723,"geometry":{"type":"LineString","coordinates":[[-91.87791,29.752804],[-91.878182,29.75155],[-91.877827,29.751193],[-91.877605,29.750244]]},"properties":{"OBJECTID":28723,"PROGRAM":"STATE","PROJECT":"LOUISIANA BARRIER ISLAND COMPREHENSIVE MONITORING PROGRAM (BICM)","PROJ_ID":"LA-0226","PROD_DATE":"20160614","SHORE_TYPE":"MARSH","SRC_DATE":"20150430","SRC_DATA":"USDA NAIP ORTHOIMAGERY","SRC_RES":"1-m pixel","SRC_VECT":"APPLIED COASTAL","SRC_RAST":"M2909109SE","DIG_NOTES":" ","REGION":"AB","CONTRACTOR":"APPLIED COASTAL","ORG":"COASTAL PROTECTION AND RESTORATION AUTHORITY OF LOUISIANA (CPRA)","SRC_REG":"USDA","DATAURL":"http://cims.coastal.louisiana.gov/meta_docs/gis_refs/shoreline/BICM2/LA-0226_SHORL_0000000000_2015043020150913_RAC0009.zip","Meta_xml":"http://cims.coastal.louisiana.gov/meta_docs/gis_refs/shoreline/BICM2/Shoreline_Metadata.xml","Meta_html":"http://cims.coastal.louisiana.gov/meta_docs/gis_refs/shoreline/BICM2/Shoreline_Metadata.html","COMMENTS":null,"SHAPE_Length":326.707685231785,"DSAS_DATE":"04/30/2015","DSAS_UNCER":null,"year":2015}},{"type":"Feature","id":28724,"geometry":{"type":"LineString","coordinates":[[-91.877229,29.748381],[-91.876719,29.748165],[-91.875,29.748084]]},"properties":{"OBJECTID":28724,"PROGRAM":"STATE","PROJECT":"LOUISIANA BARRIER ISLAND COMPREHENSIVE MONITORING PROGRAM (BICM)","PROJ_ID":"LA-0226","PROD_DATE":"20160614","SHORE_TYPE":"MARSH","SRC_DATE":"20150430","SRC_DATA":"USDA NAIP ORTHOIMAGERY","SRC_RES":"1-m pixel","SRC_VECT":"APPLIED COASTAL","SRC_RAST":"M2909117NE","DIG_NOTES":" ","REGION":"AB","CONTRACTOR":"APPLIED COASTAL","ORG":"COASTAL PROTECTION AND RESTORATION AUTHORITY OF LOUISIANA (CPRA)","SRC_REG":"USDA","DATAURL":"http://cims.coastal.louisiana.gov/meta_docs/gis_refs/shoreline/BICM2/LA-0226_SHORL_0000000000_2015043020150913_RAC0009.zip","Meta_xml":"http://cims.coastal.louisiana.gov/meta_docs/gis_refs/shoreline/BICM2/Shoreline_Metadata.xml","Meta_html":"http://cims.coastal.louisiana.gov/meta_docs/gis_refs/shoreline/BICM2/Shoreline_Metadata.html","COMMENTS":null,"SHAPE_Length":226.40390938145444,"DSAS_DATE":"04/30/2015","DSAS_UNCER":null,"year":2015}},{"type":"Feature","id":28725,"geometry":{"type":"LineString","coordinates":[[-91.875,29.748084],[-91.873205,29.747815],[-91.871028,29.747873],[-91.867275,29.746899],[-91.866869,29.746925],[-91.866569,29.747207],[-91.865869,29.747137],[-91.86478,29.746579],[-91.864046,29.746918],[-91.863472,29.746951],[-91.862969,29.747313],[-91.863209,29.7476],[-91.863553,29.747696]]},"properties":{"OBJECTID":28725,"PROGRAM":"STATE","PROJECT":"LOUISIANA BARRIER ISLAND COMPREHENSIVE MONITORING PROGRAM (BICM)","PROJ_ID":"LA-0226","PROD_DATE":"20160614","SHORE_TYPE":"MARSH","SRC_DATE":"20150430","SRC_DATA":"USDA NAIP ORTHOIMAGERY","SRC_RES":"1-m pixel","SRC_VECT":"APPLIED COASTAL","SRC_RAST":"M2909118NW","DIG_NOTES":" ","REGION":"AB","CONTRACTOR":"APPLIED COASTAL","ORG":"COASTAL PROTECTION AND RESTORATION AUTHORITY OF LOUISIANA (CPRA)","SRC_REG":"USDA","DATAURL":"http://cims.coastal.louisiana.gov/meta_docs/gis_refs/shoreline/BICM2/LA-0226_SHORL_0000000000_2015043020150913_RAC0009.zip","Meta_xml":"http://cims.coastal.louisiana.gov/meta_docs/gis_refs/shoreline/BICM2/Shoreline_Metadata.xml","Meta_html":"http://cims.coastal.louisiana.gov/meta_docs/gis_refs/shoreline/BICM2/Shoreline_Metadata.html","COMMENTS":null,"SHAPE_Length":1380.6657996217373,"DSAS_DATE":"04/30/2015","DSAS_UNCER":null,"year":2015}},{"type":"Feature","id":28726,"geometry":{"type":"LineString","coordinates":[[-91.860349,29.747351],[-91.860489,29.747322],[-91.860536,29.747007],[-91.860403,29.746671],[-91.860057,29.746393],[-91.859865,29.74567],[-91.859535,29.745507],[-91.859493,29.745221],[-91.859222,29.745193],[-91.858932,29.744715],[-91.858182,29.744094],[-91.857378,29.744105],[-91.857344,29.743962],[-91.857132,29.744063],[-91.856054,29.743548],[-91.855817,29.743735],[-91.855504,29.743464],[-91.855249,29.74348],[-91.854606,29.742895],[-91.853897,29.743836]]},"properties":{"OBJECTID":28726,"PROGRAM":"STATE","PROJECT":"LOUISIANA BARRIER ISLAND COMPREHENSIVE MONITORING PROGRAM (BICM)","PROJ_ID":"LA-0226","PROD_DATE":"20160614","SHORE_TYPE":"MARSH","SRC_DATE":"20150430","SRC_DATA":"USDA NAIP ORTHOIMAGERY","SRC_RES":"1-m pixel","SRC_VECT":"APPLIED COASTAL","SRC_RAST":"M2909118NW","DIG_NOTES":" ","REGION":"AB","CONTRACTOR":"APPLIED COASTAL","ORG":"COASTAL PROTECTION AND RESTORATION AUTHORITY OF LOUISIANA (CPRA)","SRC_REG":"USDA","DATAURL":"http://cims.coastal.louisiana.gov/meta_docs/gis_refs/shoreline/BICM2/LA-0226_SHORL_0000000000_2015043020150913_RAC0009.zip","Meta_xml":"http://cims.coastal.louisiana.gov/meta_docs/gis_refs/shoreline/BICM2/Shoreline_Metadata.xml","Meta_html":"http://cims.coastal.louisiana.gov/meta_docs/gis_refs/shoreline/BICM2/Shoreline_Metadata.html","COMMENTS":null,"SHAPE_Length":1102.7608207782248,"DSAS_DATE":"04/30/2015","DSAS_UNCER":null,"year":2015}},{"type":"Feature","id":28727,"geometry":{"type":"LineString","coordinates":[[-91.85272,29.743096],[-91.852924,29.742859],[-91.852824,29.742587],[-91.85313,29.741476]]},"properties":{"OBJECTID":28727,"PROGRAM":"STATE","PROJECT":"LOUISIANA BARRIER ISLAND COMPREHENSIVE MONITORING PROGRAM (BICM)","PROJ_ID":"LA-0226","PROD_DATE":"20160614","SHORE_TYPE":"MARSH","SRC_DATE":"20150430","SRC_DATA":"USDA NAIP ORTHOIMAGERY","SRC_RES":"1-m pixel","SRC_VECT":"APPLIED COASTAL","SRC_RAST":"M2909118NW","DIG_NOTES":" ","REGION":"AB","CONTRACTOR":"APPLIED COASTAL","ORG":"COASTAL PROTECTION AND RESTORATION AUTHORITY OF LOUISIANA (CPRA)","SRC_REG":"USDA","DATAURL":"http://cims.coastal.louisiana.gov/meta_docs/gis_refs/shoreline/BICM2/LA-0226_SHORL_0000000000_2015043020150913_RAC0009.zip","Meta_xml":"http://cims.coastal.louisiana.gov/meta_docs/gis_refs/shoreline/BICM2/Shoreline_Metadata.xml","Meta_html":"http://cims.coastal.louisiana.gov/meta_docs/gis_refs/shoreline/BICM2/Shoreline_Metadata.html","COMMENTS":null,"SHAPE_Length":197.40957069896518,"DSAS_DATE":"04/30/2015","DSAS_UNCER":null,"year":2015}},{"type":"Feature","id":28728,"geometry":{"type":"LineString","coordinates":[[-91.854847,29.739322],[-91.855425,29.740789]]},"properties":{"OBJECTID":28728,"PROGRAM":"STATE","PROJECT":"LOUISIANA BARRIER ISLAND COMPREHENSIVE MONITORING PROGRAM (BICM)","PROJ_ID":"LA-0226","PROD_DATE":"20160614","SHORE_TYPE":"BEACH","SRC_DATE":"20150430","SRC_DATA":"USDA NAIP ORTHOIMAGERY","SRC_RES":"1-m pixel","SRC_VECT":"APPLIED COASTAL","SRC_RAST":"M2909118NW","DIG_NOTES":" ","REGION":"AB","CONTRACTOR":"APPLIED COASTAL","ORG":"COASTAL PROTECTION AND RESTORATION AUTHORITY OF LOUISIANA (CPRA)","SRC_REG":"USDA","DATAURL":"http://cims.coastal.louisiana.gov/meta_docs/gis_refs/shoreline/BICM2/LA-0226_SHORL_0000000000_2015043020150913_RAC0009.zip","Meta_xml":"http://cims.coastal.louisiana.gov/meta_docs/gis_refs/shoreline/BICM2/Shoreline_Metadata.xml","Meta_html":"http://cims.coastal.louisiana.gov/meta_docs/gis_refs/shoreline/BICM2/Shoreline_Metadata.html","COMMENTS":null,"SHAPE_Length":748.0366501791907,"DSAS_DATE":"04/30/2015","DSAS_UNCER":null,"year":2015}},{"type":"Feature","id":28941,"geometry":{"type":"LineString","coordinates":[[-91.966971,29.835575],[-91.966449,29.836179]]},"properties":{"OBJECTID":28941,"PROGRAM":"STATE","PROJECT":"LOUISIANA BARRIER ISLAND COMPREHENSIVE MONITORING PROGRAM (BICM)","PROJ_ID":"LA-0226","PROD_DATE":"20160614","SHORE_TYPE":"MARSH","SRC_DATE":"20150430","SRC_DATA":"USDA NAIP ORTHOIMAGERY","SRC_RES":"1-m pixel","SRC_VECT":"APPLIED COASTAL","SRC_RAST":"M2909109NW","DIG_NOTES":" ","REGION":"AB","CONTRACTOR":"APPLIED COASTAL","ORG":"COASTAL PROTECTION AND RESTORATION AUTHORITY OF LOUISIANA (CPRA)","SRC_REG":"USDA","DATAURL":"http://cims.coastal.louisiana.gov/meta_docs/gis_refs/shoreline/BICM2/LA-0226_SHORL_0000000000_2015043020150913_RAC0009.zip","Meta_xml":"http://cims.coastal.louisiana.gov/meta_docs/gis_refs/shoreline/BICM2/Shoreline_Metadata.xml","Meta_html":"http://cims.coastal.louisiana.gov/meta_docs/gis_refs/shoreline/BICM2/Shoreline_Metadata.html","COMMENTS":null,"SHAPE_Length":83.83750013507625,"DSAS_DATE":"04/30/2015","DSAS_UNCER":null,"year":2015}},{"type":"Feature","id":29863,"geometry":{"type":"LineString","coordinates":[[-91.759012,29.572799],[-91.760072,29.572822]]},"properties":{"OBJECTID":29863,"PROGRAM":"STATE","PROJECT":"LOUISIANA BARRIER ISLAND COMPREHENSIVE MONITORING PROGRAM (BICM)","PROJ_ID":"LA-0226","PROD_DATE":"20160614","SHORE_TYPE":"STRUCTURE","SRC_DATE":"20150827","SRC_DATA":"USDA NAIP ORTHOIMAGERY","SRC_RES":"1-m pixel","SRC_VECT":"APPLIED COASTAL","SRC_RAST":"M2909126NE","DIG_NOTES":" ","REGION":"AB","CONTRACTOR":"APPLIED COASTAL","ORG":"COASTAL PROTECTION AND RESTORATION AUTHORITY OF LOUISIANA (CPRA)","SRC_REG":"USDA","DATAURL":"http://cims.coastal.louisiana.gov/meta_docs/gis_refs/shoreline/BICM2/LA-0226_SHORL_0000000000_2015043020150913_RAC0009.zip","Meta_xml":"http://cims.coastal.louisiana.gov/meta_docs/gis_refs/shoreline/BICM2/Shoreline_Metadata.xml","Meta_html":"http://cims.coastal.louisiana.gov/meta_docs/gis_refs/shoreline/BICM2/Shoreline_Metadata.html","COMMENTS":null,"SHAPE_Length":108.76527006157933,"DSAS_DATE":"08/27/2015","DSAS_UNCER":null,"year":2015}},{"type":"Feature","id":29873,"geometry":{"type":"LineString","coordinates":[[-91.72344,29.564605],[-91.7224,29.564451],[-91.72145,29.56381]]},"properties":{"OBJECTID":29873,"PROGRAM":"STATE","PROJECT":"LOUISIANA BARRIER ISLAND COMPREHENSIVE MONITORING PROGRAM (BICM)","PROJ_ID":"LA-0226","PROD_DATE":"20160614","SHORE_TYPE":"STRUCTURE","SRC_DATE":"20150826","SRC_DATA":"USDA NAIP ORTHOIMAGERY","SRC_RES":"1-m pixel","SRC_VECT":"APPLIED COASTAL","SRC_RAST":"M2909127NW","DIG_NOTES":" ","REGION":"AB","CONTRACTOR":"APPLIED COASTAL","ORG":"COASTAL PROTECTION AND RESTORATION AUTHORITY OF LOUISIANA (CPRA)","SRC_REG":"USDA","DATAURL":"http://cims.coastal.louisiana.gov/meta_docs/gis_refs/shoreline/BICM2/LA-0226_SHORL_0000000000_2015043020150913_RAC0009.zip","Meta_xml":"http://cims.coastal.louisiana.gov/meta_docs/gis_refs/shoreline/BICM2/Shoreline_Metadata.xml","Meta_html":"http://cims.coastal.louisiana.gov/meta_docs/gis_refs/shoreline/BICM2/Shoreline_Metadata.html","COMMENTS":null,"SHAPE_Length":220.94629412000768,"DSAS_DATE":"08/26/2015","DSAS_UNCER":null,"year":2015}},{"type":"Feature","id":30003,"geometry":{"type":"LineString","coordinates":[[-91.82188,29.474777],[-91.821961,29.474541],[-91.822243,29.475012],[-91.822749,29.475326],[-91.822764,29.47572],[-91.82303,29.475731],[-91.822881,29.475946],[-91.823431,29.476708],[-91.821792,29.476843]]},"properties":{"OBJECTID":30003,"PROGRAM":"STATE","PROJECT":"LOUISIANA BARRIER ISLAND COMPREHENSIVE MONITORING PROGRAM (BICM)","PROJ_ID":"LA-0226","PROD_DATE":"20160614","SHORE_TYPE":"MIXED","SRC_DATE":"20150430","SRC_DATA":"USDA NAIP ORTHOIMAGERY","SRC_RES":"1-m pixel","SRC_VECT":"APPLIED COASTAL","SRC_RAST":"M2909134NW","DIG_NOTES":" ","REGION":"AB","CONTRACTOR":"APPLIED COASTAL","ORG":"COASTAL PROTECTION AND RESTORATION AUTHORITY OF LOUISIANA (CPRA)","SRC_REG":"USDA","DATAURL":"http://cims.coastal.louisiana.gov/meta_docs/gis_refs/shoreline/BICM2/LA-0226_SHORL_0000000000_2015043020150913_RAC0009.zip","Meta_xml":"http://cims.coastal.louisiana.gov/meta_docs/gis_refs/shoreline/BICM2/Shoreline_Metadata.xml","Meta_html":"http://cims.coastal.louisiana.gov/meta_docs/gis_refs/shoreline/BICM2/Shoreline_Metadata.html","COMMENTS":null,"SHAPE_Length":558.2560422386545,"DSAS_DATE":"04/30/2015","DSAS_UNCER":null,"year":2015}},{"type":"Feature","id":30004,"geometry":{"type":"LineString","coordinates":[[-91.82153,29.476472],[-91.821783,29.475958],[-91.821605,29.475642]]},"properties":{"OBJECTID":30004,"PROGRAM":"STATE","PROJECT":"LOUISIANA BARRIER ISLAND COMPREHENSIVE MONITORING PROGRAM (BICM)","PROJ_ID":"LA-0226","PROD_DATE":"20160614","SHORE_TYPE":"MIXED","SRC_DATE":"20150430","SRC_DATA":"USDA NAIP ORTHOIMAGERY","SRC_RES":"1-m pixel","SRC_VECT":"APPLIED COASTAL","SRC_RAST":"M2909134NW","DIG_NOTES":" ","REGION":"AB","CONTRACTOR":"APPLIED COASTAL","ORG":"COASTAL PROTECTION AND RESTORATION AUTHORITY OF LOUISIANA (CPRA)","SRC_REG":"USDA","DATAURL":"http://cims.coastal.louisiana.gov/meta_docs/gis_refs/shoreline/BICM2/LA-0226_SHORL_0000000000_2015043020150913_RAC0009.zip","Meta_xml":"http://cims.coastal.louisiana.gov/meta_docs/gis_refs/shoreline/BICM2/Shoreline_Metadata.xml","Meta_html":"http://cims.coastal.louisiana.gov/meta_docs/gis_refs/shoreline/BICM2/Shoreline_Metadata.html","COMMENTS":null,"SHAPE_Length":109.98936929913448,"DSAS_DATE":"04/30/2015","DSAS_UNCER":null,"year":2015}},{"type":"Feature","id":30005,"geometry":{"type":"LineString","coordinates":[[-91.821792,29.476843],[-91.82153,29.476472]]},"properties":{"OBJECTID":30005,"PROGRAM":"STATE","PROJECT":"LOUISIANA BARRIER ISLAND COMPREHENSIVE MONITORING PROGRAM (BICM)","PROJ_ID":"LA-0226","PROD_DATE":"20160614","SHORE_TYPE":"MIXED","SRC_DATE":"20150827","SRC_DATA":"USDA NAIP ORTHOIMAGERY","SRC_RES":"1-m pixel","SRC_VECT":"APPLIED COASTAL","SRC_RAST":"M2909134NW","DIG_NOTES":" ","REGION":"AB","CONTRACTOR":"APPLIED COASTAL","ORG":"COASTAL PROTECTION AND RESTORATION AUTHORITY OF LOUISIANA (CPRA)","SRC_REG":"USDA","DATAURL":"http://cims.coastal.louisiana.gov/meta_docs/gis_refs/shoreline/BICM2/LA-0226_SHORL_0000000000_2015043020150913_RAC0009.zip","Meta_xml":"http://cims.coastal.louisiana.gov/meta_docs/gis_refs/shoreline/BICM2/Shoreline_Metadata.xml","Meta_html":"http://cims.coastal.louisiana.gov/meta_docs/gis_refs/shoreline/BICM2/Shoreline_Metadata.html","COMMENTS":null,"SHAPE_Length":56.07698863108643,"DSAS_DATE":"08/27/2015","DSAS_UNCER":null,"year":2015}},{"type":"Feature","id":30006,"geometry":{"type":"LineString","coordinates":[[-91.821605,29.475642],[-91.821719,29.475421],[-91.821561,29.475165],[-91.821634,29.474795],[-91.82188,29.474777]]},"properties":{"OBJECTID":30006,"PROGRAM":"STATE","PROJECT":"LOUISIANA BARRIER ISLAND COMPREHENSIVE MONITORING PROGRAM (BICM)","PROJ_ID":"LA-0226","PROD_DATE":"20160614","SHORE_TYPE":"MIXED","SRC_DATE":"20150827","SRC_DATA":"USDA NAIP ORTHOIMAGERY","SRC_RES":"1-m pixel","SRC_VECT":"APPLIED COASTAL","SRC_RAST":"M2909134NW","DIG_NOTES":" ","REGION":"AB","CONTRACTOR":"APPLIED COASTAL","ORG":"COASTAL PROTECTION AND RESTORATION AUTHORITY OF LOUISIANA (CPRA)","SRC_REG":"USDA","DATAURL":"http://cims.coastal.louisiana.gov/meta_docs/gis_refs/shoreline/BICM2/LA-0226_SHORL_0000000000_2015043020150913_RAC0009.zip","Meta_xml":"http://cims.coastal.louisiana.gov/meta_docs/gis_refs/shoreline/BICM2/Shoreline_Metadata.xml","Meta_html":"http://cims.coastal.louisiana.gov/meta_docs/gis_refs/shoreline/BICM2/Shoreline_Metadata.html","COMMENTS":null,"SHAPE_Length":133.9465762127897,"DSAS_DATE":"08/27/2015","DSAS_UNCER":null,"year":2015}},{"type":"Feature","id":30007,"geometry":{"type":"LineString","coordinates":[[-91.880708,29.502752],[-91.881262,29.502485],[-91.881301,29.50212],[-91.881637,29.502104],[-91.881741,29.501803],[-91.882101,29.501708],[-91.882258,29.501987],[-91.882732,29.501792],[-91.882681,29.501462],[-91.882828,29.501354],[-91.883607,29.50168],[-91.883815,29.502492],[-91.883638,29.50274],[-91.883778,29.502933],[-91.883689,29.503062],[-91.883835,29.503112],[-91.883674,29.503385],[-91.883839,29.503556],[-91.884124,29.503418],[-91.883947,29.503878],[-91.884275,29.503941],[-91.884316,29.504105],[-91.884734,29.504125],[-91.884704,29.504569],[-91.884982,29.504575],[-91.885098,29.504882],[-91.885447,29.504796],[-91.885604,29.505061],[-91.885458,29.505291],[-91.885646,29.50534],[-91.885664,29.505526],[-91.885862,29.505448],[-91.885746,29.505655],[-91.885957,29.505696],[-91.886009,29.505883],[-91.886222,29.50581],[-91.886387,29.506031],[-91.886583,29.506002],[-91.886676,29.506424],[-91.886831,29.506445],[-91.886836,29.506824],[-91.887359,29.507094],[-91.88756,29.50796],[-91.888217,29.508408],[-91.888539,29.508872],[-91.888867,29.508971],[-91.889024,29.5092],[-91.889507,29.509112],[-91.889721,29.50944],[-91.890336,29.509531],[-91.890419,29.509753],[-91.890792,29.509876],[-91.891029,29.509775],[-91.891028,29.509632],[-91.8913,29.509853],[-91.891905,29.5097],[-91.892448,29.510141],[-91.892614,29.510563],[-91.892871,29.51067],[-91.893446,29.510631],[-91.893594,29.510192],[-91.893791,29.510307],[-91.894192,29.510234],[-91.894596,29.510784],[-91.895357,29.510609],[-91.895509,29.511058],[-91.896209,29.51167],[-91.896447,29.512502],[-91.896718,29.512637],[-91.89711,29.512431],[-91.897128,29.512689],[-91.897274,29.512595],[-91.897031,29.512975],[-91.897252,29.512989],[-91.897164,29.51339],[-91.897419,29.513554],[-91.897552,29.51389],[-91.898567,29.514634],[-91.898771,29.514447],[-91.899607,29.514601],[-91.899551,29.514787],[-91.899699,29.514915],[-91.900001,29.514706],[-91.900092,29.514907],[-91.90042,29.515013],[-91.900866,29.515712],[-91.901432,29.515939],[-91.901515,29.516118],[-91.901932,29.516102],[-91.901992,29.516502],[-91.902254,29.516423],[-91.902623,29.516614],[-91.902666,29.516865],[-91.902984,29.516806],[-91.903085,29.517257],[-91.903477,29.517076],[-91.903618,29.517398],[-91.903872,29.517296],[-91.904225,29.517531],[-91.904426,29.518332],[-91.904861,29.518452],[-91.904923,29.518692],[-91.905127,29.518562],[-91.905342,29.518833],[-91.905603,29.518718],[-91.906269,29.519187],[-91.906554,29.518957],[-91.906891,29.519106],[-91.907054,29.519019],[-91.907081,29.519363],[-91.907278,29.519505],[-91.907686,29.519224],[-91.908047,29.519401],[-91.908512,29.519034],[-91.908913,29.519097],[-91.909288,29.519517],[-91.909578,29.519337],[-91.909849,29.519494],[-91.910053,29.51935],[-91.910357,29.519542],[-91.910617,29.519233],[-91.910777,29.519311],[-91.910899,29.519181],[-91.911063,29.519238],[-91.911065,29.519531],[-91.911631,29.519636],[-91.911712,29.519486],[-91.912179,29.519562],[-91.912251,29.519268],[-91.912465,29.519532],[-91.912619,29.519231],[-91.912848,29.519244],[-91.913005,29.519458],[-91.913274,29.519171],[-91.913822,29.519047],[-91.913906,29.518685],[-91.914335,29.51854],[-91.914882,29.518412],[-91.9158,29.518522],[-91.916571,29.519306],[-91.916379,29.519537],[-91.916657,29.519514],[-91.91661,29.519901],[-91.916866,29.520143],[-91.917189,29.520022],[-91.917599,29.520119],[-91.917693,29.520392],[-91.91806,29.520672],[-91.91823,29.520647],[-91.918406,29.520885],[-91.918547,29.520808],[-91.919008,29.521198],[-91.920025,29.521518],[-91.920399,29.521974],[-91.920967,29.522048],[-91.921485,29.522762],[-91.921867,29.522751],[-91.922027,29.523021],[-91.923081,29.523565],[-91.924315,29.523655],[-91.924797,29.523426],[-91.9251,29.52348],[-91.925383,29.52323],[-91.925857,29.523196],[-91.926043,29.522985],[-91.926473,29.522958],[-91.927627,29.523331],[-91.928904,29.5233],[-91.930685,29.525322],[-91.931123,29.525521],[-91.931752,29.525534],[-91.93181,29.526065],[-91.932934,29.527174],[-91.93355,29.528031],[-91.933869,29.528135],[-91.934241,29.528543],[-91.935051,29.528854],[-91.935074,29.529017],[-91.935401,29.528939],[-91.93655,29.529344],[-91.9375,29.529382]]},"properties":{"OBJECTID":30007,"PROGRAM":"STATE","PROJECT":"LOUISIANA BARRIER ISLAND COMPREHENSIVE MONITORING PROGRAM (BICM)","PROJ_ID":"LA-0226","PROD_DATE":"20160614","SHORE_TYPE":"MIXED","SRC_DATE":"20150430","SRC_DATA":"USDA NAIP ORTHOIMAGERY","SRC_RES":"1-m pixel","SRC_VECT":"APPLIED COASTAL","SRC_RAST":"M2909125SE","DIG_NOTES":" ","REGION":"AB","CONTRACTOR":"APPLIED COASTAL","ORG":"COASTAL PROTECTION AND RESTORATION AUTHORITY OF LOUISIANA (CPRA)","SRC_REG":"USDA","DATAURL":"http://cims.coastal.louisiana.gov/meta_docs/gis_refs/shoreline/BICM2/LA-0226_SHORL_0000000000_2015043020150913_RAC0009.zip","Meta_xml":"http://cims.coastal.louisiana.gov/meta_docs/gis_refs/shoreline/BICM2/Shoreline_Metadata.xml","Meta_html":"http://cims.coastal.louisiana.gov/meta_docs/gis_refs/shoreline/BICM2/Shoreline_Metadata.html","COMMENTS":null,"SHAPE_Length":9369.415026976145,"DSAS_DATE":"04/30/2015","DSAS_UNCER":null,"year":2015}},{"type":"Feature","id":30008,"geometry":{"type":"LineString","coordinates":[[-91.880653,29.502743],[-91.880707,29.502752]]},"properties":{"OBJECTID":30008,"PROGRAM":"STATE","PROJECT":"LOUISIANA BARRIER ISLAND COMPREHENSIVE MONITORING PROGRAM (BICM)","PROJ_ID":"LA-0226","PROD_DATE":"20160614","SHORE_TYPE":"MIXED","SRC_DATE":"20150430","SRC_DATA":"USDA NAIP ORTHOIMAGERY","SRC_RES":"1-m pixel","SRC_VECT":"APPLIED COASTAL","SRC_RAST":"M2909125SE","DIG_NOTES":" ","REGION":"AB","CONTRACTOR":"APPLIED COASTAL","ORG":"COASTAL PROTECTION AND RESTORATION AUTHORITY OF LOUISIANA (CPRA)","SRC_REG":"USDA","DATAURL":"http://cims.coastal.louisiana.gov/meta_docs/gis_refs/shoreline/BICM2/LA-0226_SHORL_0000000000_2015043020150913_RAC0009.zip","Meta_xml":"http://cims.coastal.louisiana.gov/meta_docs/gis_refs/shoreline/BICM2/Shoreline_Metadata.xml","Meta_html":"http://cims.coastal.louisiana.gov/meta_docs/gis_refs/shoreline/BICM2/Shoreline_Metadata.html","COMMENTS":null,"SHAPE_Length":6.554798400056313,"DSAS_DATE":"04/30/2015","DSAS_UNCER":null,"year":2015}},{"type":"Feature","id":30009,"geometry":{"type":"LineString","coordinates":[[-91.875,29.504515],[-91.875363,29.504522],[-91.875394,29.504228],[-91.87579,29.504134],[-91.87665,29.504151],[-91.876673,29.503872],[-91.877044,29.504286],[-91.877264,29.504242],[-91.877582,29.503847],[-91.877959,29.503938],[-91.878074,29.504124],[-91.878147,29.503966],[-91.87885,29.503777],[-91.879853,29.503071],[-91.880653,29.502743]]},"properties":{"OBJECTID":30009,"PROGRAM":"STATE","PROJECT":"LOUISIANA BARRIER ISLAND COMPREHENSIVE MONITORING PROGRAM (BICM)","PROJ_ID":"LA-0226","PROD_DATE":"20160614","SHORE_TYPE":"MIXED","SRC_DATE":"20150430","SRC_DATA":"USDA NAIP ORTHOIMAGERY","SRC_RES":"1-m pixel","SRC_VECT":"APPLIED COASTAL","SRC_RAST":"M2909125SE","DIG_NOTES":" ","REGION":"AB","CONTRACTOR":"APPLIED COASTAL","ORG":"COASTAL PROTECTION AND RESTORATION AUTHORITY OF LOUISIANA (CPRA)","SRC_REG":"USDA","DATAURL":"http://cims.coastal.louisiana.gov/meta_docs/gis_refs/shoreline/BICM2/LA-0226_SHORL_0000000000_2015043020150913_RAC0009.zip","Meta_xml":"http://cims.coastal.louisiana.gov/meta_docs/gis_refs/shoreline/BICM2/Shoreline_Metadata.xml","Meta_html":"http://cims.coastal.louisiana.gov/meta_docs/gis_refs/shoreline/BICM2/Shoreline_Metadata.html","COMMENTS":null,"SHAPE_Length":842.9413051624626,"DSAS_DATE":"04/30/2015","DSAS_UNCER":null,"year":2015}},{"type":"Feature","id":30010,"geometry":{"type":"LineString","coordinates":[[-91.880707,29.502752],[-91.880708,29.502752]]},"properties":{"OBJECTID":30010,"PROGRAM":"STATE","PROJECT":"LOUISIANA BARRIER ISLAND COMPREHENSIVE MONITORING PROGRAM (BICM)","PROJ_ID":"LA-0226","PROD_DATE":"20160614","SHORE_TYPE":"MIXED","SRC_DATE":"20150430","SRC_DATA":"USDA NAIP ORTHOIMAGERY","SRC_RES":"1-m pixel","SRC_VECT":"APPLIED COASTAL","SRC_RAST":"M2909125SE","DIG_NOTES":" ","REGION":"AB","CONTRACTOR":"APPLIED COASTAL","ORG":"COASTAL PROTECTION AND RESTORATION AUTHORITY OF LOUISIANA (CPRA)","SRC_REG":"USDA","DATAURL":"http://cims.coastal.louisiana.gov/meta_docs/gis_refs/shoreline/BICM2/LA-0226_SHORL_0000000000_2015043020150913_RAC0009.zip","Meta_xml":"http://cims.coastal.louisiana.gov/meta_docs/gis_refs/shoreline/BICM2/Shoreline_Metadata.xml","Meta_html":"http://cims.coastal.louisiana.gov/meta_docs/gis_refs/shoreline/BICM2/Shoreline_Metadata.html","COMMENTS":null,"SHAPE_Length":0.09983714522022372,"DSAS_DATE":"04/30/2015","DSAS_UNCER":null,"year":2015}},{"type":"Feature","id":30073,"geometry":{"type":"LineString","coordinates":[[-91.738159,29.562502],[-91.745452,29.559381],[-91.745534,29.559291],[-91.745328,29.559155]]},"properties":{"OBJECTID":30073,"PROGRAM":"STATE","PROJECT":"LOUISIANA BARRIER ISLAND COMPREHENSIVE MONITORING PROGRAM (BICM)","PROJ_ID":"LA-0226","PROD_DATE":"20160614","SHORE_TYPE":"MARSH","SRC_DATE":"20150826","SRC_DATA":"USDA NAIP ORTHOIMAGERY","SRC_RES":"1-m pixel","SRC_VECT":"APPLIED COASTAL","SRC_RAST":"M2909127SW","DIG_NOTES":" ","REGION":"AB","CONTRACTOR":"APPLIED COASTAL","ORG":"COASTAL PROTECTION AND RESTORATION AUTHORITY OF LOUISIANA (CPRA)","SRC_REG":"USDA","DATAURL":"http://cims.coastal.louisiana.gov/meta_docs/gis_refs/shoreline/BICM2/LA-0226_SHORL_0000000000_2015043020150913_RAC0009.zip","Meta_xml":"http://cims.coastal.louisiana.gov/meta_docs/gis_refs/shoreline/BICM2/Shoreline_Metadata.xml","Meta_html":"http://cims.coastal.louisiana.gov/meta_docs/gis_refs/shoreline/BICM2/Shoreline_Metadata.html","COMMENTS":null,"SHAPE_Length":841.7394974511452,"DSAS_DATE":"08/26/2015","DSAS_UNCER":null,"year":2015}},{"type":"Feature","id":30074,"geometry":{"type":"LineString","coordinates":[[-91.737137,29.560719],[-91.735247,29.56103],[-91.735031,29.561603],[-91.735134,29.561788],[-91.73575,29.56206],[-91.736542,29.5621],[-91.737116,29.562299],[-91.737267,29.562502]]},"properties":{"OBJECTID":30074,"PROGRAM":"STATE","PROJECT":"LOUISIANA BARRIER ISLAND COMPREHENSIVE MONITORING PROGRAM (BICM)","PROJ_ID":"LA-0226","PROD_DATE":"20160614","SHORE_TYPE":"MARSH","SRC_DATE":"20150826","SRC_DATA":"USDA NAIP ORTHOIMAGERY","SRC_RES":"1-m pixel","SRC_VECT":"APPLIED COASTAL","SRC_RAST":"M2909127SW","DIG_NOTES":" ","REGION":"AB","CONTRACTOR":"APPLIED COASTAL","ORG":"COASTAL PROTECTION AND RESTORATION AUTHORITY OF LOUISIANA (CPRA)","SRC_REG":"USDA","DATAURL":"http://cims.coastal.louisiana.gov/meta_docs/gis_refs/shoreline/BICM2/LA-0226_SHORL_0000000000_2015043020150913_RAC0009.zip","Meta_xml":"http://cims.coastal.louisiana.gov/meta_docs/gis_refs/shoreline/BICM2/Shoreline_Metadata.xml","Meta_html":"http://cims.coastal.louisiana.gov/meta_docs/gis_refs/shoreline/BICM2/Shoreline_Metadata.html","COMMENTS":null,"SHAPE_Length":540.2946820711494,"DSAS_DATE":"08/26/2015","DSAS_UNCER":null,"year":2015}},{"type":"Feature","id":30075,"geometry":{"type":"LineString","coordinates":[[-91.755561,29.573602],[-91.755311,29.574149],[-91.7551,29.574122],[-91.755205,29.573868]]},"properties":{"OBJECTID":30075,"PROGRAM":"STATE","PROJECT":"LOUISIANA BARRIER ISLAND COMPREHENSIVE MONITORING PROGRAM (BICM)","PROJ_ID":"LA-0226","PROD_DATE":"20160614","SHORE_TYPE":"MARSH","SRC_DATE":"20150827","SRC_DATA":"USDA NAIP ORTHOIMAGERY","SRC_RES":"1-m pixel","SRC_VECT":"APPLIED COASTAL","SRC_RAST":"M2909126NE","DIG_NOTES":" ","REGION":"AB","CONTRACTOR":"APPLIED COASTAL","ORG":"COASTAL PROTECTION AND RESTORATION AUTHORITY OF LOUISIANA (CPRA)","SRC_REG":"USDA","DATAURL":"http://cims.coastal.louisiana.gov/meta_docs/gis_refs/shoreline/BICM2/LA-0226_SHORL_0000000000_2015043020150913_RAC0009.zip","Meta_xml":"http://cims.coastal.louisiana.gov/meta_docs/gis_refs/shoreline/BICM2/Shoreline_Metadata.xml","Meta_html":"http://cims.coastal.louisiana.gov/meta_docs/gis_refs/shoreline/BICM2/Shoreline_Metadata.html","COMMENTS":null,"SHAPE_Length":125.3972081745898,"DSAS_DATE":"08/27/2015","DSAS_UNCER":null,"year":2015}},{"type":"Feature","id":30076,"geometry":{"type":"LineString","coordinates":[[-91.755864,29.573332],[-91.75572,29.573483]]},"properties":{"OBJECTID":30076,"PROGRAM":"STATE","PROJECT":"LOUISIANA BARRIER ISLAND COMPREHENSIVE MONITORING PROGRAM (BICM)","PROJ_ID":"LA-0226","PROD_DATE":"20160614","SHORE_TYPE":"MARSH","SRC_DATE":"20150827","SRC_DATA":"USDA NAIP ORTHOIMAGERY","SRC_RES":"1-m pixel","SRC_VECT":"APPLIED COASTAL","SRC_RAST":"M2909126NE","DIG_NOTES":" ","REGION":"AB","CONTRACTOR":"APPLIED COASTAL","ORG":"COASTAL PROTECTION AND RESTORATION AUTHORITY OF LOUISIANA (CPRA)","SRC_REG":"USDA","DATAURL":"http://cims.coastal.louisiana.gov/meta_docs/gis_refs/shoreline/BICM2/LA-0226_SHORL_0000000000_2015043020150913_RAC0009.zip","Meta_xml":"http://cims.coastal.louisiana.gov/meta_docs/gis_refs/shoreline/BICM2/Shoreline_Metadata.xml","Meta_html":"http://cims.coastal.louisiana.gov/meta_docs/gis_refs/shoreline/BICM2/Shoreline_Metadata.html","COMMENTS":null,"SHAPE_Length":23.968971340042625,"DSAS_DATE":"08/27/2015","DSAS_UNCER":null,"year":2015}},{"type":"Feature","id":30077,"geometry":{"type":"LineString","coordinates":[[-91.759012,29.572799],[-91.757185,29.572741],[-91.756899,29.572949],[-91.756154,29.573052],[-91.755894,29.573298]]},"properties":{"OBJECTID":30077,"PROGRAM":"STATE","PROJECT":"LOUISIANA BARRIER ISLAND COMPREHENSIVE MONITORING PROGRAM (BICM)","PROJ_ID":"LA-0226","PROD_DATE":"20160614","SHORE_TYPE":"MARSH","SRC_DATE":"20150827","SRC_DATA":"USDA NAIP ORTHOIMAGERY","SRC_RES":"1-m pixel","SRC_VECT":"APPLIED COASTAL","SRC_RAST":"M2909126NE","DIG_NOTES":" ","REGION":"AB","CONTRACTOR":"APPLIED COASTAL","ORG":"COASTAL PROTECTION AND RESTORATION AUTHORITY OF LOUISIANA (CPRA)","SRC_REG":"USDA","DATAURL":"http://cims.coastal.louisiana.gov/meta_docs/gis_refs/shoreline/BICM2/LA-0226_SHORL_0000000000_2015043020150913_RAC0009.zip","Meta_xml":"http://cims.coastal.louisiana.gov/meta_docs/gis_refs/shoreline/BICM2/Shoreline_Metadata.xml","Meta_html":"http://cims.coastal.louisiana.gov/meta_docs/gis_refs/shoreline/BICM2/Shoreline_Metadata.html","COMMENTS":null,"SHAPE_Length":339.93806288810305,"DSAS_DATE":"08/27/2015","DSAS_UNCER":null,"year":2015}},{"type":"Feature","id":30078,"geometry":{"type":"LineString","coordinates":[[-91.755754,29.572409],[-91.757949,29.571578],[-91.758528,29.571018],[-91.759337,29.570593],[-91.760308,29.569616],[-91.761749,29.567624],[-91.762293,29.566362],[-91.762339,29.56517],[-91.761856,29.563367],[-91.761617,29.563142],[-91.761639,29.562502]]},"properties":{"OBJECTID":30078,"PROGRAM":"STATE","PROJECT":"LOUISIANA BARRIER ISLAND COMPREHENSIVE MONITORING PROGRAM (BICM)","PROJ_ID":"LA-0226","PROD_DATE":"20160614","SHORE_TYPE":"MARSH","SRC_DATE":"20150827","SRC_DATA":"USDA NAIP ORTHOIMAGERY","SRC_RES":"1-m pixel","SRC_VECT":"APPLIED COASTAL","SRC_RAST":"M2909126NE","DIG_NOTES":" ","REGION":"AB","CONTRACTOR":"APPLIED COASTAL","ORG":"COASTAL PROTECTION AND RESTORATION AUTHORITY OF LOUISIANA (CPRA)","SRC_REG":"USDA","DATAURL":"http://cims.coastal.louisiana.gov/meta_docs/gis_refs/shoreline/BICM2/LA-0226_SHORL_0000000000_2015043020150913_RAC0009.zip","Meta_xml":"http://cims.coastal.louisiana.gov/meta_docs/gis_refs/shoreline/BICM2/Shoreline_Metadata.xml","Meta_html":"http://cims.coastal.louisiana.gov/meta_docs/gis_refs/shoreline/BICM2/Shoreline_Metadata.html","COMMENTS":null,"SHAPE_Length":1510.5280797866183,"DSAS_DATE":"08/27/2015","DSAS_UNCER":null,"year":2015}},{"type":"Feature","id":30079,"geometry":{"type":"LineString","coordinates":[[-91.755205,29.573868],[-91.75548,29.572925],[-91.75502,29.572633],[-91.755754,29.572409]]},"properties":{"OBJECTID":30079,"PROGRAM":"STATE","PROJECT":"LOUISIANA BARRIER ISLAND COMPREHENSIVE MONITORING PROGRAM (BICM)","PROJ_ID":"LA-0226","PROD_DATE":"20160614","SHORE_TYPE":"MARSH","SRC_DATE":"20150826","SRC_DATA":"USDA NAIP ORTHOIMAGERY","SRC_RES":"1-m pixel","SRC_VECT":"APPLIED COASTAL","SRC_RAST":"M2909126NE","DIG_NOTES":" ","REGION":"AB","CONTRACTOR":"APPLIED COASTAL","ORG":"COASTAL PROTECTION AND RESTORATION AUTHORITY OF LOUISIANA (CPRA)","SRC_REG":"USDA","DATAURL":"http://cims.coastal.louisiana.gov/meta_docs/gis_refs/shoreline/BICM2/LA-0226_SHORL_0000000000_2015043020150913_RAC0009.zip","Meta_xml":"http://cims.coastal.louisiana.gov/meta_docs/gis_refs/shoreline/BICM2/Shoreline_Metadata.xml","Meta_html":"http://cims.coastal.louisiana.gov/meta_docs/gis_refs/shoreline/BICM2/Shoreline_Metadata.html","COMMENTS":null,"SHAPE_Length":259.74420493878586,"DSAS_DATE":"08/26/2015","DSAS_UNCER":null,"year":2015}},{"type":"Feature","id":30080,"geometry":{"type":"LineString","coordinates":[[-91.75572,29.573483],[-91.755561,29.573602]]},"properties":{"OBJECTID":30080,"PROGRAM":"STATE","PROJECT":"LOUISIANA BARRIER ISLAND COMPREHENSIVE MONITORING PROGRAM (BICM)","PROJ_ID":"LA-0226","PROD_DATE":"20160614","SHORE_TYPE":"MARSH","SRC_DATE":"20150826","SRC_DATA":"USDA NAIP ORTHOIMAGERY","SRC_RES":"1-m pixel","SRC_VECT":"APPLIED COASTAL","SRC_RAST":"M2909126NE","DIG_NOTES":" ","REGION":"AB","CONTRACTOR":"APPLIED COASTAL","ORG":"COASTAL PROTECTION AND RESTORATION AUTHORITY OF LOUISIANA (CPRA)","SRC_REG":"USDA","DATAURL":"http://cims.coastal.louisiana.gov/meta_docs/gis_refs/shoreline/BICM2/LA-0226_SHORL_0000000000_2015043020150913_RAC0009.zip","Meta_xml":"http://cims.coastal.louisiana.gov/meta_docs/gis_refs/shoreline/BICM2/Shoreline_Metadata.xml","Meta_html":"http://cims.coastal.louisiana.gov/meta_docs/gis_refs/shoreline/BICM2/Shoreline_Metadata.html","COMMENTS":null,"SHAPE_Length":23.85616111272438,"DSAS_DATE":"08/26/2015","DSAS_UNCER":null,"year":2015}},{"type":"Feature","id":30081,"geometry":{"type":"LineString","coordinates":[[-91.755894,29.573298],[-91.755864,29.573332]]},"properties":{"OBJECTID":30081,"PROGRAM":"STATE","PROJECT":"LOUISIANA BARRIER ISLAND COMPREHENSIVE MONITORING PROGRAM (BICM)","PROJ_ID":"LA-0226","PROD_DATE":"20160614","SHORE_TYPE":"MARSH","SRC_DATE":"20150826","SRC_DATA":"USDA NAIP ORTHOIMAGERY","SRC_RES":"1-m pixel","SRC_VECT":"APPLIED COASTAL","SRC_RAST":"M2909126NE","DIG_NOTES":" ","REGION":"AB","CONTRACTOR":"APPLIED COASTAL","ORG":"COASTAL PROTECTION AND RESTORATION AUTHORITY OF LOUISIANA (CPRA)","SRC_REG":"USDA","DATAURL":"http://cims.coastal.louisiana.gov/meta_docs/gis_refs/shoreline/BICM2/LA-0226_SHORL_0000000000_2015043020150913_RAC0009.zip","Meta_xml":"http://cims.coastal.louisiana.gov/meta_docs/gis_refs/shoreline/BICM2/Shoreline_Metadata.xml","Meta_html":"http://cims.coastal.louisiana.gov/meta_docs/gis_refs/shoreline/BICM2/Shoreline_Metadata.html","COMMENTS":null,"SHAPE_Length":4.926297220260929,"DSAS_DATE":"08/26/2015","DSAS_UNCER":null,"year":2015}},{"type":"Feature","id":30082,"geometry":{"type":"LineString","coordinates":[[-91.752844,29.573893],[-91.752749,29.574197],[-91.752047,29.574444],[-91.751698,29.574195],[-91.750824,29.57418],[-91.75,29.573879]]},"properties":{"OBJECTID":30082,"PROGRAM":"STATE","PROJECT":"LOUISIANA BARRIER ISLAND COMPREHENSIVE MONITORING PROGRAM (BICM)","PROJ_ID":"LA-0226","PROD_DATE":"20160614","SHORE_TYPE":"MARSH","SRC_DATE":"20150826","SRC_DATA":"USDA NAIP ORTHOIMAGERY","SRC_RES":"1-m pixel","SRC_VECT":"APPLIED COASTAL","SRC_RAST":"M2909126NE","DIG_NOTES":" ","REGION":"AB","CONTRACTOR":"APPLIED COASTAL","ORG":"COASTAL PROTECTION AND RESTORATION AUTHORITY OF LOUISIANA (CPRA)","SRC_REG":"USDA","DATAURL":"http://cims.coastal.louisiana.gov/meta_docs/gis_refs/shoreline/BICM2/LA-0226_SHORL_0000000000_2015043020150913_RAC0009.zip","Meta_xml":"http://cims.coastal.louisiana.gov/meta_docs/gis_refs/shoreline/BICM2/Shoreline_Metadata.xml","Meta_html":"http://cims.coastal.louisiana.gov/meta_docs/gis_refs/shoreline/BICM2/Shoreline_Metadata.html","COMMENTS":null,"SHAPE_Length":366.65125510893216,"DSAS_DATE":"08/26/2015","DSAS_UNCER":null,"year":2015}},{"type":"Feature","id":30083,"geometry":{"type":"LineString","coordinates":[[-91.75,29.57317],[-91.750886,29.57294],[-91.75145,29.572573],[-91.752932,29.572482],[-91.754023,29.572765],[-91.754882,29.572619],[-91.754177,29.574405],[-91.753242,29.574229],[-91.753151,29.573978]]},"properties":{"OBJECTID":30083,"PROGRAM":"STATE","PROJECT":"LOUISIANA BARRIER ISLAND COMPREHENSIVE MONITORING PROGRAM (BICM)","PROJ_ID":"LA-0226","PROD_DATE":"20160614","SHORE_TYPE":"MARSH","SRC_DATE":"20150826","SRC_DATA":"USDA NAIP ORTHOIMAGERY","SRC_RES":"1-m pixel","SRC_VECT":"APPLIED COASTAL","SRC_RAST":"M2909126NE","DIG_NOTES":" ","REGION":"AB","CONTRACTOR":"APPLIED COASTAL","ORG":"COASTAL PROTECTION AND RESTORATION AUTHORITY OF LOUISIANA (CPRA)","SRC_REG":"USDA","DATAURL":"http://cims.coastal.louisiana.gov/meta_docs/gis_refs/shoreline/BICM2/LA-0226_SHORL_0000000000_2015043020150913_RAC0009.zip","Meta_xml":"http://cims.coastal.louisiana.gov/meta_docs/gis_refs/shoreline/BICM2/Shoreline_Metadata.xml","Meta_html":"http://cims.coastal.louisiana.gov/meta_docs/gis_refs/shoreline/BICM2/Shoreline_Metadata.html","COMMENTS":null,"SHAPE_Length":882.1012038036993,"DSAS_DATE":"08/26/2015","DSAS_UNCER":null,"year":2015}},{"type":"Feature","id":30084,"geometry":{"type":"LineString","coordinates":[[-91.744527,29.560394],[-91.742041,29.561347],[-91.740533,29.562502]]},"properties":{"OBJECTID":30084,"PROGRAM":"STATE","PROJECT":"LOUISIANA BARRIER ISLAND COMPREHENSIVE MONITORING PROGRAM (BICM)","PROJ_ID":"LA-0226","PROD_DATE":"20160614","SHORE_TYPE":"MARSH","SRC_DATE":"20150826","SRC_DATA":"USDA NAIP ORTHOIMAGERY","SRC_RES":"1-m pixel","SRC_VECT":"APPLIED COASTAL","SRC_RAST":"M2909127SW","DIG_NOTES":" ","REGION":"AB","CONTRACTOR":"APPLIED COASTAL","ORG":"COASTAL PROTECTION AND RESTORATION AUTHORITY OF LOUISIANA (CPRA)","SRC_REG":"USDA","DATAURL":"http://cims.coastal.louisiana.gov/meta_docs/gis_refs/shoreline/BICM2/LA-0226_SHORL_0000000000_2015043020150913_RAC0009.zip","Meta_xml":"http://cims.coastal.louisiana.gov/meta_docs/gis_refs/shoreline/BICM2/Shoreline_Metadata.xml","Meta_html":"http://cims.coastal.louisiana.gov/meta_docs/gis_refs/shoreline/BICM2/Shoreline_Metadata.html","COMMENTS":null,"SHAPE_Length":489.59028919192895,"DSAS_DATE":"08/26/2015","DSAS_UNCER":null,"year":2015}},{"type":"Feature","id":30085,"geometry":{"type":"LineString","coordinates":[[-91.739855,29.562502],[-91.739825,29.562307]]},"properties":{"OBJECTID":30085,"PROGRAM":"STATE","PROJECT":"LOUISIANA BARRIER ISLAND COMPREHENSIVE MONITORING PROGRAM (BICM)","PROJ_ID":"LA-0226","PROD_DATE":"20160614","SHORE_TYPE":"MARSH","SRC_DATE":"20150826","SRC_DATA":"USDA NAIP ORTHOIMAGERY","SRC_RES":"1-m pixel","SRC_VECT":"APPLIED COASTAL","SRC_RAST":"M2909127SW","DIG_NOTES":" ","REGION":"AB","CONTRACTOR":"APPLIED COASTAL","ORG":"COASTAL PROTECTION AND RESTORATION AUTHORITY OF LOUISIANA (CPRA)","SRC_REG":"USDA","DATAURL":"http://cims.coastal.louisiana.gov/meta_docs/gis_refs/shoreline/BICM2/LA-0226_SHORL_0000000000_2015043020150913_RAC0009.zip","Meta_xml":"http://cims.coastal.louisiana.gov/meta_docs/gis_refs/shoreline/BICM2/Shoreline_Metadata.xml","Meta_html":"http://cims.coastal.louisiana.gov/meta_docs/gis_refs/shoreline/BICM2/Shoreline_Metadata.html","COMMENTS":null,"SHAPE_Length":22.20088959289661,"DSAS_DATE":"08/26/2015","DSAS_UNCER":null,"year":2015}},{"type":"Feature","id":30086,"geometry":{"type":"LineString","coordinates":[[-92.007993,29.591479],[-92.008001,29.592577],[-92.007149,29.592624]]},"properties":{"OBJECTID":30086,"PROGRAM":"STATE","PROJECT":"LOUISIANA BARRIER ISLAND COMPREHENSIVE MONITORING PROGRAM (BICM)","PROJ_ID":"LA-0226","PROD_DATE":"20160614","SHORE_TYPE":"MARSH","SRC_DATE":"20150810","SRC_DATA":"USDA NAIP ORTHOIMAGERY","SRC_RES":"1-m pixel","SRC_VECT":"APPLIED COASTAL","SRC_RAST":"M2909232NE","DIG_NOTES":" ","REGION":"AB","CONTRACTOR":"APPLIED COASTAL","ORG":"COASTAL PROTECTION AND RESTORATION AUTHORITY OF LOUISIANA (CPRA)","SRC_REG":"USDA","DATAURL":"http://cims.coastal.louisiana.gov/meta_docs/gis_refs/shoreline/BICM2/LA-0226_SHORL_0000000000_2015043020150913_RAC0009.zip","Meta_xml":"http://cims.coastal.louisiana.gov/meta_docs/gis_refs/shoreline/BICM2/Shoreline_Metadata.xml","Meta_html":"http://cims.coastal.louisiana.gov/meta_docs/gis_refs/shoreline/BICM2/Shoreline_Metadata.html","COMMENTS":null,"SHAPE_Length":211.48551031433198,"DSAS_DATE":"08/10/2015","DSAS_UNCER":null,"year":2015}},{"type":"Feature","id":30087,"geometry":{"type":"LineString","coordinates":[[-92.007032,29.592609],[-92.006695,29.592522]]},"properties":{"OBJECTID":30087,"PROGRAM":"STATE","PROJECT":"LOUISIANA BARRIER ISLAND COMPREHENSIVE MONITORING PROGRAM (BICM)","PROJ_ID":"LA-0226","PROD_DATE":"20160614","SHORE_TYPE":"MARSH","SRC_DATE":"20150810","SRC_DATA":"USDA NAIP ORTHOIMAGERY","SRC_RES":"1-m pixel","SRC_VECT":"APPLIED COASTAL","SRC_RAST":"M2909232NE","DIG_NOTES":" ","REGION":"AB","CONTRACTOR":"APPLIED COASTAL","ORG":"COASTAL PROTECTION AND RESTORATION AUTHORITY OF LOUISIANA (CPRA)","SRC_REG":"USDA","DATAURL":"http://cims.coastal.louisiana.gov/meta_docs/gis_refs/shoreline/BICM2/LA-0226_SHORL_0000000000_2015043020150913_RAC0009.zip","Meta_xml":"http://cims.coastal.louisiana.gov/meta_docs/gis_refs/shoreline/BICM2/Shoreline_Metadata.xml","Meta_html":"http://cims.coastal.louisiana.gov/meta_docs/gis_refs/shoreline/BICM2/Shoreline_Metadata.html","COMMENTS":null,"SHAPE_Length":34.11700868757848,"DSAS_DATE":"08/10/2015","DSAS_UNCER":null,"year":2015}},{"type":"Feature","id":30088,"geometry":{"type":"LineString","coordinates":[[-92.0064,29.594418],[-92.006163,29.594704],[-92.006237,29.595104],[-92.00609,29.595229]]},"properties":{"OBJECTID":30088,"PROGRAM":"STATE","PROJECT":"LOUISIANA BARRIER ISLAND COMPREHENSIVE MONITORING PROGRAM (BICM)","PROJ_ID":"LA-0226","PROD_DATE":"20160614","SHORE_TYPE":"MARSH","SRC_DATE":"20150430","SRC_DATA":"USDA NAIP ORTHOIMAGERY","SRC_RES":"1-m pixel","SRC_VECT":"APPLIED COASTAL","SRC_RAST":"M2909232NE","DIG_NOTES":" ","REGION":"AB","CONTRACTOR":"APPLIED COASTAL","ORG":"COASTAL PROTECTION AND RESTORATION AUTHORITY OF LOUISIANA (CPRA)","SRC_REG":"USDA","DATAURL":"http://cims.coastal.louisiana.gov/meta_docs/gis_refs/shoreline/BICM2/LA-0226_SHORL_0000000000_2015043020150913_RAC0009.zip","Meta_xml":"http://cims.coastal.louisiana.gov/meta_docs/gis_refs/shoreline/BICM2/Shoreline_Metadata.xml","Meta_html":"http://cims.coastal.louisiana.gov/meta_docs/gis_refs/shoreline/BICM2/Shoreline_Metadata.html","COMMENTS":null,"SHAPE_Length":113.70079624012523,"DSAS_DATE":"04/30/2015","DSAS_UNCER":null,"year":2015}},{"type":"Feature","id":30089,"geometry":{"type":"LineString","coordinates":[[-92.00673,29.592882],[-92.007381,29.593022],[-92.007116,29.593353],[-92.007202,29.593503]]},"properties":{"OBJECTID":30089,"PROGRAM":"STATE","PROJECT":"LOUISIANA BARRIER ISLAND COMPREHENSIVE MONITORING PROGRAM (BICM)","PROJ_ID":"LA-0226","PROD_DATE":"20160614","SHORE_TYPE":"MARSH","SRC_DATE":"20150430","SRC_DATA":"USDA NAIP ORTHOIMAGERY","SRC_RES":"1-m pixel","SRC_VECT":"APPLIED COASTAL","SRC_RAST":"M2909232NE","DIG_NOTES":" ","REGION":"AB","CONTRACTOR":"APPLIED COASTAL","ORG":"COASTAL PROTECTION AND RESTORATION AUTHORITY OF LOUISIANA (CPRA)","SRC_REG":"USDA","DATAURL":"http://cims.coastal.louisiana.gov/meta_docs/gis_refs/shoreline/BICM2/LA-0226_SHORL_0000000000_2015043020150913_RAC0009.zip","Meta_xml":"http://cims.coastal.louisiana.gov/meta_docs/gis_refs/shoreline/BICM2/Shoreline_Metadata.xml","Meta_html":"http://cims.coastal.louisiana.gov/meta_docs/gis_refs/shoreline/BICM2/Shoreline_Metadata.html","COMMENTS":null,"SHAPE_Length":134.14695118076818,"DSAS_DATE":"04/30/2015","DSAS_UNCER":null,"year":2015}},{"type":"Feature","id":30090,"geometry":{"type":"LineString","coordinates":[[-92.006436,29.596868],[-92.006417,29.597154]]},"properties":{"OBJECTID":30090,"PROGRAM":"STATE","PROJECT":"LOUISIANA BARRIER ISLAND COMPREHENSIVE MONITORING PROGRAM (BICM)","PROJ_ID":"LA-0226","PROD_DATE":"20160614","SHORE_TYPE":"MARSH","SRC_DATE":"20150430","SRC_DATA":"USDA NAIP ORTHOIMAGERY","SRC_RES":"1-m pixel","SRC_VECT":"APPLIED COASTAL","SRC_RAST":"M2909232NE","DIG_NOTES":" ","REGION":"AB","CONTRACTOR":"APPLIED COASTAL","ORG":"COASTAL PROTECTION AND RESTORATION AUTHORITY OF LOUISIANA (CPRA)","SRC_REG":"USDA","DATAURL":"http://cims.coastal.louisiana.gov/meta_docs/gis_refs/shoreline/BICM2/LA-0226_SHORL_0000000000_2015043020150913_RAC0009.zip","Meta_xml":"http://cims.coastal.louisiana.gov/meta_docs/gis_refs/shoreline/BICM2/Shoreline_Metadata.xml","Meta_html":"http://cims.coastal.louisiana.gov/meta_docs/gis_refs/shoreline/BICM2/Shoreline_Metadata.html","COMMENTS":null,"SHAPE_Length":32.7949303291451,"DSAS_DATE":"04/30/2015","DSAS_UNCER":null,"year":2015}},{"type":"Feature","id":30091,"geometry":{"type":"LineString","coordinates":[[-92.006074,29.59526],[-92.006241,29.595699],[-92.006597,29.595773],[-92.006598,29.595974],[-92.006259,29.595923],[-92.006107,29.596148],[-92.0061,29.596645],[-92.006378,29.596779]]},"properties":{"OBJECTID":30091,"PROGRAM":"STATE","PROJECT":"LOUISIANA BARRIER ISLAND COMPREHENSIVE MONITORING PROGRAM (BICM)","PROJ_ID":"LA-0226","PROD_DATE":"20160614","SHORE_TYPE":"MARSH","SRC_DATE":"20150430","SRC_DATA":"USDA NAIP ORTHOIMAGERY","SRC_RES":"1-m pixel","SRC_VECT":"APPLIED COASTAL","SRC_RAST":"M2909232NE","DIG_NOTES":" ","REGION":"AB","CONTRACTOR":"APPLIED COASTAL","ORG":"COASTAL PROTECTION AND RESTORATION AUTHORITY OF LOUISIANA (CPRA)","SRC_REG":"USDA","DATAURL":"http://cims.coastal.louisiana.gov/meta_docs/gis_refs/shoreline/BICM2/LA-0226_SHORL_0000000000_2015043020150913_RAC0009.zip","Meta_xml":"http://cims.coastal.louisiana.gov/meta_docs/gis_refs/shoreline/BICM2/Shoreline_Metadata.xml","Meta_html":"http://cims.coastal.louisiana.gov/meta_docs/gis_refs/shoreline/BICM2/Shoreline_Metadata.html","COMMENTS":null,"SHAPE_Length":278.450031079268,"DSAS_DATE":"04/30/2015","DSAS_UNCER":null,"year":2015}},{"type":"Feature","id":30092,"geometry":{"type":"LineString","coordinates":[[-92.006417,29.597154],[-92.006222,29.59764]]},"properties":{"OBJECTID":30092,"PROGRAM":"STATE","PROJECT":"LOUISIANA BARRIER ISLAND COMPREHENSIVE MONITORING PROGRAM (BICM)","PROJ_ID":"LA-0226","PROD_DATE":"20160614","SHORE_TYPE":"MARSH","SRC_DATE":"20150810","SRC_DATA":"USDA NAIP ORTHOIMAGERY","SRC_RES":"1-m pixel","SRC_VECT":"APPLIED COASTAL","SRC_RAST":"M2909232NE","DIG_NOTES":" ","REGION":"AB","CONTRACTOR":"APPLIED COASTAL","ORG":"COASTAL PROTECTION AND RESTORATION AUTHORITY OF LOUISIANA (CPRA)","SRC_REG":"USDA","DATAURL":"http://cims.coastal.louisiana.gov/meta_docs/gis_refs/shoreline/BICM2/LA-0226_SHORL_0000000000_2015043020150913_RAC0009.zip","Meta_xml":"http://cims.coastal.louisiana.gov/meta_docs/gis_refs/shoreline/BICM2/Shoreline_Metadata.xml","Meta_html":"http://cims.coastal.louisiana.gov/meta_docs/gis_refs/shoreline/BICM2/Shoreline_Metadata.html","COMMENTS":null,"SHAPE_Length":58.0233004267165,"DSAS_DATE":"08/10/2015","DSAS_UNCER":null,"year":2015}},{"type":"Feature","id":30093,"geometry":{"type":"LineString","coordinates":[[-92.006378,29.596779],[-92.006436,29.596868]]},"properties":{"OBJECTID":30093,"PROGRAM":"STATE","PROJECT":"LOUISIANA BARRIER ISLAND COMPREHENSIVE MONITORING PROGRAM (BICM)","PROJ_ID":"LA-0226","PROD_DATE":"20160614","SHORE_TYPE":"MARSH","SRC_DATE":"20150810","SRC_DATA":"USDA NAIP ORTHOIMAGERY","SRC_RES":"1-m pixel","SRC_VECT":"APPLIED COASTAL","SRC_RAST":"M2909232NE","DIG_NOTES":" ","REGION":"AB","CONTRACTOR":"APPLIED COASTAL","ORG":"COASTAL PROTECTION AND RESTORATION AUTHORITY OF LOUISIANA (CPRA)","SRC_REG":"USDA","DATAURL":"http://cims.coastal.louisiana.gov/meta_docs/gis_refs/shoreline/BICM2/LA-0226_SHORL_0000000000_2015043020150913_RAC0009.zip","Meta_xml":"http://cims.coastal.louisiana.gov/meta_docs/gis_refs/shoreline/BICM2/Shoreline_Metadata.xml","Meta_html":"http://cims.coastal.louisiana.gov/meta_docs/gis_refs/shoreline/BICM2/Shoreline_Metadata.html","COMMENTS":null,"SHAPE_Length":11.534885660143251,"DSAS_DATE":"08/10/2015","DSAS_UNCER":null,"year":2015}},{"type":"Feature","id":30094,"geometry":{"type":"LineString","coordinates":[[-91.996981,29.60673],[-91.996656,29.606821],[-91.99659,29.606635]]},"properties":{"OBJECTID":30094,"PROGRAM":"STATE","PROJECT":"LOUISIANA BARRIER ISLAND COMPREHENSIVE MONITORING PROGRAM (BICM)","PROJ_ID":"LA-0226","PROD_DATE":"20160614","SHORE_TYPE":"MARSH","SRC_DATE":"20150430","SRC_DATA":"USDA NAIP ORTHOIMAGERY","SRC_RES":"1-m pixel","SRC_VECT":"APPLIED COASTAL","SRC_RAST":"M2909125NW","DIG_NOTES":" ","REGION":"AB","CONTRACTOR":"APPLIED COASTAL","ORG":"COASTAL PROTECTION AND RESTORATION AUTHORITY OF LOUISIANA (CPRA)","SRC_REG":"USDA","DATAURL":"http://cims.coastal.louisiana.gov/meta_docs/gis_refs/shoreline/BICM2/LA-0226_SHORL_0000000000_2015043020150913_RAC0009.zip","Meta_xml":"http://cims.coastal.louisiana.gov/meta_docs/gis_refs/shoreline/BICM2/Shoreline_Metadata.xml","Meta_html":"http://cims.coastal.louisiana.gov/meta_docs/gis_refs/shoreline/BICM2/Shoreline_Metadata.html","COMMENTS":null,"SHAPE_Length":59.7724404755282,"DSAS_DATE":"04/30/2015","DSAS_UNCER":null,"year":2015}},{"type":"Feature","id":30095,"geometry":{"type":"LineString","coordinates":[[-91.997797,29.606168],[-91.997422,29.606623]]},"properties":{"OBJECTID":30095,"PROGRAM":"STATE","PROJECT":"LOUISIANA BARRIER ISLAND COMPREHENSIVE MONITORING PROGRAM (BICM)","PROJ_ID":"LA-0226","PROD_DATE":"20160614","SHORE_TYPE":"MARSH","SRC_DATE":"20150430","SRC_DATA":"USDA NAIP ORTHOIMAGERY","SRC_RES":"1-m pixel","SRC_VECT":"APPLIED COASTAL","SRC_RAST":"M2909125NW","DIG_NOTES":" ","REGION":"AB","CONTRACTOR":"APPLIED COASTAL","ORG":"COASTAL PROTECTION AND RESTORATION AUTHORITY OF LOUISIANA (CPRA)","SRC_REG":"USDA","DATAURL":"http://cims.coastal.louisiana.gov/meta_docs/gis_refs/shoreline/BICM2/LA-0226_SHORL_0000000000_2015043020150913_RAC0009.zip","Meta_xml":"http://cims.coastal.louisiana.gov/meta_docs/gis_refs/shoreline/BICM2/Shoreline_Metadata.xml","Meta_html":"http://cims.coastal.louisiana.gov/meta_docs/gis_refs/shoreline/BICM2/Shoreline_Metadata.html","COMMENTS":null,"SHAPE_Length":65.21546203047464,"DSAS_DATE":"04/30/2015","DSAS_UNCER":null,"year":2015}},{"type":"Feature","id":30096,"geometry":{"type":"LineString","coordinates":[[-91.998936,29.605857],[-91.998362,29.605976]]},"properties":{"OBJECTID":30096,"PROGRAM":"STATE","PROJECT":"LOUISIANA BARRIER ISLAND COMPREHENSIVE MONITORING PROGRAM (BICM)","PROJ_ID":"LA-0226","PROD_DATE":"20160614","SHORE_TYPE":"MARSH","SRC_DATE":"20150430","SRC_DATA":"USDA NAIP ORTHOIMAGERY","SRC_RES":"1-m pixel","SRC_VECT":"APPLIED COASTAL","SRC_RAST":"M2909125NW","DIG_NOTES":" ","REGION":"AB","CONTRACTOR":"APPLIED COASTAL","ORG":"COASTAL PROTECTION AND RESTORATION AUTHORITY OF LOUISIANA (CPRA)","SRC_REG":"USDA","DATAURL":"http://cims.coastal.louisiana.gov/meta_docs/gis_refs/shoreline/BICM2/LA-0226_SHORL_0000000000_2015043020150913_RAC0009.zip","Meta_xml":"http://cims.coastal.louisiana.gov/meta_docs/gis_refs/shoreline/BICM2/Shoreline_Metadata.xml","Meta_html":"http://cims.coastal.louisiana.gov/meta_docs/gis_refs/shoreline/BICM2/Shoreline_Metadata.html","COMMENTS":null,"SHAPE_Length":58.40455768986087,"DSAS_DATE":"04/30/2015","DSAS_UNCER":null,"year":2015}},{"type":"Feature","id":30097,"geometry":{"type":"LineString","coordinates":[[-91.999906,29.605348],[-91.999337,29.605646]]},"properties":{"OBJECTID":30097,"PROGRAM":"STATE","PROJECT":"LOUISIANA BARRIER ISLAND COMPREHENSIVE MONITORING PROGRAM (BICM)","PROJ_ID":"LA-0226","PROD_DATE":"20160614","SHORE_TYPE":"MARSH","SRC_DATE":"20150430","SRC_DATA":"USDA NAIP ORTHOIMAGERY","SRC_RES":"1-m pixel","SRC_VECT":"APPLIED COASTAL","SRC_RAST":"M2909125NW","DIG_NOTES":" ","REGION":"AB","CONTRACTOR":"APPLIED COASTAL","ORG":"COASTAL PROTECTION AND RESTORATION AUTHORITY OF LOUISIANA (CPRA)","SRC_REG":"USDA","DATAURL":"http://cims.coastal.louisiana.gov/meta_docs/gis_refs/shoreline/BICM2/LA-0226_SHORL_0000000000_2015043020150913_RAC0009.zip","Meta_xml":"http://cims.coastal.louisiana.gov/meta_docs/gis_refs/shoreline/BICM2/Shoreline_Metadata.xml","Meta_html":"http://cims.coastal.louisiana.gov/meta_docs/gis_refs/shoreline/BICM2/Shoreline_Metadata.html","COMMENTS":null,"SHAPE_Length":65.68576074732513,"DSAS_DATE":"04/30/2015","DSAS_UNCER":null,"year":2015}},{"type":"Feature","id":30098,"geometry":{"type":"LineString","coordinates":[[-92.001719,29.604225],[-92.001436,29.604405]]},"properties":{"OBJECTID":30098,"PROGRAM":"STATE","PROJECT":"LOUISIANA BARRIER ISLAND COMPREHENSIVE MONITORING PROGRAM (BICM)","PROJ_ID":"LA-0226","PROD_DATE":"20160614","SHORE_TYPE":"MARSH","SRC_DATE":"20150430","SRC_DATA":"USDA NAIP ORTHOIMAGERY","SRC_RES":"1-m pixel","SRC_VECT":"APPLIED COASTAL","SRC_RAST":"M2909232NE","DIG_NOTES":" ","REGION":"AB","CONTRACTOR":"APPLIED COASTAL","ORG":"COASTAL PROTECTION AND RESTORATION AUTHORITY OF LOUISIANA (CPRA)","SRC_REG":"USDA","DATAURL":"http://cims.coastal.louisiana.gov/meta_docs/gis_refs/shoreline/BICM2/LA-0226_SHORL_0000000000_2015043020150913_RAC0009.zip","Meta_xml":"http://cims.coastal.louisiana.gov/meta_docs/gis_refs/shoreline/BICM2/Shoreline_Metadata.xml","Meta_html":"http://cims.coastal.louisiana.gov/meta_docs/gis_refs/shoreline/BICM2/Shoreline_Metadata.html","COMMENTS":null,"SHAPE_Length":34.37612575156665,"DSAS_DATE":"04/30/2015","DSAS_UNCER":null,"year":2015}},{"type":"Feature","id":30099,"geometry":{"type":"LineString","coordinates":[[-92.003972,29.603342],[-92.003277,29.60355]]},"properties":{"OBJECTID":30099,"PROGRAM":"STATE","PROJECT":"LOUISIANA BARRIER ISLAND COMPREHENSIVE MONITORING PROGRAM (BICM)","PROJ_ID":"LA-0226","PROD_DATE":"20160614","SHORE_TYPE":"MARSH","SRC_DATE":"20150430","SRC_DATA":"USDA NAIP ORTHOIMAGERY","SRC_RES":"1-m pixel","SRC_VECT":"APPLIED COASTAL","SRC_RAST":"M2909232NE","DIG_NOTES":" ","REGION":"AB","CONTRACTOR":"APPLIED COASTAL","ORG":"COASTAL PROTECTION AND RESTORATION AUTHORITY OF LOUISIANA (CPRA)","SRC_REG":"USDA","DATAURL":"http://cims.coastal.louisiana.gov/meta_docs/gis_refs/shoreline/BICM2/LA-0226_SHORL_0000000000_2015043020150913_RAC0009.zip","Meta_xml":"http://cims.coastal.louisiana.gov/meta_docs/gis_refs/shoreline/BICM2/Shoreline_Metadata.xml","Meta_html":"http://cims.coastal.louisiana.gov/meta_docs/gis_refs/shoreline/BICM2/Shoreline_Metadata.html","COMMENTS":null,"SHAPE_Length":72.60336513652447,"DSAS_DATE":"04/30/2015","DSAS_UNCER":null,"year":2015}},{"type":"Feature","id":30100,"geometry":{"type":"LineString","coordinates":[[-92.004386,29.603029],[-92.004007,29.603327]]},"properties":{"OBJECTID":30100,"PROGRAM":"STATE","PROJECT":"LOUISIANA BARRIER ISLAND COMPREHENSIVE MONITORING PROGRAM (BICM)","PROJ_ID":"LA-0226","PROD_DATE":"20160614","SHORE_TYPE":"MARSH","SRC_DATE":"20150430","SRC_DATA":"USDA NAIP ORTHOIMAGERY","SRC_RES":"1-m pixel","SRC_VECT":"APPLIED COASTAL","SRC_RAST":"M2909232NE","DIG_NOTES":" ","REGION":"AB","CONTRACTOR":"APPLIED COASTAL","ORG":"COASTAL PROTECTION AND RESTORATION AUTHORITY OF LOUISIANA (CPRA)","SRC_REG":"USDA","DATAURL":"http://cims.coastal.louisiana.gov/meta_docs/gis_refs/shoreline/BICM2/LA-0226_SHORL_0000000000_2015043020150913_RAC0009.zip","Meta_xml":"http://cims.coastal.louisiana.gov/meta_docs/gis_refs/shoreline/BICM2/Shoreline_Metadata.xml","Meta_html":"http://cims.coastal.louisiana.gov/meta_docs/gis_refs/shoreline/BICM2/Shoreline_Metadata.html","COMMENTS":null,"SHAPE_Length":51.79588722208714,"DSAS_DATE":"04/30/2015","DSAS_UNCER":null,"year":2015}},{"type":"Feature","id":30101,"geometry":{"type":"LineString","coordinates":[[-92.004836,29.602402],[-92.004865,29.602635]]},"properties":{"OBJECTID":30101,"PROGRAM":"STATE","PROJECT":"LOUISIANA BARRIER ISLAND COMPREHENSIVE MONITORING PROGRAM (BICM)","PROJ_ID":"LA-0226","PROD_DATE":"20160614","SHORE_TYPE":"MARSH","SRC_DATE":"20150430","SRC_DATA":"USDA NAIP ORTHOIMAGERY","SRC_RES":"1-m pixel","SRC_VECT":"APPLIED COASTAL","SRC_RAST":"M2909232NE","DIG_NOTES":" ","REGION":"AB","CONTRACTOR":"APPLIED COASTAL","ORG":"COASTAL PROTECTION AND RESTORATION AUTHORITY OF LOUISIANA (CPRA)","SRC_REG":"USDA","DATAURL":"http://cims.coastal.louisiana.gov/meta_docs/gis_refs/shoreline/BICM2/LA-0226_SHORL_0000000000_2015043020150913_RAC0009.zip","Meta_xml":"http://cims.coastal.louisiana.gov/meta_docs/gis_refs/shoreline/BICM2/Shoreline_Metadata.xml","Meta_html":"http://cims.coastal.louisiana.gov/meta_docs/gis_refs/shoreline/BICM2/Shoreline_Metadata.html","COMMENTS":null,"SHAPE_Length":26.73928128456037,"DSAS_DATE":"04/30/2015","DSAS_UNCER":null,"year":2015}},{"type":"Feature","id":30102,"geometry":{"type":"LineString","coordinates":[[-92.005211,29.601749],[-92.005142,29.601767]]},"properties":{"OBJECTID":30102,"PROGRAM":"STATE","PROJECT":"LOUISIANA BARRIER ISLAND COMPREHENSIVE MONITORING PROGRAM (BICM)","PROJ_ID":"LA-0226","PROD_DATE":"20160614","SHORE_TYPE":"MARSH","SRC_DATE":"20150430","SRC_DATA":"USDA NAIP ORTHOIMAGERY","SRC_RES":"1-m pixel","SRC_VECT":"APPLIED COASTAL","SRC_RAST":"M2909232NE","DIG_NOTES":" ","REGION":"AB","CONTRACTOR":"APPLIED COASTAL","ORG":"COASTAL PROTECTION AND RESTORATION AUTHORITY OF LOUISIANA (CPRA)","SRC_REG":"USDA","DATAURL":"http://cims.coastal.louisiana.gov/meta_docs/gis_refs/shoreline/BICM2/LA-0226_SHORL_0000000000_2015043020150913_RAC0009.zip","Meta_xml":"http://cims.coastal.louisiana.gov/meta_docs/gis_refs/shoreline/BICM2/Shoreline_Metadata.xml","Meta_html":"http://cims.coastal.louisiana.gov/meta_docs/gis_refs/shoreline/BICM2/Shoreline_Metadata.html","COMMENTS":null,"SHAPE_Length":7.470736364765111,"DSAS_DATE":"04/30/2015","DSAS_UNCER":null,"year":2015}},{"type":"Feature","id":30103,"geometry":{"type":"LineString","coordinates":[[-92.005256,29.601737],[-92.005256,29.601737]]},"properties":{"OBJECTID":30103,"PROGRAM":"STATE","PROJECT":"LOUISIANA BARRIER ISLAND COMPREHENSIVE MONITORING PROGRAM (BICM)","PROJ_ID":"LA-0226","PROD_DATE":"20160614","SHORE_TYPE":"MARSH","SRC_DATE":"20150430","SRC_DATA":"USDA NAIP ORTHOIMAGERY","SRC_RES":"1-m pixel","SRC_VECT":"APPLIED COASTAL","SRC_RAST":"M2909232NE","DIG_NOTES":" ","REGION":"AB","CONTRACTOR":"APPLIED COASTAL","ORG":"COASTAL PROTECTION AND RESTORATION AUTHORITY OF LOUISIANA (CPRA)","SRC_REG":"USDA","DATAURL":"http://cims.coastal.louisiana.gov/meta_docs/gis_refs/shoreline/BICM2/LA-0226_SHORL_0000000000_2015043020150913_RAC0009.zip","Meta_xml":"http://cims.coastal.louisiana.gov/meta_docs/gis_refs/shoreline/BICM2/Shoreline_Metadata.xml","Meta_html":"http://cims.coastal.louisiana.gov/meta_docs/gis_refs/shoreline/BICM2/Shoreline_Metadata.html","COMMENTS":null,"SHAPE_Length":0.014016062658019572,"DSAS_DATE":"04/30/2015","DSAS_UNCER":null,"year":2015}},{"type":"Feature","id":30104,"geometry":{"type":"LineString","coordinates":[[-92.005563,29.60089],[-92.005463,29.601251]]},"properties":{"OBJECTID":30104,"PROGRAM":"STATE","PROJECT":"LOUISIANA BARRIER ISLAND COMPREHENSIVE MONITORING PROGRAM (BICM)","PROJ_ID":"LA-0226","PROD_DATE":"20160614","SHORE_TYPE":"MARSH","SRC_DATE":"20150430","SRC_DATA":"USDA NAIP ORTHOIMAGERY","SRC_RES":"1-m pixel","SRC_VECT":"APPLIED COASTAL","SRC_RAST":"M2909232NE","DIG_NOTES":" ","REGION":"AB","CONTRACTOR":"APPLIED COASTAL","ORG":"COASTAL PROTECTION AND RESTORATION AUTHORITY OF LOUISIANA (CPRA)","SRC_REG":"USDA","DATAURL":"http://cims.coastal.louisiana.gov/meta_docs/gis_refs/shoreline/BICM2/LA-0226_SHORL_0000000000_2015043020150913_RAC0009.zip","Meta_xml":"http://cims.coastal.louisiana.gov/meta_docs/gis_refs/shoreline/BICM2/Shoreline_Metadata.xml","Meta_html":"http://cims.coastal.louisiana.gov/meta_docs/gis_refs/shoreline/BICM2/Shoreline_Metadata.html","COMMENTS":null,"SHAPE_Length":45.49339793180754,"DSAS_DATE":"04/30/2015","DSAS_UNCER":null,"year":2015}},{"type":"Feature","id":30105,"geometry":{"type":"LineString","coordinates":[[-92.005587,29.600625],[-92.005575,29.600802]]},"properties":{"OBJECTID":30105,"PROGRAM":"STATE","PROJECT":"LOUISIANA BARRIER ISLAND COMPREHENSIVE MONITORING PROGRAM (BICM)","PROJ_ID":"LA-0226","PROD_DATE":"20160614","SHORE_TYPE":"MARSH","SRC_DATE":"20150430","SRC_DATA":"USDA NAIP ORTHOIMAGERY","SRC_RES":"1-m pixel","SRC_VECT":"APPLIED COASTAL","SRC_RAST":"M2909232NE","DIG_NOTES":" ","REGION":"AB","CONTRACTOR":"APPLIED COASTAL","ORG":"COASTAL PROTECTION AND RESTORATION AUTHORITY OF LOUISIANA (CPRA)","SRC_REG":"USDA","DATAURL":"http://cims.coastal.louisiana.gov/meta_docs/gis_refs/shoreline/BICM2/LA-0226_SHORL_0000000000_2015043020150913_RAC0009.zip","Meta_xml":"http://cims.coastal.louisiana.gov/meta_docs/gis_refs/shoreline/BICM2/Shoreline_Metadata.xml","Meta_html":"http://cims.coastal.louisiana.gov/meta_docs/gis_refs/shoreline/BICM2/Shoreline_Metadata.html","COMMENTS":null,"SHAPE_Length":20.629925375365676,"DSAS_DATE":"04/30/2015","DSAS_UNCER":null,"year":2015}},{"type":"Feature","id":30106,"geometry":{"type":"LineString","coordinates":[[-92.005592,29.600092],[-92.005591,29.600277]]},"properties":{"OBJECTID":30106,"PROGRAM":"STATE","PROJECT":"LOUISIANA BARRIER ISLAND COMPREHENSIVE MONITORING PROGRAM (BICM)","PROJ_ID":"LA-0226","PROD_DATE":"20160614","SHORE_TYPE":"MARSH","SRC_DATE":"20150430","SRC_DATA":"USDA NAIP ORTHOIMAGERY","SRC_RES":"1-m pixel","SRC_VECT":"APPLIED COASTAL","SRC_RAST":"M2909232NE","DIG_NOTES":" ","REGION":"AB","CONTRACTOR":"APPLIED COASTAL","ORG":"COASTAL PROTECTION AND RESTORATION AUTHORITY OF LOUISIANA (CPRA)","SRC_REG":"USDA","DATAURL":"http://cims.coastal.louisiana.gov/meta_docs/gis_refs/shoreline/BICM2/LA-0226_SHORL_0000000000_2015043020150913_RAC0009.zip","Meta_xml":"http://cims.coastal.louisiana.gov/meta_docs/gis_refs/shoreline/BICM2/Shoreline_Metadata.xml","Meta_html":"http://cims.coastal.louisiana.gov/meta_docs/gis_refs/shoreline/BICM2/Shoreline_Metadata.html","COMMENTS":null,"SHAPE_Length":24.251468323060568,"DSAS_DATE":"04/30/2015","DSAS_UNCER":null,"year":2015}},{"type":"Feature","id":30107,"geometry":{"type":"LineString","coordinates":[[-92.005645,29.599595],[-92.005595,29.599788]]},"properties":{"OBJECTID":30107,"PROGRAM":"STATE","PROJECT":"LOUISIANA BARRIER ISLAND COMPREHENSIVE MONITORING PROGRAM (BICM)","PROJ_ID":"LA-0226","PROD_DATE":"20160614","SHORE_TYPE":"MARSH","SRC_DATE":"20150430","SRC_DATA":"USDA NAIP ORTHOIMAGERY","SRC_RES":"1-m pixel","SRC_VECT":"APPLIED COASTAL","SRC_RAST":"M2909232NE","DIG_NOTES":" ","REGION":"AB","CONTRACTOR":"APPLIED COASTAL","ORG":"COASTAL PROTECTION AND RESTORATION AUTHORITY OF LOUISIANA (CPRA)","SRC_REG":"USDA","DATAURL":"http://cims.coastal.louisiana.gov/meta_docs/gis_refs/shoreline/BICM2/LA-0226_SHORL_0000000000_2015043020150913_RAC0009.zip","Meta_xml":"http://cims.coastal.louisiana.gov/meta_docs/gis_refs/shoreline/BICM2/Shoreline_Metadata.xml","Meta_html":"http://cims.coastal.louisiana.gov/meta_docs/gis_refs/shoreline/BICM2/Shoreline_Metadata.html","COMMENTS":null,"SHAPE_Length":25.779005601251246,"DSAS_DATE":"04/30/2015","DSAS_UNCER":null,"year":2015}},{"type":"Feature","id":30108,"geometry":{"type":"LineString","coordinates":[[-92.006089,29.598081],[-92.006017,29.598575]]},"properties":{"OBJECTID":30108,"PROGRAM":"STATE","PROJECT":"LOUISIANA BARRIER ISLAND COMPREHENSIVE MONITORING PROGRAM (BICM)","PROJ_ID":"LA-0226","PROD_DATE":"20160614","SHORE_TYPE":"BEACH","SRC_DATE":"20150430","SRC_DATA":"USDA NAIP ORTHOIMAGERY","SRC_RES":"1-m pixel","SRC_VECT":"APPLIED COASTAL","SRC_RAST":"M2909232NE","DIG_NOTES":" ","REGION":"AB","CONTRACTOR":"APPLIED COASTAL","ORG":"COASTAL PROTECTION AND RESTORATION AUTHORITY OF LOUISIANA (CPRA)","SRC_REG":"USDA","DATAURL":"http://cims.coastal.louisiana.gov/meta_docs/gis_refs/shoreline/BICM2/LA-0226_SHORL_0000000000_2015043020150913_RAC0009.zip","Meta_xml":"http://cims.coastal.louisiana.gov/meta_docs/gis_refs/shoreline/BICM2/Shoreline_Metadata.xml","Meta_html":"http://cims.coastal.louisiana.gov/meta_docs/gis_refs/shoreline/BICM2/Shoreline_Metadata.html","COMMENTS":null,"SHAPE_Length":56.00881854458127,"DSAS_DATE":"04/30/2015","DSAS_UNCER":null,"year":2015}},{"type":"Feature","id":30109,"geometry":{"type":"LineString","coordinates":[[-91.997422,29.606623],[-91.996981,29.60673]]},"properties":{"OBJECTID":30109,"PROGRAM":"STATE","PROJECT":"LOUISIANA BARRIER ISLAND COMPREHENSIVE MONITORING PROGRAM (BICM)","PROJ_ID":"LA-0226","PROD_DATE":"20160614","SHORE_TYPE":"MARSH","SRC_DATE":"20150810","SRC_DATA":"USDA NAIP ORTHOIMAGERY","SRC_RES":"1-m pixel","SRC_VECT":"APPLIED COASTAL","SRC_RAST":"M2909125NW","DIG_NOTES":" ","REGION":"AB","CONTRACTOR":"APPLIED COASTAL","ORG":"COASTAL PROTECTION AND RESTORATION AUTHORITY OF LOUISIANA (CPRA)","SRC_REG":"USDA","DATAURL":"http://cims.coastal.louisiana.gov/meta_docs/gis_refs/shoreline/BICM2/LA-0226_SHORL_0000000000_2015043020150913_RAC0009.zip","Meta_xml":"http://cims.coastal.louisiana.gov/meta_docs/gis_refs/shoreline/BICM2/Shoreline_Metadata.xml","Meta_html":"http://cims.coastal.louisiana.gov/meta_docs/gis_refs/shoreline/BICM2/Shoreline_Metadata.html","COMMENTS":null,"SHAPE_Length":46.81162127046473,"DSAS_DATE":"08/10/2015","DSAS_UNCER":null,"year":2015}},{"type":"Feature","id":30110,"geometry":{"type":"LineString","coordinates":[[-91.998362,29.605976],[-91.997797,29.606168]]},"properties":{"OBJECTID":30110,"PROGRAM":"STATE","PROJECT":"LOUISIANA BARRIER ISLAND COMPREHENSIVE MONITORING PROGRAM (BICM)","PROJ_ID":"LA-0226","PROD_DATE":"20160614","SHORE_TYPE":"MARSH","SRC_DATE":"20150810","SRC_DATA":"USDA NAIP ORTHOIMAGERY","SRC_RES":"1-m pixel","SRC_VECT":"APPLIED COASTAL","SRC_RAST":"M2909125NW","DIG_NOTES":" ","REGION":"AB","CONTRACTOR":"APPLIED COASTAL","ORG":"COASTAL PROTECTION AND RESTORATION AUTHORITY OF LOUISIANA (CPRA)","SRC_REG":"USDA","DATAURL":"http://cims.coastal.louisiana.gov/meta_docs/gis_refs/shoreline/BICM2/LA-0226_SHORL_0000000000_2015043020150913_RAC0009.zip","Meta_xml":"http://cims.coastal.louisiana.gov/meta_docs/gis_refs/shoreline/BICM2/Shoreline_Metadata.xml","Meta_html":"http://cims.coastal.louisiana.gov/meta_docs/gis_refs/shoreline/BICM2/Shoreline_Metadata.html","COMMENTS":null,"SHAPE_Length":59.314411058050474,"DSAS_DATE":"08/10/2015","DSAS_UNCER":null,"year":2015}},{"type":"Feature","id":30111,"geometry":{"type":"LineString","coordinates":[[-91.999337,29.605646],[-91.998936,29.605857]]},"properties":{"OBJECTID":30111,"PROGRAM":"STATE","PROJECT":"LOUISIANA BARRIER ISLAND COMPREHENSIVE MONITORING PROGRAM (BICM)","PROJ_ID":"LA-0226","PROD_DATE":"20160614","SHORE_TYPE":"MARSH","SRC_DATE":"20150810","SRC_DATA":"USDA NAIP ORTHOIMAGERY","SRC_RES":"1-m pixel","SRC_VECT":"APPLIED COASTAL","SRC_RAST":"M2909125NW","DIG_NOTES":" ","REGION":"AB","CONTRACTOR":"APPLIED COASTAL","ORG":"COASTAL PROTECTION AND RESTORATION AUTHORITY OF LOUISIANA (CPRA)","SRC_REG":"USDA","DATAURL":"http://cims.coastal.louisiana.gov/meta_docs/gis_refs/shoreline/BICM2/LA-0226_SHORL_0000000000_2015043020150913_RAC0009.zip","Meta_xml":"http://cims.coastal.louisiana.gov/meta_docs/gis_refs/shoreline/BICM2/Shoreline_Metadata.xml","Meta_html":"http://cims.coastal.louisiana.gov/meta_docs/gis_refs/shoreline/BICM2/Shoreline_Metadata.html","COMMENTS":null,"SHAPE_Length":48.03201763458499,"DSAS_DATE":"08/10/2015","DSAS_UNCER":null,"year":2015}},{"type":"Feature","id":30112,"geometry":{"type":"LineString","coordinates":[[-92,29.605308],[-91.999906,29.605348]]},"properties":{"OBJECTID":30112,"PROGRAM":"STATE","PROJECT":"LOUISIANA BARRIER ISLAND COMPREHENSIVE MONITORING PROGRAM (BICM)","PROJ_ID":"LA-0226","PROD_DATE":"20160614","SHORE_TYPE":"MARSH","SRC_DATE":"20150810","SRC_DATA":"USDA NAIP ORTHOIMAGERY","SRC_RES":"1-m pixel","SRC_VECT":"APPLIED COASTAL","SRC_RAST":"M2909125NW","DIG_NOTES":" ","REGION":"AB","CONTRACTOR":"APPLIED COASTAL","ORG":"COASTAL PROTECTION AND RESTORATION AUTHORITY OF LOUISIANA (CPRA)","SRC_REG":"USDA","DATAURL":"http://cims.coastal.louisiana.gov/meta_docs/gis_refs/shoreline/BICM2/LA-0226_SHORL_0000000000_2015043020150913_RAC0009.zip","Meta_xml":"http://cims.coastal.louisiana.gov/meta_docs/gis_refs/shoreline/BICM2/Shoreline_Metadata.xml","Meta_html":"http://cims.coastal.louisiana.gov/meta_docs/gis_refs/shoreline/BICM2/Shoreline_Metadata.html","COMMENTS":null,"SHAPE_Length":10.097811383366443,"DSAS_DATE":"08/10/2015","DSAS_UNCER":null,"year":2015}},{"type":"Feature","id":30113,"geometry":{"type":"LineString","coordinates":[[-92.001436,29.604405],[-92.000957,29.604922],[-92,29.605308]]},"properties":{"OBJECTID":30113,"PROGRAM":"STATE","PROJECT":"LOUISIANA BARRIER ISLAND COMPREHENSIVE MONITORING PROGRAM (BICM)","PROJ_ID":"LA-0226","PROD_DATE":"20160614","SHORE_TYPE":"MARSH","SRC_DATE":"20150810","SRC_DATA":"USDA NAIP ORTHOIMAGERY","SRC_RES":"1-m pixel","SRC_VECT":"APPLIED COASTAL","SRC_RAST":"M2909232NE","DIG_NOTES":" ","REGION":"AB","CONTRACTOR":"APPLIED COASTAL","ORG":"COASTAL PROTECTION AND RESTORATION AUTHORITY OF LOUISIANA (CPRA)","SRC_REG":"USDA","DATAURL":"http://cims.coastal.louisiana.gov/meta_docs/gis_refs/shoreline/BICM2/LA-0226_SHORL_0000000000_2015043020150913_RAC0009.zip","Meta_xml":"http://cims.coastal.louisiana.gov/meta_docs/gis_refs/shoreline/BICM2/Shoreline_Metadata.xml","Meta_html":"http://cims.coastal.louisiana.gov/meta_docs/gis_refs/shoreline/BICM2/Shoreline_Metadata.html","COMMENTS":null,"SHAPE_Length":177.42340713332266,"DSAS_DATE":"08/10/2015","DSAS_UNCER":null,"year":2015}},{"type":"Feature","id":30114,"geometry":{"type":"LineString","coordinates":[[-92.003277,29.60355],[-92.003016,29.603901],[-92.001719,29.604225]]},"properties":{"OBJECTID":30114,"PROGRAM":"STATE","PROJECT":"LOUISIANA BARRIER ISLAND COMPREHENSIVE MONITORING PROGRAM (BICM)","PROJ_ID":"LA-0226","PROD_DATE":"20160614","SHORE_TYPE":"MARSH","SRC_DATE":"20150810","SRC_DATA":"USDA NAIP ORTHOIMAGERY","SRC_RES":"1-m pixel","SRC_VECT":"APPLIED COASTAL","SRC_RAST":"M2909232NE","DIG_NOTES":" ","REGION":"AB","CONTRACTOR":"APPLIED COASTAL","ORG":"COASTAL PROTECTION AND RESTORATION AUTHORITY OF LOUISIANA (CPRA)","SRC_REG":"USDA","DATAURL":"http://cims.coastal.louisiana.gov/meta_docs/gis_refs/shoreline/BICM2/LA-0226_SHORL_0000000000_2015043020150913_RAC0009.zip","Meta_xml":"http://cims.coastal.louisiana.gov/meta_docs/gis_refs/shoreline/BICM2/Shoreline_Metadata.xml","Meta_html":"http://cims.coastal.louisiana.gov/meta_docs/gis_refs/shoreline/BICM2/Shoreline_Metadata.html","COMMENTS":null,"SHAPE_Length":180.72238753136034,"DSAS_DATE":"08/10/2015","DSAS_UNCER":null,"year":2015}},{"type":"Feature","id":30115,"geometry":{"type":"LineString","coordinates":[[-92.004007,29.603327],[-92.003972,29.603342]]},"properties":{"OBJECTID":30115,"PROGRAM":"STATE","PROJECT":"LOUISIANA BARRIER ISLAND COMPREHENSIVE MONITORING PROGRAM (BICM)","PROJ_ID":"LA-0226","PROD_DATE":"20160614","SHORE_TYPE":"MARSH","SRC_DATE":"20150810","SRC_DATA":"USDA NAIP ORTHOIMAGERY","SRC_RES":"1-m pixel","SRC_VECT":"APPLIED COASTAL","SRC_RAST":"M2909232NE","DIG_NOTES":" ","REGION":"AB","CONTRACTOR":"APPLIED COASTAL","ORG":"COASTAL PROTECTION AND RESTORATION AUTHORITY OF LOUISIANA (CPRA)","SRC_REG":"USDA","DATAURL":"http://cims.coastal.louisiana.gov/meta_docs/gis_refs/shoreline/BICM2/LA-0226_SHORL_0000000000_2015043020150913_RAC0009.zip","Meta_xml":"http://cims.coastal.louisiana.gov/meta_docs/gis_refs/shoreline/BICM2/Shoreline_Metadata.xml","Meta_html":"http://cims.coastal.louisiana.gov/meta_docs/gis_refs/shoreline/BICM2/Shoreline_Metadata.html","COMMENTS":null,"SHAPE_Length":3.95241286899278,"DSAS_DATE":"08/10/2015","DSAS_UNCER":null,"year":2015}},{"type":"Feature","id":30116,"geometry":{"type":"LineString","coordinates":[[-92.004865,29.602635],[-92.004849,29.603042],[-92.004386,29.603029]]},"properties":{"OBJECTID":30116,"PROGRAM":"STATE","PROJECT":"LOUISIANA BARRIER ISLAND COMPREHENSIVE MONITORING PROGRAM (BICM)","PROJ_ID":"LA-0226","PROD_DATE":"20160614","SHORE_TYPE":"MARSH","SRC_DATE":"20150810","SRC_DATA":"USDA NAIP ORTHOIMAGERY","SRC_RES":"1-m pixel","SRC_VECT":"APPLIED COASTAL","SRC_RAST":"M2909232NE","DIG_NOTES":" ","REGION":"AB","CONTRACTOR":"APPLIED COASTAL","ORG":"COASTAL PROTECTION AND RESTORATION AUTHORITY OF LOUISIANA (CPRA)","SRC_REG":"USDA","DATAURL":"http://cims.coastal.louisiana.gov/meta_docs/gis_refs/shoreline/BICM2/LA-0226_SHORL_0000000000_2015043020150913_RAC0009.zip","Meta_xml":"http://cims.coastal.louisiana.gov/meta_docs/gis_refs/shoreline/BICM2/Shoreline_Metadata.xml","Meta_html":"http://cims.coastal.louisiana.gov/meta_docs/gis_refs/shoreline/BICM2/Shoreline_Metadata.html","COMMENTS":null,"SHAPE_Length":99.1193898129519,"DSAS_DATE":"08/10/2015","DSAS_UNCER":null,"year":2015}},{"type":"Feature","id":30117,"geometry":{"type":"LineString","coordinates":[[-92.005142,29.601767],[-92.004837,29.602101],[-92.004836,29.602402]]},"properties":{"OBJECTID":30117,"PROGRAM":"STATE","PROJECT":"LOUISIANA BARRIER ISLAND COMPREHENSIVE MONITORING PROGRAM (BICM)","PROJ_ID":"LA-0226","PROD_DATE":"20160614","SHORE_TYPE":"MARSH","SRC_DATE":"20150810","SRC_DATA":"USDA NAIP ORTHOIMAGERY","SRC_RES":"1-m pixel","SRC_VECT":"APPLIED COASTAL","SRC_RAST":"M2909232NE","DIG_NOTES":" ","REGION":"AB","CONTRACTOR":"APPLIED COASTAL","ORG":"COASTAL PROTECTION AND RESTORATION AUTHORITY OF LOUISIANA (CPRA)","SRC_REG":"USDA","DATAURL":"http://cims.coastal.louisiana.gov/meta_docs/gis_refs/shoreline/BICM2/LA-0226_SHORL_0000000000_2015043020150913_RAC0009.zip","Meta_xml":"http://cims.coastal.louisiana.gov/meta_docs/gis_refs/shoreline/BICM2/Shoreline_Metadata.xml","Meta_html":"http://cims.coastal.louisiana.gov/meta_docs/gis_refs/shoreline/BICM2/Shoreline_Metadata.html","COMMENTS":null,"SHAPE_Length":92.16116974925168,"DSAS_DATE":"08/10/2015","DSAS_UNCER":null,"year":2015}},{"type":"Feature","id":30118,"geometry":{"type":"LineString","coordinates":[[-92.005256,29.601737],[-92.005211,29.601749]]},"properties":{"OBJECTID":30118,"PROGRAM":"STATE","PROJECT":"LOUISIANA BARRIER ISLAND COMPREHENSIVE MONITORING PROGRAM (BICM)","PROJ_ID":"LA-0226","PROD_DATE":"20160614","SHORE_TYPE":"MARSH","SRC_DATE":"20150810","SRC_DATA":"USDA NAIP ORTHOIMAGERY","SRC_RES":"1-m pixel","SRC_VECT":"APPLIED COASTAL","SRC_RAST":"M2909232NE","DIG_NOTES":" ","REGION":"AB","CONTRACTOR":"APPLIED COASTAL","ORG":"COASTAL PROTECTION AND RESTORATION AUTHORITY OF LOUISIANA (CPRA)","SRC_REG":"USDA","DATAURL":"http://cims.coastal.louisiana.gov/meta_docs/gis_refs/shoreline/BICM2/LA-0226_SHORL_0000000000_2015043020150913_RAC0009.zip","Meta_xml":"http://cims.coastal.louisiana.gov/meta_docs/gis_refs/shoreline/BICM2/Shoreline_Metadata.xml","Meta_html":"http://cims.coastal.louisiana.gov/meta_docs/gis_refs/shoreline/BICM2/Shoreline_Metadata.html","COMMENTS":null,"SHAPE_Length":4.789387624793612,"DSAS_DATE":"08/10/2015","DSAS_UNCER":null,"year":2015}},{"type":"Feature","id":30119,"geometry":{"type":"LineString","coordinates":[[-92.005463,29.601251],[-92.005478,29.601568],[-92.005256,29.601737]]},"properties":{"OBJECTID":30119,"PROGRAM":"STATE","PROJECT":"LOUISIANA BARRIER ISLAND COMPREHENSIVE MONITORING PROGRAM (BICM)","PROJ_ID":"LA-0226","PROD_DATE":"20160614","SHORE_TYPE":"MARSH","SRC_DATE":"20150810","SRC_DATA":"USDA NAIP ORTHOIMAGERY","SRC_RES":"1-m pixel","SRC_VECT":"APPLIED COASTAL","SRC_RAST":"M2909232NE","DIG_NOTES":" ","REGION":"AB","CONTRACTOR":"APPLIED COASTAL","ORG":"COASTAL PROTECTION AND RESTORATION AUTHORITY OF LOUISIANA (CPRA)","SRC_REG":"USDA","DATAURL":"http://cims.coastal.louisiana.gov/meta_docs/gis_refs/shoreline/BICM2/LA-0226_SHORL_0000000000_2015043020150913_RAC0009.zip","Meta_xml":"http://cims.coastal.louisiana.gov/meta_docs/gis_refs/shoreline/BICM2/Shoreline_Metadata.xml","Meta_html":"http://cims.coastal.louisiana.gov/meta_docs/gis_refs/shoreline/BICM2/Shoreline_Metadata.html","COMMENTS":null,"SHAPE_Length":72.7725579038302,"DSAS_DATE":"08/10/2015","DSAS_UNCER":null,"year":2015}},{"type":"Feature","id":30120,"geometry":{"type":"LineString","coordinates":[[-92.005575,29.600802],[-92.005563,29.60089]]},"properties":{"OBJECTID":30120,"PROGRAM":"STATE","PROJECT":"LOUISIANA BARRIER ISLAND COMPREHENSIVE MONITORING PROGRAM (BICM)","PROJ_ID":"LA-0226","PROD_DATE":"20160614","SHORE_TYPE":"MARSH","SRC_DATE":"20150810","SRC_DATA":"USDA NAIP ORTHOIMAGERY","SRC_RES":"1-m pixel","SRC_VECT":"APPLIED COASTAL","SRC_RAST":"M2909232NE","DIG_NOTES":" ","REGION":"AB","CONTRACTOR":"APPLIED COASTAL","ORG":"COASTAL PROTECTION AND RESTORATION AUTHORITY OF LOUISIANA (CPRA)","SRC_REG":"USDA","DATAURL":"http://cims.coastal.louisiana.gov/meta_docs/gis_refs/shoreline/BICM2/LA-0226_SHORL_0000000000_2015043020150913_RAC0009.zip","Meta_xml":"http://cims.coastal.louisiana.gov/meta_docs/gis_refs/shoreline/BICM2/Shoreline_Metadata.xml","Meta_html":"http://cims.coastal.louisiana.gov/meta_docs/gis_refs/shoreline/BICM2/Shoreline_Metadata.html","COMMENTS":null,"SHAPE_Length":10.825386565396272,"DSAS_DATE":"08/10/2015","DSAS_UNCER":null,"year":2015}},{"type":"Feature","id":30121,"geometry":{"type":"LineString","coordinates":[[-92.005591,29.600277],[-92.005587,29.600625]]},"properties":{"OBJECTID":30121,"PROGRAM":"STATE","PROJECT":"LOUISIANA BARRIER ISLAND COMPREHENSIVE MONITORING PROGRAM (BICM)","PROJ_ID":"LA-0226","PROD_DATE":"20160614","SHORE_TYPE":"MARSH","SRC_DATE":"20150810","SRC_DATA":"USDA NAIP ORTHOIMAGERY","SRC_RES":"1-m pixel","SRC_VECT":"APPLIED COASTAL","SRC_RAST":"M2909232NE","DIG_NOTES":" ","REGION":"AB","CONTRACTOR":"APPLIED COASTAL","ORG":"COASTAL PROTECTION AND RESTORATION AUTHORITY OF LOUISIANA (CPRA)","SRC_REG":"USDA","DATAURL":"http://cims.coastal.louisiana.gov/meta_docs/gis_refs/shoreline/BICM2/LA-0226_SHORL_0000000000_2015043020150913_RAC0009.zip","Meta_xml":"http://cims.coastal.louisiana.gov/meta_docs/gis_refs/shoreline/BICM2/Shoreline_Metadata.xml","Meta_html":"http://cims.coastal.louisiana.gov/meta_docs/gis_refs/shoreline/BICM2/Shoreline_Metadata.html","COMMENTS":null,"SHAPE_Length":42.71016563733902,"DSAS_DATE":"08/10/2015","DSAS_UNCER":null,"year":2015}},{"type":"Feature","id":30122,"geometry":{"type":"LineString","coordinates":[[-92.005595,29.599788],[-92.005715,29.599909],[-92.005592,29.600092]]},"properties":{"OBJECTID":30122,"PROGRAM":"STATE","PROJECT":"LOUISIANA BARRIER ISLAND COMPREHENSIVE MONITORING PROGRAM (BICM)","PROJ_ID":"LA-0226","PROD_DATE":"20160614","SHORE_TYPE":"MARSH","SRC_DATE":"20150810","SRC_DATA":"USDA NAIP ORTHOIMAGERY","SRC_RES":"1-m pixel","SRC_VECT":"APPLIED COASTAL","SRC_RAST":"M2909232NE","DIG_NOTES":" ","REGION":"AB","CONTRACTOR":"APPLIED COASTAL","ORG":"COASTAL PROTECTION AND RESTORATION AUTHORITY OF LOUISIANA (CPRA)","SRC_REG":"USDA","DATAURL":"http://cims.coastal.louisiana.gov/meta_docs/gis_refs/shoreline/BICM2/LA-0226_SHORL_0000000000_2015043020150913_RAC0009.zip","Meta_xml":"http://cims.coastal.louisiana.gov/meta_docs/gis_refs/shoreline/BICM2/Shoreline_Metadata.xml","Meta_html":"http://cims.coastal.louisiana.gov/meta_docs/gis_refs/shoreline/BICM2/Shoreline_Metadata.html","COMMENTS":null,"SHAPE_Length":42.7986547881489,"DSAS_DATE":"08/10/2015","DSAS_UNCER":null,"year":2015}},{"type":"Feature","id":30123,"geometry":{"type":"LineString","coordinates":[[-92.006017,29.598575],[-92.0061,29.598981],[-92.005841,29.599541],[-92.005645,29.599595]]},"properties":{"OBJECTID":30123,"PROGRAM":"STATE","PROJECT":"LOUISIANA BARRIER ISLAND COMPREHENSIVE MONITORING PROGRAM (BICM)","PROJ_ID":"LA-0226","PROD_DATE":"20160614","SHORE_TYPE":"MARSH","SRC_DATE":"20150810","SRC_DATA":"USDA NAIP ORTHOIMAGERY","SRC_RES":"1-m pixel","SRC_VECT":"APPLIED COASTAL","SRC_RAST":"M2909232NE","DIG_NOTES":" ","REGION":"AB","CONTRACTOR":"APPLIED COASTAL","ORG":"COASTAL PROTECTION AND RESTORATION AUTHORITY OF LOUISIANA (CPRA)","SRC_REG":"USDA","DATAURL":"http://cims.coastal.louisiana.gov/meta_docs/gis_refs/shoreline/BICM2/LA-0226_SHORL_0000000000_2015043020150913_RAC0009.zip","Meta_xml":"http://cims.coastal.louisiana.gov/meta_docs/gis_refs/shoreline/BICM2/Shoreline_Metadata.xml","Meta_html":"http://cims.coastal.louisiana.gov/meta_docs/gis_refs/shoreline/BICM2/Shoreline_Metadata.html","COMMENTS":null,"SHAPE_Length":142.77333227181862,"DSAS_DATE":"08/10/2015","DSAS_UNCER":null,"year":2015}},{"type":"Feature","id":30124,"geometry":{"type":"LineString","coordinates":[[-92.007862,29.596317],[-92.006729,29.597153],[-92.006089,29.598081]]},"properties":{"OBJECTID":30124,"PROGRAM":"STATE","PROJECT":"LOUISIANA BARRIER ISLAND COMPREHENSIVE MONITORING PROGRAM (BICM)","PROJ_ID":"LA-0226","PROD_DATE":"20160614","SHORE_TYPE":"BEACH","SRC_DATE":"20150810","SRC_DATA":"USDA NAIP ORTHOIMAGERY","SRC_RES":"1-m pixel","SRC_VECT":"APPLIED COASTAL","SRC_RAST":"M2909232NE","DIG_NOTES":" ","REGION":"AB","CONTRACTOR":"APPLIED COASTAL","ORG":"COASTAL PROTECTION AND RESTORATION AUTHORITY OF LOUISIANA (CPRA)","SRC_REG":"USDA","DATAURL":"http://cims.coastal.louisiana.gov/meta_docs/gis_refs/shoreline/BICM2/LA-0226_SHORL_0000000000_2015043020150913_RAC0009.zip","Meta_xml":"http://cims.coastal.louisiana.gov/meta_docs/gis_refs/shoreline/BICM2/Shoreline_Metadata.xml","Meta_html":"http://cims.coastal.louisiana.gov/meta_docs/gis_refs/shoreline/BICM2/Shoreline_Metadata.html","COMMENTS":null,"SHAPE_Length":265.01589597209875,"DSAS_DATE":"08/10/2015","DSAS_UNCER":null,"year":2015}},{"type":"Feature","id":30125,"geometry":{"type":"LineString","coordinates":[[-91.996353,29.60735],[-91.995635,29.607672],[-91.995274,29.60758],[-91.994734,29.607769],[-91.993861,29.60839],[-91.993094,29.60878],[-91.992872,29.608717],[-91.992472,29.609041],[-91.990499,29.609459],[-91.990343,29.609686],[-91.990462,29.610121],[-91.990172,29.610714],[-91.989227,29.611294],[-91.988768,29.611094],[-91.988705,29.610891],[-91.988425,29.610857],[-91.988183,29.611496],[-91.988171,29.610732],[-91.987758,29.610174],[-91.987897,29.609534],[-91.987525,29.608981],[-91.988018,29.609161],[-91.988585,29.609146]]},"properties":{"OBJECTID":30125,"PROGRAM":"STATE","PROJECT":"LOUISIANA BARRIER ISLAND COMPREHENSIVE MONITORING PROGRAM (BICM)","PROJ_ID":"LA-0226","PROD_DATE":"20160614","SHORE_TYPE":"MARSH","SRC_DATE":"20150430","SRC_DATA":"USDA NAIP ORTHOIMAGERY","SRC_RES":"1-m pixel","SRC_VECT":"APPLIED COASTAL","SRC_RAST":"M2909125NW","DIG_NOTES":" ","REGION":"AB","CONTRACTOR":"APPLIED COASTAL","ORG":"COASTAL PROTECTION AND RESTORATION AUTHORITY OF LOUISIANA (CPRA)","SRC_REG":"USDA","DATAURL":"http://cims.coastal.louisiana.gov/meta_docs/gis_refs/shoreline/BICM2/LA-0226_SHORL_0000000000_2015043020150913_RAC0009.zip","Meta_xml":"http://cims.coastal.louisiana.gov/meta_docs/gis_refs/shoreline/BICM2/Shoreline_Metadata.xml","Meta_html":"http://cims.coastal.louisiana.gov/meta_docs/gis_refs/shoreline/BICM2/Shoreline_Metadata.html","COMMENTS":null,"SHAPE_Length":1562.2019444054647,"DSAS_DATE":"04/30/2015","DSAS_UNCER":null,"year":2015}},{"type":"Feature","id":30126,"geometry":{"type":"LineString","coordinates":[[-91.996276,29.606659],[-91.996253,29.606902],[-91.996588,29.607198]]},"properties":{"OBJECTID":30126,"PROGRAM":"STATE","PROJECT":"LOUISIANA BARRIER ISLAND COMPREHENSIVE MONITORING PROGRAM (BICM)","PROJ_ID":"LA-0226","PROD_DATE":"20160614","SHORE_TYPE":"MARSH","SRC_DATE":"20150430","SRC_DATA":"USDA NAIP ORTHOIMAGERY","SRC_RES":"1-m pixel","SRC_VECT":"APPLIED COASTAL","SRC_RAST":"M2909125NW","DIG_NOTES":" ","REGION":"AB","CONTRACTOR":"APPLIED COASTAL","ORG":"COASTAL PROTECTION AND RESTORATION AUTHORITY OF LOUISIANA (CPRA)","SRC_REG":"USDA","DATAURL":"http://cims.coastal.louisiana.gov/meta_docs/gis_refs/shoreline/BICM2/LA-0226_SHORL_0000000000_2015043020150913_RAC0009.zip","Meta_xml":"http://cims.coastal.louisiana.gov/meta_docs/gis_refs/shoreline/BICM2/Shoreline_Metadata.xml","Meta_html":"http://cims.coastal.louisiana.gov/meta_docs/gis_refs/shoreline/BICM2/Shoreline_Metadata.html","COMMENTS":null,"SHAPE_Length":77.03763867530772,"DSAS_DATE":"04/30/2015","DSAS_UNCER":null,"year":2015}},{"type":"Feature","id":30127,"geometry":{"type":"LineString","coordinates":[[-91.891426,29.627586],[-91.89155,29.627788],[-91.890265,29.627722],[-91.888419,29.627402],[-91.886285,29.628038],[-91.885696,29.62773],[-91.88564,29.627527],[-91.884607,29.627305],[-91.88347,29.626701],[-91.88278,29.62668],[-91.882344,29.626884],[-91.881818,29.626803],[-91.880959,29.627087],[-91.880564,29.627298],[-91.880347,29.627645],[-91.879758,29.627823]]},"properties":{"OBJECTID":30127,"PROGRAM":"STATE","PROJECT":"LOUISIANA BARRIER ISLAND COMPREHENSIVE MONITORING PROGRAM (BICM)","PROJ_ID":"LA-0226","PROD_DATE":"20160614","SHORE_TYPE":"MARSH","SRC_DATE":"20150430","SRC_DATA":"USDA NAIP ORTHOIMAGERY","SRC_RES":"1-m pixel","SRC_VECT":"APPLIED COASTAL","SRC_RAST":"M2909117SE","DIG_NOTES":" ","REGION":"AB","CONTRACTOR":"APPLIED COASTAL","ORG":"COASTAL PROTECTION AND RESTORATION AUTHORITY OF LOUISIANA (CPRA)","SRC_REG":"USDA","DATAURL":"http://cims.coastal.louisiana.gov/meta_docs/gis_refs/shoreline/BICM2/LA-0226_SHORL_0000000000_2015043020150913_RAC0009.zip","Meta_xml":"http://cims.coastal.louisiana.gov/meta_docs/gis_refs/shoreline/BICM2/Shoreline_Metadata.xml","Meta_html":"http://cims.coastal.louisiana.gov/meta_docs/gis_refs/shoreline/BICM2/Shoreline_Metadata.html","COMMENTS":null,"SHAPE_Length":1314.3039430449578,"DSAS_DATE":"04/30/2015","DSAS_UNCER":null,"year":2015}},{"type":"Feature","id":30128,"geometry":{"type":"LineString","coordinates":[[-91.879193,29.627071],[-91.879462,29.626932]]},"properties":{"OBJECTID":30128,"PROGRAM":"STATE","PROJECT":"LOUISIANA BARRIER ISLAND COMPREHENSIVE MONITORING PROGRAM (BICM)","PROJ_ID":"LA-0226","PROD_DATE":"20160614","SHORE_TYPE":"MARSH","SRC_DATE":"20150430","SRC_DATA":"USDA NAIP ORTHOIMAGERY","SRC_RES":"1-m pixel","SRC_VECT":"APPLIED COASTAL","SRC_RAST":"M2909117SE","DIG_NOTES":" ","REGION":"AB","CONTRACTOR":"APPLIED COASTAL","ORG":"COASTAL PROTECTION AND RESTORATION AUTHORITY OF LOUISIANA (CPRA)","SRC_REG":"USDA","DATAURL":"http://cims.coastal.louisiana.gov/meta_docs/gis_refs/shoreline/BICM2/LA-0226_SHORL_0000000000_2015043020150913_RAC0009.zip","Meta_xml":"http://cims.coastal.louisiana.gov/meta_docs/gis_refs/shoreline/BICM2/Shoreline_Metadata.xml","Meta_html":"http://cims.coastal.louisiana.gov/meta_docs/gis_refs/shoreline/BICM2/Shoreline_Metadata.html","COMMENTS":null,"SHAPE_Length":32.30793855030439,"DSAS_DATE":"04/30/2015","DSAS_UNCER":null,"year":2015}},{"type":"Feature","id":30352,"geometry":{"type":"LineString","coordinates":[[-91.769327,29.566919],[-91.768885,29.567078]]},"properties":{"OBJECTID":30352,"PROGRAM":"STATE","PROJECT":"LOUISIANA BARRIER ISLAND COMPREHENSIVE MONITORING PROGRAM (BICM)","PROJ_ID":"LA-0226","PROD_DATE":"20160614","SHORE_TYPE":"STRUCTURE","SRC_DATE":"20150827","SRC_DATA":"USDA NAIP ORTHOIMAGERY","SRC_RES":"1-m pixel","SRC_VECT":"APPLIED COASTAL","SRC_RAST":"M2909126NE","DIG_NOTES":" ","REGION":"AB","CONTRACTOR":"APPLIED COASTAL","ORG":"COASTAL PROTECTION AND RESTORATION AUTHORITY OF LOUISIANA (CPRA)","SRC_REG":"USDA","DATAURL":"http://cims.coastal.louisiana.gov/meta_docs/gis_refs/shoreline/BICM2/LA-0226_SHORL_0000000000_2015043020150913_RAC0009.zip","Meta_xml":"http://cims.coastal.louisiana.gov/meta_docs/gis_refs/shoreline/BICM2/Shoreline_Metadata.xml","Meta_html":"http://cims.coastal.louisiana.gov/meta_docs/gis_refs/shoreline/BICM2/Shoreline_Metadata.html","COMMENTS":null,"SHAPE_Length":46.320384975867626,"DSAS_DATE":"08/27/2015","DSAS_UNCER":null,"year":2015}},{"type":"Feature","id":30353,"geometry":{"type":"LineString","coordinates":[[-91.769463,29.566852],[-91.769327,29.566919]]},"properties":{"OBJECTID":30353,"PROGRAM":"STATE","PROJECT":"LOUISIANA BARRIER ISLAND COMPREHENSIVE MONITORING PROGRAM (BICM)","PROJ_ID":"LA-0226","PROD_DATE":"20160614","SHORE_TYPE":"STRUCTURE","SRC_DATE":"20150827","SRC_DATA":"USDA NAIP ORTHOIMAGERY","SRC_RES":"1-m pixel","SRC_VECT":"APPLIED COASTAL","SRC_RAST":"M2909126NE","DIG_NOTES":" ","REGION":"AB","CONTRACTOR":"APPLIED COASTAL","ORG":"COASTAL PROTECTION AND RESTORATION AUTHORITY OF LOUISIANA (CPRA)","SRC_REG":"USDA","DATAURL":"http://cims.coastal.louisiana.gov/meta_docs/gis_refs/shoreline/BICM2/LA-0226_SHORL_0000000000_2015043020150913_RAC0009.zip","Meta_xml":"http://cims.coastal.louisiana.gov/meta_docs/gis_refs/shoreline/BICM2/Shoreline_Metadata.xml","Meta_html":"http://cims.coastal.louisiana.gov/meta_docs/gis_refs/shoreline/BICM2/Shoreline_Metadata.html","COMMENTS":null,"SHAPE_Length":15.159576655053971,"DSAS_DATE":"08/27/2015","DSAS_UNCER":null,"year":2015}},{"type":"Feature","id":31136,"geometry":{"type":"LineString","coordinates":[[-91.855425,29.740789],[-91.855496,29.740936],[-91.854361,29.741143]]},"properties":{"OBJECTID":31136,"PROGRAM":"STATE","PROJECT":"LOUISIANA BARRIER ISLAND COMPREHENSIVE MONITORING PROGRAM (BICM)","PROJ_ID":"LA-0226","PROD_DATE":"20160614","SHORE_TYPE":"STRUCTURE","SRC_DATE":"20150430","SRC_DATA":"USDA NAIP ORTHOIMAGERY","SRC_RES":"1-m pixel","SRC_VECT":"APPLIED COASTAL","SRC_RAST":"M2909118NW","DIG_NOTES":" ","REGION":"AB","CONTRACTOR":"APPLIED COASTAL","ORG":"COASTAL PROTECTION AND RESTORATION AUTHORITY OF LOUISIANA (CPRA)","SRC_REG":"USDA","DATAURL":"http://cims.coastal.louisiana.gov/meta_docs/gis_refs/shoreline/BICM2/LA-0226_SHORL_0000000000_2015043020150913_RAC0009.zip","Meta_xml":"http://cims.coastal.louisiana.gov/meta_docs/gis_refs/shoreline/BICM2/Shoreline_Metadata.xml","Meta_html":"http://cims.coastal.louisiana.gov/meta_docs/gis_refs/shoreline/BICM2/Shoreline_Metadata.html","COMMENTS":null,"SHAPE_Length":132.83026579201288,"DSAS_DATE":"04/30/2015","DSAS_UNCER":null,"year":2015}},{"type":"Feature","id":31137,"geometry":{"type":"LineString","coordinates":[[-91.854361,29.741143],[-91.85383,29.741675],[-91.853433,29.741724],[-91.853289,29.741576]]},"properties":{"OBJECTID":31137,"PROGRAM":"STATE","PROJECT":"LOUISIANA BARRIER ISLAND COMPREHENSIVE MONITORING PROGRAM (BICM)","PROJ_ID":"LA-0226","PROD_DATE":"20160614","SHORE_TYPE":"MARSH","SRC_DATE":"20150430","SRC_DATA":"USDA NAIP ORTHOIMAGERY","SRC_RES":"1-m pixel","SRC_VECT":"APPLIED COASTAL","SRC_RAST":"M2909118NW","DIG_NOTES":" ","REGION":"AB","CONTRACTOR":"APPLIED COASTAL","ORG":"COASTAL PROTECTION AND RESTORATION AUTHORITY OF LOUISIANA (CPRA)","SRC_REG":"USDA","DATAURL":"http://cims.coastal.louisiana.gov/meta_docs/gis_refs/shoreline/BICM2/LA-0226_SHORL_0000000000_2015043020150913_RAC0009.zip","Meta_xml":"http://cims.coastal.louisiana.gov/meta_docs/gis_refs/shoreline/BICM2/Shoreline_Metadata.xml","Meta_html":"http://cims.coastal.louisiana.gov/meta_docs/gis_refs/shoreline/BICM2/Shoreline_Metadata.html","COMMENTS":null,"SHAPE_Length":144.89403782888058,"DSAS_DATE":"04/30/2015","DSAS_UNCER":null,"year":2015}},{"type":"Feature","id":31178,"geometry":{"type":"LineString","coordinates":[[-91.709724,29.56178],[-91.709503,29.561903],[-91.709479,29.562168],[-91.709825,29.562503]]},"properties":{"OBJECTID":31178,"PROGRAM":"STATE","PROJECT":"LOUISIANA BARRIER ISLAND COMPREHENSIVE MONITORING PROGRAM (BICM)","PROJ_ID":"LA-0226","PROD_DATE":"20160614","SHORE_TYPE":"MARSH","SRC_DATE":"20150826","SRC_DATA":"USDA NAIP ORTHOIMAGERY","SRC_RES":"1-m pixel","SRC_VECT":"APPLIED COASTAL","SRC_RAST":"M2909127SW","DIG_NOTES":" ","REGION":"AB","CONTRACTOR":"APPLIED COASTAL","ORG":"COASTAL PROTECTION AND RESTORATION AUTHORITY OF LOUISIANA (CPRA)","SRC_REG":"USDA","DATAURL":"http://cims.coastal.louisiana.gov/meta_docs/gis_refs/shoreline/BICM2/LA-0226_SHORL_0000000000_2015043020150913_RAC0009.zip","Meta_xml":"http://cims.coastal.louisiana.gov/meta_docs/gis_refs/shoreline/BICM2/Shoreline_Metadata.xml","Meta_html":"http://cims.coastal.louisiana.gov/meta_docs/gis_refs/shoreline/BICM2/Shoreline_Metadata.html","COMMENTS":null,"SHAPE_Length":117.87007006972944,"DSAS_DATE":"08/26/2015","DSAS_UNCER":null,"year":2015}},{"type":"Feature","id":31179,"geometry":{"type":"LineString","coordinates":[[-91.709852,29.561071],[-91.709581,29.561022],[-91.709713,29.561251]]},"properties":{"OBJECTID":31179,"PROGRAM":"STATE","PROJECT":"LOUISIANA BARRIER ISLAND COMPREHENSIVE MONITORING PROGRAM (BICM)","PROJ_ID":"LA-0226","PROD_DATE":"20160614","SHORE_TYPE":"MARSH","SRC_DATE":"20150826","SRC_DATA":"USDA NAIP ORTHOIMAGERY","SRC_RES":"1-m pixel","SRC_VECT":"APPLIED COASTAL","SRC_RAST":"M2909127SW","DIG_NOTES":" ","REGION":"AB","CONTRACTOR":"APPLIED COASTAL","ORG":"COASTAL PROTECTION AND RESTORATION AUTHORITY OF LOUISIANA (CPRA)","SRC_REG":"USDA","DATAURL":"http://cims.coastal.louisiana.gov/meta_docs/gis_refs/shoreline/BICM2/LA-0226_SHORL_0000000000_2015043020150913_RAC0009.zip","Meta_xml":"http://cims.coastal.louisiana.gov/meta_docs/gis_refs/shoreline/BICM2/Shoreline_Metadata.xml","Meta_html":"http://cims.coastal.louisiana.gov/meta_docs/gis_refs/shoreline/BICM2/Shoreline_Metadata.html","COMMENTS":null,"SHAPE_Length":65.54012784113556,"DSAS_DATE":"08/26/2015","DSAS_UNCER":null,"year":2015}},{"type":"Feature","id":31180,"geometry":{"type":"LineString","coordinates":[[-91.709713,29.561251],[-91.7096,29.561587],[-91.709724,29.56178]]},"properties":{"OBJECTID":31180,"PROGRAM":"STATE","PROJECT":"LOUISIANA BARRIER ISLAND COMPREHENSIVE MONITORING PROGRAM (BICM)","PROJ_ID":"LA-0226","PROD_DATE":"20160614","SHORE_TYPE":"STRUCTURE","SRC_DATE":"20150826","SRC_DATA":"USDA NAIP ORTHOIMAGERY","SRC_RES":"1-m pixel","SRC_VECT":"APPLIED COASTAL","SRC_RAST":"M2909127SW","DIG_NOTES":" ","REGION":"AB","CONTRACTOR":"APPLIED COASTAL","ORG":"COASTAL PROTECTION AND RESTORATION AUTHORITY OF LOUISIANA (CPRA)","SRC_REG":"USDA","DATAURL":"http://cims.coastal.louisiana.gov/meta_docs/gis_refs/shoreline/BICM2/LA-0226_SHORL_0000000000_2015043020150913_RAC0009.zip","Meta_xml":"http://cims.coastal.louisiana.gov/meta_docs/gis_refs/shoreline/BICM2/Shoreline_Metadata.xml","Meta_html":"http://cims.coastal.louisiana.gov/meta_docs/gis_refs/shoreline/BICM2/Shoreline_Metadata.html","COMMENTS":null,"SHAPE_Length":63.58696435631537,"DSAS_DATE":"08/26/2015","DSAS_UNCER":null,"year":2015}},{"type":"Feature","id":31181,"geometry":{"type":"LineString","coordinates":[[-91.710725,29.560052],[-91.709852,29.561071]]},"properties":{"OBJECTID":31181,"PROGRAM":"STATE","PROJECT":"LOUISIANA BARRIER ISLAND COMPREHENSIVE MONITORING PROGRAM (BICM)","PROJ_ID":"LA-0226","PROD_DATE":"20160614","SHORE_TYPE":"STRUCTURE","SRC_DATE":"20150826","SRC_DATA":"USDA NAIP ORTHOIMAGERY","SRC_RES":"1-m pixel","SRC_VECT":"APPLIED COASTAL","SRC_RAST":"M2909127SW","DIG_NOTES":" ","REGION":"AB","CONTRACTOR":"APPLIED COASTAL","ORG":"COASTAL PROTECTION AND RESTORATION AUTHORITY OF LOUISIANA (CPRA)","SRC_REG":"USDA","DATAURL":"http://cims.coastal.louisiana.gov/meta_docs/gis_refs/shoreline/BICM2/LA-0226_SHORL_0000000000_2015043020150913_RAC0009.zip","Meta_xml":"http://cims.coastal.louisiana.gov/meta_docs/gis_refs/shoreline/BICM2/Shoreline_Metadata.xml","Meta_html":"http://cims.coastal.louisiana.gov/meta_docs/gis_refs/shoreline/BICM2/Shoreline_Metadata.html","COMMENTS":null,"SHAPE_Length":143.37237517648452,"DSAS_DATE":"08/26/2015","DSAS_UNCER":null,"year":2015}}],"_harvest":{"tool":"tools/gis-harvest.mjs","harvestedAt":"2026-08-02T18:39:45.361Z","sourceUrl":"https://cimsgeo3.coastal.louisiana.gov/arcgis/rest/services/lasard/shoreline/MapServer/0/query","dateWindow":"SRC_DATE>='20150101' AND SRC_DATE<='20151231'","envelopeFilterWGS84":[-92.05002183554372,29.357702082864506,-91.22163264746506,30.123086027489265],"coordPrecisionDecimals":6,"simplifyToleranceDegrees":0.0001,"envelopeMatchCount":635,"parishClippedCount":342,"attribution":"Louisiana CPRA / LSU LaSARD (BICM program) -- attribution wording pending confirmation with CPRA/LSU (see data/gis/sources.json openQuestions.cpra-cims-terms-of-use)"}}