{"type":"FeatureCollection","features":[{"type":"Feature","id":8547,"geometry":{"type":"LineString","coordinates":[[-92.029136,29.577547],[-92.029911,29.577493],[-92.031026,29.577835],[-92.032781,29.578731],[-92.033249,29.578715],[-92.033474,29.578432],[-92.034176,29.578382],[-92.035365,29.5788],[-92.036016,29.578705],[-92.036125,29.578112],[-92.036007,29.577288],[-92.033635,29.575261],[-92.033501,29.573768],[-92.032834,29.573165],[-92.032138,29.571943],[-92.031036,29.570772],[-92.029493,29.568043],[-92.027676,29.566518],[-92.023658,29.564299],[-92.022044,29.563589],[-92.018369,29.562539],[-92.014637,29.560212],[-92.013329,29.559788],[-92.010286,29.558229],[-92.006731,29.557145],[-92.003369,29.55501],[-92.001331,29.55461],[-92.000638,29.554296],[-91.999975,29.553807],[-91.999524,29.55324],[-91.999325,29.552585],[-91.995148,29.551561],[-91.992513,29.550334],[-91.991601,29.549663],[-91.988174,29.548435],[-91.987925,29.548194],[-91.986066,29.547511],[-91.98596,29.547341],[-91.984165,29.546549],[-91.982015,29.546503],[-91.97962,29.545836],[-91.97658,29.54461],[-91.973783,29.543112],[-91.972344,29.542113],[-91.970782,29.540331],[-91.970045,29.538814],[-91.969524,29.53842],[-91.96899,29.537658],[-91.968378,29.537249],[-91.966644,29.536702],[-91.96571,29.535423],[-91.964914,29.535187],[-91.96285,29.535051],[-91.961023,29.535865],[-91.957098,29.537138],[-91.95445,29.537506],[-91.953056,29.537205],[-91.950436,29.536072],[-91.948582,29.53482],[-91.947674,29.5338],[-91.947621,29.53339],[-91.947859,29.533003],[-91.947679,29.532787],[-91.946348,29.532438],[-91.945021,29.531689],[-91.944314,29.531668],[-91.943223,29.531281],[-91.939803,29.529453],[-91.937513,29.52915],[-91.935112,29.528532],[-91.934106,29.527696],[-91.932376,29.525702],[-91.929707,29.523876]]},"properties":{"OBJECTID":8547,"PROGRAM":"STATE","PROJECT":"LOUISIANA BARRIER ISLAND COMPREHENSIVE MONITORING PROGRAM (BICM)","PROJ_ID":"LA-0226","PROD_DATE":"20160929","SHORE_TYPE":"MIXED","SRC_DATE":"19340531","SRC_DATA":"USC&GS T-SHEET","SRC_RES":"1:20,000","SRC_VECT":"NOAA PROJECT GC29C01","SRC_RAST":"T04924","DIG_NOTES":" ","REGION":"AB","CONTRACTOR":"APPLIED COASTAL","ORG":"COASTAL PROTECTION AND RESTORATION AUTHORITY OF LOUISIANA (CPRA)","SRC_REG":"NOAA","DATAURL":"http://cims.coastal.louisiana.gov/meta_docs/gis_refs/shoreline/BICM2/LA-0226_SHORL_0000000000_1922022819370630_RAC0002.zip","Meta_xml":"http://cims.coastal.louisiana.gov/meta_docs/gis_refs/shoreline/BICM2/Shoreline_Metadata.xml","Meta_html":"http://cims.coastal.louisiana.gov/meta_docs/gis_refs/shoreline/BICM2/Shoreline_Metadata.html","COMMENTS":null,"SHAPE_Length":13723.058243019574,"DSAS_DATE":"05/31/1934","DSAS_UNCER":null,"year":1935}},{"type":"Feature","id":8550,"geometry":{"type":"LineString","coordinates":[[-91.929707,29.523876],[-91.926823,29.522906],[-91.926242,29.522915],[-91.925083,29.523515],[-91.924113,29.52358],[-91.921395,29.52233],[-91.920093,29.521332],[-91.918209,29.520516],[-91.917073,29.519746],[-91.914522,29.518524],[-91.912736,29.518589],[-91.910571,29.518398],[-91.90921,29.518721],[-91.908557,29.518382],[-91.906496,29.518498],[-91.905796,29.518346],[-91.903454,29.516151],[-91.902742,29.515678],[-91.901358,29.515306],[-91.901043,29.514756],[-91.901052,29.513889],[-91.900799,29.513353],[-91.90057,29.513377],[-91.900626,29.513792],[-91.899283,29.513821],[-91.898948,29.513764],[-91.8981,29.513197],[-91.897019,29.511519],[-91.896889,29.510864],[-91.896255,29.510272],[-91.895571,29.509959],[-91.893649,29.509917],[-91.892738,29.509495],[-91.891786,29.508633],[-91.890292,29.508594],[-91.888636,29.50786],[-91.887479,29.506262],[-91.885111,29.503773],[-91.883806,29.50172],[-91.882989,29.501072],[-91.882394,29.50112],[-91.880616,29.501799],[-91.879434,29.502524],[-91.87518,29.503622],[-91.872862,29.503469],[-91.870796,29.502677],[-91.870308,29.5027],[-91.869584,29.503281],[-91.86803,29.503094],[-91.865754,29.503302],[-91.865329,29.503125],[-91.864764,29.50316],[-91.862137,29.502056],[-91.860832,29.501714],[-91.858228,29.499895]]},"properties":{"OBJECTID":8550,"PROGRAM":"STATE","PROJECT":"LOUISIANA BARRIER ISLAND COMPREHENSIVE MONITORING PROGRAM (BICM)","PROJ_ID":"LA-0226","PROD_DATE":"20160929","SHORE_TYPE":"MIXED","SRC_DATE":"19340630","SRC_DATA":"USC&GS T-SHEET","SRC_RES":"1:20,000","SRC_VECT":"NOAA PROJECT GC29C01","SRC_RAST":"T04926","DIG_NOTES":" ","REGION":"AB","CONTRACTOR":"APPLIED COASTAL","ORG":"COASTAL PROTECTION AND RESTORATION AUTHORITY OF LOUISIANA (CPRA)","SRC_REG":"NOAA","DATAURL":"http://cims.coastal.louisiana.gov/meta_docs/gis_refs/shoreline/BICM2/LA-0226_SHORL_0000000000_1922022819370630_RAC0002.zip","Meta_xml":"http://cims.coastal.louisiana.gov/meta_docs/gis_refs/shoreline/BICM2/Shoreline_Metadata.xml","Meta_html":"http://cims.coastal.louisiana.gov/meta_docs/gis_refs/shoreline/BICM2/Shoreline_Metadata.html","COMMENTS":null,"SHAPE_Length":8454.401260106672,"DSAS_DATE":"06/30/1934","DSAS_UNCER":null,"year":1935}},{"type":"Feature","id":8821,"geometry":{"type":"LineString","coordinates":[[-91.858228,29.499895],[-91.857188,29.499084],[-91.8553,29.496929],[-91.854484,29.496372],[-91.854178,29.495565],[-91.853267,29.494832],[-91.853188,29.493789],[-91.852349,29.492046],[-91.852717,29.491081],[-91.851433,29.490694],[-91.850819,29.489869],[-91.850413,29.488918],[-91.850128,29.487307],[-91.850179,29.486529],[-91.850476,29.48596],[-91.849217,29.485018],[-91.849026,29.484196],[-91.849079,29.483805],[-91.84952,29.483359],[-91.849615,29.482968],[-91.849309,29.482759],[-91.849343,29.482373],[-91.848998,29.481852],[-91.848131,29.480987],[-91.846835,29.479081],[-91.844503,29.478627],[-91.84169,29.478427],[-91.840476,29.478826],[-91.83916,29.479032],[-91.83687,29.478895],[-91.835281,29.479068],[-91.833886,29.47879],[-91.833117,29.479065],[-91.832217,29.479067],[-91.831067,29.478594],[-91.828831,29.478463],[-91.827672,29.477804],[-91.826873,29.47694],[-91.826038,29.476614],[-91.824379,29.476514],[-91.823297,29.477015]]},"properties":{"OBJECTID":8821,"PROGRAM":"STATE","PROJECT":"LOUISIANA BARRIER ISLAND COMPREHENSIVE MONITORING PROGRAM (BICM)","PROJ_ID":"LA-0226","PROD_DATE":"20160929","SHORE_TYPE":"MIXED","SRC_DATE":"19350630","SRC_DATA":"USC&GS T-SHEET","SRC_RES":"1:20,000","SRC_VECT":"NOAA PROJECT GC29C01","SRC_RAST":"T06325B1","DIG_NOTES":" ","REGION":"AB","CONTRACTOR":"APPLIED COASTAL","ORG":"COASTAL PROTECTION AND RESTORATION AUTHORITY OF LOUISIANA (CPRA)","SRC_REG":"NOAA","DATAURL":"http://cims.coastal.louisiana.gov/meta_docs/gis_refs/shoreline/BICM2/LA-0226_SHORL_0000000000_1922022819370630_RAC0002.zip","Meta_xml":"http://cims.coastal.louisiana.gov/meta_docs/gis_refs/shoreline/BICM2/Shoreline_Metadata.xml","Meta_html":"http://cims.coastal.louisiana.gov/meta_docs/gis_refs/shoreline/BICM2/Shoreline_Metadata.html","COMMENTS":null,"SHAPE_Length":5277.564495669808,"DSAS_DATE":"06/30/1935","DSAS_UNCER":null,"year":1935}},{"type":"Feature","id":8822,"geometry":{"type":"LineString","coordinates":[[-91.823305,29.476861],[-91.823948,29.476484],[-91.824017,29.476287],[-91.822616,29.47445],[-91.821593,29.473553],[-91.821119,29.473485],[-91.820584,29.473996],[-91.820258,29.47485],[-91.820328,29.475611]]},"properties":{"OBJECTID":8822,"PROGRAM":"STATE","PROJECT":"LOUISIANA BARRIER ISLAND COMPREHENSIVE MONITORING PROGRAM (BICM)","PROJ_ID":"LA-0226","PROD_DATE":"20160929","SHORE_TYPE":"MIXED","SRC_DATE":"19350630","SRC_DATA":"USC&GS T-SHEET","SRC_RES":"1:20,000","SRC_VECT":"NOAA PROJECT GC29C01","SRC_RAST":"T06325B1","DIG_NOTES":" ","REGION":"AB","CONTRACTOR":"APPLIED COASTAL","ORG":"COASTAL PROTECTION AND RESTORATION AUTHORITY OF LOUISIANA (CPRA)","SRC_REG":"NOAA","DATAURL":"http://cims.coastal.louisiana.gov/meta_docs/gis_refs/shoreline/BICM2/LA-0226_SHORL_0000000000_1922022819370630_RAC0002.zip","Meta_xml":"http://cims.coastal.louisiana.gov/meta_docs/gis_refs/shoreline/BICM2/Shoreline_Metadata.xml","Meta_html":"http://cims.coastal.louisiana.gov/meta_docs/gis_refs/shoreline/BICM2/Shoreline_Metadata.html","COMMENTS":null,"SHAPE_Length":799.706272297648,"DSAS_DATE":"06/30/1935","DSAS_UNCER":null,"year":1935}},{"type":"Feature","id":8823,"geometry":{"type":"LineString","coordinates":[[-91.820107,29.475854],[-91.819961,29.474789],[-91.820251,29.473935],[-91.821247,29.472975],[-91.820914,29.472339],[-91.819744,29.472563],[-91.819055,29.473195],[-91.819355,29.474097],[-91.819143,29.475058],[-91.817171,29.47786],[-91.816292,29.478703],[-91.815468,29.480074],[-91.809612,29.482772],[-91.807641,29.483903],[-91.804399,29.485023],[-91.802149,29.485561],[-91.801021,29.485306],[-91.79997,29.485281],[-91.79656,29.484106],[-91.794392,29.482416],[-91.792952,29.481823],[-91.790959,29.481667],[-91.790693,29.481574],[-91.790262,29.480996],[-91.789494,29.481122],[-91.789294,29.481599],[-91.789191,29.481566],[-91.789374,29.481046],[-91.790027,29.480823],[-91.789826,29.480343],[-91.789529,29.480212],[-91.787658,29.480148],[-91.786969,29.480301],[-91.786198,29.480703],[-91.784696,29.480753],[-91.784036,29.480992],[-91.782494,29.480781],[-91.781763,29.481461],[-91.780862,29.481591],[-91.780184,29.482287],[-91.779339,29.482284],[-91.778832,29.482487],[-91.778468,29.482404],[-91.778171,29.482907],[-91.777284,29.483356],[-91.776639,29.483318],[-91.775795,29.484263],[-91.775182,29.484204],[-91.772708,29.485176],[-91.771998,29.486079],[-91.769552,29.4867],[-91.768064,29.487569],[-91.766581,29.487539],[-91.765968,29.487949],[-91.765686,29.487606],[-91.765105,29.487361],[-91.762123,29.48711],[-91.761955,29.48789],[-91.762132,29.488387],[-91.762973,29.488692],[-91.764137,29.489485],[-91.764627,29.490213],[-91.765152,29.490532],[-91.765462,29.49104],[-91.765928,29.491298]]},"properties":{"OBJECTID":8823,"PROGRAM":"STATE","PROJECT":"LOUISIANA BARRIER ISLAND COMPREHENSIVE MONITORING PROGRAM (BICM)","PROJ_ID":"LA-0226","PROD_DATE":"20160929","SHORE_TYPE":"MIXED","SRC_DATE":"19350630","SRC_DATA":"USC&GS T-SHEET","SRC_RES":"1:20,000","SRC_VECT":"NOAA PROJECT GC29C01","SRC_RAST":"T06325B1","DIG_NOTES":" ","REGION":"AB","CONTRACTOR":"APPLIED COASTAL","ORG":"COASTAL PROTECTION AND RESTORATION AUTHORITY OF LOUISIANA (CPRA)","SRC_REG":"NOAA","DATAURL":"http://cims.coastal.louisiana.gov/meta_docs/gis_refs/shoreline/BICM2/LA-0226_SHORL_0000000000_1922022819370630_RAC0002.zip","Meta_xml":"http://cims.coastal.louisiana.gov/meta_docs/gis_refs/shoreline/BICM2/Shoreline_Metadata.xml","Meta_html":"http://cims.coastal.louisiana.gov/meta_docs/gis_refs/shoreline/BICM2/Shoreline_Metadata.html","COMMENTS":null,"SHAPE_Length":8399.140951707419,"DSAS_DATE":"06/30/1935","DSAS_UNCER":null,"year":1935}},{"type":"Feature","id":8824,"geometry":{"type":"LineString","coordinates":[[-91.710432,29.567318],[-91.709575,29.567154],[-91.709015,29.567515],[-91.707317,29.567503],[-91.705707,29.566618],[-91.705057,29.565722],[-91.704195,29.564895],[-91.703712,29.564882],[-91.703822,29.565389],[-91.703463,29.566617],[-91.703312,29.568637],[-91.703624,29.5695],[-91.703578,29.57047],[-91.703898,29.571515],[-91.703913,29.57259],[-91.703715,29.573356],[-91.703096,29.574565],[-91.70301,29.575265],[-91.704954,29.573094],[-91.706141,29.572288],[-91.707293,29.57202],[-91.708674,29.572342],[-91.708791,29.572208],[-91.708582,29.571961],[-91.709012,29.571552],[-91.71107,29.570252],[-91.712077,29.569992],[-91.712754,29.570196],[-91.714764,29.569613],[-91.716295,29.567957],[-91.715645,29.566774],[-91.71563,29.566057],[-91.714994,29.566308],[-91.713679,29.567282],[-91.713261,29.568269],[-91.712802,29.568358]]},"properties":{"OBJECTID":8824,"PROGRAM":"STATE","PROJECT":"LOUISIANA BARRIER ISLAND COMPREHENSIVE MONITORING PROGRAM (BICM)","PROJ_ID":"LA-0226","PROD_DATE":"20160929","SHORE_TYPE":"MARSH","SRC_DATE":"19350630","SRC_DATA":"USC&GS T-SHEET","SRC_RES":"1:20,000","SRC_VECT":"NOAA PROJECT GC29C01","SRC_RAST":"T06325B2","DIG_NOTES":" ","REGION":"AB","CONTRACTOR":"APPLIED COASTAL","ORG":"COASTAL PROTECTION AND RESTORATION AUTHORITY OF LOUISIANA (CPRA)","SRC_REG":"NOAA","DATAURL":"http://cims.coastal.louisiana.gov/meta_docs/gis_refs/shoreline/BICM2/LA-0226_SHORL_0000000000_1922022819370630_RAC0002.zip","Meta_xml":"http://cims.coastal.louisiana.gov/meta_docs/gis_refs/shoreline/BICM2/Shoreline_Metadata.xml","Meta_html":"http://cims.coastal.louisiana.gov/meta_docs/gis_refs/shoreline/BICM2/Shoreline_Metadata.html","COMMENTS":null,"SHAPE_Length":4365.365494587131,"DSAS_DATE":"06/30/1935","DSAS_UNCER":null,"year":1935}},{"type":"Feature","id":8825,"geometry":{"type":"LineString","coordinates":[[-91.766791,29.491536],[-91.766511,29.492107],[-91.768047,29.493206],[-91.769131,29.495516],[-91.770334,29.496958],[-91.77067,29.497874],[-91.771235,29.500889],[-91.771037,29.50178],[-91.771193,29.502412],[-91.771089,29.503949],[-91.771198,29.505031],[-91.771014,29.505615],[-91.770991,29.506747],[-91.770876,29.507531],[-91.770574,29.508071],[-91.770438,29.509142],[-91.767902,29.513084],[-91.767456,29.514511],[-91.767536,29.515417],[-91.767244,29.515865],[-91.766881,29.517177],[-91.766407,29.517575],[-91.765886,29.518459],[-91.765394,29.518825],[-91.765451,29.519364],[-91.764855,29.52075],[-91.763547,29.5223],[-91.763418,29.52314],[-91.762609,29.524101],[-91.762805,29.524845],[-91.763455,29.525325],[-91.763741,29.525826],[-91.764099,29.525941],[-91.765052,29.525966],[-91.766661,29.525163],[-91.767371,29.524508],[-91.766895,29.524293],[-91.766652,29.524406],[-91.766971,29.52405],[-91.767087,29.52431],[-91.767363,29.524409],[-91.769425,29.524252],[-91.771213,29.524951],[-91.772531,29.526047],[-91.772881,29.527198],[-91.77234,29.528242],[-91.771143,29.529203]]},"properties":{"OBJECTID":8825,"PROGRAM":"STATE","PROJECT":"LOUISIANA BARRIER ISLAND COMPREHENSIVE MONITORING PROGRAM (BICM)","PROJ_ID":"LA-0226","PROD_DATE":"20160929","SHORE_TYPE":"MARSH","SRC_DATE":"19350630","SRC_DATA":"USC&GS T-SHEET","SRC_RES":"1:20,000","SRC_VECT":"NOAA PROJECT GC29C01","SRC_RAST":"T06325B2","DIG_NOTES":" ","REGION":"AB","CONTRACTOR":"APPLIED COASTAL","ORG":"COASTAL PROTECTION AND RESTORATION AUTHORITY OF LOUISIANA (CPRA)","SRC_REG":"NOAA","DATAURL":"http://cims.coastal.louisiana.gov/meta_docs/gis_refs/shoreline/BICM2/LA-0226_SHORL_0000000000_1922022819370630_RAC0002.zip","Meta_xml":"http://cims.coastal.louisiana.gov/meta_docs/gis_refs/shoreline/BICM2/Shoreline_Metadata.xml","Meta_html":"http://cims.coastal.louisiana.gov/meta_docs/gis_refs/shoreline/BICM2/Shoreline_Metadata.html","COMMENTS":null,"SHAPE_Length":5895.018592131341,"DSAS_DATE":"06/30/1935","DSAS_UNCER":null,"year":1935}},{"type":"Feature","id":8826,"geometry":{"type":"LineString","coordinates":[[-91.77053,29.528968],[-91.772108,29.527397],[-91.772197,29.526909],[-91.771457,29.525811],[-91.770189,29.525058],[-91.769172,29.524941],[-91.767524,29.525435],[-91.766178,29.526241],[-91.765579,29.52711],[-91.764701,29.52771],[-91.763926,29.527996],[-91.762788,29.527712],[-91.761629,29.526646],[-91.761007,29.526522],[-91.760154,29.526041],[-91.759521,29.525325],[-91.75924,29.524715],[-91.757576,29.526011],[-91.75616,29.527753],[-91.75543,29.528282],[-91.755087,29.52884],[-91.754297,29.529424],[-91.751781,29.532062],[-91.750133,29.533065],[-91.749022,29.533364],[-91.747424,29.534553],[-91.746073,29.53488],[-91.745246,29.535521],[-91.743691,29.535676],[-91.743188,29.536299],[-91.741418,29.537163],[-91.738085,29.537296],[-91.736814,29.537726],[-91.734823,29.537831],[-91.73416,29.538108],[-91.733385,29.538898],[-91.73152,29.540301],[-91.730449,29.540733],[-91.729073,29.541987],[-91.727064,29.543105],[-91.726159,29.543909],[-91.725634,29.544002],[-91.724524,29.544769],[-91.723885,29.544989],[-91.721473,29.546721],[-91.721084,29.546795],[-91.720153,29.547352],[-91.719236,29.548182],[-91.716416,29.549581],[-91.715599,29.550396],[-91.71479,29.550615],[-91.714318,29.551171],[-91.713106,29.551587],[-91.710676,29.553766],[-91.710554,29.554136],[-91.709272,29.555889],[-91.70905,29.556653],[-91.708539,29.55704],[-91.70765,29.55841],[-91.707243,29.559369],[-91.706342,29.560369],[-91.706128,29.560954],[-91.706345,29.561465],[-91.705452,29.561802],[-91.705335,29.562181],[-91.705768,29.562448],[-91.707545,29.562985],[-91.708093,29.562949],[-91.707796,29.563168],[-91.708895,29.564187],[-91.709046,29.564807],[-91.709377,29.565211],[-91.709273,29.566399],[-91.709687,29.566758],[-91.710682,29.567226]]},"properties":{"OBJECTID":8826,"PROGRAM":"STATE","PROJECT":"LOUISIANA BARRIER ISLAND COMPREHENSIVE MONITORING PROGRAM (BICM)","PROJ_ID":"LA-0226","PROD_DATE":"20160929","SHORE_TYPE":"MARSH","SRC_DATE":"19350630","SRC_DATA":"USC&GS T-SHEET","SRC_RES":"1:20,000","SRC_VECT":"NOAA PROJECT GC29C01","SRC_RAST":"T06325B2","DIG_NOTES":" ","REGION":"AB","CONTRACTOR":"APPLIED COASTAL","ORG":"COASTAL PROTECTION AND RESTORATION AUTHORITY OF LOUISIANA (CPRA)","SRC_REG":"NOAA","DATAURL":"http://cims.coastal.louisiana.gov/meta_docs/gis_refs/shoreline/BICM2/LA-0226_SHORL_0000000000_1922022819370630_RAC0002.zip","Meta_xml":"http://cims.coastal.louisiana.gov/meta_docs/gis_refs/shoreline/BICM2/Shoreline_Metadata.xml","Meta_html":"http://cims.coastal.louisiana.gov/meta_docs/gis_refs/shoreline/BICM2/Shoreline_Metadata.html","COMMENTS":null,"SHAPE_Length":9998.722043815229,"DSAS_DATE":"06/30/1935","DSAS_UNCER":null,"year":1935}},{"type":"Feature","id":8827,"geometry":{"type":"LineString","coordinates":[[-91.712813,29.568163],[-91.713062,29.568068],[-91.713569,29.567084],[-91.715403,29.565862],[-91.717745,29.566492],[-91.71922,29.566259],[-91.719662,29.56667],[-91.71977,29.566995],[-91.720453,29.567439],[-91.720818,29.567427],[-91.721151,29.567616],[-91.721563,29.567177],[-91.722145,29.567224],[-91.722609,29.56782],[-91.723059,29.568082],[-91.723167,29.568376],[-91.723711,29.568639],[-91.723931,29.568996],[-91.723776,29.569093],[-91.724017,29.569151],[-91.724095,29.569548],[-91.724253,29.569617],[-91.724549,29.569435],[-91.724571,29.569172],[-91.724917,29.568743],[-91.724481,29.568811],[-91.724461,29.568466],[-91.724038,29.567994],[-91.723975,29.567386],[-91.723742,29.567193],[-91.723927,29.566479],[-91.724051,29.566449],[-91.724066,29.566645],[-91.723884,29.567091],[-91.724237,29.568088],[-91.724651,29.568401],[-91.725057,29.568374],[-91.725002,29.567622],[-91.725679,29.567165],[-91.725476,29.566932],[-91.725924,29.566416],[-91.726141,29.565502],[-91.725762,29.564731]]},"properties":{"OBJECTID":8827,"PROGRAM":"STATE","PROJECT":"LOUISIANA BARRIER ISLAND COMPREHENSIVE MONITORING PROGRAM (BICM)","PROJ_ID":"LA-0226","PROD_DATE":"20160929","SHORE_TYPE":"MARSH","SRC_DATE":"19350630","SRC_DATA":"USC&GS T-SHEET","SRC_RES":"1:20,000","SRC_VECT":"NOAA PROJECT GC29C01","SRC_RAST":"T06325B2","DIG_NOTES":" ","REGION":"AB","CONTRACTOR":"APPLIED COASTAL","ORG":"COASTAL PROTECTION AND RESTORATION AUTHORITY OF LOUISIANA (CPRA)","SRC_REG":"NOAA","DATAURL":"http://cims.coastal.louisiana.gov/meta_docs/gis_refs/shoreline/BICM2/LA-0226_SHORL_0000000000_1922022819370630_RAC0002.zip","Meta_xml":"http://cims.coastal.louisiana.gov/meta_docs/gis_refs/shoreline/BICM2/Shoreline_Metadata.xml","Meta_html":"http://cims.coastal.louisiana.gov/meta_docs/gis_refs/shoreline/BICM2/Shoreline_Metadata.html","COMMENTS":null,"SHAPE_Length":2787.868464761739,"DSAS_DATE":"06/30/1935","DSAS_UNCER":null,"year":1935}},{"type":"Feature","id":8828,"geometry":{"type":"LineString","coordinates":[[-91.72591,29.564697],[-91.726268,29.56523],[-91.72729,29.564509],[-91.727405,29.564243],[-91.728085,29.564018],[-91.728122,29.563905],[-91.727298,29.563454]]},"properties":{"OBJECTID":8828,"PROGRAM":"STATE","PROJECT":"LOUISIANA BARRIER ISLAND COMPREHENSIVE MONITORING PROGRAM (BICM)","PROJ_ID":"LA-0226","PROD_DATE":"20160929","SHORE_TYPE":"MARSH","SRC_DATE":"19350630","SRC_DATA":"USC&GS T-SHEET","SRC_RES":"1:20,000","SRC_VECT":"NOAA PROJECT GC29C01","SRC_RAST":"T06325B2","DIG_NOTES":" ","REGION":"AB","CONTRACTOR":"APPLIED COASTAL","ORG":"COASTAL PROTECTION AND RESTORATION AUTHORITY OF LOUISIANA (CPRA)","SRC_REG":"NOAA","DATAURL":"http://cims.coastal.louisiana.gov/meta_docs/gis_refs/shoreline/BICM2/LA-0226_SHORL_0000000000_1922022819370630_RAC0002.zip","Meta_xml":"http://cims.coastal.louisiana.gov/meta_docs/gis_refs/shoreline/BICM2/Shoreline_Metadata.xml","Meta_html":"http://cims.coastal.louisiana.gov/meta_docs/gis_refs/shoreline/BICM2/Shoreline_Metadata.html","COMMENTS":null,"SHAPE_Length":416.3849407457998,"DSAS_DATE":"06/30/1935","DSAS_UNCER":null,"year":1935}},{"type":"Feature","id":8829,"geometry":{"type":"LineString","coordinates":[[-91.727534,29.563364],[-91.728143,29.563678],[-91.729434,29.563531],[-91.729537,29.563265],[-91.729003,29.562631],[-91.729626,29.563214],[-91.73031,29.563112],[-91.72983,29.563345],[-91.730778,29.563848],[-91.731309,29.563734],[-91.732043,29.563916],[-91.733199,29.563279],[-91.733182,29.562759],[-91.733371,29.563172],[-91.734479,29.563585],[-91.735103,29.564054],[-91.735435,29.56382],[-91.735689,29.563354],[-91.734684,29.562228],[-91.734555,29.561238],[-91.734945,29.560176],[-91.735739,29.558794]]},"properties":{"OBJECTID":8829,"PROGRAM":"STATE","PROJECT":"LOUISIANA BARRIER ISLAND COMPREHENSIVE MONITORING PROGRAM (BICM)","PROJ_ID":"LA-0226","PROD_DATE":"20160929","SHORE_TYPE":"MARSH","SRC_DATE":"19350630","SRC_DATA":"USC&GS T-SHEET","SRC_RES":"1:20,000","SRC_VECT":"NOAA PROJECT GC29C01","SRC_RAST":"T06325B2","DIG_NOTES":" ","REGION":"AB","CONTRACTOR":"APPLIED COASTAL","ORG":"COASTAL PROTECTION AND RESTORATION AUTHORITY OF LOUISIANA (CPRA)","SRC_REG":"NOAA","DATAURL":"http://cims.coastal.louisiana.gov/meta_docs/gis_refs/shoreline/BICM2/LA-0226_SHORL_0000000000_1922022819370630_RAC0002.zip","Meta_xml":"http://cims.coastal.louisiana.gov/meta_docs/gis_refs/shoreline/BICM2/Shoreline_Metadata.xml","Meta_html":"http://cims.coastal.louisiana.gov/meta_docs/gis_refs/shoreline/BICM2/Shoreline_Metadata.html","COMMENTS":null,"SHAPE_Length":1910.689964599436,"DSAS_DATE":"06/30/1935","DSAS_UNCER":null,"year":1935}},{"type":"Feature","id":8830,"geometry":{"type":"LineString","coordinates":[[-91.73615,29.558891],[-91.735319,29.560386],[-91.735047,29.561485],[-91.735347,29.562388],[-91.736221,29.563148],[-91.736221,29.563622],[-91.735714,29.564641],[-91.735874,29.565024],[-91.736617,29.565839],[-91.736839,29.566489],[-91.736758,29.567781],[-91.73701,29.568349],[-91.737269,29.570256],[-91.736463,29.571628],[-91.736576,29.57342]]},"properties":{"OBJECTID":8830,"PROGRAM":"STATE","PROJECT":"LOUISIANA BARRIER ISLAND COMPREHENSIVE MONITORING PROGRAM (BICM)","PROJ_ID":"LA-0226","PROD_DATE":"20160929","SHORE_TYPE":"MARSH","SRC_DATE":"19350630","SRC_DATA":"USC&GS T-SHEET","SRC_RES":"1:20,000","SRC_VECT":"NOAA PROJECT GC29C01","SRC_RAST":"T06325B2","DIG_NOTES":" ","REGION":"AB","CONTRACTOR":"APPLIED COASTAL","ORG":"COASTAL PROTECTION AND RESTORATION AUTHORITY OF LOUISIANA (CPRA)","SRC_REG":"NOAA","DATAURL":"http://cims.coastal.louisiana.gov/meta_docs/gis_refs/shoreline/BICM2/LA-0226_SHORL_0000000000_1922022819370630_RAC0002.zip","Meta_xml":"http://cims.coastal.louisiana.gov/meta_docs/gis_refs/shoreline/BICM2/Shoreline_Metadata.xml","Meta_html":"http://cims.coastal.louisiana.gov/meta_docs/gis_refs/shoreline/BICM2/Shoreline_Metadata.html","COMMENTS":null,"SHAPE_Length":1767.7588104243619,"DSAS_DATE":"06/30/1935","DSAS_UNCER":null,"year":1935}},{"type":"Feature","id":8831,"geometry":{"type":"LineString","coordinates":[[-91.736386,29.573516],[-91.735899,29.573429],[-91.735248,29.573706],[-91.735194,29.574205],[-91.734992,29.574326],[-91.735148,29.574611],[-91.734886,29.575278],[-91.734965,29.575608],[-91.733782,29.57695],[-91.733556,29.577612],[-91.732968,29.577987],[-91.732645,29.578417],[-91.731841,29.578682],[-91.731369,29.579666],[-91.730772,29.579845],[-91.730956,29.580181],[-91.730913,29.580804],[-91.731152,29.581012],[-91.731131,29.581315],[-91.731541,29.582436],[-91.731274,29.583524]]},"properties":{"OBJECTID":8831,"PROGRAM":"STATE","PROJECT":"LOUISIANA BARRIER ISLAND COMPREHENSIVE MONITORING PROGRAM (BICM)","PROJ_ID":"LA-0226","PROD_DATE":"20160929","SHORE_TYPE":"MARSH","SRC_DATE":"19350630","SRC_DATA":"USC&GS T-SHEET","SRC_RES":"1:20,000","SRC_VECT":"NOAA PROJECT GC29C01","SRC_RAST":"T06325B2","DIG_NOTES":" ","REGION":"AB","CONTRACTOR":"APPLIED COASTAL","ORG":"COASTAL PROTECTION AND RESTORATION AUTHORITY OF LOUISIANA (CPRA)","SRC_REG":"NOAA","DATAURL":"http://cims.coastal.louisiana.gov/meta_docs/gis_refs/shoreline/BICM2/LA-0226_SHORL_0000000000_1922022819370630_RAC0002.zip","Meta_xml":"http://cims.coastal.louisiana.gov/meta_docs/gis_refs/shoreline/BICM2/Shoreline_Metadata.xml","Meta_html":"http://cims.coastal.louisiana.gov/meta_docs/gis_refs/shoreline/BICM2/Shoreline_Metadata.html","COMMENTS":null,"SHAPE_Length":1455.3183818059235,"DSAS_DATE":"06/30/1935","DSAS_UNCER":null,"year":1935}},{"type":"Feature","id":8832,"geometry":{"type":"LineString","coordinates":[[-91.984219,29.614371],[-91.983932,29.615216],[-91.983456,29.615737],[-91.983086,29.615829],[-91.982263,29.615652],[-91.981219,29.615859],[-91.980462,29.615512],[-91.978732,29.614082],[-91.978412,29.613536],[-91.977459,29.613313],[-91.976892,29.612803],[-91.975405,29.612431],[-91.974625,29.611546],[-91.972768,29.61131],[-91.969952,29.610593],[-91.968821,29.609351],[-91.967442,29.609036],[-91.967642,29.608658],[-91.968424,29.60857],[-91.969706,29.609876],[-91.970667,29.610054],[-91.97114,29.60978],[-91.971514,29.608594]]},"properties":{"OBJECTID":8832,"PROGRAM":"STATE","PROJECT":"LOUISIANA BARRIER ISLAND COMPREHENSIVE MONITORING PROGRAM (BICM)","PROJ_ID":"LA-0226","PROD_DATE":"20160929","SHORE_TYPE":"MARSH","SRC_DATE":"19350731","SRC_DATA":"USC&GS T-SHEET","SRC_RES":"1:20,000","SRC_VECT":"NOAA PROJECT GC29C01","SRC_RAST":"T06347A1","DIG_NOTES":" ","REGION":"AB","CONTRACTOR":"APPLIED COASTAL","ORG":"COASTAL PROTECTION AND RESTORATION AUTHORITY OF LOUISIANA (CPRA)","SRC_REG":"NOAA","DATAURL":"http://cims.coastal.louisiana.gov/meta_docs/gis_refs/shoreline/BICM2/LA-0226_SHORL_0000000000_1922022819370630_RAC0002.zip","Meta_xml":"http://cims.coastal.louisiana.gov/meta_docs/gis_refs/shoreline/BICM2/Shoreline_Metadata.xml","Meta_html":"http://cims.coastal.louisiana.gov/meta_docs/gis_refs/shoreline/BICM2/Shoreline_Metadata.html","COMMENTS":null,"SHAPE_Length":2648.0810197821193,"DSAS_DATE":"07/31/1935","DSAS_UNCER":null,"year":1935}},{"type":"Feature","id":8833,"geometry":{"type":"LineString","coordinates":[[-91.971124,29.608508],[-91.970716,29.609561],[-91.970345,29.609679],[-91.970136,29.609645],[-91.969693,29.609079],[-91.968428,29.608146],[-91.967282,29.608466],[-91.964938,29.608353],[-91.963178,29.609142],[-91.961635,29.609333],[-91.958451,29.609257],[-91.956175,29.608885],[-91.953428,29.609325],[-91.952423,29.609273],[-91.951631,29.6095],[-91.951165,29.609136],[-91.952244,29.609012],[-91.95274,29.608687],[-91.952991,29.608879],[-91.952757,29.608485],[-91.952529,29.608799],[-91.952137,29.608929],[-91.950567,29.608828],[-91.949576,29.609484],[-91.948392,29.60919],[-91.948238,29.60874],[-91.948071,29.608726],[-91.948182,29.609277],[-91.949704,29.609707],[-91.949666,29.609902],[-91.94804,29.610408],[-91.945881,29.610587],[-91.945037,29.610991],[-91.943001,29.610583],[-91.942275,29.610798],[-91.941681,29.610787],[-91.941588,29.610059],[-91.940912,29.609605],[-91.938626,29.609523]]},"properties":{"OBJECTID":8833,"PROGRAM":"STATE","PROJECT":"LOUISIANA BARRIER ISLAND COMPREHENSIVE MONITORING PROGRAM (BICM)","PROJ_ID":"LA-0226","PROD_DATE":"20160929","SHORE_TYPE":"MARSH","SRC_DATE":"19350731","SRC_DATA":"USC&GS T-SHEET","SRC_RES":"1:20,000","SRC_VECT":"NOAA PROJECT GC29C01","SRC_RAST":"T06347A1","DIG_NOTES":" ","REGION":"AB","CONTRACTOR":"APPLIED COASTAL","ORG":"COASTAL PROTECTION AND RESTORATION AUTHORITY OF LOUISIANA (CPRA)","SRC_REG":"NOAA","DATAURL":"http://cims.coastal.louisiana.gov/meta_docs/gis_refs/shoreline/BICM2/LA-0226_SHORL_0000000000_1922022819370630_RAC0002.zip","Meta_xml":"http://cims.coastal.louisiana.gov/meta_docs/gis_refs/shoreline/BICM2/Shoreline_Metadata.xml","Meta_html":"http://cims.coastal.louisiana.gov/meta_docs/gis_refs/shoreline/BICM2/Shoreline_Metadata.html","COMMENTS":null,"SHAPE_Length":4449.2923198416565,"DSAS_DATE":"07/31/1935","DSAS_UNCER":null,"year":1935}},{"type":"Feature","id":8834,"geometry":{"type":"LineString","coordinates":[[-91.938347,29.609831],[-91.940692,29.609894],[-91.940825,29.610332],[-91.940703,29.610887],[-91.93691,29.611628],[-91.936147,29.611989],[-91.934868,29.613104],[-91.934011,29.613401],[-91.933258,29.614793],[-91.93168,29.616159],[-91.931047,29.617159],[-91.930117,29.61822],[-91.929454,29.619334],[-91.928888,29.620835],[-91.928212,29.621734],[-91.927972,29.621865],[-91.9277,29.621553],[-91.926548,29.621664]]},"properties":{"OBJECTID":8834,"PROGRAM":"STATE","PROJECT":"LOUISIANA BARRIER ISLAND COMPREHENSIVE MONITORING PROGRAM (BICM)","PROJ_ID":"LA-0226","PROD_DATE":"20160929","SHORE_TYPE":"MARSH","SRC_DATE":"19350731","SRC_DATA":"USC&GS T-SHEET","SRC_RES":"1:20,000","SRC_VECT":"NOAA PROJECT GC29C01","SRC_RAST":"T06347A1","DIG_NOTES":" ","REGION":"AB","CONTRACTOR":"APPLIED COASTAL","ORG":"COASTAL PROTECTION AND RESTORATION AUTHORITY OF LOUISIANA (CPRA)","SRC_REG":"NOAA","DATAURL":"http://cims.coastal.louisiana.gov/meta_docs/gis_refs/shoreline/BICM2/LA-0226_SHORL_0000000000_1922022819370630_RAC0002.zip","Meta_xml":"http://cims.coastal.louisiana.gov/meta_docs/gis_refs/shoreline/BICM2/Shoreline_Metadata.xml","Meta_html":"http://cims.coastal.louisiana.gov/meta_docs/gis_refs/shoreline/BICM2/Shoreline_Metadata.html","COMMENTS":null,"SHAPE_Length":2368.79103410263,"DSAS_DATE":"07/31/1935","DSAS_UNCER":null,"year":1935}},{"type":"Feature","id":8835,"geometry":{"type":"LineString","coordinates":[[-91.926593,29.628019],[-91.927461,29.628105],[-91.927665,29.628431],[-91.928001,29.630046],[-91.928566,29.631379],[-91.93029,29.633559],[-91.92994,29.634094],[-91.929825,29.634725],[-91.929431,29.635157],[-91.929083,29.636411],[-91.928798,29.63678],[-91.927837,29.637001],[-91.925809,29.636274],[-91.925149,29.635375],[-91.923254,29.634],[-91.920938,29.633989],[-91.920463,29.634396],[-91.919564,29.634642],[-91.918709,29.634224],[-91.917524,29.634198],[-91.916943,29.634367],[-91.916185,29.634203],[-91.91572,29.634515],[-91.91506,29.634431],[-91.91447,29.634655],[-91.914155,29.634463],[-91.914584,29.634079]]},"properties":{"OBJECTID":8835,"PROGRAM":"STATE","PROJECT":"LOUISIANA BARRIER ISLAND COMPREHENSIVE MONITORING PROGRAM (BICM)","PROJ_ID":"LA-0226","PROD_DATE":"20160929","SHORE_TYPE":"MARSH","SRC_DATE":"19350731","SRC_DATA":"USC&GS T-SHEET","SRC_RES":"1:20,000","SRC_VECT":"NOAA PROJECT GC29C01","SRC_RAST":"T06347A1","DIG_NOTES":" ","REGION":"AB","CONTRACTOR":"APPLIED COASTAL","ORG":"COASTAL PROTECTION AND RESTORATION AUTHORITY OF LOUISIANA (CPRA)","SRC_REG":"NOAA","DATAURL":"http://cims.coastal.louisiana.gov/meta_docs/gis_refs/shoreline/BICM2/LA-0226_SHORL_0000000000_1922022819370630_RAC0002.zip","Meta_xml":"http://cims.coastal.louisiana.gov/meta_docs/gis_refs/shoreline/BICM2/Shoreline_Metadata.xml","Meta_html":"http://cims.coastal.louisiana.gov/meta_docs/gis_refs/shoreline/BICM2/Shoreline_Metadata.html","COMMENTS":null,"SHAPE_Length":2870.7966185585447,"DSAS_DATE":"07/31/1935","DSAS_UNCER":null,"year":1935}},{"type":"Feature","id":8836,"geometry":{"type":"LineString","coordinates":[[-91.914425,29.633793],[-91.913385,29.634528],[-91.913463,29.634876],[-91.913832,29.635069],[-91.91382,29.635377],[-91.913544,29.635763],[-91.913586,29.636016],[-91.912863,29.635962],[-91.912714,29.63555],[-91.911682,29.635573],[-91.911169,29.63613],[-91.910817,29.63687],[-91.909253,29.636802],[-91.907692,29.637224],[-91.90625,29.639118],[-91.90497,29.639565],[-91.904271,29.63971],[-91.904094,29.639392],[-91.90367,29.639223],[-91.904327,29.638746]]},"properties":{"OBJECTID":8836,"PROGRAM":"STATE","PROJECT":"LOUISIANA BARRIER ISLAND COMPREHENSIVE MONITORING PROGRAM (BICM)","PROJ_ID":"LA-0226","PROD_DATE":"20160929","SHORE_TYPE":"MARSH","SRC_DATE":"19350731","SRC_DATA":"USC&GS T-SHEET","SRC_RES":"1:20,000","SRC_VECT":"NOAA PROJECT GC29C01","SRC_RAST":"T06347A1","DIG_NOTES":" ","REGION":"AB","CONTRACTOR":"APPLIED COASTAL","ORG":"COASTAL PROTECTION AND RESTORATION AUTHORITY OF LOUISIANA (CPRA)","SRC_REG":"NOAA","DATAURL":"http://cims.coastal.louisiana.gov/meta_docs/gis_refs/shoreline/BICM2/LA-0226_SHORL_0000000000_1922022819370630_RAC0002.zip","Meta_xml":"http://cims.coastal.louisiana.gov/meta_docs/gis_refs/shoreline/BICM2/Shoreline_Metadata.xml","Meta_html":"http://cims.coastal.louisiana.gov/meta_docs/gis_refs/shoreline/BICM2/Shoreline_Metadata.html","COMMENTS":null,"SHAPE_Length":1669.1974035305668,"DSAS_DATE":"07/31/1935","DSAS_UNCER":null,"year":1935}},{"type":"Feature","id":8837,"geometry":{"type":"LineString","coordinates":[[-91.904065,29.638704],[-91.903372,29.639181],[-91.903393,29.639734],[-91.903026,29.640261],[-91.902305,29.640784],[-91.902388,29.641473],[-91.901046,29.641707],[-91.901132,29.64132],[-91.900647,29.640968],[-91.900225,29.639787],[-91.899336,29.638349],[-91.898479,29.636476],[-91.898789,29.636265],[-91.899169,29.636245],[-91.900511,29.636849],[-91.901144,29.636878],[-91.901963,29.636473],[-91.90197,29.635833]]},"properties":{"OBJECTID":8837,"PROGRAM":"STATE","PROJECT":"LOUISIANA BARRIER ISLAND COMPREHENSIVE MONITORING PROGRAM (BICM)","PROJ_ID":"LA-0226","PROD_DATE":"20160929","SHORE_TYPE":"MARSH","SRC_DATE":"19350731","SRC_DATA":"USC&GS T-SHEET","SRC_RES":"1:20,000","SRC_VECT":"NOAA PROJECT GC29C01","SRC_RAST":"T06347A1","DIG_NOTES":" ","REGION":"AB","CONTRACTOR":"APPLIED COASTAL","ORG":"COASTAL PROTECTION AND RESTORATION AUTHORITY OF LOUISIANA (CPRA)","SRC_REG":"NOAA","DATAURL":"http://cims.coastal.louisiana.gov/meta_docs/gis_refs/shoreline/BICM2/LA-0226_SHORL_0000000000_1922022819370630_RAC0002.zip","Meta_xml":"http://cims.coastal.louisiana.gov/meta_docs/gis_refs/shoreline/BICM2/Shoreline_Metadata.xml","Meta_html":"http://cims.coastal.louisiana.gov/meta_docs/gis_refs/shoreline/BICM2/Shoreline_Metadata.html","COMMENTS":null,"SHAPE_Length":1635.7283587395102,"DSAS_DATE":"07/31/1935","DSAS_UNCER":null,"year":1935}},{"type":"Feature","id":8838,"geometry":{"type":"LineString","coordinates":[[-91.901517,29.635806],[-91.901493,29.636375],[-91.900958,29.636481],[-91.899943,29.635816],[-91.899112,29.635659],[-91.898763,29.635285],[-91.898275,29.635225],[-91.897421,29.634776],[-91.896451,29.634894],[-91.895497,29.635281],[-91.894846,29.63439],[-91.89387,29.634264],[-91.893269,29.633808],[-91.893237,29.633444],[-91.892885,29.633339],[-91.892566,29.633557],[-91.8921,29.63315],[-91.891726,29.633392],[-91.891222,29.633174],[-91.89076,29.633226],[-91.890328,29.633752],[-91.888762,29.633849],[-91.88862,29.633587],[-91.888644,29.633058],[-91.888845,29.632048],[-91.889328,29.630945],[-91.889183,29.630098],[-91.889314,29.629688],[-91.890776,29.629258],[-91.891408,29.629334],[-91.891817,29.629195]]},"properties":{"OBJECTID":8838,"PROGRAM":"STATE","PROJECT":"LOUISIANA BARRIER ISLAND COMPREHENSIVE MONITORING PROGRAM (BICM)","PROJ_ID":"LA-0226","PROD_DATE":"20160929","SHORE_TYPE":"MARSH","SRC_DATE":"19350731","SRC_DATA":"USC&GS T-SHEET","SRC_RES":"1:20,000","SRC_VECT":"NOAA PROJECT GC29C01","SRC_RAST":"T06347A1","DIG_NOTES":" ","REGION":"AB","CONTRACTOR":"APPLIED COASTAL","ORG":"COASTAL PROTECTION AND RESTORATION AUTHORITY OF LOUISIANA (CPRA)","SRC_REG":"NOAA","DATAURL":"http://cims.coastal.louisiana.gov/meta_docs/gis_refs/shoreline/BICM2/LA-0226_SHORL_0000000000_1922022819370630_RAC0002.zip","Meta_xml":"http://cims.coastal.louisiana.gov/meta_docs/gis_refs/shoreline/BICM2/Shoreline_Metadata.xml","Meta_html":"http://cims.coastal.louisiana.gov/meta_docs/gis_refs/shoreline/BICM2/Shoreline_Metadata.html","COMMENTS":null,"SHAPE_Length":2339.2635433631344,"DSAS_DATE":"07/31/1935","DSAS_UNCER":null,"year":1935}},{"type":"Feature","id":8839,"geometry":{"type":"LineString","coordinates":[[-91.891833,29.628602],[-91.889592,29.629098],[-91.888,29.629108],[-91.887468,29.62972],[-91.886462,29.62987],[-91.886133,29.630183],[-91.885379,29.630501],[-91.884418,29.630611],[-91.883583,29.629996],[-91.882913,29.630037],[-91.881958,29.629753],[-91.881593,29.630018],[-91.881032,29.630006],[-91.880275,29.630513],[-91.880336,29.630719],[-91.88001,29.630733],[-91.879379,29.630498],[-91.878072,29.629309],[-91.877152,29.629048],[-91.876802,29.628713],[-91.876954,29.628098],[-91.878276,29.627153]]},"properties":{"OBJECTID":8839,"PROGRAM":"STATE","PROJECT":"LOUISIANA BARRIER ISLAND COMPREHENSIVE MONITORING PROGRAM (BICM)","PROJ_ID":"LA-0226","PROD_DATE":"20160929","SHORE_TYPE":"MARSH","SRC_DATE":"19350731","SRC_DATA":"USC&GS T-SHEET","SRC_RES":"1:20,000","SRC_VECT":"NOAA PROJECT GC29C01","SRC_RAST":"T06347A1","DIG_NOTES":" ","REGION":"AB","CONTRACTOR":"APPLIED COASTAL","ORG":"COASTAL PROTECTION AND RESTORATION AUTHORITY OF LOUISIANA (CPRA)","SRC_REG":"NOAA","DATAURL":"http://cims.coastal.louisiana.gov/meta_docs/gis_refs/shoreline/BICM2/LA-0226_SHORL_0000000000_1922022819370630_RAC0002.zip","Meta_xml":"http://cims.coastal.louisiana.gov/meta_docs/gis_refs/shoreline/BICM2/Shoreline_Metadata.xml","Meta_html":"http://cims.coastal.louisiana.gov/meta_docs/gis_refs/shoreline/BICM2/Shoreline_Metadata.html","COMMENTS":null,"SHAPE_Length":1961.7181847799075,"DSAS_DATE":"07/31/1935","DSAS_UNCER":null,"year":1935}},{"type":"Feature","id":8840,"geometry":{"type":"LineString","coordinates":[[-91.876323,29.629523],[-91.876541,29.629454],[-91.876321,29.629737],[-91.876323,29.629523]]},"properties":{"OBJECTID":8840,"PROGRAM":"STATE","PROJECT":"LOUISIANA BARRIER ISLAND COMPREHENSIVE MONITORING PROGRAM (BICM)","PROJ_ID":"LA-0226","PROD_DATE":"20160929","SHORE_TYPE":"MARSH","SRC_DATE":"19350731","SRC_DATA":"USC&GS T-SHEET","SRC_RES":"1:20,000","SRC_VECT":"NOAA PROJECT GC29C01","SRC_RAST":"T06347A1","DIG_NOTES":" ","REGION":"AB","CONTRACTOR":"APPLIED COASTAL","ORG":"COASTAL PROTECTION AND RESTORATION AUTHORITY OF LOUISIANA (CPRA)","SRC_REG":"NOAA","DATAURL":"http://cims.coastal.louisiana.gov/meta_docs/gis_refs/shoreline/BICM2/LA-0226_SHORL_0000000000_1922022819370630_RAC0002.zip","Meta_xml":"http://cims.coastal.louisiana.gov/meta_docs/gis_refs/shoreline/BICM2/Shoreline_Metadata.xml","Meta_html":"http://cims.coastal.louisiana.gov/meta_docs/gis_refs/shoreline/BICM2/Shoreline_Metadata.html","COMMENTS":null,"SHAPE_Length":91.21695833194272,"DSAS_DATE":"07/31/1935","DSAS_UNCER":null,"year":1935}},{"type":"Feature","id":8841,"geometry":{"type":"LineString","coordinates":[[-91.877581,29.627012],[-91.876661,29.627574],[-91.875518,29.628679],[-91.875372,29.629658],[-91.875597,29.630513],[-91.875493,29.630915],[-91.874268,29.632099],[-91.873652,29.632125],[-91.873085,29.632658],[-91.872641,29.632662],[-91.870515,29.631893],[-91.869972,29.63188],[-91.868139,29.632292],[-91.867859,29.632289],[-91.867032,29.631808],[-91.866443,29.631858],[-91.865534,29.632222],[-91.864815,29.633425],[-91.862634,29.634268],[-91.862343,29.63361],[-91.862435,29.631025],[-91.862659,29.630466],[-91.863281,29.630622]]},"properties":{"OBJECTID":8841,"PROGRAM":"STATE","PROJECT":"LOUISIANA BARRIER ISLAND COMPREHENSIVE MONITORING PROGRAM (BICM)","PROJ_ID":"LA-0226","PROD_DATE":"20160929","SHORE_TYPE":"MARSH","SRC_DATE":"19350731","SRC_DATA":"USC&GS T-SHEET","SRC_RES":"1:20,000","SRC_VECT":"NOAA PROJECT GC29C01","SRC_RAST":"T06347A1","DIG_NOTES":" ","REGION":"AB","CONTRACTOR":"APPLIED COASTAL","ORG":"COASTAL PROTECTION AND RESTORATION AUTHORITY OF LOUISIANA (CPRA)","SRC_REG":"NOAA","DATAURL":"http://cims.coastal.louisiana.gov/meta_docs/gis_refs/shoreline/BICM2/LA-0226_SHORL_0000000000_1922022819370630_RAC0002.zip","Meta_xml":"http://cims.coastal.louisiana.gov/meta_docs/gis_refs/shoreline/BICM2/Shoreline_Metadata.xml","Meta_html":"http://cims.coastal.louisiana.gov/meta_docs/gis_refs/shoreline/BICM2/Shoreline_Metadata.html","COMMENTS":null,"SHAPE_Length":2516.9875075802915,"DSAS_DATE":"07/31/1935","DSAS_UNCER":null,"year":1935}},{"type":"Feature","id":8842,"geometry":{"type":"LineString","coordinates":[[-91.863401,29.630441],[-91.862761,29.63019],[-91.863226,29.629111],[-91.862928,29.6282],[-91.861491,29.62648],[-91.860528,29.626005],[-91.857468,29.625338],[-91.854837,29.625245],[-91.85346,29.625351],[-91.851616,29.625968],[-91.85131,29.625902],[-91.85117,29.625466],[-91.851852,29.62514],[-91.852363,29.623919],[-91.85234,29.62361],[-91.851799,29.623384]]},"properties":{"OBJECTID":8842,"PROGRAM":"STATE","PROJECT":"LOUISIANA BARRIER ISLAND COMPREHENSIVE MONITORING PROGRAM (BICM)","PROJ_ID":"LA-0226","PROD_DATE":"20160929","SHORE_TYPE":"MARSH","SRC_DATE":"19350731","SRC_DATA":"USC&GS T-SHEET","SRC_RES":"1:20,000","SRC_VECT":"NOAA PROJECT GC29C01","SRC_RAST":"T06347A1","DIG_NOTES":" ","REGION":"AB","CONTRACTOR":"APPLIED COASTAL","ORG":"COASTAL PROTECTION AND RESTORATION AUTHORITY OF LOUISIANA (CPRA)","SRC_REG":"NOAA","DATAURL":"http://cims.coastal.louisiana.gov/meta_docs/gis_refs/shoreline/BICM2/LA-0226_SHORL_0000000000_1922022819370630_RAC0002.zip","Meta_xml":"http://cims.coastal.louisiana.gov/meta_docs/gis_refs/shoreline/BICM2/Shoreline_Metadata.xml","Meta_html":"http://cims.coastal.louisiana.gov/meta_docs/gis_refs/shoreline/BICM2/Shoreline_Metadata.html","COMMENTS":null,"SHAPE_Length":1938.3788165983337,"DSAS_DATE":"07/31/1935","DSAS_UNCER":null,"year":1935}},{"type":"Feature","id":8843,"geometry":{"type":"LineString","coordinates":[[-91.851805,29.623708],[-91.852028,29.623955],[-91.851666,29.624759],[-91.851274,29.625],[-91.85044,29.625175],[-91.850304,29.626012],[-91.849626,29.626717],[-91.849796,29.627715],[-91.849271,29.627773],[-91.848612,29.627618],[-91.849414,29.627925],[-91.849733,29.628513],[-91.85064,29.629098],[-91.850371,29.630423],[-91.850828,29.631676],[-91.850179,29.632263],[-91.849744,29.632252],[-91.849016,29.63189],[-91.848491,29.631917],[-91.847683,29.630526],[-91.84559,29.630753],[-91.84486,29.630518],[-91.844929,29.630787],[-91.844321,29.631011],[-91.843921,29.630375],[-91.84317,29.630345],[-91.842404,29.630069],[-91.841559,29.630378],[-91.841344,29.630226],[-91.841339,29.629847],[-91.841107,29.629547]]},"properties":{"OBJECTID":8843,"PROGRAM":"STATE","PROJECT":"LOUISIANA BARRIER ISLAND COMPREHENSIVE MONITORING PROGRAM (BICM)","PROJ_ID":"LA-0226","PROD_DATE":"20160929","SHORE_TYPE":"MARSH","SRC_DATE":"19350731","SRC_DATA":"USC&GS T-SHEET","SRC_RES":"1:20,000","SRC_VECT":"NOAA PROJECT GC29C01","SRC_RAST":"T06347A1","DIG_NOTES":" ","REGION":"AB","CONTRACTOR":"APPLIED COASTAL","ORG":"COASTAL PROTECTION AND RESTORATION AUTHORITY OF LOUISIANA (CPRA)","SRC_REG":"NOAA","DATAURL":"http://cims.coastal.louisiana.gov/meta_docs/gis_refs/shoreline/BICM2/LA-0226_SHORL_0000000000_1922022819370630_RAC0002.zip","Meta_xml":"http://cims.coastal.louisiana.gov/meta_docs/gis_refs/shoreline/BICM2/Shoreline_Metadata.xml","Meta_html":"http://cims.coastal.louisiana.gov/meta_docs/gis_refs/shoreline/BICM2/Shoreline_Metadata.html","COMMENTS":null,"SHAPE_Length":2547.2329898919756,"DSAS_DATE":"07/31/1935","DSAS_UNCER":null,"year":1935}},{"type":"Feature","id":8844,"geometry":{"type":"LineString","coordinates":[[-91.926659,29.623167],[-91.927377,29.622333],[-91.928025,29.62271],[-91.928175,29.623083],[-91.927576,29.624904],[-91.927475,29.627615],[-91.92664,29.627869]]},"properties":{"OBJECTID":8844,"PROGRAM":"STATE","PROJECT":"LOUISIANA BARRIER ISLAND COMPREHENSIVE MONITORING PROGRAM (BICM)","PROJ_ID":"LA-0226","PROD_DATE":"20160929","SHORE_TYPE":"MARSH","SRC_DATE":"19350731","SRC_DATA":"USC&GS T-SHEET","SRC_RES":"1:20,000","SRC_VECT":"NOAA PROJECT GC29C01","SRC_RAST":"T06347A1","DIG_NOTES":" ","REGION":"AB","CONTRACTOR":"APPLIED COASTAL","ORG":"COASTAL PROTECTION AND RESTORATION AUTHORITY OF LOUISIANA (CPRA)","SRC_REG":"NOAA","DATAURL":"http://cims.coastal.louisiana.gov/meta_docs/gis_refs/shoreline/BICM2/LA-0226_SHORL_0000000000_1922022819370630_RAC0002.zip","Meta_xml":"http://cims.coastal.louisiana.gov/meta_docs/gis_refs/shoreline/BICM2/Shoreline_Metadata.xml","Meta_html":"http://cims.coastal.louisiana.gov/meta_docs/gis_refs/shoreline/BICM2/Shoreline_Metadata.html","COMMENTS":null,"SHAPE_Length":843.7746335267893,"DSAS_DATE":"07/31/1935","DSAS_UNCER":null,"year":1935}},{"type":"Feature","id":8845,"geometry":{"type":"LineString","coordinates":[[-91.767279,29.592032],[-91.766991,29.592093],[-91.766753,29.591831],[-91.767477,29.591502],[-91.767641,29.591827],[-91.767279,29.592032]]},"properties":{"OBJECTID":8845,"PROGRAM":"STATE","PROJECT":"LOUISIANA BARRIER ISLAND COMPREHENSIVE MONITORING PROGRAM (BICM)","PROJ_ID":"LA-0226","PROD_DATE":"20160929","SHORE_TYPE":"MARSH","SRC_DATE":"19350731","SRC_DATA":"USC&GS T-SHEET","SRC_RES":"1:20,000","SRC_VECT":"NOAA PROJECT GC29C01","SRC_RAST":"T06347A2","DIG_NOTES":" ","REGION":"AB","CONTRACTOR":"APPLIED COASTAL","ORG":"COASTAL PROTECTION AND RESTORATION AUTHORITY OF LOUISIANA (CPRA)","SRC_REG":"NOAA","DATAURL":"http://cims.coastal.louisiana.gov/meta_docs/gis_refs/shoreline/BICM2/LA-0226_SHORL_0000000000_1922022819370630_RAC0002.zip","Meta_xml":"http://cims.coastal.louisiana.gov/meta_docs/gis_refs/shoreline/BICM2/Shoreline_Metadata.xml","Meta_html":"http://cims.coastal.louisiana.gov/meta_docs/gis_refs/shoreline/BICM2/Shoreline_Metadata.html","COMMENTS":null,"SHAPE_Length":237.8683459127663,"DSAS_DATE":"07/31/1935","DSAS_UNCER":null,"year":1935}},{"type":"Feature","id":8846,"geometry":{"type":"LineString","coordinates":[[-91.737403,29.583274],[-91.736972,29.583501],[-91.736699,29.583061],[-91.737865,29.582897],[-91.738086,29.582993],[-91.737403,29.583274]]},"properties":{"OBJECTID":8846,"PROGRAM":"STATE","PROJECT":"LOUISIANA BARRIER ISLAND COMPREHENSIVE MONITORING PROGRAM (BICM)","PROJ_ID":"LA-0226","PROD_DATE":"20160929","SHORE_TYPE":"MARSH","SRC_DATE":"19350731","SRC_DATA":"USC&GS T-SHEET","SRC_RES":"1:20,000","SRC_VECT":"NOAA PROJECT GC29C01","SRC_RAST":"T06347A2","DIG_NOTES":" ","REGION":"AB","CONTRACTOR":"APPLIED COASTAL","ORG":"COASTAL PROTECTION AND RESTORATION AUTHORITY OF LOUISIANA (CPRA)","SRC_REG":"NOAA","DATAURL":"http://cims.coastal.louisiana.gov/meta_docs/gis_refs/shoreline/BICM2/LA-0226_SHORL_0000000000_1922022819370630_RAC0002.zip","Meta_xml":"http://cims.coastal.louisiana.gov/meta_docs/gis_refs/shoreline/BICM2/Shoreline_Metadata.xml","Meta_html":"http://cims.coastal.louisiana.gov/meta_docs/gis_refs/shoreline/BICM2/Shoreline_Metadata.html","COMMENTS":null,"SHAPE_Length":336.73170594442666,"DSAS_DATE":"07/31/1935","DSAS_UNCER":null,"year":1935}},{"type":"Feature","id":8847,"geometry":{"type":"LineString","coordinates":[[-91.738981,29.582777],[-91.739165,29.582972],[-91.739093,29.582434],[-91.738933,29.582071],[-91.738656,29.5819],[-91.737749,29.581897],[-91.737434,29.582481],[-91.737544,29.582857],[-91.738161,29.582632],[-91.738981,29.582777]]},"properties":{"OBJECTID":8847,"PROGRAM":"STATE","PROJECT":"LOUISIANA BARRIER ISLAND COMPREHENSIVE MONITORING PROGRAM (BICM)","PROJ_ID":"LA-0226","PROD_DATE":"20160929","SHORE_TYPE":"MARSH","SRC_DATE":"19350731","SRC_DATA":"USC&GS T-SHEET","SRC_RES":"1:20,000","SRC_VECT":"NOAA PROJECT GC29C01","SRC_RAST":"T06347A2","DIG_NOTES":" ","REGION":"AB","CONTRACTOR":"APPLIED COASTAL","ORG":"COASTAL PROTECTION AND RESTORATION AUTHORITY OF LOUISIANA (CPRA)","SRC_REG":"NOAA","DATAURL":"http://cims.coastal.louisiana.gov/meta_docs/gis_refs/shoreline/BICM2/LA-0226_SHORL_0000000000_1922022819370630_RAC0002.zip","Meta_xml":"http://cims.coastal.louisiana.gov/meta_docs/gis_refs/shoreline/BICM2/Shoreline_Metadata.xml","Meta_html":"http://cims.coastal.louisiana.gov/meta_docs/gis_refs/shoreline/BICM2/Shoreline_Metadata.html","COMMENTS":null,"SHAPE_Length":541.9638758926749,"DSAS_DATE":"07/31/1935","DSAS_UNCER":null,"year":1935}},{"type":"Feature","id":8848,"geometry":{"type":"LineString","coordinates":[[-91.757026,29.585523],[-91.757463,29.586786],[-91.757351,29.585599],[-91.757637,29.584554],[-91.755612,29.584213],[-91.754893,29.58359],[-91.75518,29.584227],[-91.755859,29.584638],[-91.755948,29.585062],[-91.75634,29.584836],[-91.756613,29.584894],[-91.757026,29.585523]]},"properties":{"OBJECTID":8848,"PROGRAM":"STATE","PROJECT":"LOUISIANA BARRIER ISLAND COMPREHENSIVE MONITORING PROGRAM (BICM)","PROJ_ID":"LA-0226","PROD_DATE":"20160929","SHORE_TYPE":"MARSH","SRC_DATE":"19350731","SRC_DATA":"USC&GS T-SHEET","SRC_RES":"1:20,000","SRC_VECT":"NOAA PROJECT GC29C01","SRC_RAST":"T06347A2","DIG_NOTES":" ","REGION":"AB","CONTRACTOR":"APPLIED COASTAL","ORG":"COASTAL PROTECTION AND RESTORATION AUTHORITY OF LOUISIANA (CPRA)","SRC_REG":"NOAA","DATAURL":"http://cims.coastal.louisiana.gov/meta_docs/gis_refs/shoreline/BICM2/LA-0226_SHORL_0000000000_1922022819370630_RAC0002.zip","Meta_xml":"http://cims.coastal.louisiana.gov/meta_docs/gis_refs/shoreline/BICM2/Shoreline_Metadata.xml","Meta_html":"http://cims.coastal.louisiana.gov/meta_docs/gis_refs/shoreline/BICM2/Shoreline_Metadata.html","COMMENTS":null,"SHAPE_Length":1079.8243711486114,"DSAS_DATE":"07/31/1935","DSAS_UNCER":null,"year":1935}},{"type":"Feature","id":8849,"geometry":{"type":"LineString","coordinates":[[-91.75361,29.582986],[-91.753739,29.58325],[-91.754236,29.583421],[-91.754437,29.583186],[-91.754386,29.582569],[-91.75417,29.582195],[-91.75363,29.581927],[-91.752931,29.580874],[-91.752121,29.581065],[-91.752024,29.581173],[-91.752185,29.581862],[-91.752461,29.582063],[-91.753085,29.582069],[-91.75361,29.582986]]},"properties":{"OBJECTID":8849,"PROGRAM":"STATE","PROJECT":"LOUISIANA BARRIER ISLAND COMPREHENSIVE MONITORING PROGRAM (BICM)","PROJ_ID":"LA-0226","PROD_DATE":"20160929","SHORE_TYPE":"MARSH","SRC_DATE":"19350731","SRC_DATA":"USC&GS T-SHEET","SRC_RES":"1:20,000","SRC_VECT":"NOAA PROJECT GC29C01","SRC_RAST":"T06347A2","DIG_NOTES":" ","REGION":"AB","CONTRACTOR":"APPLIED COASTAL","ORG":"COASTAL PROTECTION AND RESTORATION AUTHORITY OF LOUISIANA (CPRA)","SRC_REG":"NOAA","DATAURL":"http://cims.coastal.louisiana.gov/meta_docs/gis_refs/shoreline/BICM2/LA-0226_SHORL_0000000000_1922022819370630_RAC0002.zip","Meta_xml":"http://cims.coastal.louisiana.gov/meta_docs/gis_refs/shoreline/BICM2/Shoreline_Metadata.xml","Meta_html":"http://cims.coastal.louisiana.gov/meta_docs/gis_refs/shoreline/BICM2/Shoreline_Metadata.html","COMMENTS":null,"SHAPE_Length":835.2411577012925,"DSAS_DATE":"07/31/1935","DSAS_UNCER":null,"year":1935}},{"type":"Feature","id":8850,"geometry":{"type":"LineString","coordinates":[[-91.762667,29.58307],[-91.762142,29.583416],[-91.762029,29.583594],[-91.76214,29.583595],[-91.762696,29.583458],[-91.764124,29.582584],[-91.76595,29.582571],[-91.765794,29.581361],[-91.765523,29.581217],[-91.764174,29.581219],[-91.764013,29.581874],[-91.76369,29.581767],[-91.763201,29.582635],[-91.762667,29.58307]]},"properties":{"OBJECTID":8850,"PROGRAM":"STATE","PROJECT":"LOUISIANA BARRIER ISLAND COMPREHENSIVE MONITORING PROGRAM (BICM)","PROJ_ID":"LA-0226","PROD_DATE":"20160929","SHORE_TYPE":"MARSH","SRC_DATE":"19350731","SRC_DATA":"USC&GS T-SHEET","SRC_RES":"1:20,000","SRC_VECT":"NOAA PROJECT GC29C01","SRC_RAST":"T06347A2","DIG_NOTES":" ","REGION":"AB","CONTRACTOR":"APPLIED COASTAL","ORG":"COASTAL PROTECTION AND RESTORATION AUTHORITY OF LOUISIANA (CPRA)","SRC_REG":"NOAA","DATAURL":"http://cims.coastal.louisiana.gov/meta_docs/gis_refs/shoreline/BICM2/LA-0226_SHORL_0000000000_1922022819370630_RAC0002.zip","Meta_xml":"http://cims.coastal.louisiana.gov/meta_docs/gis_refs/shoreline/BICM2/Shoreline_Metadata.xml","Meta_html":"http://cims.coastal.louisiana.gov/meta_docs/gis_refs/shoreline/BICM2/Shoreline_Metadata.html","COMMENTS":null,"SHAPE_Length":1109.4212370948603,"DSAS_DATE":"07/31/1935","DSAS_UNCER":null,"year":1935}},{"type":"Feature","id":8851,"geometry":{"type":"LineString","coordinates":[[-91.803563,29.605877],[-91.803637,29.606242],[-91.80407,29.606104],[-91.804349,29.605773],[-91.804352,29.605526],[-91.803957,29.605467],[-91.80346,29.605642],[-91.803563,29.605877]]},"properties":{"OBJECTID":8851,"PROGRAM":"STATE","PROJECT":"LOUISIANA BARRIER ISLAND COMPREHENSIVE MONITORING PROGRAM (BICM)","PROJ_ID":"LA-0226","PROD_DATE":"20160929","SHORE_TYPE":"MARSH","SRC_DATE":"19350731","SRC_DATA":"USC&GS T-SHEET","SRC_RES":"1:20,000","SRC_VECT":"NOAA PROJECT GC29C01","SRC_RAST":"T06347A2","DIG_NOTES":" ","REGION":"AB","CONTRACTOR":"APPLIED COASTAL","ORG":"COASTAL PROTECTION AND RESTORATION AUTHORITY OF LOUISIANA (CPRA)","SRC_REG":"NOAA","DATAURL":"http://cims.coastal.louisiana.gov/meta_docs/gis_refs/shoreline/BICM2/LA-0226_SHORL_0000000000_1922022819370630_RAC0002.zip","Meta_xml":"http://cims.coastal.louisiana.gov/meta_docs/gis_refs/shoreline/BICM2/Shoreline_Metadata.xml","Meta_html":"http://cims.coastal.louisiana.gov/meta_docs/gis_refs/shoreline/BICM2/Shoreline_Metadata.html","COMMENTS":null,"SHAPE_Length":287.931768732375,"DSAS_DATE":"07/31/1935","DSAS_UNCER":null,"year":1935}},{"type":"Feature","id":8852,"geometry":{"type":"LineString","coordinates":[[-91.841107,29.629547],[-91.84094,29.629188],[-91.840664,29.629044],[-91.840211,29.627499],[-91.839555,29.627625],[-91.839211,29.627268],[-91.839098,29.626496],[-91.8393,29.62555],[-91.838934,29.624554],[-91.838931,29.624311],[-91.839255,29.623923],[-91.83992,29.623574],[-91.840272,29.622777],[-91.841023,29.621942],[-91.841344,29.621261],[-91.841316,29.620718],[-91.840639,29.619045],[-91.839464,29.617818],[-91.839164,29.617197],[-91.837918,29.615605],[-91.837485,29.615383],[-91.836469,29.615511],[-91.836042,29.61532],[-91.835756,29.614416],[-91.834818,29.613799],[-91.834406,29.613791],[-91.833823,29.614054],[-91.833258,29.613258],[-91.83229,29.613245],[-91.831961,29.613095],[-91.830156,29.613226],[-91.829532,29.613514],[-91.829657,29.613232],[-91.828782,29.612651],[-91.828856,29.612317],[-91.828719,29.612098],[-91.828999,29.611457],[-91.828999,29.61094],[-91.828935,29.610448],[-91.828605,29.609908],[-91.827789,29.609723],[-91.82722,29.609359],[-91.827004,29.608439],[-91.826461,29.607791],[-91.826033,29.60763],[-91.824978,29.607595],[-91.824418,29.607854],[-91.824054,29.6078],[-91.824117,29.60738],[-91.823981,29.607085],[-91.823054,29.606524],[-91.823215,29.606074],[-91.824368,29.605745],[-91.824369,29.605608],[-91.82376,29.605649],[-91.823254,29.605295],[-91.823209,29.605122],[-91.823584,29.604821],[-91.823631,29.604223]]},"properties":{"OBJECTID":8852,"PROGRAM":"STATE","PROJECT":"LOUISIANA BARRIER ISLAND COMPREHENSIVE MONITORING PROGRAM (BICM)","PROJ_ID":"LA-0226","PROD_DATE":"20160929","SHORE_TYPE":"MARSH","SRC_DATE":"19350731","SRC_DATA":"USC&GS T-SHEET","SRC_RES":"1:20,000","SRC_VECT":"NOAA PROJECT GC29C01","SRC_RAST":"T06347A2","DIG_NOTES":" ","REGION":"AB","CONTRACTOR":"APPLIED COASTAL","ORG":"COASTAL PROTECTION AND RESTORATION AUTHORITY OF LOUISIANA (CPRA)","SRC_REG":"NOAA","DATAURL":"http://cims.coastal.louisiana.gov/meta_docs/gis_refs/shoreline/BICM2/LA-0226_SHORL_0000000000_1922022819370630_RAC0002.zip","Meta_xml":"http://cims.coastal.louisiana.gov/meta_docs/gis_refs/shoreline/BICM2/Shoreline_Metadata.xml","Meta_html":"http://cims.coastal.louisiana.gov/meta_docs/gis_refs/shoreline/BICM2/Shoreline_Metadata.html","COMMENTS":null,"SHAPE_Length":4618.601410116653,"DSAS_DATE":"07/31/1935","DSAS_UNCER":null,"year":1935}},{"type":"Feature","id":8853,"geometry":{"type":"LineString","coordinates":[[-91.823471,29.60407],[-91.823348,29.604632],[-91.822835,29.60484],[-91.822659,29.605082],[-91.822321,29.605175],[-91.821929,29.604979],[-91.822876,29.605813],[-91.822391,29.606128],[-91.821778,29.606969],[-91.821032,29.606349],[-91.820022,29.605955],[-91.819217,29.604828],[-91.81812,29.604904],[-91.817259,29.60516],[-91.816737,29.604633],[-91.815883,29.604747],[-91.815495,29.604192],[-91.814005,29.604153],[-91.81313,29.603628],[-91.812191,29.603599],[-91.81118,29.602775],[-91.810288,29.602665],[-91.809569,29.602132],[-91.808452,29.602507],[-91.808568,29.602929],[-91.807745,29.602967],[-91.807288,29.602359],[-91.806876,29.602381],[-91.80583,29.603025],[-91.805653,29.602821],[-91.805389,29.603072],[-91.804478,29.603079],[-91.804115,29.603846],[-91.803466,29.603871],[-91.804012,29.602817],[-91.803878,29.601898],[-91.804287,29.600584],[-91.804078,29.598682],[-91.804185,29.597928],[-91.804532,29.597505],[-91.804898,29.597447],[-91.805213,29.596847],[-91.805911,29.596119],[-91.806058,29.595482],[-91.806014,29.594807],[-91.805632,29.593775],[-91.804549,29.59267],[-91.803215,29.59166],[-91.803267,29.590733],[-91.802877,29.590415],[-91.803761,29.589678],[-91.804131,29.588308]]},"properties":{"OBJECTID":8853,"PROGRAM":"STATE","PROJECT":"LOUISIANA BARRIER ISLAND COMPREHENSIVE MONITORING PROGRAM (BICM)","PROJ_ID":"LA-0226","PROD_DATE":"20160929","SHORE_TYPE":"MARSH","SRC_DATE":"19350731","SRC_DATA":"USC&GS T-SHEET","SRC_RES":"1:20,000","SRC_VECT":"NOAA PROJECT GC29C01","SRC_RAST":"T06347A2","DIG_NOTES":" ","REGION":"AB","CONTRACTOR":"APPLIED COASTAL","ORG":"COASTAL PROTECTION AND RESTORATION AUTHORITY OF LOUISIANA (CPRA)","SRC_REG":"NOAA","DATAURL":"http://cims.coastal.louisiana.gov/meta_docs/gis_refs/shoreline/BICM2/LA-0226_SHORL_0000000000_1922022819370630_RAC0002.zip","Meta_xml":"http://cims.coastal.louisiana.gov/meta_docs/gis_refs/shoreline/BICM2/Shoreline_Metadata.xml","Meta_html":"http://cims.coastal.louisiana.gov/meta_docs/gis_refs/shoreline/BICM2/Shoreline_Metadata.html","COMMENTS":null,"SHAPE_Length":4827.7679832568065,"DSAS_DATE":"07/31/1935","DSAS_UNCER":null,"year":1935}},{"type":"Feature","id":8854,"geometry":{"type":"LineString","coordinates":[[-91.803593,29.588172],[-91.803275,29.589608],[-91.802407,29.589904],[-91.802085,29.590687],[-91.800495,29.590272],[-91.799261,29.59022],[-91.79771,29.590384],[-91.796841,29.590888],[-91.79628,29.59071]]},"properties":{"OBJECTID":8854,"PROGRAM":"STATE","PROJECT":"LOUISIANA BARRIER ISLAND COMPREHENSIVE MONITORING PROGRAM (BICM)","PROJ_ID":"LA-0226","PROD_DATE":"20160929","SHORE_TYPE":"MARSH","SRC_DATE":"19350731","SRC_DATA":"USC&GS T-SHEET","SRC_RES":"1:20,000","SRC_VECT":"NOAA PROJECT GC29C01","SRC_RAST":"T06347A2","DIG_NOTES":" ","REGION":"AB","CONTRACTOR":"APPLIED COASTAL","ORG":"COASTAL PROTECTION AND RESTORATION AUTHORITY OF LOUISIANA (CPRA)","SRC_REG":"NOAA","DATAURL":"http://cims.coastal.louisiana.gov/meta_docs/gis_refs/shoreline/BICM2/LA-0226_SHORL_0000000000_1922022819370630_RAC0002.zip","Meta_xml":"http://cims.coastal.louisiana.gov/meta_docs/gis_refs/shoreline/BICM2/Shoreline_Metadata.xml","Meta_html":"http://cims.coastal.louisiana.gov/meta_docs/gis_refs/shoreline/BICM2/Shoreline_Metadata.html","COMMENTS":null,"SHAPE_Length":952.4955376640453,"DSAS_DATE":"07/31/1935","DSAS_UNCER":null,"year":1935}},{"type":"Feature","id":8855,"geometry":{"type":"LineString","coordinates":[[-91.796105,29.590815],[-91.796767,29.591211],[-91.795715,29.591921],[-91.795198,29.59251],[-91.794668,29.592708],[-91.793504,29.59252],[-91.789585,29.593006],[-91.789317,29.592568],[-91.78934,29.591661]]},"properties":{"OBJECTID":8855,"PROGRAM":"STATE","PROJECT":"LOUISIANA BARRIER ISLAND COMPREHENSIVE MONITORING PROGRAM (BICM)","PROJ_ID":"LA-0226","PROD_DATE":"20160929","SHORE_TYPE":"MARSH","SRC_DATE":"19350731","SRC_DATA":"USC&GS T-SHEET","SRC_RES":"1:20,000","SRC_VECT":"NOAA PROJECT GC29C01","SRC_RAST":"T06347A2","DIG_NOTES":" ","REGION":"AB","CONTRACTOR":"APPLIED COASTAL","ORG":"COASTAL PROTECTION AND RESTORATION AUTHORITY OF LOUISIANA (CPRA)","SRC_REG":"NOAA","DATAURL":"http://cims.coastal.louisiana.gov/meta_docs/gis_refs/shoreline/BICM2/LA-0226_SHORL_0000000000_1922022819370630_RAC0002.zip","Meta_xml":"http://cims.coastal.louisiana.gov/meta_docs/gis_refs/shoreline/BICM2/Shoreline_Metadata.xml","Meta_html":"http://cims.coastal.louisiana.gov/meta_docs/gis_refs/shoreline/BICM2/Shoreline_Metadata.html","COMMENTS":null,"SHAPE_Length":1011.8999276261403,"DSAS_DATE":"07/31/1935","DSAS_UNCER":null,"year":1935}},{"type":"Feature","id":8856,"geometry":{"type":"LineString","coordinates":[[-91.78912,29.591623],[-91.788877,29.592498],[-91.788915,29.593243],[-91.789224,29.593596],[-91.789078,29.594613],[-91.788705,29.594797],[-91.788168,29.594159],[-91.78724,29.594125],[-91.786349,29.594441],[-91.78563,29.595884],[-91.785272,29.595338]]},"properties":{"OBJECTID":8856,"PROGRAM":"STATE","PROJECT":"LOUISIANA BARRIER ISLAND COMPREHENSIVE MONITORING PROGRAM (BICM)","PROJ_ID":"LA-0226","PROD_DATE":"20160929","SHORE_TYPE":"MARSH","SRC_DATE":"19350731","SRC_DATA":"USC&GS T-SHEET","SRC_RES":"1:20,000","SRC_VECT":"NOAA PROJECT GC29C01","SRC_RAST":"T06347A2","DIG_NOTES":" ","REGION":"AB","CONTRACTOR":"APPLIED COASTAL","ORG":"COASTAL PROTECTION AND RESTORATION AUTHORITY OF LOUISIANA (CPRA)","SRC_REG":"NOAA","DATAURL":"http://cims.coastal.louisiana.gov/meta_docs/gis_refs/shoreline/BICM2/LA-0226_SHORL_0000000000_1922022819370630_RAC0002.zip","Meta_xml":"http://cims.coastal.louisiana.gov/meta_docs/gis_refs/shoreline/BICM2/Shoreline_Metadata.xml","Meta_html":"http://cims.coastal.louisiana.gov/meta_docs/gis_refs/shoreline/BICM2/Shoreline_Metadata.html","COMMENTS":null,"SHAPE_Length":927.3980314259155,"DSAS_DATE":"07/31/1935","DSAS_UNCER":null,"year":1935}},{"type":"Feature","id":8857,"geometry":{"type":"LineString","coordinates":[[-91.785132,29.595342],[-91.785375,29.595897],[-91.785999,29.59612],[-91.785579,29.596294],[-91.785154,29.59593],[-91.784229,29.596231],[-91.78422,29.596976],[-91.784038,29.597162],[-91.784254,29.597473],[-91.783692,29.598436],[-91.783112,29.597923],[-91.782493,29.597847],[-91.781541,29.596971],[-91.781347,29.595753],[-91.780961,29.595056],[-91.780964,29.594757],[-91.782644,29.592527],[-91.784484,29.59185]]},"properties":{"OBJECTID":8857,"PROGRAM":"STATE","PROJECT":"LOUISIANA BARRIER ISLAND COMPREHENSIVE MONITORING PROGRAM (BICM)","PROJ_ID":"LA-0226","PROD_DATE":"20160929","SHORE_TYPE":"MARSH","SRC_DATE":"19350731","SRC_DATA":"USC&GS T-SHEET","SRC_RES":"1:20,000","SRC_VECT":"NOAA PROJECT GC29C01","SRC_RAST":"T06347A2","DIG_NOTES":" ","REGION":"AB","CONTRACTOR":"APPLIED COASTAL","ORG":"COASTAL PROTECTION AND RESTORATION AUTHORITY OF LOUISIANA (CPRA)","SRC_REG":"NOAA","DATAURL":"http://cims.coastal.louisiana.gov/meta_docs/gis_refs/shoreline/BICM2/LA-0226_SHORL_0000000000_1922022819370630_RAC0002.zip","Meta_xml":"http://cims.coastal.louisiana.gov/meta_docs/gis_refs/shoreline/BICM2/Shoreline_Metadata.xml","Meta_html":"http://cims.coastal.louisiana.gov/meta_docs/gis_refs/shoreline/BICM2/Shoreline_Metadata.html","COMMENTS":null,"SHAPE_Length":1641.4862612102722,"DSAS_DATE":"07/31/1935","DSAS_UNCER":null,"year":1935}},{"type":"Feature","id":8858,"geometry":{"type":"LineString","coordinates":[[-91.783466,29.599391],[-91.783415,29.599776],[-91.783651,29.59992],[-91.783916,29.599558],[-91.783825,29.598923],[-91.783636,29.598714],[-91.783421,29.598793],[-91.783466,29.599391]]},"properties":{"OBJECTID":8858,"PROGRAM":"STATE","PROJECT":"LOUISIANA BARRIER ISLAND COMPREHENSIVE MONITORING PROGRAM (BICM)","PROJ_ID":"LA-0226","PROD_DATE":"20160929","SHORE_TYPE":"MARSH","SRC_DATE":"19350731","SRC_DATA":"USC&GS T-SHEET","SRC_RES":"1:20,000","SRC_VECT":"NOAA PROJECT GC29C01","SRC_RAST":"T06347A2","DIG_NOTES":" ","REGION":"AB","CONTRACTOR":"APPLIED COASTAL","ORG":"COASTAL PROTECTION AND RESTORATION AUTHORITY OF LOUISIANA (CPRA)","SRC_REG":"NOAA","DATAURL":"http://cims.coastal.louisiana.gov/meta_docs/gis_refs/shoreline/BICM2/LA-0226_SHORL_0000000000_1922022819370630_RAC0002.zip","Meta_xml":"http://cims.coastal.louisiana.gov/meta_docs/gis_refs/shoreline/BICM2/Shoreline_Metadata.xml","Meta_html":"http://cims.coastal.louisiana.gov/meta_docs/gis_refs/shoreline/BICM2/Shoreline_Metadata.html","COMMENTS":null,"SHAPE_Length":313.62742506729927,"DSAS_DATE":"07/31/1935","DSAS_UNCER":null,"year":1935}},{"type":"Feature","id":8859,"geometry":{"type":"LineString","coordinates":[[-91.784485,29.591277],[-91.782809,29.591819],[-91.78165,29.5927],[-91.781669,29.592118],[-91.781506,29.591685],[-91.780749,29.590949],[-91.778838,29.589781],[-91.77796,29.589504],[-91.777178,29.589456],[-91.776533,29.589542],[-91.775634,29.59004],[-91.774605,29.591728],[-91.773673,29.591568],[-91.772698,29.591665],[-91.773131,29.590878],[-91.773153,29.589971],[-91.772983,29.589174],[-91.771922,29.587274],[-91.77192,29.586514],[-91.772373,29.585945],[-91.772267,29.585625],[-91.774654,29.583863],[-91.774947,29.583131],[-91.77504,29.581678],[-91.774629,29.581081],[-91.774623,29.58066],[-91.77533,29.579704],[-91.775883,29.579521],[-91.775543,29.579336],[-91.775531,29.578449],[-91.774749,29.576962],[-91.774749,29.57646],[-91.775164,29.576135],[-91.775194,29.575152],[-91.775055,29.574167],[-91.774453,29.573123],[-91.774505,29.572672],[-91.77484,29.57227],[-91.774972,29.570447],[-91.775367,29.569903],[-91.775124,29.569364],[-91.775108,29.568279],[-91.774429,29.56693],[-91.77329,29.566671],[-91.772675,29.566736],[-91.771532,29.566371],[-91.770349,29.566806],[-91.769389,29.567608],[-91.767906,29.569418],[-91.767851,29.570132],[-91.768551,29.571674],[-91.770141,29.573007],[-91.771092,29.574901],[-91.771601,29.575519],[-91.772711,29.576218],[-91.772639,29.576415],[-91.771441,29.576207],[-91.77068,29.575895],[-91.769226,29.575786],[-91.76805,29.575243],[-91.767192,29.57525],[-91.76702,29.575081],[-91.766947,29.575369],[-91.766102,29.576187],[-91.765429,29.576744],[-91.765044,29.576872],[-91.763841,29.576668],[-91.763025,29.576078],[-91.762107,29.576211],[-91.760657,29.575341],[-91.758727,29.574786],[-91.757806,29.574787],[-91.757032,29.574983],[-91.755207,29.575853],[-91.754427,29.576068],[-91.753012,29.57568],[-91.752214,29.575956],[-91.751206,29.575931],[-91.750826,29.575639],[-91.749107,29.574979],[-91.74631,29.57473],[-91.744709,29.574821],[-91.743657,29.575024],[-91.743201,29.575324],[-91.741869,29.575661],[-91.740214,29.576339],[-91.738188,29.578003],[-91.738013,29.579466],[-91.737885,29.579454],[-91.737849,29.579084],[-91.737454,29.579207],[-91.737462,29.57945],[-91.737215,29.579747],[-91.736853,29.57947],[-91.736492,29.579639],[-91.736032,29.580217],[-91.735778,29.580164],[-91.73559,29.579909],[-91.735248,29.580377],[-91.735073,29.580406],[-91.735242,29.580792],[-91.73519,29.581238],[-91.734997,29.581383],[-91.734742,29.581381],[-91.734295,29.580981],[-91.734091,29.581096],[-91.734676,29.581578],[-91.734707,29.582348],[-91.735369,29.582294],[-91.736474,29.582938],[-91.736395,29.583687],[-91.73612,29.583902],[-91.73617,29.584045],[-91.735656,29.584359],[-91.735424,29.584833],[-91.734835,29.585127],[-91.734675,29.585865],[-91.734461,29.585838],[-91.734157,29.5855],[-91.733064,29.585799],[-91.731403,29.584577],[-91.730421,29.584309],[-91.730405,29.584182],[-91.730886,29.584212],[-91.731274,29.583524]]},"properties":{"OBJECTID":8859,"PROGRAM":"STATE","PROJECT":"LOUISIANA BARRIER ISLAND COMPREHENSIVE MONITORING PROGRAM (BICM)","PROJ_ID":"LA-0226","PROD_DATE":"20160929","SHORE_TYPE":"MARSH","SRC_DATE":"19350731","SRC_DATA":"USC&GS T-SHEET","SRC_RES":"1:20,000","SRC_VECT":"NOAA PROJECT GC29C01","SRC_RAST":"T06347A2","DIG_NOTES":" ","REGION":"AB","CONTRACTOR":"APPLIED COASTAL","ORG":"COASTAL PROTECTION AND RESTORATION AUTHORITY OF LOUISIANA (CPRA)","SRC_REG":"NOAA","DATAURL":"http://cims.coastal.louisiana.gov/meta_docs/gis_refs/shoreline/BICM2/LA-0226_SHORL_0000000000_1922022819370630_RAC0002.zip","Meta_xml":"http://cims.coastal.louisiana.gov/meta_docs/gis_refs/shoreline/BICM2/Shoreline_Metadata.xml","Meta_html":"http://cims.coastal.louisiana.gov/meta_docs/gis_refs/shoreline/BICM2/Shoreline_Metadata.html","COMMENTS":null,"SHAPE_Length":12502.651943682276,"DSAS_DATE":"07/31/1935","DSAS_UNCER":null,"year":1935}},{"type":"Feature","id":8860,"geometry":{"type":"LineString","coordinates":[[-91.772254,29.59195],[-91.771746,29.592275],[-91.772555,29.591937],[-91.772523,29.591795],[-91.772254,29.59195]]},"properties":{"OBJECTID":8860,"PROGRAM":"STATE","PROJECT":"LOUISIANA BARRIER ISLAND COMPREHENSIVE MONITORING PROGRAM (BICM)","PROJ_ID":"LA-0226","PROD_DATE":"20160929","SHORE_TYPE":"MARSH","SRC_DATE":"19350731","SRC_DATA":"USC&GS T-SHEET","SRC_RES":"1:20,000","SRC_VECT":"NOAA PROJECT GC29C01","SRC_RAST":"T06347A2","DIG_NOTES":" ","REGION":"AB","CONTRACTOR":"APPLIED COASTAL","ORG":"COASTAL PROTECTION AND RESTORATION AUTHORITY OF LOUISIANA (CPRA)","SRC_REG":"NOAA","DATAURL":"http://cims.coastal.louisiana.gov/meta_docs/gis_refs/shoreline/BICM2/LA-0226_SHORL_0000000000_1922022819370630_RAC0002.zip","Meta_xml":"http://cims.coastal.louisiana.gov/meta_docs/gis_refs/shoreline/BICM2/Shoreline_Metadata.xml","Meta_html":"http://cims.coastal.louisiana.gov/meta_docs/gis_refs/shoreline/BICM2/Shoreline_Metadata.html","COMMENTS":null,"SHAPE_Length":207.8228867247403,"DSAS_DATE":"07/31/1935","DSAS_UNCER":null,"year":1935}},{"type":"Feature","id":8865,"geometry":{"type":"MultiLineString","coordinates":[[[-91.599969,29.50952],[-91.600659,29.509369],[-91.60151,29.508774],[-91.600606,29.508393],[-91.600334,29.507929],[-91.599711,29.507732],[-91.597981,29.508184],[-91.596612,29.508315],[-91.593875,29.509756],[-91.593163,29.50979]],[[-91.594306,29.511092],[-91.595259,29.511319],[-91.598218,29.509982],[-91.599969,29.50952]]]},"properties":{"OBJECTID":8865,"PROGRAM":"STATE","PROJECT":"LOUISIANA BARRIER ISLAND COMPREHENSIVE MONITORING PROGRAM (BICM)","PROJ_ID":"LA-0226","PROD_DATE":"20160929","SHORE_TYPE":"MARSH","SRC_DATE":"19350630","SRC_DATA":"USC&GS T-SHEET","SRC_RES":"1:20,000","SRC_VECT":"NOAA PROJECT GC29C02","SRC_RAST":"T06325-A","DIG_NOTES":"APPLIED COASTAL MODIFIED NOAA VECTOR SHORELINE","REGION":"AB","CONTRACTOR":"APPLIED COASTAL","ORG":"COASTAL PROTECTION AND RESTORATION AUTHORITY OF LOUISIANA (CPRA)","SRC_REG":"APPLIED COASTAL","DATAURL":"http://cims.coastal.louisiana.gov/meta_docs/gis_refs/shoreline/BICM2/LA-0226_SHORL_0000000000_1922022819370630_RAC0002.zip","Meta_xml":"http://cims.coastal.louisiana.gov/meta_docs/gis_refs/shoreline/BICM2/Shoreline_Metadata.xml","Meta_html":"http://cims.coastal.louisiana.gov/meta_docs/gis_refs/shoreline/BICM2/Shoreline_Metadata.html","COMMENTS":null,"SHAPE_Length":2006.461721751506,"DSAS_DATE":"06/30/1935","DSAS_UNCER":null,"year":1935}},{"type":"Feature","id":9725,"geometry":{"type":"LineString","coordinates":[[-91.765928,29.491298],[-91.766346,29.491779],[-91.766791,29.491536]]},"properties":{"OBJECTID":9725,"PROGRAM":"STATE","PROJECT":"LOUISIANA BARRIER ISLAND COMPREHENSIVE MONITORING PROGRAM (BICM)","PROJ_ID":"LA-0226","PROD_DATE":"20160929","SHORE_TYPE":"MIXED","SRC_DATE":"19350630","SRC_DATA":"USC&GS T-SHEET","SRC_RES":"1:20,000","SRC_VECT":"NOAA PROJECT GC29C01","SRC_RAST":"T06325B2","DIG_NOTES":" ","REGION":"AB","CONTRACTOR":"APPLIED COASTAL","ORG":"COASTAL PROTECTION AND RESTORATION AUTHORITY OF LOUISIANA (CPRA)","SRC_REG":"NOAA","DATAURL":"http://cims.coastal.louisiana.gov/meta_docs/gis_refs/shoreline/BICM2/LA-0226_SHORL_0000000000_1922022819370630_RAC0002.zip","Meta_xml":"http://cims.coastal.louisiana.gov/meta_docs/gis_refs/shoreline/BICM2/Shoreline_Metadata.xml","Meta_html":"http://cims.coastal.louisiana.gov/meta_docs/gis_refs/shoreline/BICM2/Shoreline_Metadata.html","COMMENTS":null,"SHAPE_Length":125.78579266475441,"DSAS_DATE":"06/30/1935","DSAS_UNCER":null,"year":1935}},{"type":"Feature","id":9900,"geometry":{"type":"LineString","coordinates":[[-91.862167,29.747266],[-91.862109,29.746674],[-91.863625,29.745704],[-91.863456,29.74475],[-91.864013,29.744604],[-91.864899,29.74462],[-91.865765,29.744884],[-91.867352,29.745707],[-91.869128,29.746349],[-91.871245,29.746675],[-91.873977,29.746653],[-91.875511,29.747067],[-91.877112,29.746909],[-91.879765,29.745905],[-91.881903,29.745494],[-91.882024,29.745627],[-91.881797,29.746115],[-91.881877,29.746716],[-91.88223,29.747182],[-91.882866,29.747495],[-91.882608,29.748222],[-91.882171,29.748424],[-91.882031,29.74873],[-91.88222,29.749398],[-91.882782,29.75015]]},"properties":{"OBJECTID":9900,"PROGRAM":"STATE","PROJECT":"LOUISIANA BARRIER ISLAND COMPREHENSIVE MONITORING PROGRAM (BICM)","PROJ_ID":"LA-0226","PROD_DATE":"20170706","SHORE_TYPE":"MARSH","SRC_DATE":"19320630","SRC_DATA":"USGS TOPOGRAPHIC MAP","SRC_RES":"1:31,680","SRC_VECT":"APPLIED COASTAL","SRC_RAST":"Cypremort Point, LA","DIG_NOTES":"REGISTERED TO FEATURES FROM 1950S T-SHEETS","REGION":"AB","CONTRACTOR":"APPLIED COASTAL","ORG":"COASTAL PROTECTION AND RESTORATION AUTHORITY OF LOUISIANA (CPRA)","SRC_REG":"APPLIED COASTAL","DATAURL":"http://cims.coastal.louisiana.gov/meta_docs/gis_refs/shoreline/BICM2/LA-0226_SHORL_0000000000_1922022819370630_RAC0002.zip","Meta_xml":"http://cims.coastal.louisiana.gov/meta_docs/gis_refs/shoreline/BICM2/Shoreline_Metadata.xml","Meta_html":"http://cims.coastal.louisiana.gov/meta_docs/gis_refs/shoreline/BICM2/Shoreline_Metadata.html","COMMENTS":null,"SHAPE_Length":2869.4776909427414,"DSAS_DATE":"06/30/1932","DSAS_UNCER":null,"year":1935}},{"type":"Feature","id":9901,"geometry":{"type":"LineString","coordinates":[[-91.883102,29.750026],[-91.883049,29.750513],[-91.882429,29.751156],[-91.882225,29.751834],[-91.880628,29.751965],[-91.879902,29.753238],[-91.879629,29.753402],[-91.879125,29.753175]]},"properties":{"OBJECTID":9901,"PROGRAM":"STATE","PROJECT":"LOUISIANA BARRIER ISLAND COMPREHENSIVE MONITORING PROGRAM (BICM)","PROJ_ID":"LA-0226","PROD_DATE":"20170706","SHORE_TYPE":"MARSH","SRC_DATE":"19370630","SRC_DATA":"USGS TOPOGRAPHIC MAP","SRC_RES":"1:62,500","SRC_VECT":"APPLIED COASTAL","SRC_RAST":"Derouen, LA","DIG_NOTES":" ","REGION":"AB","CONTRACTOR":"APPLIED COASTAL","ORG":"COASTAL PROTECTION AND RESTORATION AUTHORITY OF LOUISIANA (CPRA)","SRC_REG":"USGS","DATAURL":"http://cims.coastal.louisiana.gov/meta_docs/gis_refs/shoreline/BICM2/LA-0226_SHORL_0000000000_1922022819370630_RAC0002.zip","Meta_xml":"http://cims.coastal.louisiana.gov/meta_docs/gis_refs/shoreline/BICM2/Shoreline_Metadata.xml","Meta_html":"http://cims.coastal.louisiana.gov/meta_docs/gis_refs/shoreline/BICM2/Shoreline_Metadata.html","COMMENTS":null,"SHAPE_Length":634.8818984417181,"DSAS_DATE":"06/30/1937","DSAS_UNCER":null,"year":1935}},{"type":"Feature","id":9902,"geometry":{"type":"LineString","coordinates":[[-91.879391,29.753813],[-91.880285,29.753294],[-91.881035,29.752279],[-91.881472,29.752248],[-91.881615,29.752353],[-91.882063,29.754174],[-91.882038,29.755655],[-91.881766,29.755952],[-91.881231,29.756107],[-91.881014,29.75647],[-91.881334,29.756994],[-91.881142,29.757854],[-91.881385,29.758302],[-91.881267,29.758732],[-91.879834,29.758815],[-91.879037,29.759219],[-91.878325,29.758983]]},"properties":{"OBJECTID":9902,"PROGRAM":"STATE","PROJECT":"LOUISIANA BARRIER ISLAND COMPREHENSIVE MONITORING PROGRAM (BICM)","PROJ_ID":"LA-0226","PROD_DATE":"20170706","SHORE_TYPE":"MARSH","SRC_DATE":"19370630","SRC_DATA":"USGS TOPOGRAPHIC MAP","SRC_RES":"1:62,500","SRC_VECT":"APPLIED COASTAL","SRC_RAST":"Derouen, LA","DIG_NOTES":" ","REGION":"AB","CONTRACTOR":"APPLIED COASTAL","ORG":"COASTAL PROTECTION AND RESTORATION AUTHORITY OF LOUISIANA (CPRA)","SRC_REG":"USGS","DATAURL":"http://cims.coastal.louisiana.gov/meta_docs/gis_refs/shoreline/BICM2/LA-0226_SHORL_0000000000_1922022819370630_RAC0002.zip","Meta_xml":"http://cims.coastal.louisiana.gov/meta_docs/gis_refs/shoreline/BICM2/Shoreline_Metadata.xml","Meta_html":"http://cims.coastal.louisiana.gov/meta_docs/gis_refs/shoreline/BICM2/Shoreline_Metadata.html","COMMENTS":null,"SHAPE_Length":1396.6789384154408,"DSAS_DATE":"06/30/1937","DSAS_UNCER":null,"year":1935}},{"type":"Feature","id":9903,"geometry":{"type":"LineString","coordinates":[[-91.878304,29.759174],[-91.878929,29.759468],[-91.879225,29.759438],[-91.879835,29.759015],[-91.880701,29.759193],[-91.880926,29.760338],[-91.881487,29.760823],[-91.88151,29.761176],[-91.881018,29.76114],[-91.880817,29.760443],[-91.880565,29.76032],[-91.879098,29.760279],[-91.877972,29.760551],[-91.87603,29.761523],[-91.875223,29.762157],[-91.874082,29.763689],[-91.873841,29.763652],[-91.873482,29.763921],[-91.873043,29.763779],[-91.873412,29.763195],[-91.873442,29.762718]]},"properties":{"OBJECTID":9903,"PROGRAM":"STATE","PROJECT":"LOUISIANA BARRIER ISLAND COMPREHENSIVE MONITORING PROGRAM (BICM)","PROJ_ID":"LA-0226","PROD_DATE":"20170706","SHORE_TYPE":"MARSH","SRC_DATE":"19370630","SRC_DATA":"USGS TOPOGRAPHIC MAP","SRC_RES":"1:62,500","SRC_VECT":"APPLIED COASTAL","SRC_RAST":"Derouen, LA","DIG_NOTES":" ","REGION":"AB","CONTRACTOR":"APPLIED COASTAL","ORG":"COASTAL PROTECTION AND RESTORATION AUTHORITY OF LOUISIANA (CPRA)","SRC_REG":"USGS","DATAURL":"http://cims.coastal.louisiana.gov/meta_docs/gis_refs/shoreline/BICM2/LA-0226_SHORL_0000000000_1922022819370630_RAC0002.zip","Meta_xml":"http://cims.coastal.louisiana.gov/meta_docs/gis_refs/shoreline/BICM2/Shoreline_Metadata.xml","Meta_html":"http://cims.coastal.louisiana.gov/meta_docs/gis_refs/shoreline/BICM2/Shoreline_Metadata.html","COMMENTS":null,"SHAPE_Length":1706.7049594899606,"DSAS_DATE":"06/30/1937","DSAS_UNCER":null,"year":1935}},{"type":"Feature","id":9904,"geometry":{"type":"LineString","coordinates":[[-91.8733,29.762728],[-91.873063,29.76334],[-91.872691,29.763361],[-91.872704,29.763771],[-91.87187,29.763383],[-91.87154,29.763117],[-91.871539,29.762878]]},"properties":{"OBJECTID":9904,"PROGRAM":"STATE","PROJECT":"LOUISIANA BARRIER ISLAND COMPREHENSIVE MONITORING PROGRAM (BICM)","PROJ_ID":"LA-0226","PROD_DATE":"20170706","SHORE_TYPE":"MARSH","SRC_DATE":"19370630","SRC_DATA":"USGS TOPOGRAPHIC MAP","SRC_RES":"1:62,500","SRC_VECT":"APPLIED COASTAL","SRC_RAST":"Derouen, LA","DIG_NOTES":" ","REGION":"AB","CONTRACTOR":"APPLIED COASTAL","ORG":"COASTAL PROTECTION AND RESTORATION AUTHORITY OF LOUISIANA (CPRA)","SRC_REG":"USGS","DATAURL":"http://cims.coastal.louisiana.gov/meta_docs/gis_refs/shoreline/BICM2/LA-0226_SHORL_0000000000_1922022819370630_RAC0002.zip","Meta_xml":"http://cims.coastal.louisiana.gov/meta_docs/gis_refs/shoreline/BICM2/Shoreline_Metadata.xml","Meta_html":"http://cims.coastal.louisiana.gov/meta_docs/gis_refs/shoreline/BICM2/Shoreline_Metadata.html","COMMENTS":null,"SHAPE_Length":321.2565152492418,"DSAS_DATE":"06/30/1937","DSAS_UNCER":null,"year":1935}},{"type":"Feature","id":9905,"geometry":{"type":"LineString","coordinates":[[-91.871037,29.763215],[-91.87285,29.764544],[-91.873466,29.767072],[-91.873062,29.767217],[-91.872405,29.767172],[-91.872581,29.76739],[-91.872462,29.76762],[-91.871133,29.76879],[-91.870277,29.768422],[-91.86977,29.767708]]},"properties":{"OBJECTID":9905,"PROGRAM":"STATE","PROJECT":"LOUISIANA BARRIER ISLAND COMPREHENSIVE MONITORING PROGRAM (BICM)","PROJ_ID":"LA-0226","PROD_DATE":"20170706","SHORE_TYPE":"MARSH","SRC_DATE":"19370630","SRC_DATA":"USGS TOPOGRAPHIC MAP","SRC_RES":"1:62,500","SRC_VECT":"APPLIED COASTAL","SRC_RAST":"Derouen, LA","DIG_NOTES":" ","REGION":"AB","CONTRACTOR":"APPLIED COASTAL","ORG":"COASTAL PROTECTION AND RESTORATION AUTHORITY OF LOUISIANA (CPRA)","SRC_REG":"USGS","DATAURL":"http://cims.coastal.louisiana.gov/meta_docs/gis_refs/shoreline/BICM2/LA-0226_SHORL_0000000000_1922022819370630_RAC0002.zip","Meta_xml":"http://cims.coastal.louisiana.gov/meta_docs/gis_refs/shoreline/BICM2/Shoreline_Metadata.xml","Meta_html":"http://cims.coastal.louisiana.gov/meta_docs/gis_refs/shoreline/BICM2/Shoreline_Metadata.html","COMMENTS":null,"SHAPE_Length":1054.6959915740372,"DSAS_DATE":"06/30/1937","DSAS_UNCER":null,"year":1935}},{"type":"Feature","id":9906,"geometry":{"type":"LineString","coordinates":[[-91.869661,29.767803],[-91.870059,29.768508],[-91.871069,29.769115],[-91.87089,29.770329],[-91.870298,29.770197],[-91.869446,29.770487],[-91.868776,29.770137]]},"properties":{"OBJECTID":9906,"PROGRAM":"STATE","PROJECT":"LOUISIANA BARRIER ISLAND COMPREHENSIVE MONITORING PROGRAM (BICM)","PROJ_ID":"LA-0226","PROD_DATE":"20170706","SHORE_TYPE":"MARSH","SRC_DATE":"19370630","SRC_DATA":"USGS TOPOGRAPHIC MAP","SRC_RES":"1:62,500","SRC_VECT":"APPLIED COASTAL","SRC_RAST":"Derouen, LA","DIG_NOTES":" ","REGION":"AB","CONTRACTOR":"APPLIED COASTAL","ORG":"COASTAL PROTECTION AND RESTORATION AUTHORITY OF LOUISIANA (CPRA)","SRC_REG":"USGS","DATAURL":"http://cims.coastal.louisiana.gov/meta_docs/gis_refs/shoreline/BICM2/LA-0226_SHORL_0000000000_1922022819370630_RAC0002.zip","Meta_xml":"http://cims.coastal.louisiana.gov/meta_docs/gis_refs/shoreline/BICM2/Shoreline_Metadata.xml","Meta_html":"http://cims.coastal.louisiana.gov/meta_docs/gis_refs/shoreline/BICM2/Shoreline_Metadata.html","COMMENTS":null,"SHAPE_Length":591.1054086405305,"DSAS_DATE":"06/30/1937","DSAS_UNCER":null,"year":1935}},{"type":"Feature","id":9907,"geometry":{"type":"LineString","coordinates":[[-91.868602,29.77029],[-91.869578,29.770678],[-91.870157,29.770408],[-91.870628,29.770492],[-91.870696,29.770969],[-91.871236,29.771588],[-91.871849,29.771614],[-91.872255,29.771841],[-91.872245,29.77209],[-91.871132,29.772591],[-91.87089,29.772515],[-91.870268,29.772785],[-91.87005,29.773025],[-91.869987,29.773502],[-91.86906,29.774041],[-91.868921,29.774719],[-91.868419,29.774893],[-91.868137,29.775429],[-91.867732,29.775479],[-91.867231,29.775958],[-91.86755,29.776224],[-91.867508,29.776501],[-91.867113,29.776407],[-91.866459,29.77684],[-91.86609,29.777395],[-91.865282,29.777837],[-91.864204,29.778863],[-91.862968,29.780979],[-91.862113,29.782997],[-91.862096,29.783837],[-91.861673,29.784593],[-91.861645,29.785529],[-91.861221,29.785999],[-91.860952,29.78683],[-91.860397,29.787615],[-91.860195,29.788571],[-91.859684,29.789347],[-91.859321,29.791153],[-91.858888,29.791995],[-91.858565,29.793113],[-91.85875,29.794965],[-91.858704,29.796474],[-91.858871,29.797046],[-91.858755,29.798011],[-91.858956,29.798611],[-91.858915,29.79928],[-91.858613,29.800026],[-91.858384,29.800199],[-91.857803,29.800105],[-91.857191,29.800347],[-91.856752,29.8001],[-91.856652,29.799747],[-91.855642,29.799302],[-91.85285,29.799189],[-91.851504,29.799338],[-91.851079,29.799645],[-91.850247,29.799782],[-91.849627,29.800405],[-91.849101,29.800331],[-91.848557,29.80103],[-91.848141,29.801127],[-91.84803,29.800793],[-91.848332,29.800537],[-91.848374,29.800279],[-91.848361,29.797587],[-91.848501,29.797271],[-91.848971,29.797078],[-91.849145,29.79681],[-91.849802,29.796808],[-91.849746,29.796569],[-91.849185,29.796113],[-91.848993,29.794939],[-91.849145,29.79471],[-91.849561,29.794641],[-91.849787,29.794],[-91.850201,29.79354],[-91.850376,29.793473],[-91.85076,29.793672],[-91.851591,29.793516],[-91.851874,29.793257],[-91.852181,29.793218]]},"properties":{"OBJECTID":9907,"PROGRAM":"STATE","PROJECT":"LOUISIANA BARRIER ISLAND COMPREHENSIVE MONITORING PROGRAM (BICM)","PROJ_ID":"LA-0226","PROD_DATE":"20170706","SHORE_TYPE":"MARSH","SRC_DATE":"19370630","SRC_DATA":"USGS TOPOGRAPHIC MAP","SRC_RES":"1:62,500","SRC_VECT":"APPLIED COASTAL","SRC_RAST":"Derouen, LA","DIG_NOTES":" ","REGION":"AB","CONTRACTOR":"APPLIED COASTAL","ORG":"COASTAL PROTECTION AND RESTORATION AUTHORITY OF LOUISIANA (CPRA)","SRC_REG":"USGS","DATAURL":"http://cims.coastal.louisiana.gov/meta_docs/gis_refs/shoreline/BICM2/LA-0226_SHORL_0000000000_1922022819370630_RAC0002.zip","Meta_xml":"http://cims.coastal.louisiana.gov/meta_docs/gis_refs/shoreline/BICM2/Shoreline_Metadata.xml","Meta_html":"http://cims.coastal.louisiana.gov/meta_docs/gis_refs/shoreline/BICM2/Shoreline_Metadata.html","COMMENTS":null,"SHAPE_Length":6674.163398543059,"DSAS_DATE":"06/30/1937","DSAS_UNCER":null,"year":1935}},{"type":"Feature","id":9908,"geometry":{"type":"LineString","coordinates":[[-91.852179,29.792998],[-91.851316,29.793316],[-91.850637,29.7933],[-91.850571,29.793186],[-91.850732,29.792517],[-91.851813,29.79194]]},"properties":{"OBJECTID":9908,"PROGRAM":"STATE","PROJECT":"LOUISIANA BARRIER ISLAND COMPREHENSIVE MONITORING PROGRAM (BICM)","PROJ_ID":"LA-0226","PROD_DATE":"20170706","SHORE_TYPE":"MARSH","SRC_DATE":"19370630","SRC_DATA":"USGS TOPOGRAPHIC MAP","SRC_RES":"1:62,500","SRC_VECT":"APPLIED COASTAL","SRC_RAST":"Derouen, LA","DIG_NOTES":" ","REGION":"AB","CONTRACTOR":"APPLIED COASTAL","ORG":"COASTAL PROTECTION AND RESTORATION AUTHORITY OF LOUISIANA (CPRA)","SRC_REG":"USGS","DATAURL":"http://cims.coastal.louisiana.gov/meta_docs/gis_refs/shoreline/BICM2/LA-0226_SHORL_0000000000_1922022819370630_RAC0002.zip","Meta_xml":"http://cims.coastal.louisiana.gov/meta_docs/gis_refs/shoreline/BICM2/Shoreline_Metadata.xml","Meta_html":"http://cims.coastal.louisiana.gov/meta_docs/gis_refs/shoreline/BICM2/Shoreline_Metadata.html","COMMENTS":null,"SHAPE_Length":381.4731654361409,"DSAS_DATE":"06/30/1937","DSAS_UNCER":null,"year":1935}},{"type":"Feature","id":9909,"geometry":{"type":"LineString","coordinates":[[-91.851692,29.791816],[-91.85097,29.791933],[-91.850327,29.792595],[-91.850087,29.792643],[-91.849199,29.792475],[-91.848811,29.791608],[-91.849323,29.791109],[-91.84942,29.790698],[-91.84882,29.788972],[-91.848839,29.78839],[-91.849002,29.788227],[-91.849904,29.788978],[-91.851536,29.78921]]},"properties":{"OBJECTID":9909,"PROGRAM":"STATE","PROJECT":"LOUISIANA BARRIER ISLAND COMPREHENSIVE MONITORING PROGRAM (BICM)","PROJ_ID":"LA-0226","PROD_DATE":"20170706","SHORE_TYPE":"MARSH","SRC_DATE":"19370630","SRC_DATA":"USGS TOPOGRAPHIC MAP","SRC_RES":"1:62,500","SRC_VECT":"APPLIED COASTAL","SRC_RAST":"Derouen, LA","DIG_NOTES":" ","REGION":"AB","CONTRACTOR":"APPLIED COASTAL","ORG":"COASTAL PROTECTION AND RESTORATION AUTHORITY OF LOUISIANA (CPRA)","SRC_REG":"USGS","DATAURL":"http://cims.coastal.louisiana.gov/meta_docs/gis_refs/shoreline/BICM2/LA-0226_SHORL_0000000000_1922022819370630_RAC0002.zip","Meta_xml":"http://cims.coastal.louisiana.gov/meta_docs/gis_refs/shoreline/BICM2/Shoreline_Metadata.xml","Meta_html":"http://cims.coastal.louisiana.gov/meta_docs/gis_refs/shoreline/BICM2/Shoreline_Metadata.html","COMMENTS":null,"SHAPE_Length":1086.853306350981,"DSAS_DATE":"06/30/1937","DSAS_UNCER":null,"year":1935}},{"type":"Feature","id":9910,"geometry":{"type":"LineString","coordinates":[[-91.851414,29.788914],[-91.849902,29.788653],[-91.850021,29.788462],[-91.851496,29.787969],[-91.851572,29.787768]]},"properties":{"OBJECTID":9910,"PROGRAM":"STATE","PROJECT":"LOUISIANA BARRIER ISLAND COMPREHENSIVE MONITORING PROGRAM (BICM)","PROJ_ID":"LA-0226","PROD_DATE":"20170706","SHORE_TYPE":"MARSH","SRC_DATE":"19370630","SRC_DATA":"USGS TOPOGRAPHIC MAP","SRC_RES":"1:62,500","SRC_VECT":"APPLIED COASTAL","SRC_RAST":"Derouen, LA","DIG_NOTES":" ","REGION":"AB","CONTRACTOR":"APPLIED COASTAL","ORG":"COASTAL PROTECTION AND RESTORATION AUTHORITY OF LOUISIANA (CPRA)","SRC_REG":"USGS","DATAURL":"http://cims.coastal.louisiana.gov/meta_docs/gis_refs/shoreline/BICM2/LA-0226_SHORL_0000000000_1922022819370630_RAC0002.zip","Meta_xml":"http://cims.coastal.louisiana.gov/meta_docs/gis_refs/shoreline/BICM2/Shoreline_Metadata.xml","Meta_html":"http://cims.coastal.louisiana.gov/meta_docs/gis_refs/shoreline/BICM2/Shoreline_Metadata.html","COMMENTS":null,"SHAPE_Length":356.0049998489289,"DSAS_DATE":"06/30/1937","DSAS_UNCER":null,"year":1935}},{"type":"Feature","id":9911,"geometry":{"type":"LineString","coordinates":[[-91.85133,29.787473],[-91.850599,29.78801],[-91.850118,29.788089],[-91.849876,29.787966],[-91.849192,29.786765],[-91.848468,29.78651],[-91.848635,29.785039],[-91.848415,29.784696],[-91.847658,29.784394],[-91.847401,29.783363],[-91.846807,29.782917],[-91.845667,29.782597],[-91.845128,29.781969],[-91.845159,29.781711],[-91.845606,29.781251],[-91.846451,29.781725],[-91.847434,29.781406]]},"properties":{"OBJECTID":9911,"PROGRAM":"STATE","PROJECT":"LOUISIANA BARRIER ISLAND COMPREHENSIVE MONITORING PROGRAM (BICM)","PROJ_ID":"LA-0226","PROD_DATE":"20170706","SHORE_TYPE":"MARSH","SRC_DATE":"19370630","SRC_DATA":"USGS TOPOGRAPHIC MAP","SRC_RES":"1:62,500","SRC_VECT":"APPLIED COASTAL","SRC_RAST":"Derouen, LA","DIG_NOTES":" ","REGION":"AB","CONTRACTOR":"APPLIED COASTAL","ORG":"COASTAL PROTECTION AND RESTORATION AUTHORITY OF LOUISIANA (CPRA)","SRC_REG":"USGS","DATAURL":"http://cims.coastal.louisiana.gov/meta_docs/gis_refs/shoreline/BICM2/LA-0226_SHORL_0000000000_1922022819370630_RAC0002.zip","Meta_xml":"http://cims.coastal.louisiana.gov/meta_docs/gis_refs/shoreline/BICM2/Shoreline_Metadata.xml","Meta_html":"http://cims.coastal.louisiana.gov/meta_docs/gis_refs/shoreline/BICM2/Shoreline_Metadata.html","COMMENTS":null,"SHAPE_Length":1392.29036580126,"DSAS_DATE":"06/30/1937","DSAS_UNCER":null,"year":1935}},{"type":"Feature","id":9912,"geometry":{"type":"LineString","coordinates":[[-91.847543,29.781281],[-91.847214,29.781139],[-91.846876,29.781294],[-91.846295,29.781219],[-91.845646,29.780534],[-91.84573,29.779961],[-91.846505,29.779538],[-91.846677,29.778783],[-91.84696,29.778629]]},"properties":{"OBJECTID":9912,"PROGRAM":"STATE","PROJECT":"LOUISIANA BARRIER ISLAND COMPREHENSIVE MONITORING PROGRAM (BICM)","PROJ_ID":"LA-0226","PROD_DATE":"20170706","SHORE_TYPE":"MARSH","SRC_DATE":"19370630","SRC_DATA":"USGS TOPOGRAPHIC MAP","SRC_RES":"1:62,500","SRC_VECT":"APPLIED COASTAL","SRC_RAST":"Derouen, LA","DIG_NOTES":" ","REGION":"AB","CONTRACTOR":"APPLIED COASTAL","ORG":"COASTAL PROTECTION AND RESTORATION AUTHORITY OF LOUISIANA (CPRA)","SRC_REG":"USGS","DATAURL":"http://cims.coastal.louisiana.gov/meta_docs/gis_refs/shoreline/BICM2/LA-0226_SHORL_0000000000_1922022819370630_RAC0002.zip","Meta_xml":"http://cims.coastal.louisiana.gov/meta_docs/gis_refs/shoreline/BICM2/Shoreline_Metadata.xml","Meta_html":"http://cims.coastal.louisiana.gov/meta_docs/gis_refs/shoreline/BICM2/Shoreline_Metadata.html","COMMENTS":null,"SHAPE_Length":510.2638413562686,"DSAS_DATE":"06/30/1937","DSAS_UNCER":null,"year":1935}},{"type":"Feature","id":9913,"geometry":{"type":"LineString","coordinates":[[-91.84708,29.778543],[-91.84674,29.778344],[-91.846456,29.77845],[-91.846254,29.77953],[-91.845663,29.779608],[-91.845109,29.780365],[-91.844616,29.780367],[-91.843628,29.779855],[-91.842732,29.780107],[-91.842128,29.77967],[-91.841449,29.779558],[-91.841414,29.779243],[-91.840888,29.779016],[-91.840078,29.779057],[-91.839815,29.778915],[-91.839711,29.778008],[-91.839437,29.77777],[-91.839446,29.777398],[-91.839554,29.777254],[-91.839784,29.777282],[-91.840717,29.777689],[-91.840979,29.777516],[-91.8415,29.776664]]},"properties":{"OBJECTID":9913,"PROGRAM":"STATE","PROJECT":"LOUISIANA BARRIER ISLAND COMPREHENSIVE MONITORING PROGRAM (BICM)","PROJ_ID":"LA-0226","PROD_DATE":"20170706","SHORE_TYPE":"MARSH","SRC_DATE":"19370630","SRC_DATA":"USGS TOPOGRAPHIC MAP","SRC_RES":"1:62,500","SRC_VECT":"APPLIED COASTAL","SRC_RAST":"Derouen, LA","DIG_NOTES":" ","REGION":"AB","CONTRACTOR":"APPLIED COASTAL","ORG":"COASTAL PROTECTION AND RESTORATION AUTHORITY OF LOUISIANA (CPRA)","SRC_REG":"USGS","DATAURL":"http://cims.coastal.louisiana.gov/meta_docs/gis_refs/shoreline/BICM2/LA-0226_SHORL_0000000000_1922022819370630_RAC0002.zip","Meta_xml":"http://cims.coastal.louisiana.gov/meta_docs/gis_refs/shoreline/BICM2/Shoreline_Metadata.xml","Meta_html":"http://cims.coastal.louisiana.gov/meta_docs/gis_refs/shoreline/BICM2/Shoreline_Metadata.html","COMMENTS":null,"SHAPE_Length":1422.4110347562678,"DSAS_DATE":"06/30/1937","DSAS_UNCER":null,"year":1935}},{"type":"Feature","id":9914,"geometry":{"type":"LineString","coordinates":[[-91.841357,29.776503],[-91.840736,29.77724],[-91.840408,29.777251],[-91.839838,29.776976],[-91.839485,29.776539],[-91.839249,29.775308],[-91.838862,29.774517],[-91.838927,29.774345],[-91.83955,29.774161],[-91.840029,29.773806],[-91.8411,29.773448]]},"properties":{"OBJECTID":9914,"PROGRAM":"STATE","PROJECT":"LOUISIANA BARRIER ISLAND COMPREHENSIVE MONITORING PROGRAM (BICM)","PROJ_ID":"LA-0226","PROD_DATE":"20170706","SHORE_TYPE":"MARSH","SRC_DATE":"19370630","SRC_DATA":"USGS TOPOGRAPHIC MAP","SRC_RES":"1:62,500","SRC_VECT":"APPLIED COASTAL","SRC_RAST":"Derouen, LA","DIG_NOTES":" ","REGION":"AB","CONTRACTOR":"APPLIED COASTAL","ORG":"COASTAL PROTECTION AND RESTORATION AUTHORITY OF LOUISIANA (CPRA)","SRC_REG":"USGS","DATAURL":"http://cims.coastal.louisiana.gov/meta_docs/gis_refs/shoreline/BICM2/LA-0226_SHORL_0000000000_1922022819370630_RAC0002.zip","Meta_xml":"http://cims.coastal.louisiana.gov/meta_docs/gis_refs/shoreline/BICM2/Shoreline_Metadata.xml","Meta_html":"http://cims.coastal.louisiana.gov/meta_docs/gis_refs/shoreline/BICM2/Shoreline_Metadata.html","COMMENTS":null,"SHAPE_Length":751.3386984466849,"DSAS_DATE":"06/30/1937","DSAS_UNCER":null,"year":1935}},{"type":"Feature","id":9915,"geometry":{"type":"LineString","coordinates":[[-91.84111,29.77319],[-91.840312,29.773375],[-91.838947,29.774115],[-91.837609,29.773548],[-91.837156,29.772709],[-91.837116,29.771267],[-91.836892,29.770161]]},"properties":{"OBJECTID":9915,"PROGRAM":"STATE","PROJECT":"LOUISIANA BARRIER ISLAND COMPREHENSIVE MONITORING PROGRAM (BICM)","PROJ_ID":"LA-0226","PROD_DATE":"20170706","SHORE_TYPE":"MARSH","SRC_DATE":"19370630","SRC_DATA":"USGS TOPOGRAPHIC MAP","SRC_RES":"1:62,500","SRC_VECT":"APPLIED COASTAL","SRC_RAST":"Derouen, LA","DIG_NOTES":" ","REGION":"AB","CONTRACTOR":"APPLIED COASTAL","ORG":"COASTAL PROTECTION AND RESTORATION AUTHORITY OF LOUISIANA (CPRA)","SRC_REG":"USGS","DATAURL":"http://cims.coastal.louisiana.gov/meta_docs/gis_refs/shoreline/BICM2/LA-0226_SHORL_0000000000_1922022819370630_RAC0002.zip","Meta_xml":"http://cims.coastal.louisiana.gov/meta_docs/gis_refs/shoreline/BICM2/Shoreline_Metadata.xml","Meta_html":"http://cims.coastal.louisiana.gov/meta_docs/gis_refs/shoreline/BICM2/Shoreline_Metadata.html","COMMENTS":null,"SHAPE_Length":772.4003798167738,"DSAS_DATE":"06/30/1937","DSAS_UNCER":null,"year":1935}},{"type":"Feature","id":9916,"geometry":{"type":"LineString","coordinates":[[-91.836125,29.770198],[-91.836443,29.772603],[-91.836434,29.772956],[-91.836173,29.773339],[-91.83544,29.773323],[-91.833869,29.772155]]},"properties":{"OBJECTID":9916,"PROGRAM":"STATE","PROJECT":"LOUISIANA BARRIER ISLAND COMPREHENSIVE MONITORING PROGRAM (BICM)","PROJ_ID":"LA-0226","PROD_DATE":"20170706","SHORE_TYPE":"MARSH","SRC_DATE":"19370630","SRC_DATA":"USGS TOPOGRAPHIC MAP","SRC_RES":"1:62,500","SRC_VECT":"APPLIED COASTAL","SRC_RAST":"Derouen, LA","DIG_NOTES":" ","REGION":"AB","CONTRACTOR":"APPLIED COASTAL","ORG":"COASTAL PROTECTION AND RESTORATION AUTHORITY OF LOUISIANA (CPRA)","SRC_REG":"USGS","DATAURL":"http://cims.coastal.louisiana.gov/meta_docs/gis_refs/shoreline/BICM2/LA-0226_SHORL_0000000000_1922022819370630_RAC0002.zip","Meta_xml":"http://cims.coastal.louisiana.gov/meta_docs/gis_refs/shoreline/BICM2/Shoreline_Metadata.xml","Meta_html":"http://cims.coastal.louisiana.gov/meta_docs/gis_refs/shoreline/BICM2/Shoreline_Metadata.html","COMMENTS":null,"SHAPE_Length":633.721149525086,"DSAS_DATE":"06/30/1937","DSAS_UNCER":null,"year":1935}},{"type":"Feature","id":9917,"geometry":{"type":"LineString","coordinates":[[-91.833706,29.772461],[-91.835311,29.773744],[-91.83634,29.773959],[-91.836593,29.774197],[-91.836793,29.774722],[-91.836631,29.775228],[-91.835892,29.776205],[-91.83481,29.776457],[-91.834713,29.776859],[-91.834397,29.777166],[-91.832858,29.777868],[-91.830999,29.778334],[-91.830486,29.778574],[-91.829811,29.779274],[-91.829373,29.779362],[-91.828957,29.779172],[-91.828998,29.778714],[-91.829488,29.77812],[-91.830406,29.777811],[-91.830852,29.777418]]},"properties":{"OBJECTID":9917,"PROGRAM":"STATE","PROJECT":"LOUISIANA BARRIER ISLAND COMPREHENSIVE MONITORING PROGRAM (BICM)","PROJ_ID":"LA-0226","PROD_DATE":"20170706","SHORE_TYPE":"MARSH","SRC_DATE":"19370630","SRC_DATA":"USGS TOPOGRAPHIC MAP","SRC_RES":"1:62,500","SRC_VECT":"APPLIED COASTAL","SRC_RAST":"Derouen, LA","DIG_NOTES":" ","REGION":"AB","CONTRACTOR":"APPLIED COASTAL","ORG":"COASTAL PROTECTION AND RESTORATION AUTHORITY OF LOUISIANA (CPRA)","SRC_REG":"USGS","DATAURL":"http://cims.coastal.louisiana.gov/meta_docs/gis_refs/shoreline/BICM2/LA-0226_SHORL_0000000000_1922022819370630_RAC0002.zip","Meta_xml":"http://cims.coastal.louisiana.gov/meta_docs/gis_refs/shoreline/BICM2/Shoreline_Metadata.xml","Meta_html":"http://cims.coastal.louisiana.gov/meta_docs/gis_refs/shoreline/BICM2/Shoreline_Metadata.html","COMMENTS":null,"SHAPE_Length":1709.1989043589765,"DSAS_DATE":"06/30/1937","DSAS_UNCER":null,"year":1935}},{"type":"Feature","id":9918,"geometry":{"type":"LineString","coordinates":[[-91.830687,29.777266],[-91.830415,29.777515],[-91.828961,29.777883],[-91.828697,29.777684],[-91.828639,29.776891]]},"properties":{"OBJECTID":9918,"PROGRAM":"STATE","PROJECT":"LOUISIANA BARRIER ISLAND COMPREHENSIVE MONITORING PROGRAM (BICM)","PROJ_ID":"LA-0226","PROD_DATE":"20170706","SHORE_TYPE":"MARSH","SRC_DATE":"19370630","SRC_DATA":"USGS TOPOGRAPHIC MAP","SRC_RES":"1:62,500","SRC_VECT":"APPLIED COASTAL","SRC_RAST":"Derouen, LA","DIG_NOTES":" ","REGION":"AB","CONTRACTOR":"APPLIED COASTAL","ORG":"COASTAL PROTECTION AND RESTORATION AUTHORITY OF LOUISIANA (CPRA)","SRC_REG":"USGS","DATAURL":"http://cims.coastal.louisiana.gov/meta_docs/gis_refs/shoreline/BICM2/LA-0226_SHORL_0000000000_1922022819370630_RAC0002.zip","Meta_xml":"http://cims.coastal.louisiana.gov/meta_docs/gis_refs/shoreline/BICM2/Shoreline_Metadata.xml","Meta_html":"http://cims.coastal.louisiana.gov/meta_docs/gis_refs/shoreline/BICM2/Shoreline_Metadata.html","COMMENTS":null,"SHAPE_Length":312.0433848695478,"DSAS_DATE":"06/30/1937","DSAS_UNCER":null,"year":1935}},{"type":"Feature","id":9919,"geometry":{"type":"LineString","coordinates":[[-91.828398,29.776892],[-91.828214,29.777351],[-91.827798,29.777305],[-91.827534,29.776962]]},"properties":{"OBJECTID":9919,"PROGRAM":"STATE","PROJECT":"LOUISIANA BARRIER ISLAND COMPREHENSIVE MONITORING PROGRAM (BICM)","PROJ_ID":"LA-0226","PROD_DATE":"20170706","SHORE_TYPE":"MARSH","SRC_DATE":"19370630","SRC_DATA":"USGS TOPOGRAPHIC MAP","SRC_RES":"1:62,500","SRC_VECT":"APPLIED COASTAL","SRC_RAST":"Derouen, LA","DIG_NOTES":" ","REGION":"AB","CONTRACTOR":"APPLIED COASTAL","ORG":"COASTAL PROTECTION AND RESTORATION AUTHORITY OF LOUISIANA (CPRA)","SRC_REG":"USGS","DATAURL":"http://cims.coastal.louisiana.gov/meta_docs/gis_refs/shoreline/BICM2/LA-0226_SHORL_0000000000_1922022819370630_RAC0002.zip","Meta_xml":"http://cims.coastal.louisiana.gov/meta_docs/gis_refs/shoreline/BICM2/Shoreline_Metadata.xml","Meta_html":"http://cims.coastal.louisiana.gov/meta_docs/gis_refs/shoreline/BICM2/Shoreline_Metadata.html","COMMENTS":null,"SHAPE_Length":145.05738418521355,"DSAS_DATE":"06/30/1937","DSAS_UNCER":null,"year":1935}},{"type":"Feature","id":9920,"geometry":{"type":"LineString","coordinates":[[-91.827152,29.77725],[-91.827241,29.777498],[-91.82803,29.777658],[-91.828151,29.777829],[-91.828076,29.778173],[-91.827181,29.778654],[-91.826179,29.779708],[-91.825403,29.779921],[-91.824395,29.779791]]},"properties":{"OBJECTID":9920,"PROGRAM":"STATE","PROJECT":"LOUISIANA BARRIER ISLAND COMPREHENSIVE MONITORING PROGRAM (BICM)","PROJ_ID":"LA-0226","PROD_DATE":"20170706","SHORE_TYPE":"MARSH","SRC_DATE":"19370630","SRC_DATA":"USGS TOPOGRAPHIC MAP","SRC_RES":"1:62,500","SRC_VECT":"APPLIED COASTAL","SRC_RAST":"Derouen, LA","DIG_NOTES":" ","REGION":"AB","CONTRACTOR":"APPLIED COASTAL","ORG":"COASTAL PROTECTION AND RESTORATION AUTHORITY OF LOUISIANA (CPRA)","SRC_REG":"USGS","DATAURL":"http://cims.coastal.louisiana.gov/meta_docs/gis_refs/shoreline/BICM2/LA-0226_SHORL_0000000000_1922022819370630_RAC0002.zip","Meta_xml":"http://cims.coastal.louisiana.gov/meta_docs/gis_refs/shoreline/BICM2/Shoreline_Metadata.xml","Meta_html":"http://cims.coastal.louisiana.gov/meta_docs/gis_refs/shoreline/BICM2/Shoreline_Metadata.html","COMMENTS":null,"SHAPE_Length":602.4540034957289,"DSAS_DATE":"06/30/1937","DSAS_UNCER":null,"year":1935}},{"type":"Feature","id":9921,"geometry":{"type":"LineString","coordinates":[[-91.824398,29.780345],[-91.825022,29.7804],[-91.826269,29.780242],[-91.826761,29.78003],[-91.827363,29.780057],[-91.827846,29.780303],[-91.827936,29.780809],[-91.827893,29.780962],[-91.82667,29.781597],[-91.826162,29.782878],[-91.825352,29.782862],[-91.824573,29.782492],[-91.824146,29.782465]]},"properties":{"OBJECTID":9921,"PROGRAM":"STATE","PROJECT":"LOUISIANA BARRIER ISLAND COMPREHENSIVE MONITORING PROGRAM (BICM)","PROJ_ID":"LA-0226","PROD_DATE":"20170706","SHORE_TYPE":"MARSH","SRC_DATE":"19370630","SRC_DATA":"USGS TOPOGRAPHIC MAP","SRC_RES":"1:62,500","SRC_VECT":"APPLIED COASTAL","SRC_RAST":"Derouen, LA","DIG_NOTES":" ","REGION":"AB","CONTRACTOR":"APPLIED COASTAL","ORG":"COASTAL PROTECTION AND RESTORATION AUTHORITY OF LOUISIANA (CPRA)","SRC_REG":"USGS","DATAURL":"http://cims.coastal.louisiana.gov/meta_docs/gis_refs/shoreline/BICM2/LA-0226_SHORL_0000000000_1922022819370630_RAC0002.zip","Meta_xml":"http://cims.coastal.louisiana.gov/meta_docs/gis_refs/shoreline/BICM2/Shoreline_Metadata.xml","Meta_html":"http://cims.coastal.louisiana.gov/meta_docs/gis_refs/shoreline/BICM2/Shoreline_Metadata.html","COMMENTS":null,"SHAPE_Length":919.1615613789982,"DSAS_DATE":"06/30/1937","DSAS_UNCER":null,"year":1935}},{"type":"Feature","id":9922,"geometry":{"type":"LineString","coordinates":[[-91.824125,29.782647],[-91.82554,29.783291],[-91.826656,29.783105],[-91.826755,29.783363],[-91.826539,29.783898],[-91.826533,29.784891],[-91.82625,29.785169],[-91.826244,29.786153],[-91.825802,29.787491],[-91.825485,29.787693],[-91.82451,29.787429],[-91.824147,29.787096]]},"properties":{"OBJECTID":9922,"PROGRAM":"STATE","PROJECT":"LOUISIANA BARRIER ISLAND COMPREHENSIVE MONITORING PROGRAM (BICM)","PROJ_ID":"LA-0226","PROD_DATE":"20170706","SHORE_TYPE":"MARSH","SRC_DATE":"19370630","SRC_DATA":"USGS TOPOGRAPHIC MAP","SRC_RES":"1:62,500","SRC_VECT":"APPLIED COASTAL","SRC_RAST":"Derouen, LA","DIG_NOTES":" ","REGION":"AB","CONTRACTOR":"APPLIED COASTAL","ORG":"COASTAL PROTECTION AND RESTORATION AUTHORITY OF LOUISIANA (CPRA)","SRC_REG":"USGS","DATAURL":"http://cims.coastal.louisiana.gov/meta_docs/gis_refs/shoreline/BICM2/LA-0226_SHORL_0000000000_1922022819370630_RAC0002.zip","Meta_xml":"http://cims.coastal.louisiana.gov/meta_docs/gis_refs/shoreline/BICM2/Shoreline_Metadata.xml","Meta_html":"http://cims.coastal.louisiana.gov/meta_docs/gis_refs/shoreline/BICM2/Shoreline_Metadata.html","COMMENTS":null,"SHAPE_Length":976.066786661586,"DSAS_DATE":"06/30/1937","DSAS_UNCER":null,"year":1935}},{"type":"Feature","id":9923,"geometry":{"type":"LineString","coordinates":[[-91.823713,29.787929],[-91.824524,29.788059],[-91.824472,29.788766],[-91.825165,29.789298],[-91.825314,29.789901],[-91.825033,29.790628],[-91.824898,29.792032],[-91.824166,29.79235],[-91.823873,29.792838],[-91.824054,29.79405],[-91.823562,29.7941],[-91.820855,29.793594]]},"properties":{"OBJECTID":9923,"PROGRAM":"STATE","PROJECT":"LOUISIANA BARRIER ISLAND COMPREHENSIVE MONITORING PROGRAM (BICM)","PROJ_ID":"LA-0226","PROD_DATE":"20170706","SHORE_TYPE":"MARSH","SRC_DATE":"19370630","SRC_DATA":"USGS TOPOGRAPHIC MAP","SRC_RES":"1:62,500","SRC_VECT":"APPLIED COASTAL","SRC_RAST":"Derouen, LA","DIG_NOTES":" ","REGION":"AB","CONTRACTOR":"APPLIED COASTAL","ORG":"COASTAL PROTECTION AND RESTORATION AUTHORITY OF LOUISIANA (CPRA)","SRC_REG":"USGS","DATAURL":"http://cims.coastal.louisiana.gov/meta_docs/gis_refs/shoreline/BICM2/LA-0226_SHORL_0000000000_1922022819370630_RAC0002.zip","Meta_xml":"http://cims.coastal.louisiana.gov/meta_docs/gis_refs/shoreline/BICM2/Shoreline_Metadata.xml","Meta_html":"http://cims.coastal.louisiana.gov/meta_docs/gis_refs/shoreline/BICM2/Shoreline_Metadata.html","COMMENTS":null,"SHAPE_Length":1163.5110977717038,"DSAS_DATE":"06/30/1937","DSAS_UNCER":null,"year":1935}},{"type":"Feature","id":9924,"geometry":{"type":"LineString","coordinates":[[-91.820878,29.793842],[-91.821568,29.793859],[-91.822566,29.794132],[-91.823293,29.795084],[-91.823438,29.795618],[-91.824064,29.796055],[-91.823859,29.796581],[-91.823938,29.797182],[-91.823634,29.797632],[-91.823538,29.798215],[-91.822929,29.798981],[-91.82248,29.799078],[-91.822165,29.7995],[-91.823529,29.800831],[-91.823635,29.802406],[-91.823365,29.803047],[-91.823585,29.803209],[-91.823729,29.803657],[-91.824577,29.804647],[-91.826632,29.80631],[-91.826809,29.806653],[-91.826347,29.808364],[-91.825892,29.809321],[-91.825488,29.811766],[-91.825547,29.812616],[-91.825946,29.813655],[-91.826344,29.814418],[-91.826971,29.814969],[-91.827854,29.816522],[-91.828471,29.817198],[-91.828638,29.817741],[-91.829123,29.818465],[-91.830605,29.819262],[-91.830884,29.820129],[-91.831487,29.820442],[-91.831687,29.821043],[-91.83259,29.821908],[-91.83257,29.822396],[-91.831601,29.823535],[-91.830661,29.82374],[-91.829412,29.823668],[-91.828484,29.824225],[-91.828286,29.824054],[-91.828269,29.822813],[-91.826818,29.821711],[-91.826453,29.820958]]},"properties":{"OBJECTID":9924,"PROGRAM":"STATE","PROJECT":"LOUISIANA BARRIER ISLAND COMPREHENSIVE MONITORING PROGRAM (BICM)","PROJ_ID":"LA-0226","PROD_DATE":"20170706","SHORE_TYPE":"MARSH","SRC_DATE":"19370630","SRC_DATA":"USGS TOPOGRAPHIC MAP","SRC_RES":"1:62,500","SRC_VECT":"APPLIED COASTAL","SRC_RAST":"Derouen, LA","DIG_NOTES":" ","REGION":"AB","CONTRACTOR":"APPLIED COASTAL","ORG":"COASTAL PROTECTION AND RESTORATION AUTHORITY OF LOUISIANA (CPRA)","SRC_REG":"USGS","DATAURL":"http://cims.coastal.louisiana.gov/meta_docs/gis_refs/shoreline/BICM2/LA-0226_SHORL_0000000000_1922022819370630_RAC0002.zip","Meta_xml":"http://cims.coastal.louisiana.gov/meta_docs/gis_refs/shoreline/BICM2/Shoreline_Metadata.xml","Meta_html":"http://cims.coastal.louisiana.gov/meta_docs/gis_refs/shoreline/BICM2/Shoreline_Metadata.html","COMMENTS":null,"SHAPE_Length":4846.796070245975,"DSAS_DATE":"06/30/1937","DSAS_UNCER":null,"year":1935}},{"type":"Feature","id":9925,"geometry":{"type":"LineString","coordinates":[[-91.829262,29.828748],[-91.829389,29.827965],[-91.829345,29.825645],[-91.828928,29.825446],[-91.828206,29.825572],[-91.827591,29.825145],[-91.82705,29.824412],[-91.826956,29.822971],[-91.826626,29.822666],[-91.826518,29.823049],[-91.827196,29.829482],[-91.827668,29.829833],[-91.828687,29.829829],[-91.829262,29.828748]]},"properties":{"OBJECTID":9925,"PROGRAM":"STATE","PROJECT":"LOUISIANA BARRIER ISLAND COMPREHENSIVE MONITORING PROGRAM (BICM)","PROJ_ID":"LA-0226","PROD_DATE":"20170706","SHORE_TYPE":"MARSH","SRC_DATE":"19370630","SRC_DATA":"USGS TOPOGRAPHIC MAP","SRC_RES":"1:62,500","SRC_VECT":"APPLIED COASTAL","SRC_RAST":"Derouen, LA","DIG_NOTES":" ","REGION":"AB","CONTRACTOR":"APPLIED COASTAL","ORG":"COASTAL PROTECTION AND RESTORATION AUTHORITY OF LOUISIANA (CPRA)","SRC_REG":"USGS","DATAURL":"http://cims.coastal.louisiana.gov/meta_docs/gis_refs/shoreline/BICM2/LA-0226_SHORL_0000000000_1922022819370630_RAC0002.zip","Meta_xml":"http://cims.coastal.louisiana.gov/meta_docs/gis_refs/shoreline/BICM2/Shoreline_Metadata.xml","Meta_html":"http://cims.coastal.louisiana.gov/meta_docs/gis_refs/shoreline/BICM2/Shoreline_Metadata.html","COMMENTS":null,"SHAPE_Length":1916.0934744079577,"DSAS_DATE":"06/30/1937","DSAS_UNCER":null,"year":1935}},{"type":"Feature","id":9926,"geometry":{"type":"LineString","coordinates":[[-91.825023,29.821956],[-91.825791,29.822201],[-91.825891,29.822488],[-91.826692,29.829397],[-91.82666,29.829598],[-91.825842,29.83025],[-91.825712,29.830585]]},"properties":{"OBJECTID":9926,"PROGRAM":"STATE","PROJECT":"LOUISIANA BARRIER ISLAND COMPREHENSIVE MONITORING PROGRAM (BICM)","PROJ_ID":"LA-0226","PROD_DATE":"20170706","SHORE_TYPE":"MARSH","SRC_DATE":"19370630","SRC_DATA":"USGS TOPOGRAPHIC MAP","SRC_RES":"1:62,500","SRC_VECT":"APPLIED COASTAL","SRC_RAST":"Derouen, LA","DIG_NOTES":" ","REGION":"AB","CONTRACTOR":"APPLIED COASTAL","ORG":"COASTAL PROTECTION AND RESTORATION AUTHORITY OF LOUISIANA (CPRA)","SRC_REG":"USGS","DATAURL":"http://cims.coastal.louisiana.gov/meta_docs/gis_refs/shoreline/BICM2/LA-0226_SHORL_0000000000_1922022819370630_RAC0002.zip","Meta_xml":"http://cims.coastal.louisiana.gov/meta_docs/gis_refs/shoreline/BICM2/Shoreline_Metadata.xml","Meta_html":"http://cims.coastal.louisiana.gov/meta_docs/gis_refs/shoreline/BICM2/Shoreline_Metadata.html","COMMENTS":null,"SHAPE_Length":1052.835793098525,"DSAS_DATE":"06/30/1937","DSAS_UNCER":null,"year":1935}},{"type":"Feature","id":9982,"geometry":{"type":"LineString","coordinates":[[-92.000155,29.60729],[-91.997641,29.60885],[-91.996037,29.609164],[-91.994306,29.610137],[-91.99185,29.610607],[-91.991507,29.611602],[-91.988537,29.613508],[-91.985449,29.614249],[-91.985399,29.613246],[-91.985659,29.613016]]},"properties":{"OBJECTID":9982,"PROGRAM":"STATE","PROJECT":"LOUISIANA BARRIER ISLAND COMPREHENSIVE MONITORING PROGRAM (BICM)","PROJ_ID":"LA-0226","PROD_DATE":"20170706","SHORE_TYPE":"MARSH","SRC_DATE":"19320630","SRC_DATA":"USGS TOPOGRAPHIC MAP","SRC_RES":"1:31,680","SRC_VECT":"APPLIED COASTAL","SRC_RAST":"Bayou Lucien, LA","DIG_NOTES":" ","REGION":"AB","CONTRACTOR":"APPLIED COASTAL","ORG":"COASTAL PROTECTION AND RESTORATION AUTHORITY OF LOUISIANA (CPRA)","SRC_REG":"APPLIED COASTAL","DATAURL":"http://cims.coastal.louisiana.gov/meta_docs/gis_refs/shoreline/BICM2/LA-0226_SHORL_0000000000_1922022819370630_RAC0002.zip","Meta_xml":"http://cims.coastal.louisiana.gov/meta_docs/gis_refs/shoreline/BICM2/Shoreline_Metadata.xml","Meta_html":"http://cims.coastal.louisiana.gov/meta_docs/gis_refs/shoreline/BICM2/Shoreline_Metadata.html","COMMENTS":null,"SHAPE_Length":1849.1954103927185,"DSAS_DATE":"06/30/1932","DSAS_UNCER":null,"year":1935}},{"type":"Feature","id":9983,"geometry":{"type":"LineString","coordinates":[[-91.861379,29.747326],[-91.86145,29.746266],[-91.861821,29.746036],[-91.862947,29.745802],[-91.862967,29.74542],[-91.861542,29.745006],[-91.859878,29.743436],[-91.857595,29.742137],[-91.857059,29.742091],[-91.856272,29.742371],[-91.855461,29.742031],[-91.854465,29.742082],[-91.854204,29.742246],[-91.853064,29.744007],[-91.851963,29.744766]]},"properties":{"OBJECTID":9983,"PROGRAM":"STATE","PROJECT":"LOUISIANA BARRIER ISLAND COMPREHENSIVE MONITORING PROGRAM (BICM)","PROJ_ID":"LA-0226","PROD_DATE":"20170706","SHORE_TYPE":"MARSH","SRC_DATE":"19320630","SRC_DATA":"USGS TOPOGRAPHIC MAP","SRC_RES":"1:31,680","SRC_VECT":"APPLIED COASTAL","SRC_RAST":"Cypremort Point, LA","DIG_NOTES":"REGISTERED TO FEATURES FROM 1950S T-SHEETS","REGION":"AB","CONTRACTOR":"APPLIED COASTAL","ORG":"COASTAL PROTECTION AND RESTORATION AUTHORITY OF LOUISIANA (CPRA)","SRC_REG":"APPLIED COASTAL","DATAURL":"http://cims.coastal.louisiana.gov/meta_docs/gis_refs/shoreline/BICM2/LA-0226_SHORL_0000000000_1922022819370630_RAC0002.zip","Meta_xml":"http://cims.coastal.louisiana.gov/meta_docs/gis_refs/shoreline/BICM2/Shoreline_Metadata.xml","Meta_html":"http://cims.coastal.louisiana.gov/meta_docs/gis_refs/shoreline/BICM2/Shoreline_Metadata.html","COMMENTS":null,"SHAPE_Length":1686.9782796118236,"DSAS_DATE":"06/30/1932","DSAS_UNCER":null,"year":1935}},{"type":"Feature","id":9984,"geometry":{"type":"LineString","coordinates":[[-91.851589,29.744462],[-91.852397,29.744115],[-91.852671,29.743835],[-91.853657,29.742046],[-91.854115,29.741624],[-91.855426,29.74138],[-91.856062,29.741511],[-91.85686,29.741384],[-91.856856,29.740696],[-91.856241,29.73814]]},"properties":{"OBJECTID":9984,"PROGRAM":"STATE","PROJECT":"LOUISIANA BARRIER ISLAND COMPREHENSIVE MONITORING PROGRAM (BICM)","PROJ_ID":"LA-0226","PROD_DATE":"20170706","SHORE_TYPE":"MARSH","SRC_DATE":"19320630","SRC_DATA":"USGS TOPOGRAPHIC MAP","SRC_RES":"1:31,680","SRC_VECT":"APPLIED COASTAL","SRC_RAST":"Cypremort Point, LA","DIG_NOTES":"REGISTERED TO FEATURES FROM 1950S T-SHEETS","REGION":"AB","CONTRACTOR":"APPLIED COASTAL","ORG":"COASTAL PROTECTION AND RESTORATION AUTHORITY OF LOUISIANA (CPRA)","SRC_REG":"APPLIED COASTAL","DATAURL":"http://cims.coastal.louisiana.gov/meta_docs/gis_refs/shoreline/BICM2/LA-0226_SHORL_0000000000_1922022819370630_RAC0002.zip","Meta_xml":"http://cims.coastal.louisiana.gov/meta_docs/gis_refs/shoreline/BICM2/Shoreline_Metadata.xml","Meta_html":"http://cims.coastal.louisiana.gov/meta_docs/gis_refs/shoreline/BICM2/Shoreline_Metadata.html","COMMENTS":null,"SHAPE_Length":8903.419415190214,"DSAS_DATE":"06/30/1932","DSAS_UNCER":null,"year":1935}},{"type":"Feature","id":9993,"geometry":{"type":"LineString","coordinates":[[-92.000154,29.607291],[-92.001592,29.606913],[-92.002495,29.60624],[-92.004117,29.605449],[-92.005186,29.605176]]},"properties":{"OBJECTID":9993,"PROGRAM":"STATE","PROJECT":"LOUISIANA BARRIER ISLAND COMPREHENSIVE MONITORING PROGRAM (BICM)","PROJ_ID":"LA-0226","PROD_DATE":"20170706","SHORE_TYPE":"MARSH","SRC_DATE":"19320630","SRC_DATA":"USGS TOPOGRAPHIC MAP","SRC_RES":"1:31,680","SRC_VECT":"APPLIED COASTAL","SRC_RAST":"Redfish Point SE, LA","DIG_NOTES":" ","REGION":"AB","CONTRACTOR":"APPLIED COASTAL","ORG":"COASTAL PROTECTION AND RESTORATION AUTHORITY OF LOUISIANA (CPRA)","SRC_REG":"APPLIED COASTAL","DATAURL":"http://cims.coastal.louisiana.gov/meta_docs/gis_refs/shoreline/BICM2/LA-0226_SHORL_0000000000_1922022819370630_RAC0002.zip","Meta_xml":"http://cims.coastal.louisiana.gov/meta_docs/gis_refs/shoreline/BICM2/Shoreline_Metadata.xml","Meta_html":"http://cims.coastal.louisiana.gov/meta_docs/gis_refs/shoreline/BICM2/Shoreline_Metadata.html","COMMENTS":null,"SHAPE_Length":553.4829472800268,"DSAS_DATE":"06/30/1932","DSAS_UNCER":null,"year":1935}}],"_harvest":{"tool":"tools/gis-harvest.mjs","harvestedAt":"2026-08-02T18:39:09.513Z","sourceUrl":"https://cimsgeo3.coastal.louisiana.gov/arcgis/rest/services/lasard/shoreline/MapServer/0/query","dateWindow":"SRC_DATE>='19300101' AND SRC_DATE<='19391231'","envelopeFilterWGS84":[-92.05002183554372,29.357702082864506,-91.22163264746506,30.123086027489265],"coordPrecisionDecimals":6,"simplifyToleranceDegrees":0.0001,"envelopeMatchCount":148,"parishClippedCount":75,"attribution":"Louisiana CPRA / LSU LaSARD (BICM program) -- attribution wording pending confirmation with CPRA/LSU (see data/gis/sources.json openQuestions.cpra-cims-terms-of-use)"}}