{"type":"FeatureCollection","features":[{"type":"Feature","id":21385,"geometry":{"type":"LineString","coordinates":[[-91.972212,29.834093],[-91.969376,29.835214],[-91.967615,29.83538],[-91.967002,29.835576],[-91.966531,29.836278]]},"properties":{"OBJECTID":21385,"PROGRAM":"STATE","PROJECT":"LOUISIANA BARRIER ISLAND COMPREHENSIVE MONITORING PROGRAM (BICM)","PROJ_ID":"LA-0226","PROD_DATE":"20160926","SHORE_TYPE":"MARSH","SRC_DATE":"20081026","SRC_DATA":"USGS HIGH RESOLUTION ORTHOIMAGERY","SRC_RES":"1-m pixel","SRC_VECT":"APPLIED COASTAL","SRC_RAST":"F2909109NW","DIG_NOTES":" ","REGION":"AB","CONTRACTOR":"APPLIED COASTAL","ORG":"COASTAL PROTECTION AND RESTORATION AUTHORITY OF LOUISIANA (CPRA)","SRC_REG":"USGS","DATAURL":"http://cims.coastal.louisiana.gov/meta_docs/gis_refs/shoreline/BICM2/LA-0226_SHORL_0000000000_2005101520051118_RAC0006.zip","Meta_xml":"http://cims.coastal.louisiana.gov/meta_docs/gis_refs/shoreline/BICM2/Shoreline_Metadata.xml","Meta_html":"http://cims.coastal.louisiana.gov/meta_docs/gis_refs/shoreline/BICM2/Shoreline_Metadata.html","COMMENTS":null,"SHAPE_Length":2051.9133779489066,"DSAS_DATE":"10/26/2008","DSAS_UNCER":null,"year":2008}},{"type":"Feature","id":21386,"geometry":{"type":"LineString","coordinates":[[-91.965509,29.836209],[-91.965972,29.835004],[-91.966908,29.834064],[-91.96714,29.832669],[-91.966816,29.831629],[-91.966228,29.830563],[-91.965315,29.829908],[-91.964808,29.829261],[-91.963806,29.828416],[-91.96264,29.827696],[-91.962672,29.827524],[-91.961999,29.826745],[-91.961008,29.825919],[-91.960823,29.825977],[-91.960383,29.825645],[-91.96001,29.825675],[-91.95899,29.825289],[-91.958936,29.825403],[-91.957894,29.825179],[-91.956865,29.825222],[-91.956622,29.825004],[-91.956415,29.825177],[-91.956118,29.824958],[-91.954486,29.824794],[-91.953761,29.824483],[-91.951305,29.824017],[-91.95125,29.823845],[-91.950867,29.823895],[-91.950361,29.823553],[-91.949791,29.823499],[-91.949494,29.823233],[-91.948418,29.822808],[-91.948111,29.822829],[-91.94799,29.822629],[-91.947782,29.822677],[-91.947606,29.822506],[-91.947343,29.822479],[-91.947388,29.822737]]},"properties":{"OBJECTID":21386,"PROGRAM":"STATE","PROJECT":"LOUISIANA BARRIER ISLAND COMPREHENSIVE MONITORING PROGRAM (BICM)","PROJ_ID":"LA-0226","PROD_DATE":"20160926","SHORE_TYPE":"MARSH","SRC_DATE":"20081026","SRC_DATA":"USGS HIGH RESOLUTION ORTHOIMAGERY","SRC_RES":"1-m pixel","SRC_VECT":"APPLIED COASTAL","SRC_RAST":"F2909109NW","DIG_NOTES":" ","REGION":"AB","CONTRACTOR":"APPLIED COASTAL","ORG":"COASTAL PROTECTION AND RESTORATION AUTHORITY OF LOUISIANA (CPRA)","SRC_REG":"USGS","DATAURL":"http://cims.coastal.louisiana.gov/meta_docs/gis_refs/shoreline/BICM2/LA-0226_SHORL_0000000000_2005101520051118_RAC0006.zip","Meta_xml":"http://cims.coastal.louisiana.gov/meta_docs/gis_refs/shoreline/BICM2/Shoreline_Metadata.xml","Meta_html":"http://cims.coastal.louisiana.gov/meta_docs/gis_refs/shoreline/BICM2/Shoreline_Metadata.html","COMMENTS":null,"SHAPE_Length":3065.0502249533206,"DSAS_DATE":"10/26/2008","DSAS_UNCER":null,"year":2008}},{"type":"Feature","id":21387,"geometry":{"type":"LineString","coordinates":[[-91.947411,29.822889],[-91.947244,29.82246],[-91.94652,29.822206],[-91.946321,29.821911],[-91.94597,29.821798],[-91.946024,29.821693],[-91.945739,29.821704],[-91.944817,29.821221],[-91.943969,29.820575],[-91.942432,29.819847],[-91.94164,29.819211],[-91.941209,29.819313]]},"properties":{"OBJECTID":21387,"PROGRAM":"STATE","PROJECT":"LOUISIANA BARRIER ISLAND COMPREHENSIVE MONITORING PROGRAM (BICM)","PROJ_ID":"LA-0226","PROD_DATE":"20160926","SHORE_TYPE":"MARSH","SRC_DATE":"20081026","SRC_DATA":"USGS HIGH RESOLUTION ORTHOIMAGERY","SRC_RES":"1-m pixel","SRC_VECT":"APPLIED COASTAL","SRC_RAST":"F2909109NW","DIG_NOTES":" ","REGION":"AB","CONTRACTOR":"APPLIED COASTAL","ORG":"COASTAL PROTECTION AND RESTORATION AUTHORITY OF LOUISIANA (CPRA)","SRC_REG":"USGS","DATAURL":"http://cims.coastal.louisiana.gov/meta_docs/gis_refs/shoreline/BICM2/LA-0226_SHORL_0000000000_2005101520051118_RAC0006.zip","Meta_xml":"http://cims.coastal.louisiana.gov/meta_docs/gis_refs/shoreline/BICM2/Shoreline_Metadata.xml","Meta_html":"http://cims.coastal.louisiana.gov/meta_docs/gis_refs/shoreline/BICM2/Shoreline_Metadata.html","COMMENTS":null,"SHAPE_Length":813.0728475916527,"DSAS_DATE":"10/26/2008","DSAS_UNCER":null,"year":2008}},{"type":"Feature","id":21388,"geometry":{"type":"LineString","coordinates":[[-91.9375,29.816895],[-91.937269,29.817169],[-91.93681,29.817324],[-91.936824,29.817801],[-91.936594,29.817755],[-91.936257,29.818161],[-91.935646,29.818498],[-91.935509,29.818401],[-91.935395,29.818623],[-91.934969,29.818816],[-91.934225,29.819001],[-91.933622,29.818756],[-91.932888,29.818797],[-91.932937,29.81958],[-91.932565,29.819721],[-91.933604,29.820564]]},"properties":{"OBJECTID":21388,"PROGRAM":"STATE","PROJECT":"LOUISIANA BARRIER ISLAND COMPREHENSIVE MONITORING PROGRAM (BICM)","PROJ_ID":"LA-0226","PROD_DATE":"20160926","SHORE_TYPE":"MARSH","SRC_DATE":"20081027","SRC_DATA":"USGS HIGH RESOLUTION ORTHOIMAGERY","SRC_RES":"1-m pixel","SRC_VECT":"APPLIED COASTAL","SRC_RAST":"F2909109NE","DIG_NOTES":" ","REGION":"AB","CONTRACTOR":"APPLIED COASTAL","ORG":"COASTAL PROTECTION AND RESTORATION AUTHORITY OF LOUISIANA (CPRA)","SRC_REG":"USGS","DATAURL":"http://cims.coastal.louisiana.gov/meta_docs/gis_refs/shoreline/BICM2/LA-0226_SHORL_0000000000_2005101520051118_RAC0006.zip","Meta_xml":"http://cims.coastal.louisiana.gov/meta_docs/gis_refs/shoreline/BICM2/Shoreline_Metadata.xml","Meta_html":"http://cims.coastal.louisiana.gov/meta_docs/gis_refs/shoreline/BICM2/Shoreline_Metadata.html","COMMENTS":null,"SHAPE_Length":915.3932692870732,"DSAS_DATE":"10/27/2008","DSAS_UNCER":null,"year":2008}},{"type":"Feature","id":21389,"geometry":{"type":"LineString","coordinates":[[-91.937506,29.816895],[-91.9375,29.816895]]},"properties":{"OBJECTID":21389,"PROGRAM":"STATE","PROJECT":"LOUISIANA BARRIER ISLAND COMPREHENSIVE MONITORING PROGRAM (BICM)","PROJ_ID":"LA-0226","PROD_DATE":"20160926","SHORE_TYPE":"MARSH","SRC_DATE":"20081027","SRC_DATA":"USGS HIGH RESOLUTION ORTHOIMAGERY","SRC_RES":"1-m pixel","SRC_VECT":"APPLIED COASTAL","SRC_RAST":"F2909109NW","DIG_NOTES":" ","REGION":"AB","CONTRACTOR":"APPLIED COASTAL","ORG":"COASTAL PROTECTION AND RESTORATION AUTHORITY OF LOUISIANA (CPRA)","SRC_REG":"USGS","DATAURL":"http://cims.coastal.louisiana.gov/meta_docs/gis_refs/shoreline/BICM2/LA-0226_SHORL_0000000000_2005101520051118_RAC0006.zip","Meta_xml":"http://cims.coastal.louisiana.gov/meta_docs/gis_refs/shoreline/BICM2/Shoreline_Metadata.xml","Meta_html":"http://cims.coastal.louisiana.gov/meta_docs/gis_refs/shoreline/BICM2/Shoreline_Metadata.html","COMMENTS":null,"SHAPE_Length":0.5928366048081471,"DSAS_DATE":"10/27/2008","DSAS_UNCER":null,"year":2008}},{"type":"Feature","id":21390,"geometry":{"type":"LineString","coordinates":[[-91.934013,29.821525],[-91.933583,29.821481],[-91.933354,29.821291],[-91.932628,29.821378],[-91.931346,29.822408],[-91.930802,29.822242],[-91.930348,29.822542],[-91.929639,29.82253],[-91.928485,29.822902],[-91.928098,29.822682],[-91.927853,29.822744],[-91.927631,29.822522],[-91.927739,29.822791]]},"properties":{"OBJECTID":21390,"PROGRAM":"STATE","PROJECT":"LOUISIANA BARRIER ISLAND COMPREHENSIVE MONITORING PROGRAM (BICM)","PROJ_ID":"LA-0226","PROD_DATE":"20160926","SHORE_TYPE":"MARSH","SRC_DATE":"20081027","SRC_DATA":"USGS HIGH RESOLUTION ORTHOIMAGERY","SRC_RES":"1-m pixel","SRC_VECT":"APPLIED COASTAL","SRC_RAST":"F2909109NE","DIG_NOTES":" ","REGION":"AB","CONTRACTOR":"APPLIED COASTAL","ORG":"COASTAL PROTECTION AND RESTORATION AUTHORITY OF LOUISIANA (CPRA)","SRC_REG":"USGS","DATAURL":"http://cims.coastal.louisiana.gov/meta_docs/gis_refs/shoreline/BICM2/LA-0226_SHORL_0000000000_2005101520051118_RAC0006.zip","Meta_xml":"http://cims.coastal.louisiana.gov/meta_docs/gis_refs/shoreline/BICM2/Shoreline_Metadata.xml","Meta_html":"http://cims.coastal.louisiana.gov/meta_docs/gis_refs/shoreline/BICM2/Shoreline_Metadata.html","COMMENTS":null,"SHAPE_Length":827.806182795027,"DSAS_DATE":"10/27/2008","DSAS_UNCER":null,"year":2008}},{"type":"Feature","id":21391,"geometry":{"type":"LineString","coordinates":[[-91.927342,29.822527],[-91.927087,29.822373],[-91.927408,29.822057],[-91.92755,29.822527],[-91.927342,29.822527]]},"properties":{"OBJECTID":21391,"PROGRAM":"STATE","PROJECT":"LOUISIANA BARRIER ISLAND COMPREHENSIVE MONITORING PROGRAM (BICM)","PROJ_ID":"LA-0226","PROD_DATE":"20160926","SHORE_TYPE":"MARSH","SRC_DATE":"20081027","SRC_DATA":"USGS HIGH RESOLUTION ORTHOIMAGERY","SRC_RES":"1-m pixel","SRC_VECT":"APPLIED COASTAL","SRC_RAST":"F2909109NE","DIG_NOTES":" ","REGION":"AB","CONTRACTOR":"APPLIED COASTAL","ORG":"COASTAL PROTECTION AND RESTORATION AUTHORITY OF LOUISIANA (CPRA)","SRC_REG":"USGS","DATAURL":"http://cims.coastal.louisiana.gov/meta_docs/gis_refs/shoreline/BICM2/LA-0226_SHORL_0000000000_2005101520051118_RAC0006.zip","Meta_xml":"http://cims.coastal.louisiana.gov/meta_docs/gis_refs/shoreline/BICM2/Shoreline_Metadata.xml","Meta_html":"http://cims.coastal.louisiana.gov/meta_docs/gis_refs/shoreline/BICM2/Shoreline_Metadata.html","COMMENTS":null,"SHAPE_Length":163.8796947350765,"DSAS_DATE":"10/27/2008","DSAS_UNCER":null,"year":2008}},{"type":"Feature","id":21392,"geometry":{"type":"LineString","coordinates":[[-91.927633,29.822811],[-91.927096,29.822536],[-91.926842,29.8226],[-91.926392,29.823358],[-91.926547,29.82387]]},"properties":{"OBJECTID":21392,"PROGRAM":"STATE","PROJECT":"LOUISIANA BARRIER ISLAND COMPREHENSIVE MONITORING PROGRAM (BICM)","PROJ_ID":"LA-0226","PROD_DATE":"20160926","SHORE_TYPE":"MARSH","SRC_DATE":"20081027","SRC_DATA":"USGS HIGH RESOLUTION ORTHOIMAGERY","SRC_RES":"1-m pixel","SRC_VECT":"APPLIED COASTAL","SRC_RAST":"F2909109NE","DIG_NOTES":" ","REGION":"AB","CONTRACTOR":"APPLIED COASTAL","ORG":"COASTAL PROTECTION AND RESTORATION AUTHORITY OF LOUISIANA (CPRA)","SRC_REG":"USGS","DATAURL":"http://cims.coastal.louisiana.gov/meta_docs/gis_refs/shoreline/BICM2/LA-0226_SHORL_0000000000_2005101520051118_RAC0006.zip","Meta_xml":"http://cims.coastal.louisiana.gov/meta_docs/gis_refs/shoreline/BICM2/Shoreline_Metadata.xml","Meta_html":"http://cims.coastal.louisiana.gov/meta_docs/gis_refs/shoreline/BICM2/Shoreline_Metadata.html","COMMENTS":null,"SHAPE_Length":254.83161338369942,"DSAS_DATE":"10/27/2008","DSAS_UNCER":null,"year":2008}},{"type":"Feature","id":21393,"geometry":{"type":"LineString","coordinates":[[-91.925849,29.822688],[-91.926059,29.822541],[-91.926099,29.821991],[-91.925584,29.82233],[-91.924822,29.82231],[-91.924709,29.822425],[-91.923498,29.82214],[-91.923247,29.82263]]},"properties":{"OBJECTID":21393,"PROGRAM":"STATE","PROJECT":"LOUISIANA BARRIER ISLAND COMPREHENSIVE MONITORING PROGRAM (BICM)","PROJ_ID":"LA-0226","PROD_DATE":"20160926","SHORE_TYPE":"MARSH","SRC_DATE":"20081027","SRC_DATA":"USGS HIGH RESOLUTION ORTHOIMAGERY","SRC_RES":"1-m pixel","SRC_VECT":"APPLIED COASTAL","SRC_RAST":"F2909109NE","DIG_NOTES":" ","REGION":"AB","CONTRACTOR":"APPLIED COASTAL","ORG":"COASTAL PROTECTION AND RESTORATION AUTHORITY OF LOUISIANA (CPRA)","SRC_REG":"USGS","DATAURL":"http://cims.coastal.louisiana.gov/meta_docs/gis_refs/shoreline/BICM2/LA-0226_SHORL_0000000000_2005101520051118_RAC0006.zip","Meta_xml":"http://cims.coastal.louisiana.gov/meta_docs/gis_refs/shoreline/BICM2/Shoreline_Metadata.xml","Meta_html":"http://cims.coastal.louisiana.gov/meta_docs/gis_refs/shoreline/BICM2/Shoreline_Metadata.html","COMMENTS":null,"SHAPE_Length":465.7834920374921,"DSAS_DATE":"10/27/2008","DSAS_UNCER":null,"year":2008}},{"type":"Feature","id":21394,"geometry":{"type":"LineString","coordinates":[[-91.92321,29.822581],[-91.923228,29.8223],[-91.923425,29.822179],[-91.922747,29.821982],[-91.919902,29.821958],[-91.919173,29.821648],[-91.918622,29.821719],[-91.918488,29.82143],[-91.917602,29.821227],[-91.916888,29.820467],[-91.916931,29.820207],[-91.916557,29.819139],[-91.916415,29.818956],[-91.915863,29.818951],[-91.915873,29.819119],[-91.915603,29.819288],[-91.915536,29.819854],[-91.914899,29.820246],[-91.914508,29.820935],[-91.914246,29.821051],[-91.913978,29.821579],[-91.913578,29.821771],[-91.913588,29.822007],[-91.912865,29.822675],[-91.912674,29.823081],[-91.912447,29.823128],[-91.912047,29.823702],[-91.911515,29.824033],[-91.911324,29.824469],[-91.910276,29.824993],[-91.909659,29.825852],[-91.909306,29.826961],[-91.909301,29.82761],[-91.908703,29.828613],[-91.908652,29.828973],[-91.907983,29.829953],[-91.908055,29.830304],[-91.909005,29.830896]]},"properties":{"OBJECTID":21394,"PROGRAM":"STATE","PROJECT":"LOUISIANA BARRIER ISLAND COMPREHENSIVE MONITORING PROGRAM (BICM)","PROJ_ID":"LA-0226","PROD_DATE":"20160926","SHORE_TYPE":"MARSH","SRC_DATE":"20081027","SRC_DATA":"USGS HIGH RESOLUTION ORTHOIMAGERY","SRC_RES":"1-m pixel","SRC_VECT":"APPLIED COASTAL","SRC_RAST":"F2909109NE","DIG_NOTES":" ","REGION":"AB","CONTRACTOR":"APPLIED COASTAL","ORG":"COASTAL PROTECTION AND RESTORATION AUTHORITY OF LOUISIANA (CPRA)","SRC_REG":"USGS","DATAURL":"http://cims.coastal.louisiana.gov/meta_docs/gis_refs/shoreline/BICM2/LA-0226_SHORL_0000000000_2005101520051118_RAC0006.zip","Meta_xml":"http://cims.coastal.louisiana.gov/meta_docs/gis_refs/shoreline/BICM2/Shoreline_Metadata.xml","Meta_html":"http://cims.coastal.louisiana.gov/meta_docs/gis_refs/shoreline/BICM2/Shoreline_Metadata.html","COMMENTS":null,"SHAPE_Length":2945.307574793775,"DSAS_DATE":"10/27/2008","DSAS_UNCER":null,"year":2008}},{"type":"Feature","id":21395,"geometry":{"type":"LineString","coordinates":[[-91.908634,29.831814],[-91.907326,29.831369],[-91.906433,29.831503],[-91.904658,29.832168],[-91.903751,29.832829],[-91.901994,29.8336],[-91.899448,29.834283],[-91.899021,29.834682],[-91.898898,29.834507],[-91.898364,29.8347],[-91.897628,29.834673],[-91.896632,29.83512],[-91.894015,29.835651],[-91.893999,29.835834],[-91.893789,29.835896],[-91.893674,29.835767],[-91.89307,29.835854],[-91.893116,29.836098],[-91.892484,29.835887],[-91.891775,29.836019],[-91.891688,29.836264],[-91.891512,29.836059],[-91.8911,29.836083],[-91.890682,29.836444],[-91.890523,29.836284],[-91.890077,29.836393],[-91.889936,29.836279],[-91.889552,29.836579],[-91.889246,29.83658],[-91.888578,29.836308],[-91.888325,29.836439],[-91.887851,29.836319],[-91.887291,29.836413],[-91.887178,29.836574],[-91.886985,29.83646],[-91.886863,29.836659],[-91.886399,29.83663],[-91.885783,29.83619],[-91.885363,29.836314],[-91.885353,29.836146],[-91.885135,29.836216],[-91.88466,29.835973],[-91.884398,29.836104],[-91.884266,29.835929],[-91.883468,29.835848],[-91.883423,29.835688],[-91.882696,29.83563],[-91.882441,29.835463],[-91.882292,29.83554],[-91.881949,29.835305],[-91.880914,29.835095],[-91.880564,29.835165],[-91.880274,29.834953],[-91.879924,29.835145],[-91.879968,29.835007],[-91.879651,29.834825],[-91.879424,29.834987],[-91.878986,29.834874],[-91.877668,29.834261],[-91.877606,29.834062],[-91.877229,29.834026],[-91.877218,29.83372],[-91.876806,29.833638],[-91.875979,29.832977],[-91.875006,29.832624]]},"properties":{"OBJECTID":21395,"PROGRAM":"STATE","PROJECT":"LOUISIANA BARRIER ISLAND COMPREHENSIVE MONITORING PROGRAM (BICM)","PROJ_ID":"LA-0226","PROD_DATE":"20160926","SHORE_TYPE":"MARSH","SRC_DATE":"20081027","SRC_DATA":"USGS HIGH RESOLUTION ORTHOIMAGERY","SRC_RES":"1-m pixel","SRC_VECT":"APPLIED COASTAL","SRC_RAST":"F2909109NE","DIG_NOTES":" ","REGION":"AB","CONTRACTOR":"APPLIED COASTAL","ORG":"COASTAL PROTECTION AND RESTORATION AUTHORITY OF LOUISIANA (CPRA)","SRC_REG":"USGS","DATAURL":"http://cims.coastal.louisiana.gov/meta_docs/gis_refs/shoreline/BICM2/LA-0226_SHORL_0000000000_2005101520051118_RAC0006.zip","Meta_xml":"http://cims.coastal.louisiana.gov/meta_docs/gis_refs/shoreline/BICM2/Shoreline_Metadata.xml","Meta_html":"http://cims.coastal.louisiana.gov/meta_docs/gis_refs/shoreline/BICM2/Shoreline_Metadata.html","COMMENTS":null,"SHAPE_Length":4141.255227925552,"DSAS_DATE":"10/27/2008","DSAS_UNCER":null,"year":2008}},{"type":"Feature","id":21399,"geometry":{"type":"LineString","coordinates":[[-91.875006,29.758196],[-91.875374,29.758194],[-91.875569,29.757868],[-91.875832,29.757762],[-91.87583,29.757543],[-91.877102,29.757976],[-91.877373,29.757517],[-91.877371,29.757106],[-91.878244,29.756635],[-91.878659,29.756605],[-91.878746,29.756375],[-91.879183,29.756306],[-91.879334,29.755895],[-91.879277,29.755428],[-91.878759,29.754723],[-91.878922,29.754589],[-91.878576,29.753416],[-91.878725,29.752546],[-91.878395,29.75228],[-91.878146,29.752673]]},"properties":{"OBJECTID":21399,"PROGRAM":"STATE","PROJECT":"LOUISIANA BARRIER ISLAND COMPREHENSIVE MONITORING PROGRAM (BICM)","PROJ_ID":"LA-0226","PROD_DATE":"20160926","SHORE_TYPE":"MARSH","SRC_DATE":"20081027","SRC_DATA":"USGS HIGH RESOLUTION ORTHOIMAGERY","SRC_RES":"1-m pixel","SRC_VECT":"APPLIED COASTAL","SRC_RAST":"F2909109SE","DIG_NOTES":" ","REGION":"AB","CONTRACTOR":"APPLIED COASTAL","ORG":"COASTAL PROTECTION AND RESTORATION AUTHORITY OF LOUISIANA (CPRA)","SRC_REG":"USGS","DATAURL":"http://cims.coastal.louisiana.gov/meta_docs/gis_refs/shoreline/BICM2/LA-0226_SHORL_0000000000_2005101520051118_RAC0006.zip","Meta_xml":"http://cims.coastal.louisiana.gov/meta_docs/gis_refs/shoreline/BICM2/Shoreline_Metadata.xml","Meta_html":"http://cims.coastal.louisiana.gov/meta_docs/gis_refs/shoreline/BICM2/Shoreline_Metadata.html","COMMENTS":null,"SHAPE_Length":1212.6122896494314,"DSAS_DATE":"10/27/2008","DSAS_UNCER":null,"year":2008}},{"type":"Feature","id":21400,"geometry":{"type":"LineString","coordinates":[[-91.877906,29.752932],[-91.878186,29.752033],[-91.878468,29.751678],[-91.87818,29.750964],[-91.877883,29.75065],[-91.877748,29.750006]]},"properties":{"OBJECTID":21400,"PROGRAM":"STATE","PROJECT":"LOUISIANA BARRIER ISLAND COMPREHENSIVE MONITORING PROGRAM (BICM)","PROJ_ID":"LA-0226","PROD_DATE":"20160926","SHORE_TYPE":"MARSH","SRC_DATE":"20081027","SRC_DATA":"USGS HIGH RESOLUTION ORTHOIMAGERY","SRC_RES":"1-m pixel","SRC_VECT":"APPLIED COASTAL","SRC_RAST":"F2909109SE","DIG_NOTES":" ","REGION":"AB","CONTRACTOR":"APPLIED COASTAL","ORG":"COASTAL PROTECTION AND RESTORATION AUTHORITY OF LOUISIANA (CPRA)","SRC_REG":"USGS","DATAURL":"http://cims.coastal.louisiana.gov/meta_docs/gis_refs/shoreline/BICM2/LA-0226_SHORL_0000000000_2005101520051118_RAC0006.zip","Meta_xml":"http://cims.coastal.louisiana.gov/meta_docs/gis_refs/shoreline/BICM2/Shoreline_Metadata.xml","Meta_html":"http://cims.coastal.louisiana.gov/meta_docs/gis_refs/shoreline/BICM2/Shoreline_Metadata.html","COMMENTS":null,"SHAPE_Length":377.2254931468111,"DSAS_DATE":"10/27/2008","DSAS_UNCER":null,"year":2008}},{"type":"Feature","id":21401,"geometry":{"type":"LineString","coordinates":[[-91.875006,29.832624],[-91.875,29.83262]]},"properties":{"OBJECTID":21401,"PROGRAM":"STATE","PROJECT":"LOUISIANA BARRIER ISLAND COMPREHENSIVE MONITORING PROGRAM (BICM)","PROJ_ID":"LA-0226","PROD_DATE":"20160926","SHORE_TYPE":"MARSH","SRC_DATE":"20081027","SRC_DATA":"USGS HIGH RESOLUTION ORTHOIMAGERY","SRC_RES":"1-m pixel","SRC_VECT":"APPLIED COASTAL","SRC_RAST":"F2909109NE","DIG_NOTES":" ","REGION":"AB","CONTRACTOR":"APPLIED COASTAL","ORG":"COASTAL PROTECTION AND RESTORATION AUTHORITY OF LOUISIANA (CPRA)","SRC_REG":"USGS","DATAURL":"http://cims.coastal.louisiana.gov/meta_docs/gis_refs/shoreline/BICM2/LA-0226_SHORL_0000000000_2005101520051118_RAC0006.zip","Meta_xml":"http://cims.coastal.louisiana.gov/meta_docs/gis_refs/shoreline/BICM2/Shoreline_Metadata.xml","Meta_html":"http://cims.coastal.louisiana.gov/meta_docs/gis_refs/shoreline/BICM2/Shoreline_Metadata.html","COMMENTS":null,"SHAPE_Length":0.7411833845733676,"DSAS_DATE":"10/27/2008","DSAS_UNCER":null,"year":2008}},{"type":"Feature","id":21402,"geometry":{"type":"LineString","coordinates":[[-91.875,29.83262],[-91.873917,29.832481],[-91.873776,29.832344],[-91.873655,29.83249],[-91.872379,29.831601],[-91.872275,29.83177]]},"properties":{"OBJECTID":21402,"PROGRAM":"STATE","PROJECT":"LOUISIANA BARRIER ISLAND COMPREHENSIVE MONITORING PROGRAM (BICM)","PROJ_ID":"LA-0226","PROD_DATE":"20160926","SHORE_TYPE":"MARSH","SRC_DATE":"20081027","SRC_DATA":"USGS HIGH RESOLUTION ORTHOIMAGERY","SRC_RES":"1-m pixel","SRC_VECT":"APPLIED COASTAL","SRC_RAST":"F2909110NW","DIG_NOTES":" ","REGION":"AB","CONTRACTOR":"APPLIED COASTAL","ORG":"COASTAL PROTECTION AND RESTORATION AUTHORITY OF LOUISIANA (CPRA)","SRC_REG":"USGS","DATAURL":"http://cims.coastal.louisiana.gov/meta_docs/gis_refs/shoreline/BICM2/LA-0226_SHORL_0000000000_2005101520051118_RAC0006.zip","Meta_xml":"http://cims.coastal.louisiana.gov/meta_docs/gis_refs/shoreline/BICM2/Shoreline_Metadata.xml","Meta_html":"http://cims.coastal.louisiana.gov/meta_docs/gis_refs/shoreline/BICM2/Shoreline_Metadata.html","COMMENTS":null,"SHAPE_Length":360.5533004862305,"DSAS_DATE":"10/27/2008","DSAS_UNCER":null,"year":2008}},{"type":"Feature","id":21403,"geometry":{"type":"LineString","coordinates":[[-91.872187,29.831709],[-91.872422,29.831448],[-91.871922,29.831244],[-91.871859,29.831023],[-91.871122,29.830827],[-91.870435,29.830112],[-91.869874,29.830015],[-91.869452,29.829696],[-91.868486,29.829387],[-91.867978,29.829259],[-91.867566,29.829375],[-91.867486,29.829139],[-91.867303,29.829185],[-91.867003,29.828919],[-91.866618,29.828936],[-91.866549,29.829104],[-91.866145,29.82903],[-91.865636,29.828703],[-91.865309,29.828208]]},"properties":{"OBJECTID":21403,"PROGRAM":"STATE","PROJECT":"LOUISIANA BARRIER ISLAND COMPREHENSIVE MONITORING PROGRAM (BICM)","PROJ_ID":"LA-0226","PROD_DATE":"20160926","SHORE_TYPE":"MARSH","SRC_DATE":"20081027","SRC_DATA":"USGS HIGH RESOLUTION ORTHOIMAGERY","SRC_RES":"1-m pixel","SRC_VECT":"APPLIED COASTAL","SRC_RAST":"F2909110NW","DIG_NOTES":" ","REGION":"AB","CONTRACTOR":"APPLIED COASTAL","ORG":"COASTAL PROTECTION AND RESTORATION AUTHORITY OF LOUISIANA (CPRA)","SRC_REG":"USGS","DATAURL":"http://cims.coastal.louisiana.gov/meta_docs/gis_refs/shoreline/BICM2/LA-0226_SHORL_0000000000_2005101520051118_RAC0006.zip","Meta_xml":"http://cims.coastal.louisiana.gov/meta_docs/gis_refs/shoreline/BICM2/Shoreline_Metadata.xml","Meta_html":"http://cims.coastal.louisiana.gov/meta_docs/gis_refs/shoreline/BICM2/Shoreline_Metadata.html","COMMENTS":null,"SHAPE_Length":950.1294567288991,"DSAS_DATE":"10/27/2008","DSAS_UNCER":null,"year":2008}},{"type":"Feature","id":21404,"geometry":{"type":"LineString","coordinates":[[-91.866021,29.82874],[-91.866205,29.828762],[-91.866187,29.828609],[-91.86594,29.828259],[-91.865536,29.828138],[-91.86521,29.82775],[-91.865009,29.827774],[-91.864227,29.827326],[-91.864111,29.827098],[-91.863637,29.82684],[-91.861575,29.826252],[-91.859998,29.826129],[-91.859263,29.826346],[-91.859043,29.826125],[-91.858782,29.826454],[-91.858388,29.826555],[-91.857564,29.826383],[-91.856715,29.826547],[-91.8564,29.826678],[-91.856244,29.827076],[-91.855762,29.82694],[-91.855035,29.827042],[-91.854607,29.827327],[-91.854591,29.827541],[-91.854371,29.827419],[-91.853988,29.827742],[-91.853593,29.827713],[-91.85348,29.827942],[-91.853112,29.827905],[-91.852842,29.828143],[-91.852089,29.828246],[-91.851976,29.828406],[-91.851713,29.828323],[-91.851346,29.828546],[-91.851356,29.828798],[-91.851025,29.829082],[-91.85093,29.829419],[-91.850685,29.829443],[-91.850747,29.829672],[-91.850582,29.829889],[-91.850336,29.829799],[-91.850136,29.830135]]},"properties":{"OBJECTID":21404,"PROGRAM":"STATE","PROJECT":"LOUISIANA BARRIER ISLAND COMPREHENSIVE MONITORING PROGRAM (BICM)","PROJ_ID":"LA-0226","PROD_DATE":"20160926","SHORE_TYPE":"MARSH","SRC_DATE":"20081027","SRC_DATA":"USGS HIGH RESOLUTION ORTHOIMAGERY","SRC_RES":"1-m pixel","SRC_VECT":"APPLIED COASTAL","SRC_RAST":"F2909110NW","DIG_NOTES":" ","REGION":"AB","CONTRACTOR":"APPLIED COASTAL","ORG":"COASTAL PROTECTION AND RESTORATION AUTHORITY OF LOUISIANA (CPRA)","SRC_REG":"USGS","DATAURL":"http://cims.coastal.louisiana.gov/meta_docs/gis_refs/shoreline/BICM2/LA-0226_SHORL_0000000000_2005101520051118_RAC0006.zip","Meta_xml":"http://cims.coastal.louisiana.gov/meta_docs/gis_refs/shoreline/BICM2/Shoreline_Metadata.xml","Meta_html":"http://cims.coastal.louisiana.gov/meta_docs/gis_refs/shoreline/BICM2/Shoreline_Metadata.html","COMMENTS":null,"SHAPE_Length":2203.494964980828,"DSAS_DATE":"10/27/2008","DSAS_UNCER":null,"year":2008}},{"type":"Feature","id":21405,"geometry":{"type":"LineString","coordinates":[[-91.849076,29.829975],[-91.849483,29.82914],[-91.849316,29.828996],[-91.848695,29.829197],[-91.84865,29.829067],[-91.848352,29.829061],[-91.847137,29.82947],[-91.845018,29.829777],[-91.844028,29.829666],[-91.843983,29.829513],[-91.843791,29.829629],[-91.843256,29.829547],[-91.842422,29.829206],[-91.842142,29.829238],[-91.841729,29.828972],[-91.841616,29.829064],[-91.841351,29.828821],[-91.840554,29.828816],[-91.839238,29.828424],[-91.837705,29.828346],[-91.8364,29.828465],[-91.83529,29.829012],[-91.833477,29.829126],[-91.832761,29.829572],[-91.831525,29.829401],[-91.831807,29.829705]]},"properties":{"OBJECTID":21405,"PROGRAM":"STATE","PROJECT":"LOUISIANA BARRIER ISLAND COMPREHENSIVE MONITORING PROGRAM (BICM)","PROJ_ID":"LA-0226","PROD_DATE":"20160926","SHORE_TYPE":"MARSH","SRC_DATE":"20081027","SRC_DATA":"USGS HIGH RESOLUTION ORTHOIMAGERY","SRC_RES":"1-m pixel","SRC_VECT":"APPLIED COASTAL","SRC_RAST":"F2909110NW","DIG_NOTES":" ","REGION":"AB","CONTRACTOR":"APPLIED COASTAL","ORG":"COASTAL PROTECTION AND RESTORATION AUTHORITY OF LOUISIANA (CPRA)","SRC_REG":"USGS","DATAURL":"http://cims.coastal.louisiana.gov/meta_docs/gis_refs/shoreline/BICM2/LA-0226_SHORL_0000000000_2005101520051118_RAC0006.zip","Meta_xml":"http://cims.coastal.louisiana.gov/meta_docs/gis_refs/shoreline/BICM2/Shoreline_Metadata.xml","Meta_html":"http://cims.coastal.louisiana.gov/meta_docs/gis_refs/shoreline/BICM2/Shoreline_Metadata.html","COMMENTS":null,"SHAPE_Length":2209.9711111127804,"DSAS_DATE":"10/27/2008","DSAS_UNCER":null,"year":2008}},{"type":"Feature","id":21406,"geometry":{"type":"LineString","coordinates":[[-91.831562,29.829828],[-91.83164,29.82969],[-91.831298,29.829677],[-91.830188,29.830055],[-91.829201,29.830784],[-91.82959,29.83144],[-91.829663,29.831967],[-91.829559,29.832181],[-91.829287,29.832167],[-91.829192,29.832419],[-91.829651,29.83312],[-91.830187,29.833447]]},"properties":{"OBJECTID":21406,"PROGRAM":"STATE","PROJECT":"LOUISIANA BARRIER ISLAND COMPREHENSIVE MONITORING PROGRAM (BICM)","PROJ_ID":"LA-0226","PROD_DATE":"20160926","SHORE_TYPE":"MARSH","SRC_DATE":"20081027","SRC_DATA":"USGS HIGH RESOLUTION ORTHOIMAGERY","SRC_RES":"1-m pixel","SRC_VECT":"APPLIED COASTAL","SRC_RAST":"F2909110NW","DIG_NOTES":" ","REGION":"AB","CONTRACTOR":"APPLIED COASTAL","ORG":"COASTAL PROTECTION AND RESTORATION AUTHORITY OF LOUISIANA (CPRA)","SRC_REG":"USGS","DATAURL":"http://cims.coastal.louisiana.gov/meta_docs/gis_refs/shoreline/BICM2/LA-0226_SHORL_0000000000_2005101520051118_RAC0006.zip","Meta_xml":"http://cims.coastal.louisiana.gov/meta_docs/gis_refs/shoreline/BICM2/Shoreline_Metadata.xml","Meta_html":"http://cims.coastal.louisiana.gov/meta_docs/gis_refs/shoreline/BICM2/Shoreline_Metadata.html","COMMENTS":null,"SHAPE_Length":698.5184370217357,"DSAS_DATE":"10/27/2008","DSAS_UNCER":null,"year":2008}},{"type":"Feature","id":21407,"geometry":{"type":"LineString","coordinates":[[-91.82881,29.831091],[-91.829075,29.831411],[-91.828699,29.831695],[-91.828513,29.831276],[-91.82881,29.831091]]},"properties":{"OBJECTID":21407,"PROGRAM":"STATE","PROJECT":"LOUISIANA BARRIER ISLAND COMPREHENSIVE MONITORING PROGRAM (BICM)","PROJ_ID":"LA-0226","PROD_DATE":"20160926","SHORE_TYPE":"MARSH","SRC_DATE":"20081027","SRC_DATA":"USGS HIGH RESOLUTION ORTHOIMAGERY","SRC_RES":"1-m pixel","SRC_VECT":"APPLIED COASTAL","SRC_RAST":"F2909110NW","DIG_NOTES":" ","REGION":"AB","CONTRACTOR":"APPLIED COASTAL","ORG":"COASTAL PROTECTION AND RESTORATION AUTHORITY OF LOUISIANA (CPRA)","SRC_REG":"USGS","DATAURL":"http://cims.coastal.louisiana.gov/meta_docs/gis_refs/shoreline/BICM2/LA-0226_SHORL_0000000000_2005101520051118_RAC0006.zip","Meta_xml":"http://cims.coastal.louisiana.gov/meta_docs/gis_refs/shoreline/BICM2/Shoreline_Metadata.xml","Meta_html":"http://cims.coastal.louisiana.gov/meta_docs/gis_refs/shoreline/BICM2/Shoreline_Metadata.html","COMMENTS":null,"SHAPE_Length":186.55427842755023,"DSAS_DATE":"10/27/2008","DSAS_UNCER":null,"year":2008}},{"type":"Feature","id":21408,"geometry":{"type":"LineString","coordinates":[[-91.828165,29.826437],[-91.828376,29.826513],[-91.828527,29.826955],[-91.828588,29.828704],[-91.828408,29.829461],[-91.828345,29.827338],[-91.828035,29.826636],[-91.828165,29.826437]]},"properties":{"OBJECTID":21408,"PROGRAM":"STATE","PROJECT":"LOUISIANA BARRIER ISLAND COMPREHENSIVE MONITORING PROGRAM (BICM)","PROJ_ID":"LA-0226","PROD_DATE":"20160926","SHORE_TYPE":"MARSH","SRC_DATE":"20081027","SRC_DATA":"USGS HIGH RESOLUTION ORTHOIMAGERY","SRC_RES":"1-m pixel","SRC_VECT":"APPLIED COASTAL","SRC_RAST":"F2909110NW","DIG_NOTES":" ","REGION":"AB","CONTRACTOR":"APPLIED COASTAL","ORG":"COASTAL PROTECTION AND RESTORATION AUTHORITY OF LOUISIANA (CPRA)","SRC_REG":"USGS","DATAURL":"http://cims.coastal.louisiana.gov/meta_docs/gis_refs/shoreline/BICM2/LA-0226_SHORL_0000000000_2005101520051118_RAC0006.zip","Meta_xml":"http://cims.coastal.louisiana.gov/meta_docs/gis_refs/shoreline/BICM2/Shoreline_Metadata.xml","Meta_html":"http://cims.coastal.louisiana.gov/meta_docs/gis_refs/shoreline/BICM2/Shoreline_Metadata.html","COMMENTS":null,"SHAPE_Length":718.0646102540087,"DSAS_DATE":"10/27/2008","DSAS_UNCER":null,"year":2008}},{"type":"Feature","id":21409,"geometry":{"type":"LineString","coordinates":[[-91.829386,29.823014],[-91.830391,29.822657],[-91.83039,29.822333],[-91.830005,29.822124],[-91.829416,29.82247],[-91.828617,29.822645],[-91.828276,29.822322],[-91.827732,29.820834],[-91.827763,29.820318],[-91.828123,29.820174],[-91.82834,29.819762],[-91.8287,29.819494],[-91.829766,29.820254],[-91.830837,29.822092],[-91.830917,29.82276],[-91.830679,29.823306],[-91.829344,29.823444],[-91.828852,29.823637],[-91.828818,29.823389],[-91.829386,29.823014]]},"properties":{"OBJECTID":21409,"PROGRAM":"STATE","PROJECT":"LOUISIANA BARRIER ISLAND COMPREHENSIVE MONITORING PROGRAM (BICM)","PROJ_ID":"LA-0226","PROD_DATE":"20160926","SHORE_TYPE":"MARSH","SRC_DATE":"20081027","SRC_DATA":"USGS HIGH RESOLUTION ORTHOIMAGERY","SRC_RES":"1-m pixel","SRC_VECT":"APPLIED COASTAL","SRC_RAST":"F2909110NW","DIG_NOTES":" ","REGION":"AB","CONTRACTOR":"APPLIED COASTAL","ORG":"COASTAL PROTECTION AND RESTORATION AUTHORITY OF LOUISIANA (CPRA)","SRC_REG":"USGS","DATAURL":"http://cims.coastal.louisiana.gov/meta_docs/gis_refs/shoreline/BICM2/LA-0226_SHORL_0000000000_2005101520051118_RAC0006.zip","Meta_xml":"http://cims.coastal.louisiana.gov/meta_docs/gis_refs/shoreline/BICM2/Shoreline_Metadata.xml","Meta_html":"http://cims.coastal.louisiana.gov/meta_docs/gis_refs/shoreline/BICM2/Shoreline_Metadata.html","COMMENTS":null,"SHAPE_Length":1602.6389509684484,"DSAS_DATE":"10/27/2008","DSAS_UNCER":null,"year":2008}},{"type":"Feature","id":21410,"geometry":{"type":"LineString","coordinates":[[-91.826387,29.816762],[-91.826703,29.816331],[-91.826878,29.81635],[-91.82689,29.816607],[-91.827132,29.81674],[-91.82795,29.818274],[-91.827983,29.818456],[-91.827656,29.818657],[-91.827335,29.82011],[-91.827025,29.819491],[-91.826879,29.818679],[-91.82657,29.818337],[-91.826387,29.816762]]},"properties":{"OBJECTID":21410,"PROGRAM":"STATE","PROJECT":"LOUISIANA BARRIER ISLAND COMPREHENSIVE MONITORING PROGRAM (BICM)","PROJ_ID":"LA-0226","PROD_DATE":"20160926","SHORE_TYPE":"MARSH","SRC_DATE":"20081027","SRC_DATA":"USGS HIGH RESOLUTION ORTHOIMAGERY","SRC_RES":"1-m pixel","SRC_VECT":"APPLIED COASTAL","SRC_RAST":"F2909110NW","DIG_NOTES":" ","REGION":"AB","CONTRACTOR":"APPLIED COASTAL","ORG":"COASTAL PROTECTION AND RESTORATION AUTHORITY OF LOUISIANA (CPRA)","SRC_REG":"USGS","DATAURL":"http://cims.coastal.louisiana.gov/meta_docs/gis_refs/shoreline/BICM2/LA-0226_SHORL_0000000000_2005101520051118_RAC0006.zip","Meta_xml":"http://cims.coastal.louisiana.gov/meta_docs/gis_refs/shoreline/BICM2/Shoreline_Metadata.xml","Meta_html":"http://cims.coastal.louisiana.gov/meta_docs/gis_refs/shoreline/BICM2/Shoreline_Metadata.html","COMMENTS":null,"SHAPE_Length":998.8824216618458,"DSAS_DATE":"10/27/2008","DSAS_UNCER":null,"year":2008}},{"type":"Feature","id":21411,"geometry":{"type":"LineString","coordinates":[[-91.822524,29.812506],[-91.822844,29.813195],[-91.822847,29.813758],[-91.823035,29.814149],[-91.822742,29.814723],[-91.822031,29.814878],[-91.822175,29.815164],[-91.822481,29.815144],[-91.823579,29.815694],[-91.823822,29.816142],[-91.82398,29.817105],[-91.824442,29.817457],[-91.824919,29.818754],[-91.824799,29.81885],[-91.824952,29.819849],[-91.824559,29.820146],[-91.824418,29.820529],[-91.823893,29.820511],[-91.823817,29.820645],[-91.823576,29.820589],[-91.823025,29.819913],[-91.822638,29.819208],[-91.822747,29.819103]]},"properties":{"OBJECTID":21411,"PROGRAM":"STATE","PROJECT":"LOUISIANA BARRIER ISLAND COMPREHENSIVE MONITORING PROGRAM (BICM)","PROJ_ID":"LA-0226","PROD_DATE":"20160926","SHORE_TYPE":"MARSH","SRC_DATE":"20081027","SRC_DATA":"USGS HIGH RESOLUTION ORTHOIMAGERY","SRC_RES":"1-m pixel","SRC_VECT":"APPLIED COASTAL","SRC_RAST":"F2909110NW","DIG_NOTES":" ","REGION":"AB","CONTRACTOR":"APPLIED COASTAL","ORG":"COASTAL PROTECTION AND RESTORATION AUTHORITY OF LOUISIANA (CPRA)","SRC_REG":"USGS","DATAURL":"http://cims.coastal.louisiana.gov/meta_docs/gis_refs/shoreline/BICM2/LA-0226_SHORL_0000000000_2005101520051118_RAC0006.zip","Meta_xml":"http://cims.coastal.louisiana.gov/meta_docs/gis_refs/shoreline/BICM2/Shoreline_Metadata.xml","Meta_html":"http://cims.coastal.louisiana.gov/meta_docs/gis_refs/shoreline/BICM2/Shoreline_Metadata.html","COMMENTS":null,"SHAPE_Length":1453.6650771031361,"DSAS_DATE":"10/27/2008","DSAS_UNCER":null,"year":2008}},{"type":"Feature","id":21412,"geometry":{"type":"LineString","coordinates":[[-91.824908,29.812506],[-91.824714,29.812634],[-91.824274,29.812506]]},"properties":{"OBJECTID":21412,"PROGRAM":"STATE","PROJECT":"LOUISIANA BARRIER ISLAND COMPREHENSIVE MONITORING PROGRAM (BICM)","PROJ_ID":"LA-0226","PROD_DATE":"20160926","SHORE_TYPE":"MARSH","SRC_DATE":"20081027","SRC_DATA":"USGS HIGH RESOLUTION ORTHOIMAGERY","SRC_RES":"1-m pixel","SRC_VECT":"APPLIED COASTAL","SRC_RAST":"F2909110NW","DIG_NOTES":" ","REGION":"AB","CONTRACTOR":"APPLIED COASTAL","ORG":"COASTAL PROTECTION AND RESTORATION AUTHORITY OF LOUISIANA (CPRA)","SRC_REG":"USGS","DATAURL":"http://cims.coastal.louisiana.gov/meta_docs/gis_refs/shoreline/BICM2/LA-0226_SHORL_0000000000_2005101520051118_RAC0006.zip","Meta_xml":"http://cims.coastal.louisiana.gov/meta_docs/gis_refs/shoreline/BICM2/Shoreline_Metadata.xml","Meta_html":"http://cims.coastal.louisiana.gov/meta_docs/gis_refs/shoreline/BICM2/Shoreline_Metadata.html","COMMENTS":null,"SHAPE_Length":74.15254426892453,"DSAS_DATE":"10/27/2008","DSAS_UNCER":null,"year":2008}},{"type":"Feature","id":21413,"geometry":{"type":"LineString","coordinates":[[-91.824628,29.823125],[-91.824583,29.822867],[-91.824736,29.8228],[-91.82524,29.822894],[-91.825285,29.823123],[-91.825195,29.824717],[-91.825797,29.829107],[-91.825665,29.829098],[-91.825389,29.828517],[-91.825243,29.827878],[-91.824893,29.82785],[-91.824708,29.828166],[-91.824908,29.82871],[-91.824734,29.828968],[-91.825206,29.829186],[-91.825338,29.829453],[-91.825289,29.830456],[-91.824023,29.831453],[-91.822721,29.831659],[-91.82238,29.831402]]},"properties":{"OBJECTID":21413,"PROGRAM":"STATE","PROJECT":"LOUISIANA BARRIER ISLAND COMPREHENSIVE MONITORING PROGRAM (BICM)","PROJ_ID":"LA-0226","PROD_DATE":"20160926","SHORE_TYPE":"MARSH","SRC_DATE":"20081027","SRC_DATA":"USGS HIGH RESOLUTION ORTHOIMAGERY","SRC_RES":"1-m pixel","SRC_VECT":"APPLIED COASTAL","SRC_RAST":"F2909110NW","DIG_NOTES":" ","REGION":"AB","CONTRACTOR":"APPLIED COASTAL","ORG":"COASTAL PROTECTION AND RESTORATION AUTHORITY OF LOUISIANA (CPRA)","SRC_REG":"USGS","DATAURL":"http://cims.coastal.louisiana.gov/meta_docs/gis_refs/shoreline/BICM2/LA-0226_SHORL_0000000000_2005101520051118_RAC0006.zip","Meta_xml":"http://cims.coastal.louisiana.gov/meta_docs/gis_refs/shoreline/BICM2/Shoreline_Metadata.xml","Meta_html":"http://cims.coastal.louisiana.gov/meta_docs/gis_refs/shoreline/BICM2/Shoreline_Metadata.html","COMMENTS":null,"SHAPE_Length":1681.811241557281,"DSAS_DATE":"10/27/2008","DSAS_UNCER":null,"year":2008}},{"type":"Feature","id":21414,"geometry":{"type":"LineString","coordinates":[[-91.822522,29.812502],[-91.822524,29.812506]]},"properties":{"OBJECTID":21414,"PROGRAM":"STATE","PROJECT":"LOUISIANA BARRIER ISLAND COMPREHENSIVE MONITORING PROGRAM (BICM)","PROJ_ID":"LA-0226","PROD_DATE":"20160926","SHORE_TYPE":"MARSH","SRC_DATE":"20081027","SRC_DATA":"USGS HIGH RESOLUTION ORTHOIMAGERY","SRC_RES":"1-m pixel","SRC_VECT":"APPLIED COASTAL","SRC_RAST":"F2909110NW","DIG_NOTES":" ","REGION":"AB","CONTRACTOR":"APPLIED COASTAL","ORG":"COASTAL PROTECTION AND RESTORATION AUTHORITY OF LOUISIANA (CPRA)","SRC_REG":"USGS","DATAURL":"http://cims.coastal.louisiana.gov/meta_docs/gis_refs/shoreline/BICM2/LA-0226_SHORL_0000000000_2005101520051118_RAC0006.zip","Meta_xml":"http://cims.coastal.louisiana.gov/meta_docs/gis_refs/shoreline/BICM2/Shoreline_Metadata.xml","Meta_html":"http://cims.coastal.louisiana.gov/meta_docs/gis_refs/shoreline/BICM2/Shoreline_Metadata.html","COMMENTS":null,"SHAPE_Length":0.5012361210230653,"DSAS_DATE":"10/27/2008","DSAS_UNCER":null,"year":2008}},{"type":"Feature","id":21415,"geometry":{"type":"LineString","coordinates":[[-91.818208,29.805526],[-91.819039,29.805341],[-91.819534,29.805769],[-91.820177,29.807342],[-91.821049,29.808733],[-91.821317,29.809878],[-91.822179,29.81145],[-91.822522,29.812502]]},"properties":{"OBJECTID":21415,"PROGRAM":"STATE","PROJECT":"LOUISIANA BARRIER ISLAND COMPREHENSIVE MONITORING PROGRAM (BICM)","PROJ_ID":"LA-0226","PROD_DATE":"20160926","SHORE_TYPE":"MARSH","SRC_DATE":"20081027","SRC_DATA":"USGS HIGH RESOLUTION ORTHOIMAGERY","SRC_RES":"1-m pixel","SRC_VECT":"APPLIED COASTAL","SRC_RAST":"F2909110SW","DIG_NOTES":" ","REGION":"AB","CONTRACTOR":"APPLIED COASTAL","ORG":"COASTAL PROTECTION AND RESTORATION AUTHORITY OF LOUISIANA (CPRA)","SRC_REG":"USGS","DATAURL":"http://cims.coastal.louisiana.gov/meta_docs/gis_refs/shoreline/BICM2/LA-0226_SHORL_0000000000_2005101520051118_RAC0006.zip","Meta_xml":"http://cims.coastal.louisiana.gov/meta_docs/gis_refs/shoreline/BICM2/Shoreline_Metadata.xml","Meta_html":"http://cims.coastal.louisiana.gov/meta_docs/gis_refs/shoreline/BICM2/Shoreline_Metadata.html","COMMENTS":null,"SHAPE_Length":983.3791966249942,"DSAS_DATE":"10/27/2008","DSAS_UNCER":null,"year":2008}},{"type":"Feature","id":21416,"geometry":{"type":"LineString","coordinates":[[-91.819657,29.797229],[-91.819928,29.798898],[-91.819414,29.799158],[-91.819029,29.798778],[-91.818876,29.798826],[-91.819054,29.799389],[-91.820193,29.799375],[-91.822084,29.801106],[-91.82224,29.801659],[-91.822055,29.801812],[-91.822253,29.802079],[-91.822138,29.803197],[-91.822547,29.803949],[-91.821848,29.804391],[-91.822014,29.80461],[-91.822636,29.804331],[-91.822933,29.804435],[-91.823595,29.805626],[-91.822961,29.805771],[-91.822963,29.806106],[-91.823861,29.806312],[-91.82427,29.807056],[-91.824129,29.807257],[-91.822871,29.80759],[-91.822883,29.807781],[-91.823301,29.808056],[-91.824219,29.807728],[-91.82446,29.807861],[-91.824071,29.808865],[-91.82358,29.809134],[-91.823394,29.809173],[-91.822469,29.808617],[-91.822308,29.808673]]},"properties":{"OBJECTID":21416,"PROGRAM":"STATE","PROJECT":"LOUISIANA BARRIER ISLAND COMPREHENSIVE MONITORING PROGRAM (BICM)","PROJ_ID":"LA-0226","PROD_DATE":"20160926","SHORE_TYPE":"MARSH","SRC_DATE":"20081027","SRC_DATA":"USGS HIGH RESOLUTION ORTHOIMAGERY","SRC_RES":"1-m pixel","SRC_VECT":"APPLIED COASTAL","SRC_RAST":"F2909110SW","DIG_NOTES":" ","REGION":"AB","CONTRACTOR":"APPLIED COASTAL","ORG":"COASTAL PROTECTION AND RESTORATION AUTHORITY OF LOUISIANA (CPRA)","SRC_REG":"USGS","DATAURL":"http://cims.coastal.louisiana.gov/meta_docs/gis_refs/shoreline/BICM2/LA-0226_SHORL_0000000000_2005101520051118_RAC0006.zip","Meta_xml":"http://cims.coastal.louisiana.gov/meta_docs/gis_refs/shoreline/BICM2/Shoreline_Metadata.xml","Meta_html":"http://cims.coastal.louisiana.gov/meta_docs/gis_refs/shoreline/BICM2/Shoreline_Metadata.html","COMMENTS":null,"SHAPE_Length":2505.8701977759247,"DSAS_DATE":"10/27/2008","DSAS_UNCER":null,"year":2008}},{"type":"Feature","id":21417,"geometry":{"type":"LineString","coordinates":[[-91.818554,29.793375],[-91.819115,29.793965],[-91.820756,29.793682],[-91.821422,29.79325],[-91.822156,29.793419],[-91.822769,29.79335],[-91.822591,29.79272],[-91.823395,29.791648],[-91.823196,29.791171],[-91.823986,29.790513],[-91.824136,29.789863],[-91.82397,29.789338],[-91.823563,29.788996],[-91.823527,29.78828],[-91.822671,29.787987]]},"properties":{"OBJECTID":21417,"PROGRAM":"STATE","PROJECT":"LOUISIANA BARRIER ISLAND COMPREHENSIVE MONITORING PROGRAM (BICM)","PROJ_ID":"LA-0226","PROD_DATE":"20160926","SHORE_TYPE":"MARSH","SRC_DATE":"20081027","SRC_DATA":"USGS HIGH RESOLUTION ORTHOIMAGERY","SRC_RES":"1-m pixel","SRC_VECT":"APPLIED COASTAL","SRC_RAST":"F2909110SW","DIG_NOTES":" ","REGION":"AB","CONTRACTOR":"APPLIED COASTAL","ORG":"COASTAL PROTECTION AND RESTORATION AUTHORITY OF LOUISIANA (CPRA)","SRC_REG":"USGS","DATAURL":"http://cims.coastal.louisiana.gov/meta_docs/gis_refs/shoreline/BICM2/LA-0226_SHORL_0000000000_2005101520051118_RAC0006.zip","Meta_xml":"http://cims.coastal.louisiana.gov/meta_docs/gis_refs/shoreline/BICM2/Shoreline_Metadata.xml","Meta_html":"http://cims.coastal.louisiana.gov/meta_docs/gis_refs/shoreline/BICM2/Shoreline_Metadata.html","COMMENTS":null,"SHAPE_Length":1217.3709453931513,"DSAS_DATE":"10/27/2008","DSAS_UNCER":null,"year":2008}},{"type":"Feature","id":21418,"geometry":{"type":"LineString","coordinates":[[-91.81793,29.793234],[-91.818919,29.794166],[-91.819314,29.794241],[-91.820769,29.793997],[-91.821602,29.794204],[-91.821801,29.794767],[-91.822087,29.795042],[-91.822158,29.795988],[-91.822664,29.796559],[-91.82281,29.797255],[-91.822312,29.798498],[-91.822293,29.799062],[-91.821758,29.799369],[-91.821739,29.799999],[-91.82131,29.799543],[-91.820455,29.799221],[-91.820374,29.798458],[-91.820691,29.79837]]},"properties":{"OBJECTID":21418,"PROGRAM":"STATE","PROJECT":"LOUISIANA BARRIER ISLAND COMPREHENSIVE MONITORING PROGRAM (BICM)","PROJ_ID":"LA-0226","PROD_DATE":"20160926","SHORE_TYPE":"MARSH","SRC_DATE":"20081027","SRC_DATA":"USGS HIGH RESOLUTION ORTHOIMAGERY","SRC_RES":"1-m pixel","SRC_VECT":"APPLIED COASTAL","SRC_RAST":"F2909110SW","DIG_NOTES":" ","REGION":"AB","CONTRACTOR":"APPLIED COASTAL","ORG":"COASTAL PROTECTION AND RESTORATION AUTHORITY OF LOUISIANA (CPRA)","SRC_REG":"USGS","DATAURL":"http://cims.coastal.louisiana.gov/meta_docs/gis_refs/shoreline/BICM2/LA-0226_SHORL_0000000000_2005101520051118_RAC0006.zip","Meta_xml":"http://cims.coastal.louisiana.gov/meta_docs/gis_refs/shoreline/BICM2/Shoreline_Metadata.xml","Meta_html":"http://cims.coastal.louisiana.gov/meta_docs/gis_refs/shoreline/BICM2/Shoreline_Metadata.html","COMMENTS":null,"SHAPE_Length":1430.46855634476,"DSAS_DATE":"10/27/2008","DSAS_UNCER":null,"year":2008}},{"type":"Feature","id":21419,"geometry":{"type":"MultiLineString","coordinates":[[[-91.824909,29.812502],[-91.824908,29.812506]],[[-91.824274,29.812506],[-91.824265,29.812502]]]},"properties":{"OBJECTID":21419,"PROGRAM":"STATE","PROJECT":"LOUISIANA BARRIER ISLAND COMPREHENSIVE MONITORING PROGRAM (BICM)","PROJ_ID":"LA-0226","PROD_DATE":"20160926","SHORE_TYPE":"MARSH","SRC_DATE":"20081027","SRC_DATA":"USGS HIGH RESOLUTION ORTHOIMAGERY","SRC_RES":"1-m pixel","SRC_VECT":"APPLIED COASTAL","SRC_RAST":"F2909110NW","DIG_NOTES":" ","REGION":"AB","CONTRACTOR":"APPLIED COASTAL","ORG":"COASTAL PROTECTION AND RESTORATION AUTHORITY OF LOUISIANA (CPRA)","SRC_REG":"USGS","DATAURL":"http://cims.coastal.louisiana.gov/meta_docs/gis_refs/shoreline/BICM2/LA-0226_SHORL_0000000000_2005101520051118_RAC0006.zip","Meta_xml":"http://cims.coastal.louisiana.gov/meta_docs/gis_refs/shoreline/BICM2/Shoreline_Metadata.xml","Meta_html":"http://cims.coastal.louisiana.gov/meta_docs/gis_refs/shoreline/BICM2/Shoreline_Metadata.html","COMMENTS":null,"SHAPE_Length":1.4262906866450094,"DSAS_DATE":"10/27/2008","DSAS_UNCER":null,"year":2008}},{"type":"Feature","id":21420,"geometry":{"type":"LineString","coordinates":[[-91.824265,29.812502],[-91.823966,29.811987],[-91.824522,29.81146],[-91.824927,29.811583],[-91.824909,29.812502]]},"properties":{"OBJECTID":21420,"PROGRAM":"STATE","PROJECT":"LOUISIANA BARRIER ISLAND COMPREHENSIVE MONITORING PROGRAM (BICM)","PROJ_ID":"LA-0226","PROD_DATE":"20160926","SHORE_TYPE":"MARSH","SRC_DATE":"20081027","SRC_DATA":"USGS HIGH RESOLUTION ORTHOIMAGERY","SRC_RES":"1-m pixel","SRC_VECT":"APPLIED COASTAL","SRC_RAST":"F2909110SW","DIG_NOTES":" ","REGION":"AB","CONTRACTOR":"APPLIED COASTAL","ORG":"COASTAL PROTECTION AND RESTORATION AUTHORITY OF LOUISIANA (CPRA)","SRC_REG":"USGS","DATAURL":"http://cims.coastal.louisiana.gov/meta_docs/gis_refs/shoreline/BICM2/LA-0226_SHORL_0000000000_2005101520051118_RAC0006.zip","Meta_xml":"http://cims.coastal.louisiana.gov/meta_docs/gis_refs/shoreline/BICM2/Shoreline_Metadata.xml","Meta_html":"http://cims.coastal.louisiana.gov/meta_docs/gis_refs/shoreline/BICM2/Shoreline_Metadata.html","COMMENTS":null,"SHAPE_Length":308.42450801517316,"DSAS_DATE":"10/27/2008","DSAS_UNCER":null,"year":2008}},{"type":"Feature","id":21421,"geometry":{"type":"LineString","coordinates":[[-91.823928,29.810995],[-91.82361,29.810872],[-91.823346,29.81051],[-91.823332,29.809956],[-91.825386,29.809041],[-91.825363,29.80886],[-91.82499,29.808709],[-91.82549,29.808014],[-91.825465,29.807384],[-91.825683,29.807107],[-91.825935,29.807201],[-91.826047,29.80764],[-91.825865,29.808471],[-91.825247,29.809849],[-91.825099,29.810914],[-91.824617,29.810734],[-91.823928,29.810995]]},"properties":{"OBJECTID":21421,"PROGRAM":"STATE","PROJECT":"LOUISIANA BARRIER ISLAND COMPREHENSIVE MONITORING PROGRAM (BICM)","PROJ_ID":"LA-0226","PROD_DATE":"20160926","SHORE_TYPE":"MARSH","SRC_DATE":"20081027","SRC_DATA":"USGS HIGH RESOLUTION ORTHOIMAGERY","SRC_RES":"1-m pixel","SRC_VECT":"APPLIED COASTAL","SRC_RAST":"F2909110SW","DIG_NOTES":" ","REGION":"AB","CONTRACTOR":"APPLIED COASTAL","ORG":"COASTAL PROTECTION AND RESTORATION AUTHORITY OF LOUISIANA (CPRA)","SRC_REG":"USGS","DATAURL":"http://cims.coastal.louisiana.gov/meta_docs/gis_refs/shoreline/BICM2/LA-0226_SHORL_0000000000_2005101520051118_RAC0006.zip","Meta_xml":"http://cims.coastal.louisiana.gov/meta_docs/gis_refs/shoreline/BICM2/Shoreline_Metadata.xml","Meta_html":"http://cims.coastal.louisiana.gov/meta_docs/gis_refs/shoreline/BICM2/Shoreline_Metadata.html","COMMENTS":null,"SHAPE_Length":1261.090578295832,"DSAS_DATE":"10/27/2008","DSAS_UNCER":null,"year":2008}},{"type":"Feature","id":21422,"geometry":{"type":"LineString","coordinates":[[-91.835665,29.773992],[-91.836003,29.774133],[-91.836262,29.774671],[-91.835741,29.775354],[-91.834438,29.775745],[-91.833427,29.776278],[-91.833092,29.776889],[-91.831578,29.777007],[-91.831126,29.777486],[-91.83059,29.777549],[-91.830635,29.777244],[-91.830355,29.777255],[-91.830088,29.77749],[-91.830136,29.777764],[-91.830323,29.777754],[-91.830021,29.777958],[-91.829892,29.777898],[-91.829972,29.777592],[-91.828864,29.777312],[-91.828804,29.777007],[-91.828323,29.77645],[-91.828288,29.776328],[-91.828451,29.776317]]},"properties":{"OBJECTID":21422,"PROGRAM":"STATE","PROJECT":"LOUISIANA BARRIER ISLAND COMPREHENSIVE MONITORING PROGRAM (BICM)","PROJ_ID":"LA-0226","PROD_DATE":"20160926","SHORE_TYPE":"MARSH","SRC_DATE":"20081027","SRC_DATA":"USGS HIGH RESOLUTION ORTHOIMAGERY","SRC_RES":"1-m pixel","SRC_VECT":"APPLIED COASTAL","SRC_RAST":"F2909110SW","DIG_NOTES":" ","REGION":"AB","CONTRACTOR":"APPLIED COASTAL","ORG":"COASTAL PROTECTION AND RESTORATION AUTHORITY OF LOUISIANA (CPRA)","SRC_REG":"USGS","DATAURL":"http://cims.coastal.louisiana.gov/meta_docs/gis_refs/shoreline/BICM2/LA-0226_SHORL_0000000000_2005101520051118_RAC0006.zip","Meta_xml":"http://cims.coastal.louisiana.gov/meta_docs/gis_refs/shoreline/BICM2/Shoreline_Metadata.xml","Meta_html":"http://cims.coastal.louisiana.gov/meta_docs/gis_refs/shoreline/BICM2/Shoreline_Metadata.html","COMMENTS":null,"SHAPE_Length":1329.9349155346429,"DSAS_DATE":"10/27/2008","DSAS_UNCER":null,"year":2008}},{"type":"Feature","id":21423,"geometry":{"type":"LineString","coordinates":[[-91.835595,29.773952],[-91.834449,29.773295]]},"properties":{"OBJECTID":21423,"PROGRAM":"STATE","PROJECT":"LOUISIANA BARRIER ISLAND COMPREHENSIVE MONITORING PROGRAM (BICM)","PROJ_ID":"LA-0226","PROD_DATE":"20160926","SHORE_TYPE":"MARSH","SRC_DATE":"20081027","SRC_DATA":"USGS HIGH RESOLUTION ORTHOIMAGERY","SRC_RES":"1-m pixel","SRC_VECT":"APPLIED COASTAL","SRC_RAST":"F2909110SW","DIG_NOTES":" ","REGION":"AB","CONTRACTOR":"APPLIED COASTAL","ORG":"COASTAL PROTECTION AND RESTORATION AUTHORITY OF LOUISIANA (CPRA)","SRC_REG":"USGS","DATAURL":"http://cims.coastal.louisiana.gov/meta_docs/gis_refs/shoreline/BICM2/LA-0226_SHORL_0000000000_2005101520051118_RAC0006.zip","Meta_xml":"http://cims.coastal.louisiana.gov/meta_docs/gis_refs/shoreline/BICM2/Shoreline_Metadata.xml","Meta_html":"http://cims.coastal.louisiana.gov/meta_docs/gis_refs/shoreline/BICM2/Shoreline_Metadata.html","COMMENTS":null,"SHAPE_Length":133.83214933830274,"DSAS_DATE":"10/27/2008","DSAS_UNCER":null,"year":2008}},{"type":"Feature","id":21424,"geometry":{"type":"LineString","coordinates":[[-91.835816,29.771724],[-91.83598,29.771866],[-91.835812,29.773219],[-91.834914,29.773049],[-91.834247,29.772442]]},"properties":{"OBJECTID":21424,"PROGRAM":"STATE","PROJECT":"LOUISIANA BARRIER ISLAND COMPREHENSIVE MONITORING PROGRAM (BICM)","PROJ_ID":"LA-0226","PROD_DATE":"20160926","SHORE_TYPE":"MARSH","SRC_DATE":"20081027","SRC_DATA":"USGS HIGH RESOLUTION ORTHOIMAGERY","SRC_RES":"1-m pixel","SRC_VECT":"APPLIED COASTAL","SRC_RAST":"F2909110SW","DIG_NOTES":" ","REGION":"AB","CONTRACTOR":"APPLIED COASTAL","ORG":"COASTAL PROTECTION AND RESTORATION AUTHORITY OF LOUISIANA (CPRA)","SRC_REG":"USGS","DATAURL":"http://cims.coastal.louisiana.gov/meta_docs/gis_refs/shoreline/BICM2/LA-0226_SHORL_0000000000_2005101520051118_RAC0006.zip","Meta_xml":"http://cims.coastal.louisiana.gov/meta_docs/gis_refs/shoreline/BICM2/Shoreline_Metadata.xml","Meta_html":"http://cims.coastal.louisiana.gov/meta_docs/gis_refs/shoreline/BICM2/Shoreline_Metadata.html","COMMENTS":null,"SHAPE_Length":368.7063765903387,"DSAS_DATE":"10/27/2008","DSAS_UNCER":null,"year":2008}},{"type":"Feature","id":21425,"geometry":{"type":"LineString","coordinates":[[-91.837255,29.771363],[-91.837165,29.772075],[-91.837495,29.772694],[-91.8383,29.772925],[-91.838886,29.773593],[-91.839225,29.773765],[-91.839958,29.773498]]},"properties":{"OBJECTID":21425,"PROGRAM":"STATE","PROJECT":"LOUISIANA BARRIER ISLAND COMPREHENSIVE MONITORING PROGRAM (BICM)","PROJ_ID":"LA-0226","PROD_DATE":"20160926","SHORE_TYPE":"MARSH","SRC_DATE":"20081027","SRC_DATA":"USGS HIGH RESOLUTION ORTHOIMAGERY","SRC_RES":"1-m pixel","SRC_VECT":"APPLIED COASTAL","SRC_RAST":"F2909110SW","DIG_NOTES":" ","REGION":"AB","CONTRACTOR":"APPLIED COASTAL","ORG":"COASTAL PROTECTION AND RESTORATION AUTHORITY OF LOUISIANA (CPRA)","SRC_REG":"USGS","DATAURL":"http://cims.coastal.louisiana.gov/meta_docs/gis_refs/shoreline/BICM2/LA-0226_SHORL_0000000000_2005101520051118_RAC0006.zip","Meta_xml":"http://cims.coastal.louisiana.gov/meta_docs/gis_refs/shoreline/BICM2/Shoreline_Metadata.xml","Meta_html":"http://cims.coastal.louisiana.gov/meta_docs/gis_refs/shoreline/BICM2/Shoreline_Metadata.html","COMMENTS":null,"SHAPE_Length":457.61562901937083,"DSAS_DATE":"10/27/2008","DSAS_UNCER":null,"year":2008}},{"type":"Feature","id":21426,"geometry":{"type":"LineString","coordinates":[[-91.840028,29.773619],[-91.839447,29.773947],[-91.839485,29.774414]]},"properties":{"OBJECTID":21426,"PROGRAM":"STATE","PROJECT":"LOUISIANA BARRIER ISLAND COMPREHENSIVE MONITORING PROGRAM (BICM)","PROJ_ID":"LA-0226","PROD_DATE":"20160926","SHORE_TYPE":"MARSH","SRC_DATE":"20081027","SRC_DATA":"USGS HIGH RESOLUTION ORTHOIMAGERY","SRC_RES":"1-m pixel","SRC_VECT":"APPLIED COASTAL","SRC_RAST":"F2909110SW","DIG_NOTES":" ","REGION":"AB","CONTRACTOR":"APPLIED COASTAL","ORG":"COASTAL PROTECTION AND RESTORATION AUTHORITY OF LOUISIANA (CPRA)","SRC_REG":"USGS","DATAURL":"http://cims.coastal.louisiana.gov/meta_docs/gis_refs/shoreline/BICM2/LA-0226_SHORL_0000000000_2005101520051118_RAC0006.zip","Meta_xml":"http://cims.coastal.louisiana.gov/meta_docs/gis_refs/shoreline/BICM2/Shoreline_Metadata.xml","Meta_html":"http://cims.coastal.louisiana.gov/meta_docs/gis_refs/shoreline/BICM2/Shoreline_Metadata.html","COMMENTS":null,"SHAPE_Length":124.5202083310167,"DSAS_DATE":"10/27/2008","DSAS_UNCER":null,"year":2008}},{"type":"Feature","id":21427,"geometry":{"type":"LineString","coordinates":[[-91.839461,29.774445],[-91.839274,29.774354],[-91.839263,29.774487],[-91.839728,29.776386],[-91.840044,29.776659],[-91.84028,29.777278],[-91.840771,29.777193]]},"properties":{"OBJECTID":21427,"PROGRAM":"STATE","PROJECT":"LOUISIANA BARRIER ISLAND COMPREHENSIVE MONITORING PROGRAM (BICM)","PROJ_ID":"LA-0226","PROD_DATE":"20160926","SHORE_TYPE":"MARSH","SRC_DATE":"20081027","SRC_DATA":"USGS HIGH RESOLUTION ORTHOIMAGERY","SRC_RES":"1-m pixel","SRC_VECT":"APPLIED COASTAL","SRC_RAST":"F2909110SW","DIG_NOTES":" ","REGION":"AB","CONTRACTOR":"APPLIED COASTAL","ORG":"COASTAL PROTECTION AND RESTORATION AUTHORITY OF LOUISIANA (CPRA)","SRC_REG":"USGS","DATAURL":"http://cims.coastal.louisiana.gov/meta_docs/gis_refs/shoreline/BICM2/LA-0226_SHORL_0000000000_2005101520051118_RAC0006.zip","Meta_xml":"http://cims.coastal.louisiana.gov/meta_docs/gis_refs/shoreline/BICM2/Shoreline_Metadata.xml","Meta_html":"http://cims.coastal.louisiana.gov/meta_docs/gis_refs/shoreline/BICM2/Shoreline_Metadata.html","COMMENTS":null,"SHAPE_Length":424.23863206309187,"DSAS_DATE":"10/27/2008","DSAS_UNCER":null,"year":2008}},{"type":"Feature","id":21428,"geometry":{"type":"LineString","coordinates":[[-91.840807,29.777356],[-91.840353,29.777551]]},"properties":{"OBJECTID":21428,"PROGRAM":"STATE","PROJECT":"LOUISIANA BARRIER ISLAND COMPREHENSIVE MONITORING PROGRAM (BICM)","PROJ_ID":"LA-0226","PROD_DATE":"20160926","SHORE_TYPE":"MARSH","SRC_DATE":"20081027","SRC_DATA":"USGS HIGH RESOLUTION ORTHOIMAGERY","SRC_RES":"1-m pixel","SRC_VECT":"APPLIED COASTAL","SRC_RAST":"F2909110SW","DIG_NOTES":" ","REGION":"AB","CONTRACTOR":"APPLIED COASTAL","ORG":"COASTAL PROTECTION AND RESTORATION AUTHORITY OF LOUISIANA (CPRA)","SRC_REG":"USGS","DATAURL":"http://cims.coastal.louisiana.gov/meta_docs/gis_refs/shoreline/BICM2/LA-0226_SHORL_0000000000_2005101520051118_RAC0006.zip","Meta_xml":"http://cims.coastal.louisiana.gov/meta_docs/gis_refs/shoreline/BICM2/Shoreline_Metadata.xml","Meta_html":"http://cims.coastal.louisiana.gov/meta_docs/gis_refs/shoreline/BICM2/Shoreline_Metadata.html","COMMENTS":null,"SHAPE_Length":50.20993423740416,"DSAS_DATE":"10/27/2008","DSAS_UNCER":null,"year":2008}},{"type":"Feature","id":21429,"geometry":{"type":"LineString","coordinates":[[-91.840283,29.77752],[-91.839887,29.777471],[-91.839876,29.777674],[-91.84031,29.778212],[-91.842642,29.778497],[-91.842984,29.779157],[-91.843904,29.779113],[-91.84464,29.779466],[-91.845326,29.779056],[-91.845374,29.779331],[-91.846097,29.779541],[-91.846223,29.779022]]},"properties":{"OBJECTID":21429,"PROGRAM":"STATE","PROJECT":"LOUISIANA BARRIER ISLAND COMPREHENSIVE MONITORING PROGRAM (BICM)","PROJ_ID":"LA-0226","PROD_DATE":"20160926","SHORE_TYPE":"MARSH","SRC_DATE":"20081027","SRC_DATA":"USGS HIGH RESOLUTION ORTHOIMAGERY","SRC_RES":"1-m pixel","SRC_VECT":"APPLIED COASTAL","SRC_RAST":"F2909110SW","DIG_NOTES":" ","REGION":"AB","CONTRACTOR":"APPLIED COASTAL","ORG":"COASTAL PROTECTION AND RESTORATION AUTHORITY OF LOUISIANA (CPRA)","SRC_REG":"USGS","DATAURL":"http://cims.coastal.louisiana.gov/meta_docs/gis_refs/shoreline/BICM2/LA-0226_SHORL_0000000000_2005101520051118_RAC0006.zip","Meta_xml":"http://cims.coastal.louisiana.gov/meta_docs/gis_refs/shoreline/BICM2/Shoreline_Metadata.xml","Meta_html":"http://cims.coastal.louisiana.gov/meta_docs/gis_refs/shoreline/BICM2/Shoreline_Metadata.html","COMMENTS":null,"SHAPE_Length":888.7437083919235,"DSAS_DATE":"10/27/2008","DSAS_UNCER":null,"year":2008}},{"type":"Feature","id":21430,"geometry":{"type":"LineString","coordinates":[[-91.846376,29.779327],[-91.846331,29.779693],[-91.846123,29.779917],[-91.846462,29.780119],[-91.846443,29.781116],[-91.846561,29.78138],[-91.846851,29.781094]]},"properties":{"OBJECTID":21430,"PROGRAM":"STATE","PROJECT":"LOUISIANA BARRIER ISLAND COMPREHENSIVE MONITORING PROGRAM (BICM)","PROJ_ID":"LA-0226","PROD_DATE":"20160926","SHORE_TYPE":"MARSH","SRC_DATE":"20081027","SRC_DATA":"USGS HIGH RESOLUTION ORTHOIMAGERY","SRC_RES":"1-m pixel","SRC_VECT":"APPLIED COASTAL","SRC_RAST":"F2909110SW","DIG_NOTES":" ","REGION":"AB","CONTRACTOR":"APPLIED COASTAL","ORG":"COASTAL PROTECTION AND RESTORATION AUTHORITY OF LOUISIANA (CPRA)","SRC_REG":"USGS","DATAURL":"http://cims.coastal.louisiana.gov/meta_docs/gis_refs/shoreline/BICM2/LA-0226_SHORL_0000000000_2005101520051118_RAC0006.zip","Meta_xml":"http://cims.coastal.louisiana.gov/meta_docs/gis_refs/shoreline/BICM2/Shoreline_Metadata.xml","Meta_html":"http://cims.coastal.louisiana.gov/meta_docs/gis_refs/shoreline/BICM2/Shoreline_Metadata.html","COMMENTS":null,"SHAPE_Length":307.11204258020683,"DSAS_DATE":"10/27/2008","DSAS_UNCER":null,"year":2008}},{"type":"Feature","id":21431,"geometry":{"type":"LineString","coordinates":[[-91.847074,29.781367],[-91.846481,29.781695],[-91.846564,29.781898],[-91.847861,29.782494],[-91.848268,29.782865],[-91.848193,29.783238],[-91.848611,29.78358],[-91.848954,29.78418],[-91.849229,29.784437],[-91.849448,29.784445],[-91.849392,29.784302]]},"properties":{"OBJECTID":21431,"PROGRAM":"STATE","PROJECT":"LOUISIANA BARRIER ISLAND COMPREHENSIVE MONITORING PROGRAM (BICM)","PROJ_ID":"LA-0226","PROD_DATE":"20160926","SHORE_TYPE":"MARSH","SRC_DATE":"20081027","SRC_DATA":"USGS HIGH RESOLUTION ORTHOIMAGERY","SRC_RES":"1-m pixel","SRC_VECT":"APPLIED COASTAL","SRC_RAST":"F2909110SW","DIG_NOTES":" ","REGION":"AB","CONTRACTOR":"APPLIED COASTAL","ORG":"COASTAL PROTECTION AND RESTORATION AUTHORITY OF LOUISIANA (CPRA)","SRC_REG":"USGS","DATAURL":"http://cims.coastal.louisiana.gov/meta_docs/gis_refs/shoreline/BICM2/LA-0226_SHORL_0000000000_2005101520051118_RAC0006.zip","Meta_xml":"http://cims.coastal.louisiana.gov/meta_docs/gis_refs/shoreline/BICM2/Shoreline_Metadata.xml","Meta_html":"http://cims.coastal.louisiana.gov/meta_docs/gis_refs/shoreline/BICM2/Shoreline_Metadata.html","COMMENTS":null,"SHAPE_Length":576.3529515339649,"DSAS_DATE":"10/27/2008","DSAS_UNCER":null,"year":2008}},{"type":"Feature","id":21432,"geometry":{"type":"LineString","coordinates":[[-91.849425,29.784302],[-91.849548,29.784855],[-91.849417,29.784971],[-91.849584,29.785428],[-91.849356,29.785744],[-91.84996,29.78621],[-91.850162,29.787202],[-91.850427,29.787621],[-91.85093,29.787533],[-91.850939,29.787161],[-91.851265,29.786596],[-91.851111,29.786434],[-91.850892,29.786559]]},"properties":{"OBJECTID":21432,"PROGRAM":"STATE","PROJECT":"LOUISIANA BARRIER ISLAND COMPREHENSIVE MONITORING PROGRAM (BICM)","PROJ_ID":"LA-0226","PROD_DATE":"20160926","SHORE_TYPE":"MARSH","SRC_DATE":"20081027","SRC_DATA":"USGS HIGH RESOLUTION ORTHOIMAGERY","SRC_RES":"1-m pixel","SRC_VECT":"APPLIED COASTAL","SRC_RAST":"F2909110SW","DIG_NOTES":" ","REGION":"AB","CONTRACTOR":"APPLIED COASTAL","ORG":"COASTAL PROTECTION AND RESTORATION AUTHORITY OF LOUISIANA (CPRA)","SRC_REG":"USGS","DATAURL":"http://cims.coastal.louisiana.gov/meta_docs/gis_refs/shoreline/BICM2/LA-0226_SHORL_0000000000_2005101520051118_RAC0006.zip","Meta_xml":"http://cims.coastal.louisiana.gov/meta_docs/gis_refs/shoreline/BICM2/Shoreline_Metadata.xml","Meta_html":"http://cims.coastal.louisiana.gov/meta_docs/gis_refs/shoreline/BICM2/Shoreline_Metadata.html","COMMENTS":null,"SHAPE_Length":670.3330491758672,"DSAS_DATE":"10/27/2008","DSAS_UNCER":null,"year":2008}},{"type":"Feature","id":21433,"geometry":{"type":"LineString","coordinates":[[-91.85087,29.786387],[-91.850967,29.786187],[-91.851164,29.786224],[-91.851152,29.785966],[-91.851544,29.785621],[-91.851356,29.785211],[-91.85176,29.785057],[-91.851852,29.785944],[-91.851404,29.786089],[-91.851713,29.786527],[-91.852182,29.786239],[-91.852411,29.785942],[-91.8522,29.785447],[-91.852601,29.784605],[-91.852361,29.784835]]},"properties":{"OBJECTID":21433,"PROGRAM":"STATE","PROJECT":"LOUISIANA BARRIER ISLAND COMPREHENSIVE MONITORING PROGRAM (BICM)","PROJ_ID":"LA-0226","PROD_DATE":"20160926","SHORE_TYPE":"MARSH","SRC_DATE":"20081027","SRC_DATA":"USGS HIGH RESOLUTION ORTHOIMAGERY","SRC_RES":"1-m pixel","SRC_VECT":"APPLIED COASTAL","SRC_RAST":"F2909110SW","DIG_NOTES":" ","REGION":"AB","CONTRACTOR":"APPLIED COASTAL","ORG":"COASTAL PROTECTION AND RESTORATION AUTHORITY OF LOUISIANA (CPRA)","SRC_REG":"USGS","DATAURL":"http://cims.coastal.louisiana.gov/meta_docs/gis_refs/shoreline/BICM2/LA-0226_SHORL_0000000000_2005101520051118_RAC0006.zip","Meta_xml":"http://cims.coastal.louisiana.gov/meta_docs/gis_refs/shoreline/BICM2/Shoreline_Metadata.xml","Meta_html":"http://cims.coastal.louisiana.gov/meta_docs/gis_refs/shoreline/BICM2/Shoreline_Metadata.html","COMMENTS":null,"SHAPE_Length":773.747637950405,"DSAS_DATE":"10/27/2008","DSAS_UNCER":null,"year":2008}},{"type":"Feature","id":21434,"geometry":{"type":"LineString","coordinates":[[-91.85224,29.78473],[-91.852915,29.783906],[-91.853107,29.78297],[-91.852997,29.782837],[-91.853223,29.782244],[-91.853123,29.781939],[-91.853363,29.781785],[-91.853524,29.781173],[-91.854165,29.780101],[-91.854568,29.779794],[-91.85535,29.778559],[-91.855829,29.778118],[-91.855627,29.777193]]},"properties":{"OBJECTID":21434,"PROGRAM":"STATE","PROJECT":"LOUISIANA BARRIER ISLAND COMPREHENSIVE MONITORING PROGRAM (BICM)","PROJ_ID":"LA-0226","PROD_DATE":"20160926","SHORE_TYPE":"MARSH","SRC_DATE":"20081027","SRC_DATA":"USGS HIGH RESOLUTION ORTHOIMAGERY","SRC_RES":"1-m pixel","SRC_VECT":"APPLIED COASTAL","SRC_RAST":"F2909110SW","DIG_NOTES":" ","REGION":"AB","CONTRACTOR":"APPLIED COASTAL","ORG":"COASTAL PROTECTION AND RESTORATION AUTHORITY OF LOUISIANA (CPRA)","SRC_REG":"USGS","DATAURL":"http://cims.coastal.louisiana.gov/meta_docs/gis_refs/shoreline/BICM2/LA-0226_SHORL_0000000000_2005101520051118_RAC0006.zip","Meta_xml":"http://cims.coastal.louisiana.gov/meta_docs/gis_refs/shoreline/BICM2/Shoreline_Metadata.xml","Meta_html":"http://cims.coastal.louisiana.gov/meta_docs/gis_refs/shoreline/BICM2/Shoreline_Metadata.html","COMMENTS":null,"SHAPE_Length":994.8932302575857,"DSAS_DATE":"10/27/2008","DSAS_UNCER":null,"year":2008}},{"type":"Feature","id":21435,"geometry":{"type":"LineString","coordinates":[[-91.855748,29.777326],[-91.856002,29.777745],[-91.856275,29.777715],[-91.857595,29.776698],[-91.857735,29.776325],[-91.858323,29.775845],[-91.858582,29.775138],[-91.859651,29.77436],[-91.860023,29.774282],[-91.860315,29.773765],[-91.860893,29.773333],[-91.86087,29.773123]]},"properties":{"OBJECTID":21435,"PROGRAM":"STATE","PROJECT":"LOUISIANA BARRIER ISLAND COMPREHENSIVE MONITORING PROGRAM (BICM)","PROJ_ID":"LA-0226","PROD_DATE":"20160926","SHORE_TYPE":"MARSH","SRC_DATE":"20081027","SRC_DATA":"USGS HIGH RESOLUTION ORTHOIMAGERY","SRC_RES":"1-m pixel","SRC_VECT":"APPLIED COASTAL","SRC_RAST":"F2909110SW","DIG_NOTES":" ","REGION":"AB","CONTRACTOR":"APPLIED COASTAL","ORG":"COASTAL PROTECTION AND RESTORATION AUTHORITY OF LOUISIANA (CPRA)","SRC_REG":"USGS","DATAURL":"http://cims.coastal.louisiana.gov/meta_docs/gis_refs/shoreline/BICM2/LA-0226_SHORL_0000000000_2005101520051118_RAC0006.zip","Meta_xml":"http://cims.coastal.louisiana.gov/meta_docs/gis_refs/shoreline/BICM2/Shoreline_Metadata.xml","Meta_html":"http://cims.coastal.louisiana.gov/meta_docs/gis_refs/shoreline/BICM2/Shoreline_Metadata.html","COMMENTS":null,"SHAPE_Length":826.948737079273,"DSAS_DATE":"10/27/2008","DSAS_UNCER":null,"year":2008}},{"type":"Feature","id":21436,"geometry":{"type":"LineString","coordinates":[[-91.860957,29.773075],[-91.861199,29.773303],[-91.862081,29.772364],[-91.863554,29.771585],[-91.864397,29.771476],[-91.862585,29.770443]]},"properties":{"OBJECTID":21436,"PROGRAM":"STATE","PROJECT":"LOUISIANA BARRIER ISLAND COMPREHENSIVE MONITORING PROGRAM (BICM)","PROJ_ID":"LA-0226","PROD_DATE":"20160926","SHORE_TYPE":"MARSH","SRC_DATE":"20081027","SRC_DATA":"USGS HIGH RESOLUTION ORTHOIMAGERY","SRC_RES":"1-m pixel","SRC_VECT":"APPLIED COASTAL","SRC_RAST":"F2909110SW","DIG_NOTES":" ","REGION":"AB","CONTRACTOR":"APPLIED COASTAL","ORG":"COASTAL PROTECTION AND RESTORATION AUTHORITY OF LOUISIANA (CPRA)","SRC_REG":"USGS","DATAURL":"http://cims.coastal.louisiana.gov/meta_docs/gis_refs/shoreline/BICM2/LA-0226_SHORL_0000000000_2005101520051118_RAC0006.zip","Meta_xml":"http://cims.coastal.louisiana.gov/meta_docs/gis_refs/shoreline/BICM2/Shoreline_Metadata.xml","Meta_html":"http://cims.coastal.louisiana.gov/meta_docs/gis_refs/shoreline/BICM2/Shoreline_Metadata.html","COMMENTS":null,"SHAPE_Length":648.2296203932525,"DSAS_DATE":"10/27/2008","DSAS_UNCER":null,"year":2008}},{"type":"Feature","id":21437,"geometry":{"type":"LineString","coordinates":[[-91.866382,29.76826],[-91.867107,29.768715],[-91.86653,29.7693],[-91.866379,29.769692],[-91.865169,29.770557],[-91.864887,29.771006],[-91.864207,29.770904],[-91.863154,29.770307]]},"properties":{"OBJECTID":21437,"PROGRAM":"STATE","PROJECT":"LOUISIANA BARRIER ISLAND COMPREHENSIVE MONITORING PROGRAM (BICM)","PROJ_ID":"LA-0226","PROD_DATE":"20160926","SHORE_TYPE":"MARSH","SRC_DATE":"20081027","SRC_DATA":"USGS HIGH RESOLUTION ORTHOIMAGERY","SRC_RES":"1-m pixel","SRC_VECT":"APPLIED COASTAL","SRC_RAST":"F2909110SW","DIG_NOTES":" ","REGION":"AB","CONTRACTOR":"APPLIED COASTAL","ORG":"COASTAL PROTECTION AND RESTORATION AUTHORITY OF LOUISIANA (CPRA)","SRC_REG":"USGS","DATAURL":"http://cims.coastal.louisiana.gov/meta_docs/gis_refs/shoreline/BICM2/LA-0226_SHORL_0000000000_2005101520051118_RAC0006.zip","Meta_xml":"http://cims.coastal.louisiana.gov/meta_docs/gis_refs/shoreline/BICM2/Shoreline_Metadata.xml","Meta_html":"http://cims.coastal.louisiana.gov/meta_docs/gis_refs/shoreline/BICM2/Shoreline_Metadata.html","COMMENTS":null,"SHAPE_Length":627.0795990316013,"DSAS_DATE":"10/27/2008","DSAS_UNCER":null,"year":2008}},{"type":"Feature","id":21438,"geometry":{"type":"LineString","coordinates":[[-91.866338,29.768111],[-91.867073,29.768452],[-91.86728,29.768394],[-91.868502,29.767673],[-91.868632,29.767443],[-91.868738,29.766812],[-91.868406,29.76605],[-91.868482,29.765878],[-91.868317,29.765745],[-91.868414,29.76542],[-91.868279,29.764828],[-91.868657,29.763929],[-91.868813,29.762258],[-91.869019,29.762028],[-91.869072,29.761579],[-91.868895,29.761245],[-91.867504,29.761012],[-91.86722,29.761233],[-91.868276,29.76225],[-91.868561,29.762345],[-91.868421,29.762794],[-91.868037,29.7625],[-91.867666,29.762702],[-91.867708,29.762396],[-91.867326,29.762493],[-91.866745,29.762333],[-91.866439,29.762487],[-91.865967,29.762164],[-91.864917,29.762321],[-91.864743,29.762589]]},"properties":{"OBJECTID":21438,"PROGRAM":"STATE","PROJECT":"LOUISIANA BARRIER ISLAND COMPREHENSIVE MONITORING PROGRAM (BICM)","PROJ_ID":"LA-0226","PROD_DATE":"20160926","SHORE_TYPE":"MARSH","SRC_DATE":"20081027","SRC_DATA":"USGS HIGH RESOLUTION ORTHOIMAGERY","SRC_RES":"1-m pixel","SRC_VECT":"APPLIED COASTAL","SRC_RAST":"F2909110SW","DIG_NOTES":" ","REGION":"AB","CONTRACTOR":"APPLIED COASTAL","ORG":"COASTAL PROTECTION AND RESTORATION AUTHORITY OF LOUISIANA (CPRA)","SRC_REG":"USGS","DATAURL":"http://cims.coastal.louisiana.gov/meta_docs/gis_refs/shoreline/BICM2/LA-0226_SHORL_0000000000_2005101520051118_RAC0006.zip","Meta_xml":"http://cims.coastal.louisiana.gov/meta_docs/gis_refs/shoreline/BICM2/Shoreline_Metadata.xml","Meta_html":"http://cims.coastal.louisiana.gov/meta_docs/gis_refs/shoreline/BICM2/Shoreline_Metadata.html","COMMENTS":null,"SHAPE_Length":1956.5093823455434,"DSAS_DATE":"10/27/2008","DSAS_UNCER":null,"year":2008}},{"type":"Feature","id":21439,"geometry":{"type":"LineString","coordinates":[[-91.871199,29.759175],[-91.871659,29.759202],[-91.871704,29.759412],[-91.870887,29.760122],[-91.870678,29.759836],[-91.871199,29.759175]]},"properties":{"OBJECTID":21439,"PROGRAM":"STATE","PROJECT":"LOUISIANA BARRIER ISLAND COMPREHENSIVE MONITORING PROGRAM (BICM)","PROJ_ID":"LA-0226","PROD_DATE":"20160926","SHORE_TYPE":"MARSH","SRC_DATE":"20081027","SRC_DATA":"USGS HIGH RESOLUTION ORTHOIMAGERY","SRC_RES":"1-m pixel","SRC_VECT":"APPLIED COASTAL","SRC_RAST":"F2909110SW","DIG_NOTES":" ","REGION":"AB","CONTRACTOR":"APPLIED COASTAL","ORG":"COASTAL PROTECTION AND RESTORATION AUTHORITY OF LOUISIANA (CPRA)","SRC_REG":"USGS","DATAURL":"http://cims.coastal.louisiana.gov/meta_docs/gis_refs/shoreline/BICM2/LA-0226_SHORL_0000000000_2005101520051118_RAC0006.zip","Meta_xml":"http://cims.coastal.louisiana.gov/meta_docs/gis_refs/shoreline/BICM2/Shoreline_Metadata.xml","Meta_html":"http://cims.coastal.louisiana.gov/meta_docs/gis_refs/shoreline/BICM2/Shoreline_Metadata.html","COMMENTS":null,"SHAPE_Length":333.9834032253676,"DSAS_DATE":"10/27/2008","DSAS_UNCER":null,"year":2008}},{"type":"Feature","id":21440,"geometry":{"type":"LineString","coordinates":[[-91.869836,29.76004],[-91.870057,29.760354],[-91.870263,29.760115],[-91.870473,29.760381],[-91.870756,29.760199],[-91.870856,29.760427],[-91.870782,29.760953],[-91.870279,29.76106],[-91.870149,29.761328],[-91.869477,29.760452],[-91.869836,29.76004]]},"properties":{"OBJECTID":21440,"PROGRAM":"STATE","PROJECT":"LOUISIANA BARRIER ISLAND COMPREHENSIVE MONITORING PROGRAM (BICM)","PROJ_ID":"LA-0226","PROD_DATE":"20160926","SHORE_TYPE":"MARSH","SRC_DATE":"20081027","SRC_DATA":"USGS HIGH RESOLUTION ORTHOIMAGERY","SRC_RES":"1-m pixel","SRC_VECT":"APPLIED COASTAL","SRC_RAST":"F2909110SW","DIG_NOTES":" ","REGION":"AB","CONTRACTOR":"APPLIED COASTAL","ORG":"COASTAL PROTECTION AND RESTORATION AUTHORITY OF LOUISIANA (CPRA)","SRC_REG":"USGS","DATAURL":"http://cims.coastal.louisiana.gov/meta_docs/gis_refs/shoreline/BICM2/LA-0226_SHORL_0000000000_2005101520051118_RAC0006.zip","Meta_xml":"http://cims.coastal.louisiana.gov/meta_docs/gis_refs/shoreline/BICM2/Shoreline_Metadata.xml","Meta_html":"http://cims.coastal.louisiana.gov/meta_docs/gis_refs/shoreline/BICM2/Shoreline_Metadata.html","COMMENTS":null,"SHAPE_Length":527.0050819647647,"DSAS_DATE":"10/27/2008","DSAS_UNCER":null,"year":2008}},{"type":"Feature","id":21441,"geometry":{"type":"LineString","coordinates":[[-91.875,29.758198],[-91.875006,29.758196]]},"properties":{"OBJECTID":21441,"PROGRAM":"STATE","PROJECT":"LOUISIANA BARRIER ISLAND COMPREHENSIVE MONITORING PROGRAM (BICM)","PROJ_ID":"LA-0226","PROD_DATE":"20160926","SHORE_TYPE":"MARSH","SRC_DATE":"20081027","SRC_DATA":"USGS HIGH RESOLUTION ORTHOIMAGERY","SRC_RES":"1-m pixel","SRC_VECT":"APPLIED COASTAL","SRC_RAST":"F2909109SE","DIG_NOTES":" ","REGION":"AB","CONTRACTOR":"APPLIED COASTAL","ORG":"COASTAL PROTECTION AND RESTORATION AUTHORITY OF LOUISIANA (CPRA)","SRC_REG":"USGS","DATAURL":"http://cims.coastal.louisiana.gov/meta_docs/gis_refs/shoreline/BICM2/LA-0226_SHORL_0000000000_2005101520051118_RAC0006.zip","Meta_xml":"http://cims.coastal.louisiana.gov/meta_docs/gis_refs/shoreline/BICM2/Shoreline_Metadata.xml","Meta_html":"http://cims.coastal.louisiana.gov/meta_docs/gis_refs/shoreline/BICM2/Shoreline_Metadata.html","COMMENTS":null,"SHAPE_Length":0.5995118180218318,"DSAS_DATE":"10/27/2008","DSAS_UNCER":null,"year":2008}},{"type":"Feature","id":21442,"geometry":{"type":"LineString","coordinates":[[-91.869495,29.75775],[-91.869322,29.758114],[-91.868821,29.758488],[-91.868682,29.759109],[-91.868825,29.759204],[-91.869962,29.75897],[-91.870313,29.759131],[-91.870463,29.758634],[-91.8711,29.758966],[-91.871536,29.758658],[-91.872108,29.759296],[-91.872435,29.75897],[-91.873823,29.758744],[-91.873965,29.758581],[-91.874391,29.758561],[-91.874467,29.758302],[-91.875,29.758198]]},"properties":{"OBJECTID":21442,"PROGRAM":"STATE","PROJECT":"LOUISIANA BARRIER ISLAND COMPREHENSIVE MONITORING PROGRAM (BICM)","PROJ_ID":"LA-0226","PROD_DATE":"20160926","SHORE_TYPE":"MARSH","SRC_DATE":"20081027","SRC_DATA":"USGS HIGH RESOLUTION ORTHOIMAGERY","SRC_RES":"1-m pixel","SRC_VECT":"APPLIED COASTAL","SRC_RAST":"F2909110SW","DIG_NOTES":" ","REGION":"AB","CONTRACTOR":"APPLIED COASTAL","ORG":"COASTAL PROTECTION AND RESTORATION AUTHORITY OF LOUISIANA (CPRA)","SRC_REG":"USGS","DATAURL":"http://cims.coastal.louisiana.gov/meta_docs/gis_refs/shoreline/BICM2/LA-0226_SHORL_0000000000_2005101520051118_RAC0006.zip","Meta_xml":"http://cims.coastal.louisiana.gov/meta_docs/gis_refs/shoreline/BICM2/Shoreline_Metadata.xml","Meta_html":"http://cims.coastal.louisiana.gov/meta_docs/gis_refs/shoreline/BICM2/Shoreline_Metadata.html","COMMENTS":null,"SHAPE_Length":1016.2829324902604,"DSAS_DATE":"10/27/2008","DSAS_UNCER":null,"year":2008}},{"type":"Feature","id":21443,"geometry":{"type":"LineString","coordinates":[[-91.828261,29.776031],[-91.827955,29.776128],[-91.82798,29.776748],[-91.827772,29.776778],[-91.827057,29.776093],[-91.827023,29.775854],[-91.827318,29.775701]]},"properties":{"OBJECTID":21443,"PROGRAM":"STATE","PROJECT":"LOUISIANA BARRIER ISLAND COMPREHENSIVE MONITORING PROGRAM (BICM)","PROJ_ID":"LA-0226","PROD_DATE":"20160926","SHORE_TYPE":"MARSH","SRC_DATE":"20081027","SRC_DATA":"USGS HIGH RESOLUTION ORTHOIMAGERY","SRC_RES":"1-m pixel","SRC_VECT":"APPLIED COASTAL","SRC_RAST":"F2909110SW","DIG_NOTES":" ","REGION":"AB","CONTRACTOR":"APPLIED COASTAL","ORG":"COASTAL PROTECTION AND RESTORATION AUTHORITY OF LOUISIANA (CPRA)","SRC_REG":"USGS","DATAURL":"http://cims.coastal.louisiana.gov/meta_docs/gis_refs/shoreline/BICM2/LA-0226_SHORL_0000000000_2005101520051118_RAC0006.zip","Meta_xml":"http://cims.coastal.louisiana.gov/meta_docs/gis_refs/shoreline/BICM2/Shoreline_Metadata.xml","Meta_html":"http://cims.coastal.louisiana.gov/meta_docs/gis_refs/shoreline/BICM2/Shoreline_Metadata.html","COMMENTS":null,"SHAPE_Length":290.1001496233495,"DSAS_DATE":"10/27/2008","DSAS_UNCER":null,"year":2008}},{"type":"Feature","id":21444,"geometry":{"type":"LineString","coordinates":[[-91.826423,29.776191],[-91.82682,29.776877],[-91.826615,29.777403],[-91.826889,29.777564],[-91.826596,29.778157],[-91.825529,29.779173],[-91.82552,29.779632],[-91.825237,29.7799],[-91.824174,29.77977]]},"properties":{"OBJECTID":21444,"PROGRAM":"STATE","PROJECT":"LOUISIANA BARRIER ISLAND COMPREHENSIVE MONITORING PROGRAM (BICM)","PROJ_ID":"LA-0226","PROD_DATE":"20160926","SHORE_TYPE":"MARSH","SRC_DATE":"20081027","SRC_DATA":"USGS HIGH RESOLUTION ORTHOIMAGERY","SRC_RES":"1-m pixel","SRC_VECT":"APPLIED COASTAL","SRC_RAST":"F2909110SW","DIG_NOTES":" ","REGION":"AB","CONTRACTOR":"APPLIED COASTAL","ORG":"COASTAL PROTECTION AND RESTORATION AUTHORITY OF LOUISIANA (CPRA)","SRC_REG":"USGS","DATAURL":"http://cims.coastal.louisiana.gov/meta_docs/gis_refs/shoreline/BICM2/LA-0226_SHORL_0000000000_2005101520051118_RAC0006.zip","Meta_xml":"http://cims.coastal.louisiana.gov/meta_docs/gis_refs/shoreline/BICM2/Shoreline_Metadata.xml","Meta_html":"http://cims.coastal.louisiana.gov/meta_docs/gis_refs/shoreline/BICM2/Shoreline_Metadata.html","COMMENTS":null,"SHAPE_Length":626.1919646145813,"DSAS_DATE":"10/27/2008","DSAS_UNCER":null,"year":2008}},{"type":"Feature","id":21445,"geometry":{"type":"LineString","coordinates":[[-91.82432,29.780515],[-91.826322,29.780211],[-91.826552,29.780315],[-91.826499,29.780573],[-91.82553,29.781646],[-91.825477,29.782028],[-91.825053,29.782622],[-91.824341,29.782395]]},"properties":{"OBJECTID":21445,"PROGRAM":"STATE","PROJECT":"LOUISIANA BARRIER ISLAND COMPREHENSIVE MONITORING PROGRAM (BICM)","PROJ_ID":"LA-0226","PROD_DATE":"20160926","SHORE_TYPE":"MARSH","SRC_DATE":"20081027","SRC_DATA":"USGS HIGH RESOLUTION ORTHOIMAGERY","SRC_RES":"1-m pixel","SRC_VECT":"APPLIED COASTAL","SRC_RAST":"F2909110SW","DIG_NOTES":" ","REGION":"AB","CONTRACTOR":"APPLIED COASTAL","ORG":"COASTAL PROTECTION AND RESTORATION AUTHORITY OF LOUISIANA (CPRA)","SRC_REG":"USGS","DATAURL":"http://cims.coastal.louisiana.gov/meta_docs/gis_refs/shoreline/BICM2/LA-0226_SHORL_0000000000_2005101520051118_RAC0006.zip","Meta_xml":"http://cims.coastal.louisiana.gov/meta_docs/gis_refs/shoreline/BICM2/Shoreline_Metadata.xml","Meta_html":"http://cims.coastal.louisiana.gov/meta_docs/gis_refs/shoreline/BICM2/Shoreline_Metadata.html","COMMENTS":null,"SHAPE_Length":622.2677678525438,"DSAS_DATE":"10/27/2008","DSAS_UNCER":null,"year":2008}},{"type":"Feature","id":21446,"geometry":{"type":"LineString","coordinates":[[-91.824157,29.782855],[-91.82443,29.782834],[-91.824662,29.783187],[-91.825386,29.783614],[-91.825533,29.784549],[-91.825396,29.785542],[-91.824811,29.786748],[-91.824219,29.786683],[-91.824229,29.786406],[-91.823516,29.786113],[-91.823339,29.785703]]},"properties":{"OBJECTID":21446,"PROGRAM":"STATE","PROJECT":"LOUISIANA BARRIER ISLAND COMPREHENSIVE MONITORING PROGRAM (BICM)","PROJ_ID":"LA-0226","PROD_DATE":"20160926","SHORE_TYPE":"MARSH","SRC_DATE":"20081027","SRC_DATA":"USGS HIGH RESOLUTION ORTHOIMAGERY","SRC_RES":"1-m pixel","SRC_VECT":"APPLIED COASTAL","SRC_RAST":"F2909110SW","DIG_NOTES":" ","REGION":"AB","CONTRACTOR":"APPLIED COASTAL","ORG":"COASTAL PROTECTION AND RESTORATION AUTHORITY OF LOUISIANA (CPRA)","SRC_REG":"USGS","DATAURL":"http://cims.coastal.louisiana.gov/meta_docs/gis_refs/shoreline/BICM2/LA-0226_SHORL_0000000000_2005101520051118_RAC0006.zip","Meta_xml":"http://cims.coastal.louisiana.gov/meta_docs/gis_refs/shoreline/BICM2/Shoreline_Metadata.xml","Meta_html":"http://cims.coastal.louisiana.gov/meta_docs/gis_refs/shoreline/BICM2/Shoreline_Metadata.html","COMMENTS":null,"SHAPE_Length":756.8064229910709,"DSAS_DATE":"10/27/2008","DSAS_UNCER":null,"year":2008}},{"type":"Feature","id":21447,"geometry":{"type":"LineString","coordinates":[[-91.82191,29.786749],[-91.822064,29.786892],[-91.822178,29.787789],[-91.822617,29.787969]]},"properties":{"OBJECTID":21447,"PROGRAM":"STATE","PROJECT":"LOUISIANA BARRIER ISLAND COMPREHENSIVE MONITORING PROGRAM (BICM)","PROJ_ID":"LA-0226","PROD_DATE":"20160926","SHORE_TYPE":"MARSH","SRC_DATE":"20081027","SRC_DATA":"USGS HIGH RESOLUTION ORTHOIMAGERY","SRC_RES":"1-m pixel","SRC_VECT":"APPLIED COASTAL","SRC_RAST":"F2909110SW","DIG_NOTES":" ","REGION":"AB","CONTRACTOR":"APPLIED COASTAL","ORG":"COASTAL PROTECTION AND RESTORATION AUTHORITY OF LOUISIANA (CPRA)","SRC_REG":"USGS","DATAURL":"http://cims.coastal.louisiana.gov/meta_docs/gis_refs/shoreline/BICM2/LA-0226_SHORL_0000000000_2005101520051118_RAC0006.zip","Meta_xml":"http://cims.coastal.louisiana.gov/meta_docs/gis_refs/shoreline/BICM2/Shoreline_Metadata.xml","Meta_html":"http://cims.coastal.louisiana.gov/meta_docs/gis_refs/shoreline/BICM2/Shoreline_Metadata.html","COMMENTS":null,"SHAPE_Length":185.36961020755115,"DSAS_DATE":"10/27/2008","DSAS_UNCER":null,"year":2008}},{"type":"Feature","id":21448,"geometry":{"type":"LineString","coordinates":[[-91.823131,29.785761],[-91.823474,29.786457],[-91.823137,29.786907],[-91.822995,29.78707],[-91.822667,29.787061],[-91.82237,29.786747]]},"properties":{"OBJECTID":21448,"PROGRAM":"STATE","PROJECT":"LOUISIANA BARRIER ISLAND COMPREHENSIVE MONITORING PROGRAM (BICM)","PROJ_ID":"LA-0226","PROD_DATE":"20160926","SHORE_TYPE":"MARSH","SRC_DATE":"20081027","SRC_DATA":"USGS HIGH RESOLUTION ORTHOIMAGERY","SRC_RES":"1-m pixel","SRC_VECT":"APPLIED COASTAL","SRC_RAST":"F2909110SW","DIG_NOTES":" ","REGION":"AB","CONTRACTOR":"APPLIED COASTAL","ORG":"COASTAL PROTECTION AND RESTORATION AUTHORITY OF LOUISIANA (CPRA)","SRC_REG":"USGS","DATAURL":"http://cims.coastal.louisiana.gov/meta_docs/gis_refs/shoreline/BICM2/LA-0226_SHORL_0000000000_2005101520051118_RAC0006.zip","Meta_xml":"http://cims.coastal.louisiana.gov/meta_docs/gis_refs/shoreline/BICM2/Shoreline_Metadata.xml","Meta_html":"http://cims.coastal.louisiana.gov/meta_docs/gis_refs/shoreline/BICM2/Shoreline_Metadata.html","COMMENTS":null,"SHAPE_Length":250.90947188783173,"DSAS_DATE":"10/27/2008","DSAS_UNCER":null,"year":2008}},{"type":"Feature","id":21449,"geometry":{"type":"LineString","coordinates":[[-91.851374,29.788139],[-91.851524,29.787661]]},"properties":{"OBJECTID":21449,"PROGRAM":"STATE","PROJECT":"LOUISIANA BARRIER ISLAND COMPREHENSIVE MONITORING PROGRAM (BICM)","PROJ_ID":"LA-0226","PROD_DATE":"20160926","SHORE_TYPE":"MARSH","SRC_DATE":"20081027","SRC_DATA":"USGS HIGH RESOLUTION ORTHOIMAGERY","SRC_RES":"1-m pixel","SRC_VECT":"APPLIED COASTAL","SRC_RAST":"F2909110SW","DIG_NOTES":" ","REGION":"AB","CONTRACTOR":"APPLIED COASTAL","ORG":"COASTAL PROTECTION AND RESTORATION AUTHORITY OF LOUISIANA (CPRA)","SRC_REG":"USGS","DATAURL":"http://cims.coastal.louisiana.gov/meta_docs/gis_refs/shoreline/BICM2/LA-0226_SHORL_0000000000_2005101520051118_RAC0006.zip","Meta_xml":"http://cims.coastal.louisiana.gov/meta_docs/gis_refs/shoreline/BICM2/Shoreline_Metadata.xml","Meta_html":"http://cims.coastal.louisiana.gov/meta_docs/gis_refs/shoreline/BICM2/Shoreline_Metadata.html","COMMENTS":null,"SHAPE_Length":58.23440975271342,"DSAS_DATE":"10/27/2008","DSAS_UNCER":null,"year":2008}},{"type":"Feature","id":21450,"geometry":{"type":"LineString","coordinates":[[-91.851524,29.787623],[-91.851522,29.787165],[-91.851708,29.787097],[-91.852092,29.787363],[-91.852094,29.787773],[-91.851866,29.788061],[-91.851835,29.788481],[-91.850884,29.78879],[-91.851057,29.788331],[-91.85133,29.788168]]},"properties":{"OBJECTID":21450,"PROGRAM":"STATE","PROJECT":"LOUISIANA BARRIER ISLAND COMPREHENSIVE MONITORING PROGRAM (BICM)","PROJ_ID":"LA-0226","PROD_DATE":"20160926","SHORE_TYPE":"MARSH","SRC_DATE":"20081027","SRC_DATA":"USGS HIGH RESOLUTION ORTHOIMAGERY","SRC_RES":"1-m pixel","SRC_VECT":"APPLIED COASTAL","SRC_RAST":"F2909110SW","DIG_NOTES":" ","REGION":"AB","CONTRACTOR":"APPLIED COASTAL","ORG":"COASTAL PROTECTION AND RESTORATION AUTHORITY OF LOUISIANA (CPRA)","SRC_REG":"USGS","DATAURL":"http://cims.coastal.louisiana.gov/meta_docs/gis_refs/shoreline/BICM2/LA-0226_SHORL_0000000000_2005101520051118_RAC0006.zip","Meta_xml":"http://cims.coastal.louisiana.gov/meta_docs/gis_refs/shoreline/BICM2/Shoreline_Metadata.xml","Meta_html":"http://cims.coastal.louisiana.gov/meta_docs/gis_refs/shoreline/BICM2/Shoreline_Metadata.html","COMMENTS":null,"SHAPE_Length":459.8087283016865,"DSAS_DATE":"10/27/2008","DSAS_UNCER":null,"year":2008}},{"type":"Feature","id":21451,"geometry":{"type":"LineString","coordinates":[[-91.8512,29.789627],[-91.851374,29.789482],[-91.85097,29.789269],[-91.849807,29.789534],[-91.84973,29.789832],[-91.849959,29.790266],[-91.849988,29.790786],[-91.849617,29.791872],[-91.849889,29.791962],[-91.850659,29.791761],[-91.851212,29.791911],[-91.851384,29.791384],[-91.851672,29.791123],[-91.851504,29.790864],[-91.851691,29.789771],[-91.851394,29.789863]]},"properties":{"OBJECTID":21451,"PROGRAM":"STATE","PROJECT":"LOUISIANA BARRIER ISLAND COMPREHENSIVE MONITORING PROGRAM (BICM)","PROJ_ID":"LA-0226","PROD_DATE":"20160926","SHORE_TYPE":"MARSH","SRC_DATE":"20081027","SRC_DATA":"USGS HIGH RESOLUTION ORTHOIMAGERY","SRC_RES":"1-m pixel","SRC_VECT":"APPLIED COASTAL","SRC_RAST":"F2909110SW","DIG_NOTES":" ","REGION":"AB","CONTRACTOR":"APPLIED COASTAL","ORG":"COASTAL PROTECTION AND RESTORATION AUTHORITY OF LOUISIANA (CPRA)","SRC_REG":"USGS","DATAURL":"http://cims.coastal.louisiana.gov/meta_docs/gis_refs/shoreline/BICM2/LA-0226_SHORL_0000000000_2005101520051118_RAC0006.zip","Meta_xml":"http://cims.coastal.louisiana.gov/meta_docs/gis_refs/shoreline/BICM2/Shoreline_Metadata.xml","Meta_html":"http://cims.coastal.louisiana.gov/meta_docs/gis_refs/shoreline/BICM2/Shoreline_Metadata.html","COMMENTS":null,"SHAPE_Length":991.1395700141182,"DSAS_DATE":"10/27/2008","DSAS_UNCER":null,"year":2008}},{"type":"Feature","id":21452,"geometry":{"type":"LineString","coordinates":[[-91.851411,29.789802],[-91.851717,29.789725],[-91.851777,29.789465],[-91.851503,29.789076],[-91.851347,29.789275],[-91.851541,29.789519],[-91.851411,29.789802]]},"properties":{"OBJECTID":21452,"PROGRAM":"STATE","PROJECT":"LOUISIANA BARRIER ISLAND COMPREHENSIVE MONITORING PROGRAM (BICM)","PROJ_ID":"LA-0226","PROD_DATE":"20160926","SHORE_TYPE":"MARSH","SRC_DATE":"20081027","SRC_DATA":"USGS HIGH RESOLUTION ORTHOIMAGERY","SRC_RES":"1-m pixel","SRC_VECT":"APPLIED COASTAL","SRC_RAST":"F2909110SW","DIG_NOTES":" ","REGION":"AB","CONTRACTOR":"APPLIED COASTAL","ORG":"COASTAL PROTECTION AND RESTORATION AUTHORITY OF LOUISIANA (CPRA)","SRC_REG":"USGS","DATAURL":"http://cims.coastal.louisiana.gov/meta_docs/gis_refs/shoreline/BICM2/LA-0226_SHORL_0000000000_2005101520051118_RAC0006.zip","Meta_xml":"http://cims.coastal.louisiana.gov/meta_docs/gis_refs/shoreline/BICM2/Shoreline_Metadata.xml","Meta_html":"http://cims.coastal.louisiana.gov/meta_docs/gis_refs/shoreline/BICM2/Shoreline_Metadata.html","COMMENTS":null,"SHAPE_Length":217.95232242335416,"DSAS_DATE":"10/27/2008","DSAS_UNCER":null,"year":2008}},{"type":"Feature","id":21453,"geometry":{"type":"LineString","coordinates":[[-91.851041,29.792806],[-91.851225,29.792729],[-91.851414,29.792208],[-91.85102,29.79221],[-91.851041,29.792806]]},"properties":{"OBJECTID":21453,"PROGRAM":"STATE","PROJECT":"LOUISIANA BARRIER ISLAND COMPREHENSIVE MONITORING PROGRAM (BICM)","PROJ_ID":"LA-0226","PROD_DATE":"20160926","SHORE_TYPE":"MARSH","SRC_DATE":"20081027","SRC_DATA":"USGS HIGH RESOLUTION ORTHOIMAGERY","SRC_RES":"1-m pixel","SRC_VECT":"APPLIED COASTAL","SRC_RAST":"F2909110SW","DIG_NOTES":" ","REGION":"AB","CONTRACTOR":"APPLIED COASTAL","ORG":"COASTAL PROTECTION AND RESTORATION AUTHORITY OF LOUISIANA (CPRA)","SRC_REG":"USGS","DATAURL":"http://cims.coastal.louisiana.gov/meta_docs/gis_refs/shoreline/BICM2/LA-0226_SHORL_0000000000_2005101520051118_RAC0006.zip","Meta_xml":"http://cims.coastal.louisiana.gov/meta_docs/gis_refs/shoreline/BICM2/Shoreline_Metadata.xml","Meta_html":"http://cims.coastal.louisiana.gov/meta_docs/gis_refs/shoreline/BICM2/Shoreline_Metadata.html","COMMENTS":null,"SHAPE_Length":193.62068126807412,"DSAS_DATE":"10/27/2008","DSAS_UNCER":null,"year":2008}},{"type":"Feature","id":21465,"geometry":{"type":"LineString","coordinates":[[-91.877748,29.750006],[-91.877749,29.750001]]},"properties":{"OBJECTID":21465,"PROGRAM":"STATE","PROJECT":"LOUISIANA BARRIER ISLAND COMPREHENSIVE MONITORING PROGRAM (BICM)","PROJ_ID":"LA-0226","PROD_DATE":"20160926","SHORE_TYPE":"MARSH","SRC_DATE":"20081027","SRC_DATA":"USGS HIGH RESOLUTION ORTHOIMAGERY","SRC_RES":"1-m pixel","SRC_VECT":"APPLIED COASTAL","SRC_RAST":"F2909109SE","DIG_NOTES":" ","REGION":"AB","CONTRACTOR":"APPLIED COASTAL","ORG":"COASTAL PROTECTION AND RESTORATION AUTHORITY OF LOUISIANA (CPRA)","SRC_REG":"USGS","DATAURL":"http://cims.coastal.louisiana.gov/meta_docs/gis_refs/shoreline/BICM2/LA-0226_SHORL_0000000000_2005101520051118_RAC0006.zip","Meta_xml":"http://cims.coastal.louisiana.gov/meta_docs/gis_refs/shoreline/BICM2/Shoreline_Metadata.xml","Meta_html":"http://cims.coastal.louisiana.gov/meta_docs/gis_refs/shoreline/BICM2/Shoreline_Metadata.html","COMMENTS":null,"SHAPE_Length":0.5667689207654011,"DSAS_DATE":"10/27/2008","DSAS_UNCER":null,"year":2008}},{"type":"Feature","id":21466,"geometry":{"type":"LineString","coordinates":[[-91.877749,29.750001],[-91.877438,29.749296],[-91.877279,29.748208],[-91.876818,29.748047],[-91.875006,29.747981]]},"properties":{"OBJECTID":21466,"PROGRAM":"STATE","PROJECT":"LOUISIANA BARRIER ISLAND COMPREHENSIVE MONITORING PROGRAM (BICM)","PROJ_ID":"LA-0226","PROD_DATE":"20160926","SHORE_TYPE":"MARSH","SRC_DATE":"20081027","SRC_DATA":"USGS HIGH RESOLUTION ORTHOIMAGERY","SRC_RES":"1-m pixel","SRC_VECT":"APPLIED COASTAL","SRC_RAST":"F2909117NE","DIG_NOTES":" ","REGION":"AB","CONTRACTOR":"APPLIED COASTAL","ORG":"COASTAL PROTECTION AND RESTORATION AUTHORITY OF LOUISIANA (CPRA)","SRC_REG":"USGS","DATAURL":"http://cims.coastal.louisiana.gov/meta_docs/gis_refs/shoreline/BICM2/LA-0226_SHORL_0000000000_2005101520051118_RAC0006.zip","Meta_xml":"http://cims.coastal.louisiana.gov/meta_docs/gis_refs/shoreline/BICM2/Shoreline_Metadata.xml","Meta_html":"http://cims.coastal.louisiana.gov/meta_docs/gis_refs/shoreline/BICM2/Shoreline_Metadata.html","COMMENTS":null,"SHAPE_Length":440.17556455442514,"DSAS_DATE":"10/27/2008","DSAS_UNCER":null,"year":2008}},{"type":"Feature","id":21467,"geometry":{"type":"LineString","coordinates":[[-91.926086,29.625006],[-91.92594,29.626974],[-91.925753,29.62694],[-91.925632,29.6264],[-91.925565,29.626727],[-91.925043,29.626591]]},"properties":{"OBJECTID":21467,"PROGRAM":"STATE","PROJECT":"LOUISIANA BARRIER ISLAND COMPREHENSIVE MONITORING PROGRAM (BICM)","PROJ_ID":"LA-0226","PROD_DATE":"20160926","SHORE_TYPE":"MARSH","SRC_DATE":"20081027","SRC_DATA":"USGS HIGH RESOLUTION ORTHOIMAGERY","SRC_RES":"1-m pixel","SRC_VECT":"APPLIED COASTAL","SRC_RAST":"F2909117SE","DIG_NOTES":" ","REGION":"AB","CONTRACTOR":"APPLIED COASTAL","ORG":"COASTAL PROTECTION AND RESTORATION AUTHORITY OF LOUISIANA (CPRA)","SRC_REG":"USGS","DATAURL":"http://cims.coastal.louisiana.gov/meta_docs/gis_refs/shoreline/BICM2/LA-0226_SHORL_0000000000_2005101520051118_RAC0006.zip","Meta_xml":"http://cims.coastal.louisiana.gov/meta_docs/gis_refs/shoreline/BICM2/Shoreline_Metadata.xml","Meta_html":"http://cims.coastal.louisiana.gov/meta_docs/gis_refs/shoreline/BICM2/Shoreline_Metadata.html","COMMENTS":null,"SHAPE_Length":424.2204721812244,"DSAS_DATE":"10/27/2008","DSAS_UNCER":null,"year":2008}},{"type":"Feature","id":21468,"geometry":{"type":"LineString","coordinates":[[-91.92588,29.625092],[-91.925921,29.625006]]},"properties":{"OBJECTID":21468,"PROGRAM":"STATE","PROJECT":"LOUISIANA BARRIER ISLAND COMPREHENSIVE MONITORING PROGRAM (BICM)","PROJ_ID":"LA-0226","PROD_DATE":"20160926","SHORE_TYPE":"MARSH","SRC_DATE":"20081027","SRC_DATA":"USGS HIGH RESOLUTION ORTHOIMAGERY","SRC_RES":"1-m pixel","SRC_VECT":"APPLIED COASTAL","SRC_RAST":"F2909117SE","DIG_NOTES":" ","REGION":"AB","CONTRACTOR":"APPLIED COASTAL","ORG":"COASTAL PROTECTION AND RESTORATION AUTHORITY OF LOUISIANA (CPRA)","SRC_REG":"USGS","DATAURL":"http://cims.coastal.louisiana.gov/meta_docs/gis_refs/shoreline/BICM2/LA-0226_SHORL_0000000000_2005101520051118_RAC0006.zip","Meta_xml":"http://cims.coastal.louisiana.gov/meta_docs/gis_refs/shoreline/BICM2/Shoreline_Metadata.xml","Meta_html":"http://cims.coastal.louisiana.gov/meta_docs/gis_refs/shoreline/BICM2/Shoreline_Metadata.html","COMMENTS":null,"SHAPE_Length":10.362312760949948,"DSAS_DATE":"10/27/2008","DSAS_UNCER":null,"year":2008}},{"type":"Feature","id":21469,"geometry":{"type":"LineString","coordinates":[[-91.925113,29.626796],[-91.925439,29.627043],[-91.925076,29.627174],[-91.924627,29.627769],[-91.924768,29.628378],[-91.924582,29.628603]]},"properties":{"OBJECTID":21469,"PROGRAM":"STATE","PROJECT":"LOUISIANA BARRIER ISLAND COMPREHENSIVE MONITORING PROGRAM (BICM)","PROJ_ID":"LA-0226","PROD_DATE":"20160926","SHORE_TYPE":"MARSH","SRC_DATE":"20081027","SRC_DATA":"USGS HIGH RESOLUTION ORTHOIMAGERY","SRC_RES":"1-m pixel","SRC_VECT":"APPLIED COASTAL","SRC_RAST":"F2909117SE","DIG_NOTES":" ","REGION":"AB","CONTRACTOR":"APPLIED COASTAL","ORG":"COASTAL PROTECTION AND RESTORATION AUTHORITY OF LOUISIANA (CPRA)","SRC_REG":"USGS","DATAURL":"http://cims.coastal.louisiana.gov/meta_docs/gis_refs/shoreline/BICM2/LA-0226_SHORL_0000000000_2005101520051118_RAC0006.zip","Meta_xml":"http://cims.coastal.louisiana.gov/meta_docs/gis_refs/shoreline/BICM2/Shoreline_Metadata.xml","Meta_html":"http://cims.coastal.louisiana.gov/meta_docs/gis_refs/shoreline/BICM2/Shoreline_Metadata.html","COMMENTS":null,"SHAPE_Length":293.470097581813,"DSAS_DATE":"10/27/2008","DSAS_UNCER":null,"year":2008}},{"type":"Feature","id":21470,"geometry":{"type":"LineString","coordinates":[[-91.924651,29.628637],[-91.925025,29.628601],[-91.925125,29.628824],[-91.9254,29.628762],[-91.925755,29.628915]]},"properties":{"OBJECTID":21470,"PROGRAM":"STATE","PROJECT":"LOUISIANA BARRIER ISLAND COMPREHENSIVE MONITORING PROGRAM (BICM)","PROJ_ID":"LA-0226","PROD_DATE":"20160926","SHORE_TYPE":"MARSH","SRC_DATE":"20081027","SRC_DATA":"USGS HIGH RESOLUTION ORTHOIMAGERY","SRC_RES":"1-m pixel","SRC_VECT":"APPLIED COASTAL","SRC_RAST":"F2909117SE","DIG_NOTES":" ","REGION":"AB","CONTRACTOR":"APPLIED COASTAL","ORG":"COASTAL PROTECTION AND RESTORATION AUTHORITY OF LOUISIANA (CPRA)","SRC_REG":"USGS","DATAURL":"http://cims.coastal.louisiana.gov/meta_docs/gis_refs/shoreline/BICM2/LA-0226_SHORL_0000000000_2005101520051118_RAC0006.zip","Meta_xml":"http://cims.coastal.louisiana.gov/meta_docs/gis_refs/shoreline/BICM2/Shoreline_Metadata.xml","Meta_html":"http://cims.coastal.louisiana.gov/meta_docs/gis_refs/shoreline/BICM2/Shoreline_Metadata.html","COMMENTS":null,"SHAPE_Length":138.67133249893695,"DSAS_DATE":"10/27/2008","DSAS_UNCER":null,"year":2008}},{"type":"Feature","id":21471,"geometry":{"type":"LineString","coordinates":[[-91.925814,29.628975],[-91.926178,29.628974],[-91.926366,29.629196],[-91.926542,29.630716],[-91.926861,29.631445],[-91.928192,29.633467],[-91.927767,29.634922],[-91.927667,29.634647],[-91.927451,29.63464],[-91.927393,29.634803],[-91.926997,29.634461],[-91.926357,29.634284],[-91.926187,29.633855],[-91.925656,29.63378],[-91.925635,29.633556],[-91.925209,29.633146],[-91.924717,29.633053],[-91.923315,29.63214],[-91.922636,29.632075],[-91.922348,29.631749],[-91.920261,29.631872],[-91.919571,29.631695],[-91.919304,29.631395],[-91.918999,29.631465],[-91.91888,29.631268],[-91.91771,29.631308],[-91.91772,29.631411],[-91.917483,29.631171],[-91.917455,29.631412],[-91.917248,29.631456],[-91.916921,29.631045],[-91.916428,29.630849],[-91.916346,29.630265],[-91.915891,29.629812],[-91.91588,29.629554],[-91.916243,29.629484]]},"properties":{"OBJECTID":21471,"PROGRAM":"STATE","PROJECT":"LOUISIANA BARRIER ISLAND COMPREHENSIVE MONITORING PROGRAM (BICM)","PROJ_ID":"LA-0226","PROD_DATE":"20160926","SHORE_TYPE":"MARSH","SRC_DATE":"20081027","SRC_DATA":"USGS HIGH RESOLUTION ORTHOIMAGERY","SRC_RES":"1-m pixel","SRC_VECT":"APPLIED COASTAL","SRC_RAST":"F2909117SE","DIG_NOTES":" ","REGION":"AB","CONTRACTOR":"APPLIED COASTAL","ORG":"COASTAL PROTECTION AND RESTORATION AUTHORITY OF LOUISIANA (CPRA)","SRC_REG":"USGS","DATAURL":"http://cims.coastal.louisiana.gov/meta_docs/gis_refs/shoreline/BICM2/LA-0226_SHORL_0000000000_2005101520051118_RAC0006.zip","Meta_xml":"http://cims.coastal.louisiana.gov/meta_docs/gis_refs/shoreline/BICM2/Shoreline_Metadata.xml","Meta_html":"http://cims.coastal.louisiana.gov/meta_docs/gis_refs/shoreline/BICM2/Shoreline_Metadata.html","COMMENTS":null,"SHAPE_Length":2444.924612192595,"DSAS_DATE":"10/27/2008","DSAS_UNCER":null,"year":2008}},{"type":"Feature","id":21472,"geometry":{"type":"LineString","coordinates":[[-91.916253,29.629441],[-91.916084,29.629192],[-91.91615,29.628702],[-91.915952,29.628394]]},"properties":{"OBJECTID":21472,"PROGRAM":"STATE","PROJECT":"LOUISIANA BARRIER ISLAND COMPREHENSIVE MONITORING PROGRAM (BICM)","PROJ_ID":"LA-0226","PROD_DATE":"20160926","SHORE_TYPE":"MARSH","SRC_DATE":"20081027","SRC_DATA":"USGS HIGH RESOLUTION ORTHOIMAGERY","SRC_RES":"1-m pixel","SRC_VECT":"APPLIED COASTAL","SRC_RAST":"F2909117SE","DIG_NOTES":" ","REGION":"AB","CONTRACTOR":"APPLIED COASTAL","ORG":"COASTAL PROTECTION AND RESTORATION AUTHORITY OF LOUISIANA (CPRA)","SRC_REG":"USGS","DATAURL":"http://cims.coastal.louisiana.gov/meta_docs/gis_refs/shoreline/BICM2/LA-0226_SHORL_0000000000_2005101520051118_RAC0006.zip","Meta_xml":"http://cims.coastal.louisiana.gov/meta_docs/gis_refs/shoreline/BICM2/Shoreline_Metadata.xml","Meta_html":"http://cims.coastal.louisiana.gov/meta_docs/gis_refs/shoreline/BICM2/Shoreline_Metadata.html","COMMENTS":null,"SHAPE_Length":129.73361235224164,"DSAS_DATE":"10/27/2008","DSAS_UNCER":null,"year":2008}},{"type":"Feature","id":21473,"geometry":{"type":"LineString","coordinates":[[-91.915631,29.629023],[-91.91523,29.629506],[-91.914892,29.630418]]},"properties":{"OBJECTID":21473,"PROGRAM":"STATE","PROJECT":"LOUISIANA BARRIER ISLAND COMPREHENSIVE MONITORING PROGRAM (BICM)","PROJ_ID":"LA-0226","PROD_DATE":"20160926","SHORE_TYPE":"MARSH","SRC_DATE":"20081027","SRC_DATA":"USGS HIGH RESOLUTION ORTHOIMAGERY","SRC_RES":"1-m pixel","SRC_VECT":"APPLIED COASTAL","SRC_RAST":"F2909117SE","DIG_NOTES":" ","REGION":"AB","CONTRACTOR":"APPLIED COASTAL","ORG":"COASTAL PROTECTION AND RESTORATION AUTHORITY OF LOUISIANA (CPRA)","SRC_REG":"USGS","DATAURL":"http://cims.coastal.louisiana.gov/meta_docs/gis_refs/shoreline/BICM2/LA-0226_SHORL_0000000000_2005101520051118_RAC0006.zip","Meta_xml":"http://cims.coastal.louisiana.gov/meta_docs/gis_refs/shoreline/BICM2/Shoreline_Metadata.xml","Meta_html":"http://cims.coastal.louisiana.gov/meta_docs/gis_refs/shoreline/BICM2/Shoreline_Metadata.html","COMMENTS":null,"SHAPE_Length":181.94087298697286,"DSAS_DATE":"10/27/2008","DSAS_UNCER":null,"year":2008}},{"type":"Feature","id":21474,"geometry":{"type":"LineString","coordinates":[[-91.912348,29.632028],[-91.912972,29.632747],[-91.913435,29.632788],[-91.912621,29.633333],[-91.912319,29.633772],[-91.911661,29.63399],[-91.911611,29.63375],[-91.911982,29.633378],[-91.912088,29.632957],[-91.912035,29.632201],[-91.912348,29.632028]]},"properties":{"OBJECTID":21474,"PROGRAM":"STATE","PROJECT":"LOUISIANA BARRIER ISLAND COMPREHENSIVE MONITORING PROGRAM (BICM)","PROJ_ID":"LA-0226","PROD_DATE":"20160926","SHORE_TYPE":"MARSH","SRC_DATE":"20081027","SRC_DATA":"USGS HIGH RESOLUTION ORTHOIMAGERY","SRC_RES":"1-m pixel","SRC_VECT":"APPLIED COASTAL","SRC_RAST":"F2909117SE","DIG_NOTES":" ","REGION":"AB","CONTRACTOR":"APPLIED COASTAL","ORG":"COASTAL PROTECTION AND RESTORATION AUTHORITY OF LOUISIANA (CPRA)","SRC_REG":"USGS","DATAURL":"http://cims.coastal.louisiana.gov/meta_docs/gis_refs/shoreline/BICM2/LA-0226_SHORL_0000000000_2005101520051118_RAC0006.zip","Meta_xml":"http://cims.coastal.louisiana.gov/meta_docs/gis_refs/shoreline/BICM2/Shoreline_Metadata.xml","Meta_html":"http://cims.coastal.louisiana.gov/meta_docs/gis_refs/shoreline/BICM2/Shoreline_Metadata.html","COMMENTS":null,"SHAPE_Length":648.2594523708129,"DSAS_DATE":"10/27/2008","DSAS_UNCER":null,"year":2008}},{"type":"Feature","id":21475,"geometry":{"type":"LineString","coordinates":[[-91.910262,29.633639],[-91.91109,29.633858],[-91.911522,29.633805],[-91.911073,29.634366],[-91.910415,29.63454],[-91.910245,29.634103],[-91.910008,29.633949],[-91.910262,29.633639]]},"properties":{"OBJECTID":21475,"PROGRAM":"STATE","PROJECT":"LOUISIANA BARRIER ISLAND COMPREHENSIVE MONITORING PROGRAM (BICM)","PROJ_ID":"LA-0226","PROD_DATE":"20160926","SHORE_TYPE":"MARSH","SRC_DATE":"20081027","SRC_DATA":"USGS HIGH RESOLUTION ORTHOIMAGERY","SRC_RES":"1-m pixel","SRC_VECT":"APPLIED COASTAL","SRC_RAST":"F2909117SE","DIG_NOTES":" ","REGION":"AB","CONTRACTOR":"APPLIED COASTAL","ORG":"COASTAL PROTECTION AND RESTORATION AUTHORITY OF LOUISIANA (CPRA)","SRC_REG":"USGS","DATAURL":"http://cims.coastal.louisiana.gov/meta_docs/gis_refs/shoreline/BICM2/LA-0226_SHORL_0000000000_2005101520051118_RAC0006.zip","Meta_xml":"http://cims.coastal.louisiana.gov/meta_docs/gis_refs/shoreline/BICM2/Shoreline_Metadata.xml","Meta_html":"http://cims.coastal.louisiana.gov/meta_docs/gis_refs/shoreline/BICM2/Shoreline_Metadata.html","COMMENTS":null,"SHAPE_Length":410.4500521019144,"DSAS_DATE":"10/27/2008","DSAS_UNCER":null,"year":2008}},{"type":"Feature","id":21476,"geometry":{"type":"LineString","coordinates":[[-91.909527,29.634115],[-91.909409,29.634115],[-91.909487,29.633857],[-91.909832,29.633993],[-91.909527,29.634115]]},"properties":{"OBJECTID":21476,"PROGRAM":"STATE","PROJECT":"LOUISIANA BARRIER ISLAND COMPREHENSIVE MONITORING PROGRAM (BICM)","PROJ_ID":"LA-0226","PROD_DATE":"20160926","SHORE_TYPE":"MARSH","SRC_DATE":"20081027","SRC_DATA":"USGS HIGH RESOLUTION ORTHOIMAGERY","SRC_RES":"1-m pixel","SRC_VECT":"APPLIED COASTAL","SRC_RAST":"F2909117SE","DIG_NOTES":" ","REGION":"AB","CONTRACTOR":"APPLIED COASTAL","ORG":"COASTAL PROTECTION AND RESTORATION AUTHORITY OF LOUISIANA (CPRA)","SRC_REG":"USGS","DATAURL":"http://cims.coastal.louisiana.gov/meta_docs/gis_refs/shoreline/BICM2/LA-0226_SHORL_0000000000_2005101520051118_RAC0006.zip","Meta_xml":"http://cims.coastal.louisiana.gov/meta_docs/gis_refs/shoreline/BICM2/Shoreline_Metadata.xml","Meta_html":"http://cims.coastal.louisiana.gov/meta_docs/gis_refs/shoreline/BICM2/Shoreline_Metadata.html","COMMENTS":null,"SHAPE_Length":118.59950448559908,"DSAS_DATE":"10/27/2008","DSAS_UNCER":null,"year":2008}},{"type":"Feature","id":21477,"geometry":{"type":"LineString","coordinates":[[-91.910693,29.631471],[-91.911066,29.631461],[-91.911306,29.63213],[-91.910404,29.632667],[-91.910261,29.633321],[-91.909948,29.633726],[-91.909782,29.633847],[-91.909496,29.633728]]},"properties":{"OBJECTID":21477,"PROGRAM":"STATE","PROJECT":"LOUISIANA BARRIER ISLAND COMPREHENSIVE MONITORING PROGRAM (BICM)","PROJ_ID":"LA-0226","PROD_DATE":"20160926","SHORE_TYPE":"MARSH","SRC_DATE":"20081027","SRC_DATA":"USGS HIGH RESOLUTION ORTHOIMAGERY","SRC_RES":"1-m pixel","SRC_VECT":"APPLIED COASTAL","SRC_RAST":"F2909117SE","DIG_NOTES":" ","REGION":"AB","CONTRACTOR":"APPLIED COASTAL","ORG":"COASTAL PROTECTION AND RESTORATION AUTHORITY OF LOUISIANA (CPRA)","SRC_REG":"USGS","DATAURL":"http://cims.coastal.louisiana.gov/meta_docs/gis_refs/shoreline/BICM2/LA-0226_SHORL_0000000000_2005101520051118_RAC0006.zip","Meta_xml":"http://cims.coastal.louisiana.gov/meta_docs/gis_refs/shoreline/BICM2/Shoreline_Metadata.xml","Meta_html":"http://cims.coastal.louisiana.gov/meta_docs/gis_refs/shoreline/BICM2/Shoreline_Metadata.html","COMMENTS":null,"SHAPE_Length":418.38317051345007,"DSAS_DATE":"10/27/2008","DSAS_UNCER":null,"year":2008}},{"type":"Feature","id":21478,"geometry":{"type":"LineString","coordinates":[[-91.914941,29.630469],[-91.915286,29.630554],[-91.914866,29.631088],[-91.9148,29.631596],[-91.914269,29.631624],[-91.913082,29.632179],[-91.912322,29.631667],[-91.911348,29.631662],[-91.911282,29.631408],[-91.911026,29.631281]]},"properties":{"OBJECTID":21478,"PROGRAM":"STATE","PROJECT":"LOUISIANA BARRIER ISLAND COMPREHENSIVE MONITORING PROGRAM (BICM)","PROJ_ID":"LA-0226","PROD_DATE":"20160926","SHORE_TYPE":"MARSH","SRC_DATE":"20081027","SRC_DATA":"USGS HIGH RESOLUTION ORTHOIMAGERY","SRC_RES":"1-m pixel","SRC_VECT":"APPLIED COASTAL","SRC_RAST":"F2909117SE","DIG_NOTES":" ","REGION":"AB","CONTRACTOR":"APPLIED COASTAL","ORG":"COASTAL PROTECTION AND RESTORATION AUTHORITY OF LOUISIANA (CPRA)","SRC_REG":"USGS","DATAURL":"http://cims.coastal.louisiana.gov/meta_docs/gis_refs/shoreline/BICM2/LA-0226_SHORL_0000000000_2005101520051118_RAC0006.zip","Meta_xml":"http://cims.coastal.louisiana.gov/meta_docs/gis_refs/shoreline/BICM2/Shoreline_Metadata.xml","Meta_html":"http://cims.coastal.louisiana.gov/meta_docs/gis_refs/shoreline/BICM2/Shoreline_Metadata.html","COMMENTS":null,"SHAPE_Length":619.6794287321736,"DSAS_DATE":"10/27/2008","DSAS_UNCER":null,"year":2008}},{"type":"Feature","id":21479,"geometry":{"type":"LineString","coordinates":[[-91.909398,29.633763],[-91.909183,29.634073],[-91.908163,29.634619],[-91.908056,29.634894],[-91.906839,29.635372],[-91.906742,29.635536],[-91.905552,29.635653],[-91.905347,29.635946],[-91.905052,29.635939],[-91.903783,29.636718],[-91.903252,29.636746],[-91.902754,29.637444],[-91.902418,29.637188],[-91.902808,29.636533],[-91.902795,29.635992],[-91.902653,29.635279],[-91.902238,29.634817],[-91.902236,29.634593],[-91.90263,29.634609],[-91.90343,29.633701],[-91.903419,29.633521],[-91.902992,29.632818],[-91.901543,29.632214],[-91.901108,29.631803],[-91.900998,29.631452],[-91.901066,29.631331],[-91.902208,29.631592],[-91.902877,29.631512],[-91.903739,29.630945],[-91.903885,29.630626],[-91.903774,29.630214],[-91.903418,29.629812],[-91.902659,29.629514]]},"properties":{"OBJECTID":21479,"PROGRAM":"STATE","PROJECT":"LOUISIANA BARRIER ISLAND COMPREHENSIVE MONITORING PROGRAM (BICM)","PROJ_ID":"LA-0226","PROD_DATE":"20160926","SHORE_TYPE":"MARSH","SRC_DATE":"20081027","SRC_DATA":"USGS HIGH RESOLUTION ORTHOIMAGERY","SRC_RES":"1-m pixel","SRC_VECT":"APPLIED COASTAL","SRC_RAST":"F2909117SE","DIG_NOTES":" ","REGION":"AB","CONTRACTOR":"APPLIED COASTAL","ORG":"COASTAL PROTECTION AND RESTORATION AUTHORITY OF LOUISIANA (CPRA)","SRC_REG":"USGS","DATAURL":"http://cims.coastal.louisiana.gov/meta_docs/gis_refs/shoreline/BICM2/LA-0226_SHORL_0000000000_2005101520051118_RAC0006.zip","Meta_xml":"http://cims.coastal.louisiana.gov/meta_docs/gis_refs/shoreline/BICM2/Shoreline_Metadata.xml","Meta_html":"http://cims.coastal.louisiana.gov/meta_docs/gis_refs/shoreline/BICM2/Shoreline_Metadata.html","COMMENTS":null,"SHAPE_Length":2319.688963947002,"DSAS_DATE":"10/27/2008","DSAS_UNCER":null,"year":2008}},{"type":"Feature","id":21480,"geometry":{"type":"LineString","coordinates":[[-91.901724,29.629355],[-91.90156,29.629923],[-91.901829,29.630541],[-91.901316,29.630371],[-91.900372,29.630349],[-91.899833,29.630816],[-91.899647,29.630816],[-91.899344,29.631316]]},"properties":{"OBJECTID":21480,"PROGRAM":"STATE","PROJECT":"LOUISIANA BARRIER ISLAND COMPREHENSIVE MONITORING PROGRAM (BICM)","PROJ_ID":"LA-0226","PROD_DATE":"20160926","SHORE_TYPE":"MARSH","SRC_DATE":"20081027","SRC_DATA":"USGS HIGH RESOLUTION ORTHOIMAGERY","SRC_RES":"1-m pixel","SRC_VECT":"APPLIED COASTAL","SRC_RAST":"F2909117SE","DIG_NOTES":" ","REGION":"AB","CONTRACTOR":"APPLIED COASTAL","ORG":"COASTAL PROTECTION AND RESTORATION AUTHORITY OF LOUISIANA (CPRA)","SRC_REG":"USGS","DATAURL":"http://cims.coastal.louisiana.gov/meta_docs/gis_refs/shoreline/BICM2/LA-0226_SHORL_0000000000_2005101520051118_RAC0006.zip","Meta_xml":"http://cims.coastal.louisiana.gov/meta_docs/gis_refs/shoreline/BICM2/Shoreline_Metadata.xml","Meta_html":"http://cims.coastal.louisiana.gov/meta_docs/gis_refs/shoreline/BICM2/Shoreline_Metadata.html","COMMENTS":null,"SHAPE_Length":454.83270645218795,"DSAS_DATE":"10/27/2008","DSAS_UNCER":null,"year":2008}},{"type":"Feature","id":21481,"geometry":{"type":"LineString","coordinates":[[-91.899472,29.631333],[-91.899698,29.631143],[-91.899553,29.631599],[-91.899317,29.631643]]},"properties":{"OBJECTID":21481,"PROGRAM":"STATE","PROJECT":"LOUISIANA BARRIER ISLAND COMPREHENSIVE MONITORING PROGRAM (BICM)","PROJ_ID":"LA-0226","PROD_DATE":"20160926","SHORE_TYPE":"MARSH","SRC_DATE":"20081027","SRC_DATA":"USGS HIGH RESOLUTION ORTHOIMAGERY","SRC_RES":"1-m pixel","SRC_VECT":"APPLIED COASTAL","SRC_RAST":"F2909117SE","DIG_NOTES":" ","REGION":"AB","CONTRACTOR":"APPLIED COASTAL","ORG":"COASTAL PROTECTION AND RESTORATION AUTHORITY OF LOUISIANA (CPRA)","SRC_REG":"USGS","DATAURL":"http://cims.coastal.louisiana.gov/meta_docs/gis_refs/shoreline/BICM2/LA-0226_SHORL_0000000000_2005101520051118_RAC0006.zip","Meta_xml":"http://cims.coastal.louisiana.gov/meta_docs/gis_refs/shoreline/BICM2/Shoreline_Metadata.xml","Meta_html":"http://cims.coastal.louisiana.gov/meta_docs/gis_refs/shoreline/BICM2/Shoreline_Metadata.html","COMMENTS":null,"SHAPE_Length":110.47935772805562,"DSAS_DATE":"10/27/2008","DSAS_UNCER":null,"year":2008}},{"type":"Feature","id":21482,"geometry":{"type":"LineString","coordinates":[[-91.89973,29.631744],[-91.899818,29.631572],[-91.900313,29.632197],[-91.900364,29.632429],[-91.900168,29.632507]]},"properties":{"OBJECTID":21482,"PROGRAM":"STATE","PROJECT":"LOUISIANA BARRIER ISLAND COMPREHENSIVE MONITORING PROGRAM (BICM)","PROJ_ID":"LA-0226","PROD_DATE":"20160926","SHORE_TYPE":"MARSH","SRC_DATE":"20081027","SRC_DATA":"USGS HIGH RESOLUTION ORTHOIMAGERY","SRC_RES":"1-m pixel","SRC_VECT":"APPLIED COASTAL","SRC_RAST":"F2909117SE","DIG_NOTES":" ","REGION":"AB","CONTRACTOR":"APPLIED COASTAL","ORG":"COASTAL PROTECTION AND RESTORATION AUTHORITY OF LOUISIANA (CPRA)","SRC_REG":"USGS","DATAURL":"http://cims.coastal.louisiana.gov/meta_docs/gis_refs/shoreline/BICM2/LA-0226_SHORL_0000000000_2005101520051118_RAC0006.zip","Meta_xml":"http://cims.coastal.louisiana.gov/meta_docs/gis_refs/shoreline/BICM2/Shoreline_Metadata.xml","Meta_html":"http://cims.coastal.louisiana.gov/meta_docs/gis_refs/shoreline/BICM2/Shoreline_Metadata.html","COMMENTS":null,"SHAPE_Length":163.11561128398077,"DSAS_DATE":"10/27/2008","DSAS_UNCER":null,"year":2008}},{"type":"Feature","id":21483,"geometry":{"type":"LineString","coordinates":[[-91.900207,29.63255],[-91.90073,29.632728],[-91.901077,29.633208],[-91.901698,29.63348],[-91.901315,29.633662],[-91.900936,29.634454],[-91.900709,29.634387],[-91.900718,29.634146],[-91.899326,29.63331],[-91.897848,29.632895],[-91.897422,29.632304],[-91.896464,29.631664],[-91.896008,29.631055],[-91.89508,29.630329],[-91.894105,29.63023],[-91.893478,29.630542],[-91.891856,29.630841],[-91.891179,29.630174],[-91.891108,29.629839],[-91.891581,29.630017],[-91.892817,29.62935],[-91.893031,29.628971],[-91.893147,29.628541],[-91.893014,29.627674],[-91.893699,29.627078],[-91.894136,29.626105],[-91.894003,29.625126]]},"properties":{"OBJECTID":21483,"PROGRAM":"STATE","PROJECT":"LOUISIANA BARRIER ISLAND COMPREHENSIVE MONITORING PROGRAM (BICM)","PROJ_ID":"LA-0226","PROD_DATE":"20160926","SHORE_TYPE":"MARSH","SRC_DATE":"20081027","SRC_DATA":"USGS HIGH RESOLUTION ORTHOIMAGERY","SRC_RES":"1-m pixel","SRC_VECT":"APPLIED COASTAL","SRC_RAST":"F2909117SE","DIG_NOTES":" ","REGION":"AB","CONTRACTOR":"APPLIED COASTAL","ORG":"COASTAL PROTECTION AND RESTORATION AUTHORITY OF LOUISIANA (CPRA)","SRC_REG":"USGS","DATAURL":"http://cims.coastal.louisiana.gov/meta_docs/gis_refs/shoreline/BICM2/LA-0226_SHORL_0000000000_2005101520051118_RAC0006.zip","Meta_xml":"http://cims.coastal.louisiana.gov/meta_docs/gis_refs/shoreline/BICM2/Shoreline_Metadata.xml","Meta_html":"http://cims.coastal.louisiana.gov/meta_docs/gis_refs/shoreline/BICM2/Shoreline_Metadata.html","COMMENTS":null,"SHAPE_Length":2357.988417290141,"DSAS_DATE":"10/27/2008","DSAS_UNCER":null,"year":2008}},{"type":"Feature","id":21484,"geometry":{"type":"LineString","coordinates":[[-91.892736,29.625755],[-91.892759,29.6264],[-91.89176,29.627203],[-91.891604,29.627479],[-91.891626,29.627908],[-91.890809,29.62774],[-91.890279,29.627871],[-91.889462,29.627797],[-91.888339,29.627536],[-91.88719,29.62785],[-91.88619,29.62837],[-91.885242,29.627824],[-91.882927,29.627086],[-91.882249,29.627321],[-91.881227,29.627342],[-91.880457,29.627869],[-91.879858,29.627975],[-91.879427,29.628355],[-91.87853,29.62786],[-91.879007,29.62699],[-91.879145,29.627024]]},"properties":{"OBJECTID":21484,"PROGRAM":"STATE","PROJECT":"LOUISIANA BARRIER ISLAND COMPREHENSIVE MONITORING PROGRAM (BICM)","PROJ_ID":"LA-0226","PROD_DATE":"20160926","SHORE_TYPE":"MARSH","SRC_DATE":"20081027","SRC_DATA":"USGS HIGH RESOLUTION ORTHOIMAGERY","SRC_RES":"1-m pixel","SRC_VECT":"APPLIED COASTAL","SRC_RAST":"F2909117SE","DIG_NOTES":" ","REGION":"AB","CONTRACTOR":"APPLIED COASTAL","ORG":"COASTAL PROTECTION AND RESTORATION AUTHORITY OF LOUISIANA (CPRA)","SRC_REG":"USGS","DATAURL":"http://cims.coastal.louisiana.gov/meta_docs/gis_refs/shoreline/BICM2/LA-0226_SHORL_0000000000_2005101520051118_RAC0006.zip","Meta_xml":"http://cims.coastal.louisiana.gov/meta_docs/gis_refs/shoreline/BICM2/Shoreline_Metadata.xml","Meta_html":"http://cims.coastal.louisiana.gov/meta_docs/gis_refs/shoreline/BICM2/Shoreline_Metadata.html","COMMENTS":null,"SHAPE_Length":1859.3269879988663,"DSAS_DATE":"10/27/2008","DSAS_UNCER":null,"year":2008}},{"type":"Feature","id":21485,"geometry":{"type":"LineString","coordinates":[[-91.879154,29.626921],[-91.879217,29.625932],[-91.878923,29.625697],[-91.879422,29.625006]]},"properties":{"OBJECTID":21485,"PROGRAM":"STATE","PROJECT":"LOUISIANA BARRIER ISLAND COMPREHENSIVE MONITORING PROGRAM (BICM)","PROJ_ID":"LA-0226","PROD_DATE":"20160926","SHORE_TYPE":"MARSH","SRC_DATE":"20081027","SRC_DATA":"USGS HIGH RESOLUTION ORTHOIMAGERY","SRC_RES":"1-m pixel","SRC_VECT":"APPLIED COASTAL","SRC_RAST":"F2909117SE","DIG_NOTES":" ","REGION":"AB","CONTRACTOR":"APPLIED COASTAL","ORG":"COASTAL PROTECTION AND RESTORATION AUTHORITY OF LOUISIANA (CPRA)","SRC_REG":"USGS","DATAURL":"http://cims.coastal.louisiana.gov/meta_docs/gis_refs/shoreline/BICM2/LA-0226_SHORL_0000000000_2005101520051118_RAC0006.zip","Meta_xml":"http://cims.coastal.louisiana.gov/meta_docs/gis_refs/shoreline/BICM2/Shoreline_Metadata.xml","Meta_html":"http://cims.coastal.louisiana.gov/meta_docs/gis_refs/shoreline/BICM2/Shoreline_Metadata.html","COMMENTS":null,"SHAPE_Length":254.36895377947707,"DSAS_DATE":"10/27/2008","DSAS_UNCER":null,"year":2008}},{"type":"Feature","id":21486,"geometry":{"type":"LineString","coordinates":[[-91.877489,29.625006],[-91.877524,29.625652],[-91.877702,29.625867],[-91.877468,29.626203],[-91.875648,29.626211],[-91.875113,29.626433],[-91.875006,29.626732]]},"properties":{"OBJECTID":21486,"PROGRAM":"STATE","PROJECT":"LOUISIANA BARRIER ISLAND COMPREHENSIVE MONITORING PROGRAM (BICM)","PROJ_ID":"LA-0226","PROD_DATE":"20160926","SHORE_TYPE":"MARSH","SRC_DATE":"20081027","SRC_DATA":"USGS HIGH RESOLUTION ORTHOIMAGERY","SRC_RES":"1-m pixel","SRC_VECT":"APPLIED COASTAL","SRC_RAST":"F2909117SE","DIG_NOTES":" ","REGION":"AB","CONTRACTOR":"APPLIED COASTAL","ORG":"COASTAL PROTECTION AND RESTORATION AUTHORITY OF LOUISIANA (CPRA)","SRC_REG":"USGS","DATAURL":"http://cims.coastal.louisiana.gov/meta_docs/gis_refs/shoreline/BICM2/LA-0226_SHORL_0000000000_2005101520051118_RAC0006.zip","Meta_xml":"http://cims.coastal.louisiana.gov/meta_docs/gis_refs/shoreline/BICM2/Shoreline_Metadata.xml","Meta_html":"http://cims.coastal.louisiana.gov/meta_docs/gis_refs/shoreline/BICM2/Shoreline_Metadata.html","COMMENTS":null,"SHAPE_Length":424.6979115608702,"DSAS_DATE":"10/27/2008","DSAS_UNCER":null,"year":2008}},{"type":"Feature","id":21494,"geometry":{"type":"LineString","coordinates":[[-91.875006,29.747981],[-91.875,29.747982]]},"properties":{"OBJECTID":21494,"PROGRAM":"STATE","PROJECT":"LOUISIANA BARRIER ISLAND COMPREHENSIVE MONITORING PROGRAM (BICM)","PROJ_ID":"LA-0226","PROD_DATE":"20160926","SHORE_TYPE":"MARSH","SRC_DATE":"20081027","SRC_DATA":"USGS HIGH RESOLUTION ORTHOIMAGERY","SRC_RES":"1-m pixel","SRC_VECT":"APPLIED COASTAL","SRC_RAST":"F2909117NE","DIG_NOTES":" ","REGION":"AB","CONTRACTOR":"APPLIED COASTAL","ORG":"COASTAL PROTECTION AND RESTORATION AUTHORITY OF LOUISIANA (CPRA)","SRC_REG":"USGS","DATAURL":"http://cims.coastal.louisiana.gov/meta_docs/gis_refs/shoreline/BICM2/LA-0226_SHORL_0000000000_2005101520051118_RAC0006.zip","Meta_xml":"http://cims.coastal.louisiana.gov/meta_docs/gis_refs/shoreline/BICM2/Shoreline_Metadata.xml","Meta_html":"http://cims.coastal.louisiana.gov/meta_docs/gis_refs/shoreline/BICM2/Shoreline_Metadata.html","COMMENTS":null,"SHAPE_Length":0.5905473560616988,"DSAS_DATE":"10/27/2008","DSAS_UNCER":null,"year":2008}},{"type":"Feature","id":21495,"geometry":{"type":"LineString","coordinates":[[-91.875,29.747982],[-91.873173,29.74769],[-91.871232,29.747813],[-91.867157,29.746865],[-91.866883,29.746876],[-91.866666,29.747096],[-91.865987,29.747108],[-91.86545,29.746967],[-91.865066,29.746721],[-91.864988,29.746492],[-91.864213,29.746848],[-91.863688,29.746803],[-91.862837,29.747217],[-91.863539,29.747701]]},"properties":{"OBJECTID":21495,"PROGRAM":"STATE","PROJECT":"LOUISIANA BARRIER ISLAND COMPREHENSIVE MONITORING PROGRAM (BICM)","PROJ_ID":"LA-0226","PROD_DATE":"20160926","SHORE_TYPE":"MARSH","SRC_DATE":"20081027","SRC_DATA":"USGS HIGH RESOLUTION ORTHOIMAGERY","SRC_RES":"1-m pixel","SRC_VECT":"APPLIED COASTAL","SRC_RAST":"F2909118NW","DIG_NOTES":" ","REGION":"AB","CONTRACTOR":"APPLIED COASTAL","ORG":"COASTAL PROTECTION AND RESTORATION AUTHORITY OF LOUISIANA (CPRA)","SRC_REG":"USGS","DATAURL":"http://cims.coastal.louisiana.gov/meta_docs/gis_refs/shoreline/BICM2/LA-0226_SHORL_0000000000_2005101520051118_RAC0006.zip","Meta_xml":"http://cims.coastal.louisiana.gov/meta_docs/gis_refs/shoreline/BICM2/Shoreline_Metadata.xml","Meta_html":"http://cims.coastal.louisiana.gov/meta_docs/gis_refs/shoreline/BICM2/Shoreline_Metadata.html","COMMENTS":null,"SHAPE_Length":1398.3286527751325,"DSAS_DATE":"10/27/2008","DSAS_UNCER":null,"year":2008}},{"type":"Feature","id":21496,"geometry":{"type":"LineString","coordinates":[[-91.860652,29.747445],[-91.860848,29.747425],[-91.860826,29.747291],[-91.860529,29.747035],[-91.85992,29.745576],[-91.859481,29.745425],[-91.859491,29.745215],[-91.859239,29.745121],[-91.859248,29.744863],[-91.858764,29.744282],[-91.85793,29.743847],[-91.857558,29.743934],[-91.857491,29.743667],[-91.856814,29.743861],[-91.856463,29.743681],[-91.856275,29.743347],[-91.855958,29.743329],[-91.855883,29.743635]]},"properties":{"OBJECTID":21496,"PROGRAM":"STATE","PROJECT":"LOUISIANA BARRIER ISLAND COMPREHENSIVE MONITORING PROGRAM (BICM)","PROJ_ID":"LA-0226","PROD_DATE":"20160926","SHORE_TYPE":"MARSH","SRC_DATE":"20081027","SRC_DATA":"USGS HIGH RESOLUTION ORTHOIMAGERY","SRC_RES":"1-m pixel","SRC_VECT":"APPLIED COASTAL","SRC_RAST":"F2909118NW","DIG_NOTES":" ","REGION":"AB","CONTRACTOR":"APPLIED COASTAL","ORG":"COASTAL PROTECTION AND RESTORATION AUTHORITY OF LOUISIANA (CPRA)","SRC_REG":"USGS","DATAURL":"http://cims.coastal.louisiana.gov/meta_docs/gis_refs/shoreline/BICM2/LA-0226_SHORL_0000000000_2005101520051118_RAC0006.zip","Meta_xml":"http://cims.coastal.louisiana.gov/meta_docs/gis_refs/shoreline/BICM2/Shoreline_Metadata.xml","Meta_html":"http://cims.coastal.louisiana.gov/meta_docs/gis_refs/shoreline/BICM2/Shoreline_Metadata.html","COMMENTS":null,"SHAPE_Length":895.6891338805458,"DSAS_DATE":"10/27/2008","DSAS_UNCER":null,"year":2008}},{"type":"Feature","id":21497,"geometry":{"type":"LineString","coordinates":[[-91.855773,29.743607],[-91.855695,29.743311],[-91.854565,29.742705],[-91.853838,29.743815]]},"properties":{"OBJECTID":21497,"PROGRAM":"STATE","PROJECT":"LOUISIANA BARRIER ISLAND COMPREHENSIVE MONITORING PROGRAM (BICM)","PROJ_ID":"LA-0226","PROD_DATE":"20160926","SHORE_TYPE":"MARSH","SRC_DATE":"20081027","SRC_DATA":"USGS HIGH RESOLUTION ORTHOIMAGERY","SRC_RES":"1-m pixel","SRC_VECT":"APPLIED COASTAL","SRC_RAST":"F2909118NW","DIG_NOTES":" ","REGION":"AB","CONTRACTOR":"APPLIED COASTAL","ORG":"COASTAL PROTECTION AND RESTORATION AUTHORITY OF LOUISIANA (CPRA)","SRC_REG":"USGS","DATAURL":"http://cims.coastal.louisiana.gov/meta_docs/gis_refs/shoreline/BICM2/LA-0226_SHORL_0000000000_2005101520051118_RAC0006.zip","Meta_xml":"http://cims.coastal.louisiana.gov/meta_docs/gis_refs/shoreline/BICM2/Shoreline_Metadata.xml","Meta_html":"http://cims.coastal.louisiana.gov/meta_docs/gis_refs/shoreline/BICM2/Shoreline_Metadata.html","COMMENTS":null,"SHAPE_Length":325.41772186049235,"DSAS_DATE":"10/27/2008","DSAS_UNCER":null,"year":2008}},{"type":"Feature","id":21498,"geometry":{"type":"LineString","coordinates":[[-91.852784,29.743113],[-91.853001,29.742854],[-91.852912,29.74253],[-91.853125,29.741421]]},"properties":{"OBJECTID":21498,"PROGRAM":"STATE","PROJECT":"LOUISIANA BARRIER ISLAND COMPREHENSIVE MONITORING PROGRAM (BICM)","PROJ_ID":"LA-0226","PROD_DATE":"20160926","SHORE_TYPE":"MARSH","SRC_DATE":"20081027","SRC_DATA":"USGS HIGH RESOLUTION ORTHOIMAGERY","SRC_RES":"1-m pixel","SRC_VECT":"APPLIED COASTAL","SRC_RAST":"F2909118NW","DIG_NOTES":" ","REGION":"AB","CONTRACTOR":"APPLIED COASTAL","ORG":"COASTAL PROTECTION AND RESTORATION AUTHORITY OF LOUISIANA (CPRA)","SRC_REG":"USGS","DATAURL":"http://cims.coastal.louisiana.gov/meta_docs/gis_refs/shoreline/BICM2/LA-0226_SHORL_0000000000_2005101520051118_RAC0006.zip","Meta_xml":"http://cims.coastal.louisiana.gov/meta_docs/gis_refs/shoreline/BICM2/Shoreline_Metadata.xml","Meta_html":"http://cims.coastal.louisiana.gov/meta_docs/gis_refs/shoreline/BICM2/Shoreline_Metadata.html","COMMENTS":null,"SHAPE_Length":200.06921049321815,"DSAS_DATE":"10/27/2008","DSAS_UNCER":null,"year":2008}},{"type":"Feature","id":21499,"geometry":{"type":"LineString","coordinates":[[-91.855419,29.740744],[-91.85479,29.739255]]},"properties":{"OBJECTID":21499,"PROGRAM":"STATE","PROJECT":"LOUISIANA BARRIER ISLAND COMPREHENSIVE MONITORING PROGRAM (BICM)","PROJ_ID":"LA-0226","PROD_DATE":"20160926","SHORE_TYPE":"BEACH","SRC_DATE":"20081027","SRC_DATA":"USGS HIGH RESOLUTION ORTHOIMAGERY","SRC_RES":"1-m pixel","SRC_VECT":"APPLIED COASTAL","SRC_RAST":"F2909118NW","DIG_NOTES":" ","REGION":"AB","CONTRACTOR":"APPLIED COASTAL","ORG":"COASTAL PROTECTION AND RESTORATION AUTHORITY OF LOUISIANA (CPRA)","SRC_REG":"USGS","DATAURL":"http://cims.coastal.louisiana.gov/meta_docs/gis_refs/shoreline/BICM2/LA-0226_SHORL_0000000000_2005101520051118_RAC0006.zip","Meta_xml":"http://cims.coastal.louisiana.gov/meta_docs/gis_refs/shoreline/BICM2/Shoreline_Metadata.xml","Meta_html":"http://cims.coastal.louisiana.gov/meta_docs/gis_refs/shoreline/BICM2/Shoreline_Metadata.html","COMMENTS":null,"SHAPE_Length":736.8203320512393,"DSAS_DATE":"10/27/2008","DSAS_UNCER":null,"year":2008}},{"type":"Feature","id":21520,"geometry":{"type":"LineString","coordinates":[[-91.853465,29.741496],[-91.853531,29.741668],[-91.853881,29.741647],[-91.854633,29.7411],[-91.855508,29.740915],[-91.855419,29.740744]]},"properties":{"OBJECTID":21520,"PROGRAM":"STATE","PROJECT":"LOUISIANA BARRIER ISLAND COMPREHENSIVE MONITORING PROGRAM (BICM)","PROJ_ID":"LA-0226","PROD_DATE":"20160926","SHORE_TYPE":"MARSH","SRC_DATE":"20081027","SRC_DATA":"USGS HIGH RESOLUTION ORTHOIMAGERY","SRC_RES":"1-m pixel","SRC_VECT":"APPLIED COASTAL","SRC_RAST":"F2909118NW","DIG_NOTES":" ","REGION":"AB","CONTRACTOR":"APPLIED COASTAL","ORG":"COASTAL PROTECTION AND RESTORATION AUTHORITY OF LOUISIANA (CPRA)","SRC_REG":"USGS","DATAURL":"http://cims.coastal.louisiana.gov/meta_docs/gis_refs/shoreline/BICM2/LA-0226_SHORL_0000000000_2005101520051118_RAC0006.zip","Meta_xml":"http://cims.coastal.louisiana.gov/meta_docs/gis_refs/shoreline/BICM2/Shoreline_Metadata.xml","Meta_html":"http://cims.coastal.louisiana.gov/meta_docs/gis_refs/shoreline/BICM2/Shoreline_Metadata.html","COMMENTS":null,"SHAPE_Length":265.0358845778803,"DSAS_DATE":"10/27/2008","DSAS_UNCER":null,"year":2008}},{"type":"Feature","id":21529,"geometry":{"type":"LineString","coordinates":[[-91.875006,29.626732],[-91.875,29.626741]]},"properties":{"OBJECTID":21529,"PROGRAM":"STATE","PROJECT":"LOUISIANA BARRIER ISLAND COMPREHENSIVE MONITORING PROGRAM (BICM)","PROJ_ID":"LA-0226","PROD_DATE":"20160926","SHORE_TYPE":"MARSH","SRC_DATE":"20081027","SRC_DATA":"USGS HIGH RESOLUTION ORTHOIMAGERY","SRC_RES":"1-m pixel","SRC_VECT":"APPLIED COASTAL","SRC_RAST":"F2909117SE","DIG_NOTES":" ","REGION":"AB","CONTRACTOR":"APPLIED COASTAL","ORG":"COASTAL PROTECTION AND RESTORATION AUTHORITY OF LOUISIANA (CPRA)","SRC_REG":"USGS","DATAURL":"http://cims.coastal.louisiana.gov/meta_docs/gis_refs/shoreline/BICM2/LA-0226_SHORL_0000000000_2005101520051118_RAC0006.zip","Meta_xml":"http://cims.coastal.louisiana.gov/meta_docs/gis_refs/shoreline/BICM2/Shoreline_Metadata.xml","Meta_html":"http://cims.coastal.louisiana.gov/meta_docs/gis_refs/shoreline/BICM2/Shoreline_Metadata.html","COMMENTS":null,"SHAPE_Length":1.0816838165458262,"DSAS_DATE":"10/27/2008","DSAS_UNCER":null,"year":2008}},{"type":"Feature","id":21530,"geometry":{"type":"LineString","coordinates":[[-91.875,29.626741],[-91.874235,29.627697],[-91.874008,29.628469],[-91.873417,29.628273],[-91.873404,29.627985],[-91.872566,29.627627],[-91.871445,29.627692],[-91.870601,29.628108],[-91.87026,29.628668],[-91.869444,29.628731],[-91.86911,29.628939],[-91.868489,29.628589],[-91.868077,29.628763],[-91.867857,29.629159],[-91.867277,29.629127],[-91.867033,29.629532],[-91.866562,29.629628],[-91.866386,29.629835],[-91.866041,29.62969],[-91.866177,29.629527],[-91.865892,29.629442],[-91.865792,29.629219],[-91.865801,29.629021],[-91.866399,29.628606],[-91.866506,29.628357],[-91.866048,29.627362],[-91.866126,29.627172]]},"properties":{"OBJECTID":21530,"PROGRAM":"STATE","PROJECT":"LOUISIANA BARRIER ISLAND COMPREHENSIVE MONITORING PROGRAM (BICM)","PROJ_ID":"LA-0226","PROD_DATE":"20160926","SHORE_TYPE":"MARSH","SRC_DATE":"20081027","SRC_DATA":"USGS HIGH RESOLUTION ORTHOIMAGERY","SRC_RES":"1-m pixel","SRC_VECT":"APPLIED COASTAL","SRC_RAST":"F2909118SW","DIG_NOTES":" ","REGION":"AB","CONTRACTOR":"APPLIED COASTAL","ORG":"COASTAL PROTECTION AND RESTORATION AUTHORITY OF LOUISIANA (CPRA)","SRC_REG":"USGS","DATAURL":"http://cims.coastal.louisiana.gov/meta_docs/gis_refs/shoreline/BICM2/LA-0226_SHORL_0000000000_2005101520051118_RAC0006.zip","Meta_xml":"http://cims.coastal.louisiana.gov/meta_docs/gis_refs/shoreline/BICM2/Shoreline_Metadata.xml","Meta_html":"http://cims.coastal.louisiana.gov/meta_docs/gis_refs/shoreline/BICM2/Shoreline_Metadata.html","COMMENTS":null,"SHAPE_Length":1590.536518268499,"DSAS_DATE":"10/27/2008","DSAS_UNCER":null,"year":2008}},{"type":"Feature","id":21531,"geometry":{"type":"LineString","coordinates":[[-91.866133,29.626743],[-91.865704,29.627346],[-91.865933,29.627929],[-91.86552,29.627948],[-91.865449,29.627605]]},"properties":{"OBJECTID":21531,"PROGRAM":"STATE","PROJECT":"LOUISIANA BARRIER ISLAND COMPREHENSIVE MONITORING PROGRAM (BICM)","PROJ_ID":"LA-0226","PROD_DATE":"20160926","SHORE_TYPE":"MARSH","SRC_DATE":"20081027","SRC_DATA":"USGS HIGH RESOLUTION ORTHOIMAGERY","SRC_RES":"1-m pixel","SRC_VECT":"APPLIED COASTAL","SRC_RAST":"F2909118SW","DIG_NOTES":" ","REGION":"AB","CONTRACTOR":"APPLIED COASTAL","ORG":"COASTAL PROTECTION AND RESTORATION AUTHORITY OF LOUISIANA (CPRA)","SRC_REG":"USGS","DATAURL":"http://cims.coastal.louisiana.gov/meta_docs/gis_refs/shoreline/BICM2/LA-0226_SHORL_0000000000_2005101520051118_RAC0006.zip","Meta_xml":"http://cims.coastal.louisiana.gov/meta_docs/gis_refs/shoreline/BICM2/Shoreline_Metadata.xml","Meta_html":"http://cims.coastal.louisiana.gov/meta_docs/gis_refs/shoreline/BICM2/Shoreline_Metadata.html","COMMENTS":null,"SHAPE_Length":233.51637481409756,"DSAS_DATE":"10/27/2008","DSAS_UNCER":null,"year":2008}},{"type":"Feature","id":21532,"geometry":{"type":"LineString","coordinates":[[-91.86543,29.627682],[-91.865471,29.628043],[-91.865077,29.627821],[-91.863988,29.626562],[-91.863683,29.626495],[-91.863523,29.626048],[-91.863306,29.626032],[-91.862822,29.62551],[-91.86189,29.625006]]},"properties":{"OBJECTID":21532,"PROGRAM":"STATE","PROJECT":"LOUISIANA BARRIER ISLAND COMPREHENSIVE MONITORING PROGRAM (BICM)","PROJ_ID":"LA-0226","PROD_DATE":"20160926","SHORE_TYPE":"MARSH","SRC_DATE":"20081027","SRC_DATA":"USGS HIGH RESOLUTION ORTHOIMAGERY","SRC_RES":"1-m pixel","SRC_VECT":"APPLIED COASTAL","SRC_RAST":"F2909118SW","DIG_NOTES":" ","REGION":"AB","CONTRACTOR":"APPLIED COASTAL","ORG":"COASTAL PROTECTION AND RESTORATION AUTHORITY OF LOUISIANA (CPRA)","SRC_REG":"USGS","DATAURL":"http://cims.coastal.louisiana.gov/meta_docs/gis_refs/shoreline/BICM2/LA-0226_SHORL_0000000000_2005101520051118_RAC0006.zip","Meta_xml":"http://cims.coastal.louisiana.gov/meta_docs/gis_refs/shoreline/BICM2/Shoreline_Metadata.xml","Meta_html":"http://cims.coastal.louisiana.gov/meta_docs/gis_refs/shoreline/BICM2/Shoreline_Metadata.html","COMMENTS":null,"SHAPE_Length":575.8116295750286,"DSAS_DATE":"10/27/2008","DSAS_UNCER":null,"year":2008}},{"type":"Feature","id":21533,"geometry":{"type":"LineString","coordinates":[[-91.84737,29.628356],[-91.847636,29.628552],[-91.848068,29.628413],[-91.847712,29.627916],[-91.848052,29.627107],[-91.848213,29.626029],[-91.849121,29.625006]]},"properties":{"OBJECTID":21533,"PROGRAM":"STATE","PROJECT":"LOUISIANA BARRIER ISLAND COMPREHENSIVE MONITORING PROGRAM (BICM)","PROJ_ID":"LA-0226","PROD_DATE":"20160926","SHORE_TYPE":"MARSH","SRC_DATE":"20081027","SRC_DATA":"USGS HIGH RESOLUTION ORTHOIMAGERY","SRC_RES":"1-m pixel","SRC_VECT":"APPLIED COASTAL","SRC_RAST":"F2909118SW","DIG_NOTES":" ","REGION":"AB","CONTRACTOR":"APPLIED COASTAL","ORG":"COASTAL PROTECTION AND RESTORATION AUTHORITY OF LOUISIANA (CPRA)","SRC_REG":"USGS","DATAURL":"http://cims.coastal.louisiana.gov/meta_docs/gis_refs/shoreline/BICM2/LA-0226_SHORL_0000000000_2005101520051118_RAC0006.zip","Meta_xml":"http://cims.coastal.louisiana.gov/meta_docs/gis_refs/shoreline/BICM2/Shoreline_Metadata.xml","Meta_html":"http://cims.coastal.louisiana.gov/meta_docs/gis_refs/shoreline/BICM2/Shoreline_Metadata.html","COMMENTS":null,"SHAPE_Length":552.4879325150607,"DSAS_DATE":"10/27/2008","DSAS_UNCER":null,"year":2008}},{"type":"Feature","id":21534,"geometry":{"type":"LineString","coordinates":[[-91.848878,29.629037],[-91.848001,29.628774],[-91.848335,29.628678],[-91.848314,29.628412],[-91.848461,29.628386],[-91.849074,29.628976],[-91.849165,29.629337],[-91.848878,29.629037]]},"properties":{"OBJECTID":21534,"PROGRAM":"STATE","PROJECT":"LOUISIANA BARRIER ISLAND COMPREHENSIVE MONITORING PROGRAM (BICM)","PROJ_ID":"LA-0226","PROD_DATE":"20160926","SHORE_TYPE":"MARSH","SRC_DATE":"20081027","SRC_DATA":"USGS HIGH RESOLUTION ORTHOIMAGERY","SRC_RES":"1-m pixel","SRC_VECT":"APPLIED COASTAL","SRC_RAST":"F2909118SW","DIG_NOTES":" ","REGION":"AB","CONTRACTOR":"APPLIED COASTAL","ORG":"COASTAL PROTECTION AND RESTORATION AUTHORITY OF LOUISIANA (CPRA)","SRC_REG":"USGS","DATAURL":"http://cims.coastal.louisiana.gov/meta_docs/gis_refs/shoreline/BICM2/LA-0226_SHORL_0000000000_2005101520051118_RAC0006.zip","Meta_xml":"http://cims.coastal.louisiana.gov/meta_docs/gis_refs/shoreline/BICM2/Shoreline_Metadata.xml","Meta_html":"http://cims.coastal.louisiana.gov/meta_docs/gis_refs/shoreline/BICM2/Shoreline_Metadata.html","COMMENTS":null,"SHAPE_Length":383.7106599486934,"DSAS_DATE":"10/27/2008","DSAS_UNCER":null,"year":2008}},{"type":"Feature","id":21535,"geometry":{"type":"LineString","coordinates":[[-91.847031,29.628426],[-91.847348,29.628863],[-91.846985,29.629036],[-91.846264,29.628626],[-91.845713,29.628611],[-91.845427,29.628432],[-91.844897,29.628546],[-91.844324,29.628136],[-91.843646,29.628241],[-91.843527,29.628035],[-91.843024,29.627805],[-91.842795,29.62717],[-91.843135,29.62643],[-91.842976,29.626113],[-91.843104,29.626061],[-91.842993,29.625468],[-91.843172,29.625005]]},"properties":{"OBJECTID":21535,"PROGRAM":"STATE","PROJECT":"LOUISIANA BARRIER ISLAND COMPREHENSIVE MONITORING PROGRAM (BICM)","PROJ_ID":"LA-0226","PROD_DATE":"20160926","SHORE_TYPE":"MARSH","SRC_DATE":"20081027","SRC_DATA":"USGS HIGH RESOLUTION ORTHOIMAGERY","SRC_RES":"1-m pixel","SRC_VECT":"APPLIED COASTAL","SRC_RAST":"F2909118SW","DIG_NOTES":" ","REGION":"AB","CONTRACTOR":"APPLIED COASTAL","ORG":"COASTAL PROTECTION AND RESTORATION AUTHORITY OF LOUISIANA (CPRA)","SRC_REG":"USGS","DATAURL":"http://cims.coastal.louisiana.gov/meta_docs/gis_refs/shoreline/BICM2/LA-0226_SHORL_0000000000_2005101520051118_RAC0006.zip","Meta_xml":"http://cims.coastal.louisiana.gov/meta_docs/gis_refs/shoreline/BICM2/Shoreline_Metadata.xml","Meta_html":"http://cims.coastal.louisiana.gov/meta_docs/gis_refs/shoreline/BICM2/Shoreline_Metadata.html","COMMENTS":null,"SHAPE_Length":919.6686581153641,"DSAS_DATE":"10/27/2008","DSAS_UNCER":null,"year":2008}},{"type":"Feature","id":21536,"geometry":{"type":"LineString","coordinates":[[-91.866002,29.628138],[-91.866265,29.628242],[-91.866223,29.628452],[-91.865678,29.628721],[-91.86574,29.628196],[-91.866002,29.628138]]},"properties":{"OBJECTID":21536,"PROGRAM":"STATE","PROJECT":"LOUISIANA BARRIER ISLAND COMPREHENSIVE MONITORING PROGRAM (BICM)","PROJ_ID":"LA-0226","PROD_DATE":"20160926","SHORE_TYPE":"MARSH","SRC_DATE":"20081027","SRC_DATA":"USGS HIGH RESOLUTION ORTHOIMAGERY","SRC_RES":"1-m pixel","SRC_VECT":"APPLIED COASTAL","SRC_RAST":"F2909118SW","DIG_NOTES":" ","REGION":"AB","CONTRACTOR":"APPLIED COASTAL","ORG":"COASTAL PROTECTION AND RESTORATION AUTHORITY OF LOUISIANA (CPRA)","SRC_REG":"USGS","DATAURL":"http://cims.coastal.louisiana.gov/meta_docs/gis_refs/shoreline/BICM2/LA-0226_SHORL_0000000000_2005101520051118_RAC0006.zip","Meta_xml":"http://cims.coastal.louisiana.gov/meta_docs/gis_refs/shoreline/BICM2/Shoreline_Metadata.xml","Meta_html":"http://cims.coastal.louisiana.gov/meta_docs/gis_refs/shoreline/BICM2/Shoreline_Metadata.html","COMMENTS":null,"SHAPE_Length":202.60349302674013,"DSAS_DATE":"10/27/2008","DSAS_UNCER":null,"year":2008}},{"type":"Feature","id":21612,"geometry":{"type":"LineString","coordinates":[[-92,29.605457],[-91.999339,29.605877],[-91.997878,29.606266],[-91.997467,29.606797],[-91.996682,29.606898],[-91.996536,29.606636]]},"properties":{"OBJECTID":21612,"PROGRAM":"STATE","PROJECT":"LOUISIANA BARRIER ISLAND COMPREHENSIVE MONITORING PROGRAM (BICM)","PROJ_ID":"LA-0226","PROD_DATE":"20160926","SHORE_TYPE":"MARSH","SRC_DATE":"20081026","SRC_DATA":"USGS HIGH RESOLUTION ORTHOIMAGERY","SRC_RES":"1-m pixel","SRC_VECT":"APPLIED COASTAL","SRC_RAST":"F2909125NW","DIG_NOTES":" ","REGION":"AB","CONTRACTOR":"APPLIED COASTAL","ORG":"COASTAL PROTECTION AND RESTORATION AUTHORITY OF LOUISIANA (CPRA)","SRC_REG":"USGS","DATAURL":"http://cims.coastal.louisiana.gov/meta_docs/gis_refs/shoreline/BICM2/LA-0226_SHORL_0000000000_2005101520051118_RAC0006.zip","Meta_xml":"http://cims.coastal.louisiana.gov/meta_docs/gis_refs/shoreline/BICM2/Shoreline_Metadata.xml","Meta_html":"http://cims.coastal.louisiana.gov/meta_docs/gis_refs/shoreline/BICM2/Shoreline_Metadata.html","COMMENTS":null,"SHAPE_Length":421.71806727473086,"DSAS_DATE":"10/26/2008","DSAS_UNCER":null,"year":2008}},{"type":"Feature","id":21613,"geometry":{"type":"LineString","coordinates":[[-92.000006,29.605454],[-92,29.605457]]},"properties":{"OBJECTID":21613,"PROGRAM":"STATE","PROJECT":"LOUISIANA BARRIER ISLAND COMPREHENSIVE MONITORING PROGRAM (BICM)","PROJ_ID":"LA-0226","PROD_DATE":"20160926","SHORE_TYPE":"MARSH","SRC_DATE":"20081026","SRC_DATA":"USGS HIGH RESOLUTION ORTHOIMAGERY","SRC_RES":"1-m pixel","SRC_VECT":"APPLIED COASTAL","SRC_RAST":"F2909232NE","DIG_NOTES":" ","REGION":"AB","CONTRACTOR":"APPLIED COASTAL","ORG":"COASTAL PROTECTION AND RESTORATION AUTHORITY OF LOUISIANA (CPRA)","SRC_REG":"USGS","DATAURL":"http://cims.coastal.louisiana.gov/meta_docs/gis_refs/shoreline/BICM2/LA-0226_SHORL_0000000000_2005101520051118_RAC0006.zip","Meta_xml":"http://cims.coastal.louisiana.gov/meta_docs/gis_refs/shoreline/BICM2/Shoreline_Metadata.xml","Meta_html":"http://cims.coastal.louisiana.gov/meta_docs/gis_refs/shoreline/BICM2/Shoreline_Metadata.html","COMMENTS":null,"SHAPE_Length":0.6770312838822335,"DSAS_DATE":"10/26/2008","DSAS_UNCER":null,"year":2008}},{"type":"Feature","id":21614,"geometry":{"type":"LineString","coordinates":[[-91.996318,29.606654],[-91.996511,29.60708],[-91.99705,29.60725],[-91.997,29.607376],[-91.995167,29.607758],[-91.994295,29.608163],[-91.993981,29.608528],[-91.992772,29.609059],[-91.991496,29.609428],[-91.990807,29.60946],[-91.990601,29.609614],[-91.990508,29.610426],[-91.990281,29.610809],[-91.988888,29.611666],[-91.988711,29.611333]]},"properties":{"OBJECTID":21614,"PROGRAM":"STATE","PROJECT":"LOUISIANA BARRIER ISLAND COMPREHENSIVE MONITORING PROGRAM (BICM)","PROJ_ID":"LA-0226","PROD_DATE":"20160926","SHORE_TYPE":"MARSH","SRC_DATE":"20081026","SRC_DATA":"USGS HIGH RESOLUTION ORTHOIMAGERY","SRC_RES":"1-m pixel","SRC_VECT":"APPLIED COASTAL","SRC_RAST":"F2909125NW","DIG_NOTES":" ","REGION":"AB","CONTRACTOR":"APPLIED COASTAL","ORG":"COASTAL PROTECTION AND RESTORATION AUTHORITY OF LOUISIANA (CPRA)","SRC_REG":"USGS","DATAURL":"http://cims.coastal.louisiana.gov/meta_docs/gis_refs/shoreline/BICM2/LA-0226_SHORL_0000000000_2005101520051118_RAC0006.zip","Meta_xml":"http://cims.coastal.louisiana.gov/meta_docs/gis_refs/shoreline/BICM2/Shoreline_Metadata.xml","Meta_html":"http://cims.coastal.louisiana.gov/meta_docs/gis_refs/shoreline/BICM2/Shoreline_Metadata.html","COMMENTS":null,"SHAPE_Length":1184.8126734416746,"DSAS_DATE":"10/26/2008","DSAS_UNCER":null,"year":2008}},{"type":"Feature","id":21615,"geometry":{"type":"LineString","coordinates":[[-91.987552,29.607822],[-91.988092,29.60892],[-91.9886,29.609093],[-91.988094,29.609134],[-91.987373,29.608935],[-91.987858,29.60962],[-91.987632,29.610204],[-91.988096,29.61086],[-91.988135,29.611834],[-91.988385,29.611632],[-91.988415,29.61125],[-91.988732,29.611239]]},"properties":{"OBJECTID":21615,"PROGRAM":"STATE","PROJECT":"LOUISIANA BARRIER ISLAND COMPREHENSIVE MONITORING PROGRAM (BICM)","PROJ_ID":"LA-0226","PROD_DATE":"20160926","SHORE_TYPE":"MARSH","SRC_DATE":"20081026","SRC_DATA":"USGS HIGH RESOLUTION ORTHOIMAGERY","SRC_RES":"1-m pixel","SRC_VECT":"APPLIED COASTAL","SRC_RAST":"F2909125NW","DIG_NOTES":" ","REGION":"AB","CONTRACTOR":"APPLIED COASTAL","ORG":"COASTAL PROTECTION AND RESTORATION AUTHORITY OF LOUISIANA (CPRA)","SRC_REG":"USGS","DATAURL":"http://cims.coastal.louisiana.gov/meta_docs/gis_refs/shoreline/BICM2/LA-0226_SHORL_0000000000_2005101520051118_RAC0006.zip","Meta_xml":"http://cims.coastal.louisiana.gov/meta_docs/gis_refs/shoreline/BICM2/Shoreline_Metadata.xml","Meta_html":"http://cims.coastal.louisiana.gov/meta_docs/gis_refs/shoreline/BICM2/Shoreline_Metadata.html","COMMENTS":null,"SHAPE_Length":809.4038205438444,"DSAS_DATE":"10/26/2008","DSAS_UNCER":null,"year":2008}},{"type":"Feature","id":21616,"geometry":{"type":"LineString","coordinates":[[-91.987482,29.607846],[-91.987415,29.608243],[-91.986308,29.607454],[-91.985722,29.607396],[-91.984599,29.606783],[-91.985167,29.606727],[-91.985086,29.606337],[-91.984902,29.606315],[-91.985424,29.605916],[-91.985404,29.605549],[-91.985664,29.605258],[-91.986209,29.605637]]},"properties":{"OBJECTID":21616,"PROGRAM":"STATE","PROJECT":"LOUISIANA BARRIER ISLAND COMPREHENSIVE MONITORING PROGRAM (BICM)","PROJ_ID":"LA-0226","PROD_DATE":"20160926","SHORE_TYPE":"MARSH","SRC_DATE":"20081026","SRC_DATA":"USGS HIGH RESOLUTION ORTHOIMAGERY","SRC_RES":"1-m pixel","SRC_VECT":"APPLIED COASTAL","SRC_RAST":"F2909125NW","DIG_NOTES":" ","REGION":"AB","CONTRACTOR":"APPLIED COASTAL","ORG":"COASTAL PROTECTION AND RESTORATION AUTHORITY OF LOUISIANA (CPRA)","SRC_REG":"USGS","DATAURL":"http://cims.coastal.louisiana.gov/meta_docs/gis_refs/shoreline/BICM2/LA-0226_SHORL_0000000000_2005101520051118_RAC0006.zip","Meta_xml":"http://cims.coastal.louisiana.gov/meta_docs/gis_refs/shoreline/BICM2/Shoreline_Metadata.xml","Meta_html":"http://cims.coastal.louisiana.gov/meta_docs/gis_refs/shoreline/BICM2/Shoreline_Metadata.html","COMMENTS":null,"SHAPE_Length":755.5210605181705,"DSAS_DATE":"10/26/2008","DSAS_UNCER":null,"year":2008}},{"type":"Feature","id":21617,"geometry":{"type":"LineString","coordinates":[[-91.986356,29.605573],[-91.986241,29.605368],[-91.98658,29.605114],[-91.986237,29.60465],[-91.98626,29.604298],[-91.986532,29.604204],[-91.986546,29.603987],[-91.986815,29.603815],[-91.987235,29.603787]]},"properties":{"OBJECTID":21617,"PROGRAM":"STATE","PROJECT":"LOUISIANA BARRIER ISLAND COMPREHENSIVE MONITORING PROGRAM (BICM)","PROJ_ID":"LA-0226","PROD_DATE":"20160926","SHORE_TYPE":"MARSH","SRC_DATE":"20081026","SRC_DATA":"USGS HIGH RESOLUTION ORTHOIMAGERY","SRC_RES":"1-m pixel","SRC_VECT":"APPLIED COASTAL","SRC_RAST":"F2909125NW","DIG_NOTES":" ","REGION":"AB","CONTRACTOR":"APPLIED COASTAL","ORG":"COASTAL PROTECTION AND RESTORATION AUTHORITY OF LOUISIANA (CPRA)","SRC_REG":"USGS","DATAURL":"http://cims.coastal.louisiana.gov/meta_docs/gis_refs/shoreline/BICM2/LA-0226_SHORL_0000000000_2005101520051118_RAC0006.zip","Meta_xml":"http://cims.coastal.louisiana.gov/meta_docs/gis_refs/shoreline/BICM2/Shoreline_Metadata.xml","Meta_html":"http://cims.coastal.louisiana.gov/meta_docs/gis_refs/shoreline/BICM2/Shoreline_Metadata.html","COMMENTS":null,"SHAPE_Length":328.60693630424396,"DSAS_DATE":"10/26/2008","DSAS_UNCER":null,"year":2008}},{"type":"Feature","id":21618,"geometry":{"type":"LineString","coordinates":[[-91.985688,29.60245],[-91.985645,29.602765],[-91.985412,29.602858],[-91.985287,29.603154],[-91.98538,29.603645],[-91.985584,29.6039],[-91.985665,29.603677],[-91.986168,29.603523]]},"properties":{"OBJECTID":21618,"PROGRAM":"STATE","PROJECT":"LOUISIANA BARRIER ISLAND COMPREHENSIVE MONITORING PROGRAM (BICM)","PROJ_ID":"LA-0226","PROD_DATE":"20160926","SHORE_TYPE":"MARSH","SRC_DATE":"20081026","SRC_DATA":"USGS HIGH RESOLUTION ORTHOIMAGERY","SRC_RES":"1-m pixel","SRC_VECT":"APPLIED COASTAL","SRC_RAST":"F2909125NW","DIG_NOTES":" ","REGION":"AB","CONTRACTOR":"APPLIED COASTAL","ORG":"COASTAL PROTECTION AND RESTORATION AUTHORITY OF LOUISIANA (CPRA)","SRC_REG":"USGS","DATAURL":"http://cims.coastal.louisiana.gov/meta_docs/gis_refs/shoreline/BICM2/LA-0226_SHORL_0000000000_2005101520051118_RAC0006.zip","Meta_xml":"http://cims.coastal.louisiana.gov/meta_docs/gis_refs/shoreline/BICM2/Shoreline_Metadata.xml","Meta_html":"http://cims.coastal.louisiana.gov/meta_docs/gis_refs/shoreline/BICM2/Shoreline_Metadata.html","COMMENTS":null,"SHAPE_Length":278.7374313269606,"DSAS_DATE":"10/26/2008","DSAS_UNCER":null,"year":2008}},{"type":"Feature","id":21619,"geometry":{"type":"LineString","coordinates":[[-91.985545,29.602457],[-91.984976,29.602689],[-91.983907,29.602216],[-91.983716,29.601705],[-91.983994,29.601159]]},"properties":{"OBJECTID":21619,"PROGRAM":"STATE","PROJECT":"LOUISIANA BARRIER ISLAND COMPREHENSIVE MONITORING PROGRAM (BICM)","PROJ_ID":"LA-0226","PROD_DATE":"20160926","SHORE_TYPE":"MARSH","SRC_DATE":"20081026","SRC_DATA":"USGS HIGH RESOLUTION ORTHOIMAGERY","SRC_RES":"1-m pixel","SRC_VECT":"APPLIED COASTAL","SRC_RAST":"F2909125NW","DIG_NOTES":" ","REGION":"AB","CONTRACTOR":"APPLIED COASTAL","ORG":"COASTAL PROTECTION AND RESTORATION AUTHORITY OF LOUISIANA (CPRA)","SRC_REG":"USGS","DATAURL":"http://cims.coastal.louisiana.gov/meta_docs/gis_refs/shoreline/BICM2/LA-0226_SHORL_0000000000_2005101520051118_RAC0006.zip","Meta_xml":"http://cims.coastal.louisiana.gov/meta_docs/gis_refs/shoreline/BICM2/Shoreline_Metadata.xml","Meta_html":"http://cims.coastal.louisiana.gov/meta_docs/gis_refs/shoreline/BICM2/Shoreline_Metadata.html","COMMENTS":null,"SHAPE_Length":319.1212142461281,"DSAS_DATE":"10/26/2008","DSAS_UNCER":null,"year":2008}},{"type":"Feature","id":21620,"geometry":{"type":"LineString","coordinates":[[-91.983858,29.601146],[-91.983451,29.600866],[-91.983116,29.601367],[-91.983089,29.601708],[-91.98262,29.601297],[-91.981651,29.60121],[-91.981875,29.600973],[-91.982288,29.601003]]},"properties":{"OBJECTID":21620,"PROGRAM":"STATE","PROJECT":"LOUISIANA BARRIER ISLAND COMPREHENSIVE MONITORING PROGRAM (BICM)","PROJ_ID":"LA-0226","PROD_DATE":"20160926","SHORE_TYPE":"MARSH","SRC_DATE":"20081026","SRC_DATA":"USGS HIGH RESOLUTION ORTHOIMAGERY","SRC_RES":"1-m pixel","SRC_VECT":"APPLIED COASTAL","SRC_RAST":"F2909125NW","DIG_NOTES":" ","REGION":"AB","CONTRACTOR":"APPLIED COASTAL","ORG":"COASTAL PROTECTION AND RESTORATION AUTHORITY OF LOUISIANA (CPRA)","SRC_REG":"USGS","DATAURL":"http://cims.coastal.louisiana.gov/meta_docs/gis_refs/shoreline/BICM2/LA-0226_SHORL_0000000000_2005101520051118_RAC0006.zip","Meta_xml":"http://cims.coastal.louisiana.gov/meta_docs/gis_refs/shoreline/BICM2/Shoreline_Metadata.xml","Meta_html":"http://cims.coastal.louisiana.gov/meta_docs/gis_refs/shoreline/BICM2/Shoreline_Metadata.html","COMMENTS":null,"SHAPE_Length":409.0802704790217,"DSAS_DATE":"10/26/2008","DSAS_UNCER":null,"year":2008}},{"type":"Feature","id":21621,"geometry":{"type":"LineString","coordinates":[[-91.979694,29.602702],[-91.979874,29.602741],[-91.980038,29.603964],[-91.980543,29.604963],[-91.980344,29.605407]]},"properties":{"OBJECTID":21621,"PROGRAM":"STATE","PROJECT":"LOUISIANA BARRIER ISLAND COMPREHENSIVE MONITORING PROGRAM (BICM)","PROJ_ID":"LA-0226","PROD_DATE":"20160926","SHORE_TYPE":"MARSH","SRC_DATE":"20081026","SRC_DATA":"USGS HIGH RESOLUTION ORTHOIMAGERY","SRC_RES":"1-m pixel","SRC_VECT":"APPLIED COASTAL","SRC_RAST":"F2909125NW","DIG_NOTES":" ","REGION":"AB","CONTRACTOR":"APPLIED COASTAL","ORG":"COASTAL PROTECTION AND RESTORATION AUTHORITY OF LOUISIANA (CPRA)","SRC_REG":"USGS","DATAURL":"http://cims.coastal.louisiana.gov/meta_docs/gis_refs/shoreline/BICM2/LA-0226_SHORL_0000000000_2005101520051118_RAC0006.zip","Meta_xml":"http://cims.coastal.louisiana.gov/meta_docs/gis_refs/shoreline/BICM2/Shoreline_Metadata.xml","Meta_html":"http://cims.coastal.louisiana.gov/meta_docs/gis_refs/shoreline/BICM2/Shoreline_Metadata.html","COMMENTS":null,"SHAPE_Length":339.48226274901265,"DSAS_DATE":"10/26/2008","DSAS_UNCER":null,"year":2008}},{"type":"Feature","id":21622,"geometry":{"type":"LineString","coordinates":[[-91.980388,29.605452],[-91.98065,29.605382],[-91.980835,29.605534],[-91.9812,29.606556],[-91.981587,29.606989],[-91.98166,29.607516],[-91.981942,29.607767],[-91.980631,29.607873]]},"properties":{"OBJECTID":21622,"PROGRAM":"STATE","PROJECT":"LOUISIANA BARRIER ISLAND COMPREHENSIVE MONITORING PROGRAM (BICM)","PROJ_ID":"LA-0226","PROD_DATE":"20160926","SHORE_TYPE":"MARSH","SRC_DATE":"20081026","SRC_DATA":"USGS HIGH RESOLUTION ORTHOIMAGERY","SRC_RES":"1-m pixel","SRC_VECT":"APPLIED COASTAL","SRC_RAST":"F2909125NW","DIG_NOTES":" ","REGION":"AB","CONTRACTOR":"APPLIED COASTAL","ORG":"COASTAL PROTECTION AND RESTORATION AUTHORITY OF LOUISIANA (CPRA)","SRC_REG":"USGS","DATAURL":"http://cims.coastal.louisiana.gov/meta_docs/gis_refs/shoreline/BICM2/LA-0226_SHORL_0000000000_2005101520051118_RAC0006.zip","Meta_xml":"http://cims.coastal.louisiana.gov/meta_docs/gis_refs/shoreline/BICM2/Shoreline_Metadata.xml","Meta_html":"http://cims.coastal.louisiana.gov/meta_docs/gis_refs/shoreline/BICM2/Shoreline_Metadata.html","COMMENTS":null,"SHAPE_Length":480.03852107794773,"DSAS_DATE":"10/26/2008","DSAS_UNCER":null,"year":2008}},{"type":"Feature","id":21623,"geometry":{"type":"LineString","coordinates":[[-91.981508,29.609677],[-91.982547,29.609389],[-91.98294,29.60802],[-91.982691,29.60741],[-91.982944,29.60732],[-91.983278,29.607502],[-91.983474,29.608082],[-91.983182,29.609015],[-91.983514,29.610274],[-91.983438,29.610687],[-91.98374,29.611438],[-91.983483,29.612249],[-91.983231,29.612457]]},"properties":{"OBJECTID":21623,"PROGRAM":"STATE","PROJECT":"LOUISIANA BARRIER ISLAND COMPREHENSIVE MONITORING PROGRAM (BICM)","PROJ_ID":"LA-0226","PROD_DATE":"20160926","SHORE_TYPE":"MARSH","SRC_DATE":"20081026","SRC_DATA":"USGS HIGH RESOLUTION ORTHOIMAGERY","SRC_RES":"1-m pixel","SRC_VECT":"APPLIED COASTAL","SRC_RAST":"F2909125NW","DIG_NOTES":" ","REGION":"AB","CONTRACTOR":"APPLIED COASTAL","ORG":"COASTAL PROTECTION AND RESTORATION AUTHORITY OF LOUISIANA (CPRA)","SRC_REG":"USGS","DATAURL":"http://cims.coastal.louisiana.gov/meta_docs/gis_refs/shoreline/BICM2/LA-0226_SHORL_0000000000_2005101520051118_RAC0006.zip","Meta_xml":"http://cims.coastal.louisiana.gov/meta_docs/gis_refs/shoreline/BICM2/Shoreline_Metadata.xml","Meta_html":"http://cims.coastal.louisiana.gov/meta_docs/gis_refs/shoreline/BICM2/Shoreline_Metadata.html","COMMENTS":null,"SHAPE_Length":1015.2829439489389,"DSAS_DATE":"10/26/2008","DSAS_UNCER":null,"year":2008}},{"type":"Feature","id":21624,"geometry":{"type":"LineString","coordinates":[[-91.983179,29.612526],[-91.982682,29.612765]]},"properties":{"OBJECTID":21624,"PROGRAM":"STATE","PROJECT":"LOUISIANA BARRIER ISLAND COMPREHENSIVE MONITORING PROGRAM (BICM)","PROJ_ID":"LA-0226","PROD_DATE":"20160926","SHORE_TYPE":"MARSH","SRC_DATE":"20081026","SRC_DATA":"USGS HIGH RESOLUTION ORTHOIMAGERY","SRC_RES":"1-m pixel","SRC_VECT":"APPLIED COASTAL","SRC_RAST":"F2909125NW","DIG_NOTES":" ","REGION":"AB","CONTRACTOR":"APPLIED COASTAL","ORG":"COASTAL PROTECTION AND RESTORATION AUTHORITY OF LOUISIANA (CPRA)","SRC_REG":"USGS","DATAURL":"http://cims.coastal.louisiana.gov/meta_docs/gis_refs/shoreline/BICM2/LA-0226_SHORL_0000000000_2005101520051118_RAC0006.zip","Meta_xml":"http://cims.coastal.louisiana.gov/meta_docs/gis_refs/shoreline/BICM2/Shoreline_Metadata.xml","Meta_html":"http://cims.coastal.louisiana.gov/meta_docs/gis_refs/shoreline/BICM2/Shoreline_Metadata.html","COMMENTS":null,"SHAPE_Length":59.90231557784896,"DSAS_DATE":"10/26/2008","DSAS_UNCER":null,"year":2008}},{"type":"Feature","id":21625,"geometry":{"type":"LineString","coordinates":[[-91.983068,29.612954],[-91.983817,29.612492],[-91.983973,29.612224],[-91.98427,29.612261],[-91.983959,29.61285],[-91.983271,29.613205],[-91.982927,29.614032],[-91.982455,29.614164],[-91.981852,29.614091],[-91.981405,29.61391],[-91.98039,29.613059],[-91.980189,29.612968],[-91.979971,29.613084],[-91.979793,29.612665],[-91.979399,29.61259],[-91.979346,29.612392],[-91.978628,29.612281],[-91.97774,29.611529],[-91.976357,29.611238],[-91.975962,29.610972],[-91.975829,29.610683],[-91.975452,29.610509],[-91.974279,29.610247],[-91.973825,29.610341],[-91.973571,29.610152],[-91.972985,29.610231],[-91.972117,29.609746],[-91.971605,29.609718],[-91.971639,29.609565],[-91.972093,29.609402],[-91.971986,29.609181],[-91.972186,29.608951]]},"properties":{"OBJECTID":21625,"PROGRAM":"STATE","PROJECT":"LOUISIANA BARRIER ISLAND COMPREHENSIVE MONITORING PROGRAM (BICM)","PROJ_ID":"LA-0226","PROD_DATE":"20160926","SHORE_TYPE":"MARSH","SRC_DATE":"20081026","SRC_DATA":"USGS HIGH RESOLUTION ORTHOIMAGERY","SRC_RES":"1-m pixel","SRC_VECT":"APPLIED COASTAL","SRC_RAST":"F2909125NW","DIG_NOTES":" ","REGION":"AB","CONTRACTOR":"APPLIED COASTAL","ORG":"COASTAL PROTECTION AND RESTORATION AUTHORITY OF LOUISIANA (CPRA)","SRC_REG":"USGS","DATAURL":"http://cims.coastal.louisiana.gov/meta_docs/gis_refs/shoreline/BICM2/LA-0226_SHORL_0000000000_2005101520051118_RAC0006.zip","Meta_xml":"http://cims.coastal.louisiana.gov/meta_docs/gis_refs/shoreline/BICM2/Shoreline_Metadata.xml","Meta_html":"http://cims.coastal.louisiana.gov/meta_docs/gis_refs/shoreline/BICM2/Shoreline_Metadata.html","COMMENTS":null,"SHAPE_Length":1945.5856072712959,"DSAS_DATE":"10/26/2008","DSAS_UNCER":null,"year":2008}},{"type":"Feature","id":21626,"geometry":{"type":"LineString","coordinates":[[-91.972115,29.608906],[-91.971758,29.609137],[-91.971704,29.608931],[-91.971468,29.608863],[-91.970816,29.608118],[-91.970768,29.607469],[-91.97144,29.607206]]},"properties":{"OBJECTID":21626,"PROGRAM":"STATE","PROJECT":"LOUISIANA BARRIER ISLAND COMPREHENSIVE MONITORING PROGRAM (BICM)","PROJ_ID":"LA-0226","PROD_DATE":"20160926","SHORE_TYPE":"MARSH","SRC_DATE":"20081026","SRC_DATA":"USGS HIGH RESOLUTION ORTHOIMAGERY","SRC_RES":"1-m pixel","SRC_VECT":"APPLIED COASTAL","SRC_RAST":"F2909125NW","DIG_NOTES":" ","REGION":"AB","CONTRACTOR":"APPLIED COASTAL","ORG":"COASTAL PROTECTION AND RESTORATION AUTHORITY OF LOUISIANA (CPRA)","SRC_REG":"USGS","DATAURL":"http://cims.coastal.louisiana.gov/meta_docs/gis_refs/shoreline/BICM2/LA-0226_SHORL_0000000000_2005101520051118_RAC0006.zip","Meta_xml":"http://cims.coastal.louisiana.gov/meta_docs/gis_refs/shoreline/BICM2/Shoreline_Metadata.xml","Meta_html":"http://cims.coastal.louisiana.gov/meta_docs/gis_refs/shoreline/BICM2/Shoreline_Metadata.html","COMMENTS":null,"SHAPE_Length":358.8520825383692,"DSAS_DATE":"10/26/2008","DSAS_UNCER":null,"year":2008}},{"type":"Feature","id":21627,"geometry":{"type":"LineString","coordinates":[[-91.970271,29.607609],[-91.970093,29.608496],[-91.970243,29.608777],[-91.970122,29.60887],[-91.968584,29.607686],[-91.968041,29.607474],[-91.9681,29.607115],[-91.968344,29.606984]]},"properties":{"OBJECTID":21627,"PROGRAM":"STATE","PROJECT":"LOUISIANA BARRIER ISLAND COMPREHENSIVE MONITORING PROGRAM (BICM)","PROJ_ID":"LA-0226","PROD_DATE":"20160926","SHORE_TYPE":"MARSH","SRC_DATE":"20081026","SRC_DATA":"USGS HIGH RESOLUTION ORTHOIMAGERY","SRC_RES":"1-m pixel","SRC_VECT":"APPLIED COASTAL","SRC_RAST":"F2909125NW","DIG_NOTES":" ","REGION":"AB","CONTRACTOR":"APPLIED COASTAL","ORG":"COASTAL PROTECTION AND RESTORATION AUTHORITY OF LOUISIANA (CPRA)","SRC_REG":"USGS","DATAURL":"http://cims.coastal.louisiana.gov/meta_docs/gis_refs/shoreline/BICM2/LA-0226_SHORL_0000000000_2005101520051118_RAC0006.zip","Meta_xml":"http://cims.coastal.louisiana.gov/meta_docs/gis_refs/shoreline/BICM2/Shoreline_Metadata.xml","Meta_html":"http://cims.coastal.louisiana.gov/meta_docs/gis_refs/shoreline/BICM2/Shoreline_Metadata.html","COMMENTS":null,"SHAPE_Length":494.8631186107677,"DSAS_DATE":"10/26/2008","DSAS_UNCER":null,"year":2008}},{"type":"Feature","id":21628,"geometry":{"type":"LineString","coordinates":[[-91.968282,29.606931],[-91.967872,29.606994],[-91.967742,29.607224],[-91.96659,29.607481],[-91.965244,29.607495],[-91.961308,29.608492],[-91.959144,29.608418],[-91.958214,29.607934],[-91.957488,29.607869],[-91.954098,29.608053],[-91.953134,29.607721],[-91.951663,29.608011],[-91.951059,29.60783],[-91.951049,29.607655]]},"properties":{"OBJECTID":21628,"PROGRAM":"STATE","PROJECT":"LOUISIANA BARRIER ISLAND COMPREHENSIVE MONITORING PROGRAM (BICM)","PROJ_ID":"LA-0226","PROD_DATE":"20160926","SHORE_TYPE":"MARSH","SRC_DATE":"20081026","SRC_DATA":"USGS HIGH RESOLUTION ORTHOIMAGERY","SRC_RES":"1-m pixel","SRC_VECT":"APPLIED COASTAL","SRC_RAST":"F2909125NW","DIG_NOTES":" ","REGION":"AB","CONTRACTOR":"APPLIED COASTAL","ORG":"COASTAL PROTECTION AND RESTORATION AUTHORITY OF LOUISIANA (CPRA)","SRC_REG":"USGS","DATAURL":"http://cims.coastal.louisiana.gov/meta_docs/gis_refs/shoreline/BICM2/LA-0226_SHORL_0000000000_2005101520051118_RAC0006.zip","Meta_xml":"http://cims.coastal.louisiana.gov/meta_docs/gis_refs/shoreline/BICM2/Shoreline_Metadata.xml","Meta_html":"http://cims.coastal.louisiana.gov/meta_docs/gis_refs/shoreline/BICM2/Shoreline_Metadata.html","COMMENTS":null,"SHAPE_Length":1790.350836960344,"DSAS_DATE":"10/26/2008","DSAS_UNCER":null,"year":2008}},{"type":"Feature","id":21629,"geometry":{"type":"LineString","coordinates":[[-91.95097,29.60764],[-91.950737,29.608031],[-91.949994,29.60808],[-91.949035,29.608466],[-91.94925,29.60803]]},"properties":{"OBJECTID":21629,"PROGRAM":"STATE","PROJECT":"LOUISIANA BARRIER ISLAND COMPREHENSIVE MONITORING PROGRAM (BICM)","PROJ_ID":"LA-0226","PROD_DATE":"20160926","SHORE_TYPE":"MARSH","SRC_DATE":"20081026","SRC_DATA":"USGS HIGH RESOLUTION ORTHOIMAGERY","SRC_RES":"1-m pixel","SRC_VECT":"APPLIED COASTAL","SRC_RAST":"F2909125NW","DIG_NOTES":" ","REGION":"AB","CONTRACTOR":"APPLIED COASTAL","ORG":"COASTAL PROTECTION AND RESTORATION AUTHORITY OF LOUISIANA (CPRA)","SRC_REG":"USGS","DATAURL":"http://cims.coastal.louisiana.gov/meta_docs/gis_refs/shoreline/BICM2/LA-0226_SHORL_0000000000_2005101520051118_RAC0006.zip","Meta_xml":"http://cims.coastal.louisiana.gov/meta_docs/gis_refs/shoreline/BICM2/Shoreline_Metadata.xml","Meta_html":"http://cims.coastal.louisiana.gov/meta_docs/gis_refs/shoreline/BICM2/Shoreline_Metadata.html","COMMENTS":null,"SHAPE_Length":284.13725568413184,"DSAS_DATE":"10/26/2008","DSAS_UNCER":null,"year":2008}},{"type":"Feature","id":21630,"geometry":{"type":"LineString","coordinates":[[-91.949124,29.608],[-91.949011,29.608245],[-91.948697,29.608361],[-91.948269,29.608348],[-91.948128,29.608081],[-91.947604,29.608175],[-91.947361,29.608505],[-91.946907,29.608644]]},"properties":{"OBJECTID":21630,"PROGRAM":"STATE","PROJECT":"LOUISIANA BARRIER ISLAND COMPREHENSIVE MONITORING PROGRAM (BICM)","PROJ_ID":"LA-0226","PROD_DATE":"20160926","SHORE_TYPE":"MARSH","SRC_DATE":"20081026","SRC_DATA":"USGS HIGH RESOLUTION ORTHOIMAGERY","SRC_RES":"1-m pixel","SRC_VECT":"APPLIED COASTAL","SRC_RAST":"F2909125NW","DIG_NOTES":" ","REGION":"AB","CONTRACTOR":"APPLIED COASTAL","ORG":"COASTAL PROTECTION AND RESTORATION AUTHORITY OF LOUISIANA (CPRA)","SRC_REG":"USGS","DATAURL":"http://cims.coastal.louisiana.gov/meta_docs/gis_refs/shoreline/BICM2/LA-0226_SHORL_0000000000_2005101520051118_RAC0006.zip","Meta_xml":"http://cims.coastal.louisiana.gov/meta_docs/gis_refs/shoreline/BICM2/Shoreline_Metadata.xml","Meta_html":"http://cims.coastal.louisiana.gov/meta_docs/gis_refs/shoreline/BICM2/Shoreline_Metadata.html","COMMENTS":null,"SHAPE_Length":297.8444588069854,"DSAS_DATE":"10/26/2008","DSAS_UNCER":null,"year":2008}},{"type":"Feature","id":21631,"geometry":{"type":"LineString","coordinates":[[-91.947013,29.608735],[-91.947204,29.60862],[-91.947625,29.608733],[-91.947661,29.608946],[-91.947478,29.609077],[-91.947593,29.609374],[-91.946239,29.609396],[-91.944152,29.609811],[-91.943268,29.609563],[-91.942855,29.609206],[-91.942373,29.60907],[-91.94078,29.609032]]},"properties":{"OBJECTID":21631,"PROGRAM":"STATE","PROJECT":"LOUISIANA BARRIER ISLAND COMPREHENSIVE MONITORING PROGRAM (BICM)","PROJ_ID":"LA-0226","PROD_DATE":"20160926","SHORE_TYPE":"MARSH","SRC_DATE":"20081026","SRC_DATA":"USGS HIGH RESOLUTION ORTHOIMAGERY","SRC_RES":"1-m pixel","SRC_VECT":"APPLIED COASTAL","SRC_RAST":"F2909125NW","DIG_NOTES":" ","REGION":"AB","CONTRACTOR":"APPLIED COASTAL","ORG":"COASTAL PROTECTION AND RESTORATION AUTHORITY OF LOUISIANA (CPRA)","SRC_REG":"USGS","DATAURL":"http://cims.coastal.louisiana.gov/meta_docs/gis_refs/shoreline/BICM2/LA-0226_SHORL_0000000000_2005101520051118_RAC0006.zip","Meta_xml":"http://cims.coastal.louisiana.gov/meta_docs/gis_refs/shoreline/BICM2/Shoreline_Metadata.xml","Meta_html":"http://cims.coastal.louisiana.gov/meta_docs/gis_refs/shoreline/BICM2/Shoreline_Metadata.html","COMMENTS":null,"SHAPE_Length":862.671504239477,"DSAS_DATE":"10/26/2008","DSAS_UNCER":null,"year":2008}},{"type":"Feature","id":21632,"geometry":{"type":"LineString","coordinates":[[-91.937644,29.609902],[-91.938294,29.610434],[-91.937506,29.610571]]},"properties":{"OBJECTID":21632,"PROGRAM":"STATE","PROJECT":"LOUISIANA BARRIER ISLAND COMPREHENSIVE MONITORING PROGRAM (BICM)","PROJ_ID":"LA-0226","PROD_DATE":"20160926","SHORE_TYPE":"MARSH","SRC_DATE":"20081027","SRC_DATA":"USGS HIGH RESOLUTION ORTHOIMAGERY","SRC_RES":"1-m pixel","SRC_VECT":"APPLIED COASTAL","SRC_RAST":"F2909125NW","DIG_NOTES":" ","REGION":"AB","CONTRACTOR":"APPLIED COASTAL","ORG":"COASTAL PROTECTION AND RESTORATION AUTHORITY OF LOUISIANA (CPRA)","SRC_REG":"USGS","DATAURL":"http://cims.coastal.louisiana.gov/meta_docs/gis_refs/shoreline/BICM2/LA-0226_SHORL_0000000000_2005101520051118_RAC0006.zip","Meta_xml":"http://cims.coastal.louisiana.gov/meta_docs/gis_refs/shoreline/BICM2/Shoreline_Metadata.xml","Meta_html":"http://cims.coastal.louisiana.gov/meta_docs/gis_refs/shoreline/BICM2/Shoreline_Metadata.html","COMMENTS":null,"SHAPE_Length":172.82928587677463,"DSAS_DATE":"10/27/2008","DSAS_UNCER":null,"year":2008}},{"type":"Feature","id":21633,"geometry":{"type":"LineString","coordinates":[[-91.938523,29.610301],[-91.938216,29.610131],[-91.938927,29.610166],[-91.938523,29.610301]]},"properties":{"OBJECTID":21633,"PROGRAM":"STATE","PROJECT":"LOUISIANA BARRIER ISLAND COMPREHENSIVE MONITORING PROGRAM (BICM)","PROJ_ID":"LA-0226","PROD_DATE":"20160926","SHORE_TYPE":"MARSH","SRC_DATE":"20081027","SRC_DATA":"USGS HIGH RESOLUTION ORTHOIMAGERY","SRC_RES":"1-m pixel","SRC_VECT":"APPLIED COASTAL","SRC_RAST":"F2909125NW","DIG_NOTES":" ","REGION":"AB","CONTRACTOR":"APPLIED COASTAL","ORG":"COASTAL PROTECTION AND RESTORATION AUTHORITY OF LOUISIANA (CPRA)","SRC_REG":"USGS","DATAURL":"http://cims.coastal.louisiana.gov/meta_docs/gis_refs/shoreline/BICM2/LA-0226_SHORL_0000000000_2005101520051118_RAC0006.zip","Meta_xml":"http://cims.coastal.louisiana.gov/meta_docs/gis_refs/shoreline/BICM2/Shoreline_Metadata.xml","Meta_html":"http://cims.coastal.louisiana.gov/meta_docs/gis_refs/shoreline/BICM2/Shoreline_Metadata.html","COMMENTS":null,"SHAPE_Length":161.9587849467411,"DSAS_DATE":"10/27/2008","DSAS_UNCER":null,"year":2008}},{"type":"Feature","id":21634,"geometry":{"type":"LineString","coordinates":[[-91.9375,29.610577],[-91.935391,29.611015],[-91.934485,29.611539],[-91.933734,29.611672],[-91.933126,29.61224],[-91.932655,29.612365],[-91.932368,29.612671],[-91.931834,29.614018],[-91.930001,29.615929],[-91.928701,29.617798],[-91.928381,29.618503],[-91.926823,29.61911],[-91.92599,29.619613],[-91.925456,29.620818],[-91.925132,29.620948],[-91.9251,29.62057]]},"properties":{"OBJECTID":21634,"PROGRAM":"STATE","PROJECT":"LOUISIANA BARRIER ISLAND COMPREHENSIVE MONITORING PROGRAM (BICM)","PROJ_ID":"LA-0226","PROD_DATE":"20160926","SHORE_TYPE":"MARSH","SRC_DATE":"20081027","SRC_DATA":"USGS HIGH RESOLUTION ORTHOIMAGERY","SRC_RES":"1-m pixel","SRC_VECT":"APPLIED COASTAL","SRC_RAST":"F2909125NE","DIG_NOTES":" ","REGION":"AB","CONTRACTOR":"APPLIED COASTAL","ORG":"COASTAL PROTECTION AND RESTORATION AUTHORITY OF LOUISIANA (CPRA)","SRC_REG":"USGS","DATAURL":"http://cims.coastal.louisiana.gov/meta_docs/gis_refs/shoreline/BICM2/LA-0226_SHORL_0000000000_2005101520051118_RAC0006.zip","Meta_xml":"http://cims.coastal.louisiana.gov/meta_docs/gis_refs/shoreline/BICM2/Shoreline_Metadata.xml","Meta_html":"http://cims.coastal.louisiana.gov/meta_docs/gis_refs/shoreline/BICM2/Shoreline_Metadata.html","COMMENTS":null,"SHAPE_Length":1876.3963450917024,"DSAS_DATE":"10/27/2008","DSAS_UNCER":null,"year":2008}},{"type":"Feature","id":21635,"geometry":{"type":"LineString","coordinates":[[-91.937506,29.610571],[-91.9375,29.610577]]},"properties":{"OBJECTID":21635,"PROGRAM":"STATE","PROJECT":"LOUISIANA BARRIER ISLAND COMPREHENSIVE MONITORING PROGRAM (BICM)","PROJ_ID":"LA-0226","PROD_DATE":"20160926","SHORE_TYPE":"MARSH","SRC_DATE":"20081027","SRC_DATA":"USGS HIGH RESOLUTION ORTHOIMAGERY","SRC_RES":"1-m pixel","SRC_VECT":"APPLIED COASTAL","SRC_RAST":"F2909125NW","DIG_NOTES":" ","REGION":"AB","CONTRACTOR":"APPLIED COASTAL","ORG":"COASTAL PROTECTION AND RESTORATION AUTHORITY OF LOUISIANA (CPRA)","SRC_REG":"USGS","DATAURL":"http://cims.coastal.louisiana.gov/meta_docs/gis_refs/shoreline/BICM2/LA-0226_SHORL_0000000000_2005101520051118_RAC0006.zip","Meta_xml":"http://cims.coastal.louisiana.gov/meta_docs/gis_refs/shoreline/BICM2/Shoreline_Metadata.xml","Meta_html":"http://cims.coastal.louisiana.gov/meta_docs/gis_refs/shoreline/BICM2/Shoreline_Metadata.html","COMMENTS":null,"SHAPE_Length":0.8810507360893168,"DSAS_DATE":"10/27/2008","DSAS_UNCER":null,"year":2008}},{"type":"Feature","id":21636,"geometry":{"type":"LineString","coordinates":[[-91.925032,29.620614],[-91.923935,29.621426],[-91.922971,29.621431],[-91.92221,29.621615],[-91.921078,29.621414],[-91.920272,29.621563],[-91.920073,29.621109],[-91.919539,29.620681],[-91.919488,29.620312]]},"properties":{"OBJECTID":21636,"PROGRAM":"STATE","PROJECT":"LOUISIANA BARRIER ISLAND COMPREHENSIVE MONITORING PROGRAM (BICM)","PROJ_ID":"LA-0226","PROD_DATE":"20160926","SHORE_TYPE":"MARSH","SRC_DATE":"20081027","SRC_DATA":"USGS HIGH RESOLUTION ORTHOIMAGERY","SRC_RES":"1-m pixel","SRC_VECT":"APPLIED COASTAL","SRC_RAST":"F2909125NE","DIG_NOTES":" ","REGION":"AB","CONTRACTOR":"APPLIED COASTAL","ORG":"COASTAL PROTECTION AND RESTORATION AUTHORITY OF LOUISIANA (CPRA)","SRC_REG":"USGS","DATAURL":"http://cims.coastal.louisiana.gov/meta_docs/gis_refs/shoreline/BICM2/LA-0226_SHORL_0000000000_2005101520051118_RAC0006.zip","Meta_xml":"http://cims.coastal.louisiana.gov/meta_docs/gis_refs/shoreline/BICM2/Shoreline_Metadata.xml","Meta_html":"http://cims.coastal.louisiana.gov/meta_docs/gis_refs/shoreline/BICM2/Shoreline_Metadata.html","COMMENTS":null,"SHAPE_Length":696.000941485338,"DSAS_DATE":"10/27/2008","DSAS_UNCER":null,"year":2008}},{"type":"Feature","id":21637,"geometry":{"type":"LineString","coordinates":[[-91.919944,29.622656],[-91.920298,29.622551],[-91.920603,29.622602],[-91.920623,29.62273]]},"properties":{"OBJECTID":21637,"PROGRAM":"STATE","PROJECT":"LOUISIANA BARRIER ISLAND COMPREHENSIVE MONITORING PROGRAM (BICM)","PROJ_ID":"LA-0226","PROD_DATE":"20160926","SHORE_TYPE":"MARSH","SRC_DATE":"20081027","SRC_DATA":"USGS HIGH RESOLUTION ORTHOIMAGERY","SRC_RES":"1-m pixel","SRC_VECT":"APPLIED COASTAL","SRC_RAST":"F2909125NE","DIG_NOTES":" ","REGION":"AB","CONTRACTOR":"APPLIED COASTAL","ORG":"COASTAL PROTECTION AND RESTORATION AUTHORITY OF LOUISIANA (CPRA)","SRC_REG":"USGS","DATAURL":"http://cims.coastal.louisiana.gov/meta_docs/gis_refs/shoreline/BICM2/LA-0226_SHORL_0000000000_2005101520051118_RAC0006.zip","Meta_xml":"http://cims.coastal.louisiana.gov/meta_docs/gis_refs/shoreline/BICM2/Shoreline_Metadata.xml","Meta_html":"http://cims.coastal.louisiana.gov/meta_docs/gis_refs/shoreline/BICM2/Shoreline_Metadata.html","COMMENTS":null,"SHAPE_Length":85.1277101900457,"DSAS_DATE":"10/27/2008","DSAS_UNCER":null,"year":2008}},{"type":"Feature","id":21638,"geometry":{"type":"LineString","coordinates":[[-91.920791,29.622764],[-91.920819,29.622506],[-91.921389,29.622409],[-91.922031,29.622879]]},"properties":{"OBJECTID":21638,"PROGRAM":"STATE","PROJECT":"LOUISIANA BARRIER ISLAND COMPREHENSIVE MONITORING PROGRAM (BICM)","PROJ_ID":"LA-0226","PROD_DATE":"20160926","SHORE_TYPE":"MARSH","SRC_DATE":"20081027","SRC_DATA":"USGS HIGH RESOLUTION ORTHOIMAGERY","SRC_RES":"1-m pixel","SRC_VECT":"APPLIED COASTAL","SRC_RAST":"F2909125NE","DIG_NOTES":" ","REGION":"AB","CONTRACTOR":"APPLIED COASTAL","ORG":"COASTAL PROTECTION AND RESTORATION AUTHORITY OF LOUISIANA (CPRA)","SRC_REG":"USGS","DATAURL":"http://cims.coastal.louisiana.gov/meta_docs/gis_refs/shoreline/BICM2/LA-0226_SHORL_0000000000_2005101520051118_RAC0006.zip","Meta_xml":"http://cims.coastal.louisiana.gov/meta_docs/gis_refs/shoreline/BICM2/Shoreline_Metadata.xml","Meta_html":"http://cims.coastal.louisiana.gov/meta_docs/gis_refs/shoreline/BICM2/Shoreline_Metadata.html","COMMENTS":null,"SHAPE_Length":179.98609165798408,"DSAS_DATE":"10/27/2008","DSAS_UNCER":null,"year":2008}},{"type":"Feature","id":21639,"geometry":{"type":"LineString","coordinates":[[-91.922119,29.622887],[-91.922098,29.622664],[-91.92332,29.62295],[-91.923636,29.623198],[-91.923146,29.623467]]},"properties":{"OBJECTID":21639,"PROGRAM":"STATE","PROJECT":"LOUISIANA BARRIER ISLAND COMPREHENSIVE MONITORING PROGRAM (BICM)","PROJ_ID":"LA-0226","PROD_DATE":"20160926","SHORE_TYPE":"MARSH","SRC_DATE":"20081027","SRC_DATA":"USGS HIGH RESOLUTION ORTHOIMAGERY","SRC_RES":"1-m pixel","SRC_VECT":"APPLIED COASTAL","SRC_RAST":"F2909125NE","DIG_NOTES":" ","REGION":"AB","CONTRACTOR":"APPLIED COASTAL","ORG":"COASTAL PROTECTION AND RESTORATION AUTHORITY OF LOUISIANA (CPRA)","SRC_REG":"USGS","DATAURL":"http://cims.coastal.louisiana.gov/meta_docs/gis_refs/shoreline/BICM2/LA-0226_SHORL_0000000000_2005101520051118_RAC0006.zip","Meta_xml":"http://cims.coastal.louisiana.gov/meta_docs/gis_refs/shoreline/BICM2/Shoreline_Metadata.xml","Meta_html":"http://cims.coastal.louisiana.gov/meta_docs/gis_refs/shoreline/BICM2/Shoreline_Metadata.html","COMMENTS":null,"SHAPE_Length":254.33879559556635,"DSAS_DATE":"10/27/2008","DSAS_UNCER":null,"year":2008}},{"type":"Feature","id":21640,"geometry":{"type":"LineString","coordinates":[[-91.919895,29.622631],[-91.918272,29.622689],[-91.918234,29.622844]]},"properties":{"OBJECTID":21640,"PROGRAM":"STATE","PROJECT":"LOUISIANA BARRIER ISLAND COMPREHENSIVE MONITORING PROGRAM (BICM)","PROJ_ID":"LA-0226","PROD_DATE":"20160926","SHORE_TYPE":"MARSH","SRC_DATE":"20081027","SRC_DATA":"USGS HIGH RESOLUTION ORTHOIMAGERY","SRC_RES":"1-m pixel","SRC_VECT":"APPLIED COASTAL","SRC_RAST":"F2909125NE","DIG_NOTES":" ","REGION":"AB","CONTRACTOR":"APPLIED COASTAL","ORG":"COASTAL PROTECTION AND RESTORATION AUTHORITY OF LOUISIANA (CPRA)","SRC_REG":"USGS","DATAURL":"http://cims.coastal.louisiana.gov/meta_docs/gis_refs/shoreline/BICM2/LA-0226_SHORL_0000000000_2005101520051118_RAC0006.zip","Meta_xml":"http://cims.coastal.louisiana.gov/meta_docs/gis_refs/shoreline/BICM2/Shoreline_Metadata.xml","Meta_html":"http://cims.coastal.louisiana.gov/meta_docs/gis_refs/shoreline/BICM2/Shoreline_Metadata.html","COMMENTS":null,"SHAPE_Length":187.93812159865305,"DSAS_DATE":"10/27/2008","DSAS_UNCER":null,"year":2008}},{"type":"Feature","id":21641,"geometry":{"type":"LineString","coordinates":[[-91.92405,29.623325],[-91.924077,29.623059],[-91.924589,29.623065],[-91.925832,29.623747],[-91.92579,29.624929],[-91.925643,29.624999]]},"properties":{"OBJECTID":21641,"PROGRAM":"STATE","PROJECT":"LOUISIANA BARRIER ISLAND COMPREHENSIVE MONITORING PROGRAM (BICM)","PROJ_ID":"LA-0226","PROD_DATE":"20160926","SHORE_TYPE":"MARSH","SRC_DATE":"20081027","SRC_DATA":"USGS HIGH RESOLUTION ORTHOIMAGERY","SRC_RES":"1-m pixel","SRC_VECT":"APPLIED COASTAL","SRC_RAST":"F2909125NE","DIG_NOTES":" ","REGION":"AB","CONTRACTOR":"APPLIED COASTAL","ORG":"COASTAL PROTECTION AND RESTORATION AUTHORITY OF LOUISIANA (CPRA)","SRC_REG":"USGS","DATAURL":"http://cims.coastal.louisiana.gov/meta_docs/gis_refs/shoreline/BICM2/LA-0226_SHORL_0000000000_2005101520051118_RAC0006.zip","Meta_xml":"http://cims.coastal.louisiana.gov/meta_docs/gis_refs/shoreline/BICM2/Shoreline_Metadata.xml","Meta_html":"http://cims.coastal.louisiana.gov/meta_docs/gis_refs/shoreline/BICM2/Shoreline_Metadata.html","COMMENTS":null,"SHAPE_Length":382.1484503889008,"DSAS_DATE":"10/27/2008","DSAS_UNCER":null,"year":2008}},{"type":"Feature","id":21642,"geometry":{"type":"MultiLineString","coordinates":[[[-91.926086,29.625002],[-91.926086,29.625006]],[[-91.925921,29.625006],[-91.925923,29.625002]]]},"properties":{"OBJECTID":21642,"PROGRAM":"STATE","PROJECT":"LOUISIANA BARRIER ISLAND COMPREHENSIVE MONITORING PROGRAM (BICM)","PROJ_ID":"LA-0226","PROD_DATE":"20160926","SHORE_TYPE":"MARSH","SRC_DATE":"20081027","SRC_DATA":"USGS HIGH RESOLUTION ORTHOIMAGERY","SRC_RES":"1-m pixel","SRC_VECT":"APPLIED COASTAL","SRC_RAST":"F2909117SE","DIG_NOTES":" ","REGION":"AB","CONTRACTOR":"APPLIED COASTAL","ORG":"COASTAL PROTECTION AND RESTORATION AUTHORITY OF LOUISIANA (CPRA)","SRC_REG":"USGS","DATAURL":"http://cims.coastal.louisiana.gov/meta_docs/gis_refs/shoreline/BICM2/LA-0226_SHORL_0000000000_2005101520051118_RAC0006.zip","Meta_xml":"http://cims.coastal.louisiana.gov/meta_docs/gis_refs/shoreline/BICM2/Shoreline_Metadata.xml","Meta_html":"http://cims.coastal.louisiana.gov/meta_docs/gis_refs/shoreline/BICM2/Shoreline_Metadata.html","COMMENTS":null,"SHAPE_Length":0.9077191868075222,"DSAS_DATE":"10/27/2008","DSAS_UNCER":null,"year":2008}},{"type":"Feature","id":21643,"geometry":{"type":"LineString","coordinates":[[-91.925923,29.625002],[-91.926034,29.624542],[-91.926307,29.624214],[-91.926445,29.624273],[-91.926448,29.624669],[-91.926086,29.625002]]},"properties":{"OBJECTID":21643,"PROGRAM":"STATE","PROJECT":"LOUISIANA BARRIER ISLAND COMPREHENSIVE MONITORING PROGRAM (BICM)","PROJ_ID":"LA-0226","PROD_DATE":"20160926","SHORE_TYPE":"MARSH","SRC_DATE":"20081027","SRC_DATA":"USGS HIGH RESOLUTION ORTHOIMAGERY","SRC_RES":"1-m pixel","SRC_VECT":"APPLIED COASTAL","SRC_RAST":"F2909125NE","DIG_NOTES":" ","REGION":"AB","CONTRACTOR":"APPLIED COASTAL","ORG":"COASTAL PROTECTION AND RESTORATION AUTHORITY OF LOUISIANA (CPRA)","SRC_REG":"USGS","DATAURL":"http://cims.coastal.louisiana.gov/meta_docs/gis_refs/shoreline/BICM2/LA-0226_SHORL_0000000000_2005101520051118_RAC0006.zip","Meta_xml":"http://cims.coastal.louisiana.gov/meta_docs/gis_refs/shoreline/BICM2/Shoreline_Metadata.xml","Meta_html":"http://cims.coastal.louisiana.gov/meta_docs/gis_refs/shoreline/BICM2/Shoreline_Metadata.html","COMMENTS":null,"SHAPE_Length":221.23635178159802,"DSAS_DATE":"10/27/2008","DSAS_UNCER":null,"year":2008}},{"type":"Feature","id":21644,"geometry":{"type":"LineString","coordinates":[[-91.879422,29.625006],[-91.879424,29.625001]]},"properties":{"OBJECTID":21644,"PROGRAM":"STATE","PROJECT":"LOUISIANA BARRIER ISLAND COMPREHENSIVE MONITORING PROGRAM (BICM)","PROJ_ID":"LA-0226","PROD_DATE":"20160926","SHORE_TYPE":"MARSH","SRC_DATE":"20081027","SRC_DATA":"USGS HIGH RESOLUTION ORTHOIMAGERY","SRC_RES":"1-m pixel","SRC_VECT":"APPLIED COASTAL","SRC_RAST":"F2909117SE","DIG_NOTES":" ","REGION":"AB","CONTRACTOR":"APPLIED COASTAL","ORG":"COASTAL PROTECTION AND RESTORATION AUTHORITY OF LOUISIANA (CPRA)","SRC_REG":"USGS","DATAURL":"http://cims.coastal.louisiana.gov/meta_docs/gis_refs/shoreline/BICM2/LA-0226_SHORL_0000000000_2005101520051118_RAC0006.zip","Meta_xml":"http://cims.coastal.louisiana.gov/meta_docs/gis_refs/shoreline/BICM2/Shoreline_Metadata.xml","Meta_html":"http://cims.coastal.louisiana.gov/meta_docs/gis_refs/shoreline/BICM2/Shoreline_Metadata.html","COMMENTS":null,"SHAPE_Length":0.5683790463348087,"DSAS_DATE":"10/27/2008","DSAS_UNCER":null,"year":2008}},{"type":"Feature","id":21645,"geometry":{"type":"LineString","coordinates":[[-91.879424,29.625001],[-91.879446,29.624514],[-91.879217,29.624004]]},"properties":{"OBJECTID":21645,"PROGRAM":"STATE","PROJECT":"LOUISIANA BARRIER ISLAND COMPREHENSIVE MONITORING PROGRAM (BICM)","PROJ_ID":"LA-0226","PROD_DATE":"20160926","SHORE_TYPE":"MARSH","SRC_DATE":"20081027","SRC_DATA":"USGS HIGH RESOLUTION ORTHOIMAGERY","SRC_RES":"1-m pixel","SRC_VECT":"APPLIED COASTAL","SRC_RAST":"F2909125NE","DIG_NOTES":" ","REGION":"AB","CONTRACTOR":"APPLIED COASTAL","ORG":"COASTAL PROTECTION AND RESTORATION AUTHORITY OF LOUISIANA (CPRA)","SRC_REG":"USGS","DATAURL":"http://cims.coastal.louisiana.gov/meta_docs/gis_refs/shoreline/BICM2/LA-0226_SHORL_0000000000_2005101520051118_RAC0006.zip","Meta_xml":"http://cims.coastal.louisiana.gov/meta_docs/gis_refs/shoreline/BICM2/Shoreline_Metadata.xml","Meta_html":"http://cims.coastal.louisiana.gov/meta_docs/gis_refs/shoreline/BICM2/Shoreline_Metadata.html","COMMENTS":null,"SHAPE_Length":116.81961038594817,"DSAS_DATE":"10/27/2008","DSAS_UNCER":null,"year":2008}},{"type":"Feature","id":21646,"geometry":{"type":"LineString","coordinates":[[-91.877713,29.624277],[-91.877536,29.624312],[-91.877363,29.624888]]},"properties":{"OBJECTID":21646,"PROGRAM":"STATE","PROJECT":"LOUISIANA BARRIER ISLAND COMPREHENSIVE MONITORING PROGRAM (BICM)","PROJ_ID":"LA-0226","PROD_DATE":"20160926","SHORE_TYPE":"MARSH","SRC_DATE":"20081027","SRC_DATA":"USGS HIGH RESOLUTION ORTHOIMAGERY","SRC_RES":"1-m pixel","SRC_VECT":"APPLIED COASTAL","SRC_RAST":"F2909125NE","DIG_NOTES":" ","REGION":"AB","CONTRACTOR":"APPLIED COASTAL","ORG":"COASTAL PROTECTION AND RESTORATION AUTHORITY OF LOUISIANA (CPRA)","SRC_REG":"USGS","DATAURL":"http://cims.coastal.louisiana.gov/meta_docs/gis_refs/shoreline/BICM2/LA-0226_SHORL_0000000000_2005101520051118_RAC0006.zip","Meta_xml":"http://cims.coastal.louisiana.gov/meta_docs/gis_refs/shoreline/BICM2/Shoreline_Metadata.xml","Meta_html":"http://cims.coastal.louisiana.gov/meta_docs/gis_refs/shoreline/BICM2/Shoreline_Metadata.html","COMMENTS":null,"SHAPE_Length":85.22758431008893,"DSAS_DATE":"10/27/2008","DSAS_UNCER":null,"year":2008}},{"type":"Feature","id":21647,"geometry":{"type":"LineString","coordinates":[[-91.877484,29.625001],[-91.877489,29.625006]]},"properties":{"OBJECTID":21647,"PROGRAM":"STATE","PROJECT":"LOUISIANA BARRIER ISLAND COMPREHENSIVE MONITORING PROGRAM (BICM)","PROJ_ID":"LA-0226","PROD_DATE":"20160926","SHORE_TYPE":"MARSH","SRC_DATE":"20081027","SRC_DATA":"USGS HIGH RESOLUTION ORTHOIMAGERY","SRC_RES":"1-m pixel","SRC_VECT":"APPLIED COASTAL","SRC_RAST":"F2909117SE","DIG_NOTES":" ","REGION":"AB","CONTRACTOR":"APPLIED COASTAL","ORG":"COASTAL PROTECTION AND RESTORATION AUTHORITY OF LOUISIANA (CPRA)","SRC_REG":"USGS","DATAURL":"http://cims.coastal.louisiana.gov/meta_docs/gis_refs/shoreline/BICM2/LA-0226_SHORL_0000000000_2005101520051118_RAC0006.zip","Meta_xml":"http://cims.coastal.louisiana.gov/meta_docs/gis_refs/shoreline/BICM2/Shoreline_Metadata.xml","Meta_html":"http://cims.coastal.louisiana.gov/meta_docs/gis_refs/shoreline/BICM2/Shoreline_Metadata.html","COMMENTS":null,"SHAPE_Length":0.7136190099421172,"DSAS_DATE":"10/27/2008","DSAS_UNCER":null,"year":2008}},{"type":"Feature","id":21648,"geometry":{"type":"LineString","coordinates":[[-91.877451,29.624965],[-91.877484,29.625001]]},"properties":{"OBJECTID":21648,"PROGRAM":"STATE","PROJECT":"LOUISIANA BARRIER ISLAND COMPREHENSIVE MONITORING PROGRAM (BICM)","PROJ_ID":"LA-0226","PROD_DATE":"20160926","SHORE_TYPE":"MARSH","SRC_DATE":"20081027","SRC_DATA":"USGS HIGH RESOLUTION ORTHOIMAGERY","SRC_RES":"1-m pixel","SRC_VECT":"APPLIED COASTAL","SRC_RAST":"F2909125NE","DIG_NOTES":" ","REGION":"AB","CONTRACTOR":"APPLIED COASTAL","ORG":"COASTAL PROTECTION AND RESTORATION AUTHORITY OF LOUISIANA (CPRA)","SRC_REG":"USGS","DATAURL":"http://cims.coastal.louisiana.gov/meta_docs/gis_refs/shoreline/BICM2/LA-0226_SHORL_0000000000_2005101520051118_RAC0006.zip","Meta_xml":"http://cims.coastal.louisiana.gov/meta_docs/gis_refs/shoreline/BICM2/Shoreline_Metadata.xml","Meta_html":"http://cims.coastal.louisiana.gov/meta_docs/gis_refs/shoreline/BICM2/Shoreline_Metadata.html","COMMENTS":null,"SHAPE_Length":5.032181747109627,"DSAS_DATE":"10/27/2008","DSAS_UNCER":null,"year":2008}},{"type":"Feature","id":21649,"geometry":{"type":"LineString","coordinates":[[-91.937506,29.529226],[-91.937945,29.529217],[-91.938179,29.529009],[-91.938897,29.52935],[-91.938966,29.529181],[-91.939141,29.529234],[-91.939442,29.529911],[-91.939809,29.529834],[-91.940054,29.529954],[-91.939994,29.530168],[-91.940362,29.530902],[-91.940929,29.531433]]},"properties":{"OBJECTID":21649,"PROGRAM":"STATE","PROJECT":"LOUISIANA BARRIER ISLAND COMPREHENSIVE MONITORING PROGRAM (BICM)","PROJ_ID":"LA-0226","PROD_DATE":"20160926","SHORE_TYPE":"MIXED","SRC_DATE":"20081027","SRC_DATA":"USGS HIGH RESOLUTION ORTHOIMAGERY","SRC_RES":"1-m pixel","SRC_VECT":"APPLIED COASTAL","SRC_RAST":"F2909125SW","DIG_NOTES":" ","REGION":"AB","CONTRACTOR":"APPLIED COASTAL","ORG":"COASTAL PROTECTION AND RESTORATION AUTHORITY OF LOUISIANA (CPRA)","SRC_REG":"USGS","DATAURL":"http://cims.coastal.louisiana.gov/meta_docs/gis_refs/shoreline/BICM2/LA-0226_SHORL_0000000000_2005101520051118_RAC0006.zip","Meta_xml":"http://cims.coastal.louisiana.gov/meta_docs/gis_refs/shoreline/BICM2/Shoreline_Metadata.xml","Meta_html":"http://cims.coastal.louisiana.gov/meta_docs/gis_refs/shoreline/BICM2/Shoreline_Metadata.html","COMMENTS":null,"SHAPE_Length":594.3247589551494,"DSAS_DATE":"10/27/2008","DSAS_UNCER":null,"year":2008}},{"type":"Feature","id":21650,"geometry":{"type":"LineString","coordinates":[[-91.94117,29.531125],[-91.941217,29.53156],[-91.940917,29.531829],[-91.941234,29.532309],[-91.942504,29.532799],[-91.943901,29.532762],[-91.944821,29.533155],[-91.944893,29.533461],[-91.946188,29.533844],[-91.946625,29.53388],[-91.947156,29.53361],[-91.947201,29.533931],[-91.947385,29.533877],[-91.947488,29.534426],[-91.947654,29.534395],[-91.94763,29.5348],[-91.947866,29.53473],[-91.947945,29.534875],[-91.947956,29.535188],[-91.948201,29.535309],[-91.948463,29.535201],[-91.948525,29.535368],[-91.948805,29.535428],[-91.948781,29.535764],[-91.948964,29.535756],[-91.948827,29.536276],[-91.949179,29.536611],[-91.950202,29.536858],[-91.951114,29.537327],[-91.951357,29.537097],[-91.951471,29.537188],[-91.951358,29.537327],[-91.951691,29.537509],[-91.951882,29.53731],[-91.95224,29.537354],[-91.952425,29.537674],[-91.952792,29.537626],[-91.95296,29.537939],[-91.953395,29.537684],[-91.953694,29.53792],[-91.95385,29.537782],[-91.954148,29.537872],[-91.954227,29.53807],[-91.955958,29.538207],[-91.956498,29.538006],[-91.956636,29.537745],[-91.956821,29.537943],[-91.956977,29.537698],[-91.957458,29.537787],[-91.957526,29.537611],[-91.958224,29.537432],[-91.958811,29.53762],[-91.959438,29.537342],[-91.959692,29.537425],[-91.959856,29.53715],[-91.960057,29.53724],[-91.960179,29.537087],[-91.960669,29.537298],[-91.960746,29.537],[-91.96139,29.536646],[-91.961592,29.536752],[-91.961567,29.536989],[-91.961847,29.537056],[-91.962602,29.536227],[-91.963377,29.535819],[-91.964048,29.535571],[-91.965191,29.535497],[-91.965744,29.535876],[-91.966044,29.536348],[-91.967462,29.536823],[-91.968173,29.537331],[-91.968959,29.538656],[-91.969111,29.539221],[-91.969277,29.539274],[-91.969208,29.539419],[-91.969489,29.539647],[-91.969915,29.540607],[-91.970708,29.541795],[-91.970587,29.541987],[-91.970703,29.54223],[-91.975446,29.544973],[-91.979257,29.546589],[-91.982582,29.547389],[-91.98274,29.547541],[-91.983203,29.547524],[-91.984151,29.548314],[-91.98549,29.548658],[-91.987279,29.549604],[-91.987394,29.549848],[-91.990387,29.550712],[-91.991108,29.551304],[-91.994269,29.552502],[-91.997989,29.553431],[-92,29.554634]]},"properties":{"OBJECTID":21650,"PROGRAM":"STATE","PROJECT":"LOUISIANA BARRIER ISLAND COMPREHENSIVE MONITORING PROGRAM (BICM)","PROJ_ID":"LA-0226","PROD_DATE":"20160926","SHORE_TYPE":"MIXED","SRC_DATE":"20081026","SRC_DATA":"USGS HIGH RESOLUTION ORTHOIMAGERY","SRC_RES":"1-m pixel","SRC_VECT":"APPLIED COASTAL","SRC_RAST":"F2909125SW","DIG_NOTES":" ","REGION":"AB","CONTRACTOR":"APPLIED COASTAL","ORG":"COASTAL PROTECTION AND RESTORATION AUTHORITY OF LOUISIANA (CPRA)","SRC_REG":"USGS","DATAURL":"http://cims.coastal.louisiana.gov/meta_docs/gis_refs/shoreline/BICM2/LA-0226_SHORL_0000000000_2005101520051118_RAC0006.zip","Meta_xml":"http://cims.coastal.louisiana.gov/meta_docs/gis_refs/shoreline/BICM2/Shoreline_Metadata.xml","Meta_html":"http://cims.coastal.louisiana.gov/meta_docs/gis_refs/shoreline/BICM2/Shoreline_Metadata.html","COMMENTS":null,"SHAPE_Length":7820.879736117604,"DSAS_DATE":"10/26/2008","DSAS_UNCER":null,"year":2008}},{"type":"Feature","id":21651,"geometry":{"type":"LineString","coordinates":[[-92,29.554634],[-92.000006,29.554635]]},"properties":{"OBJECTID":21651,"PROGRAM":"STATE","PROJECT":"LOUISIANA BARRIER ISLAND COMPREHENSIVE MONITORING PROGRAM (BICM)","PROJ_ID":"LA-0226","PROD_DATE":"20160926","SHORE_TYPE":"MIXED","SRC_DATE":"20081026","SRC_DATA":"USGS HIGH RESOLUTION ORTHOIMAGERY","SRC_RES":"1-m pixel","SRC_VECT":"APPLIED COASTAL","SRC_RAST":"F2909232SE","DIG_NOTES":" ","REGION":"AB","CONTRACTOR":"APPLIED COASTAL","ORG":"COASTAL PROTECTION AND RESTORATION AUTHORITY OF LOUISIANA (CPRA)","SRC_REG":"USGS","DATAURL":"http://cims.coastal.louisiana.gov/meta_docs/gis_refs/shoreline/BICM2/LA-0226_SHORL_0000000000_2005101520051118_RAC0006.zip","Meta_xml":"http://cims.coastal.louisiana.gov/meta_docs/gis_refs/shoreline/BICM2/Shoreline_Metadata.xml","Meta_html":"http://cims.coastal.louisiana.gov/meta_docs/gis_refs/shoreline/BICM2/Shoreline_Metadata.html","COMMENTS":null,"SHAPE_Length":0.6231746139799099,"DSAS_DATE":"10/26/2008","DSAS_UNCER":null,"year":2008}},{"type":"Feature","id":21652,"geometry":{"type":"LineString","coordinates":[[-91.875006,29.504269],[-91.87532,29.504382],[-91.875458,29.504152],[-91.875729,29.504182],[-91.875781,29.504059],[-91.875947,29.504173],[-91.876138,29.503851],[-91.876217,29.504042],[-91.87661,29.504071],[-91.876705,29.503796],[-91.877109,29.504138],[-91.877534,29.503777],[-91.878007,29.503989],[-91.878304,29.503942],[-91.880419,29.502642],[-91.881073,29.502464],[-91.881292,29.502577],[-91.881219,29.502157],[-91.881594,29.50195],[-91.88161,29.501759],[-91.882011,29.501642],[-91.882248,29.501878],[-91.882718,29.501586],[-91.882673,29.501265],[-91.883136,29.501279],[-91.883679,29.501582],[-91.883849,29.502444],[-91.883711,29.502705],[-91.883878,29.502933],[-91.883793,29.503277],[-91.884212,29.503367],[-91.884101,29.503734],[-91.884381,29.503794],[-91.884416,29.503954],[-91.884643,29.503847],[-91.884828,29.504189],[-91.884751,29.504358],[-91.885126,29.504417],[-91.885172,29.504692],[-91.885442,29.504622],[-91.885645,29.50498],[-91.885576,29.505218],[-91.885891,29.505346],[-91.885875,29.505545],[-91.88661,29.50587],[-91.887008,29.506747],[-91.887367,29.506852],[-91.887625,29.507753],[-91.888617,29.50865],[-91.889825,29.50924],[-91.890306,29.509345],[-91.890445,29.509238],[-91.890534,29.509543],[-91.89084,29.509641],[-91.89111,29.509556],[-91.891242,29.509723],[-91.891983,29.509514],[-91.892562,29.50997],[-91.892696,29.510359],[-91.893107,29.510601],[-91.893596,29.510515],[-91.893472,29.510172],[-91.893943,29.510025],[-91.894425,29.510351],[-91.894287,29.51068],[-91.895438,29.510408],[-91.895729,29.510972],[-91.896326,29.511436],[-91.896409,29.512191],[-91.896644,29.512129],[-91.896488,29.51239],[-91.897005,29.512556],[-91.897187,29.51231],[-91.897196,29.512486],[-91.897362,29.512485],[-91.897111,29.512845],[-91.897277,29.512944],[-91.8973,29.513267],[-91.898152,29.514042],[-91.89837,29.514034],[-91.898503,29.514384],[-91.899385,29.514342],[-91.899717,29.514456],[-91.899692,29.514662],[-91.900492,29.514718],[-91.90046,29.514913],[-91.900844,29.515576],[-91.901395,29.515774],[-91.901507,29.515974],[-91.902065,29.51604],[-91.902145,29.51628],[-91.90236,29.516239],[-91.902742,29.516478],[-91.902802,29.516707],[-91.903005,29.516615],[-91.903156,29.516763],[-91.903158,29.517107],[-91.90355,29.516904],[-91.903709,29.517184],[-91.903892,29.517109],[-91.904207,29.51732],[-91.904432,29.517628],[-91.904446,29.518245],[-91.90484,29.51832],[-91.904989,29.518563],[-91.90512,29.518463],[-91.905724,29.518736],[-91.905986,29.518651],[-91.906039,29.518902],[-91.906337,29.519062],[-91.906537,29.518839],[-91.907052,29.51889],[-91.907247,29.519325],[-91.907708,29.519063],[-91.908024,29.519253],[-91.908502,29.518831],[-91.908834,29.518898],[-91.909387,29.519331],[-91.909482,29.519185],[-91.910067,29.519206],[-91.910295,29.519388],[-91.910599,29.519081],[-91.910801,29.519164],[-91.910712,29.518836],[-91.910981,29.518675],[-91.911099,29.519423],[-91.91136,29.519299],[-91.911632,29.519443],[-91.911666,29.51926],[-91.911859,29.519381],[-91.911928,29.519228],[-91.91213,29.519388],[-91.912207,29.519143],[-91.912444,29.519325],[-91.912634,29.519103],[-91.91315,29.5192],[-91.913358,29.518947],[-91.91369,29.518922],[-91.913836,29.518547],[-91.914229,29.518378],[-91.915302,29.518273],[-91.915801,29.518401],[-91.91616,29.518629],[-91.916829,29.519512],[-91.916674,29.519856],[-91.917094,29.520068],[-91.917181,29.519923],[-91.917574,29.519936],[-91.918153,29.520491],[-91.919117,29.521045],[-91.92008,29.521376],[-91.920432,29.521833],[-91.920895,29.521907],[-91.921599,29.522668],[-91.921895,29.522606],[-91.921966,29.522789],[-91.923157,29.523326],[-91.924258,29.523382],[-91.925061,29.523241],[-91.926429,29.522723],[-91.927655,29.523229],[-91.928755,29.52314],[-91.929325,29.523535],[-91.930311,29.524829],[-91.930977,29.525238],[-91.931379,29.525282],[-91.93152,29.525488],[-91.931772,29.52538],[-91.932373,29.526561],[-91.933508,29.527831],[-91.934324,29.528416],[-91.935559,29.529014],[-91.9375,29.529226]]},"properties":{"OBJECTID":21652,"PROGRAM":"STATE","PROJECT":"LOUISIANA BARRIER ISLAND COMPREHENSIVE MONITORING PROGRAM (BICM)","PROJ_ID":"LA-0226","PROD_DATE":"20160926","SHORE_TYPE":"MIXED","SRC_DATE":"20081027","SRC_DATA":"USGS HIGH RESOLUTION ORTHOIMAGERY","SRC_RES":"1-m pixel","SRC_VECT":"APPLIED COASTAL","SRC_RAST":"F2909125SE","DIG_NOTES":" ","REGION":"AB","CONTRACTOR":"APPLIED COASTAL","ORG":"COASTAL PROTECTION AND RESTORATION AUTHORITY OF LOUISIANA (CPRA)","SRC_REG":"USGS","DATAURL":"http://cims.coastal.louisiana.gov/meta_docs/gis_refs/shoreline/BICM2/LA-0226_SHORL_0000000000_2005101520051118_RAC0006.zip","Meta_xml":"http://cims.coastal.louisiana.gov/meta_docs/gis_refs/shoreline/BICM2/Shoreline_Metadata.xml","Meta_html":"http://cims.coastal.louisiana.gov/meta_docs/gis_refs/shoreline/BICM2/Shoreline_Metadata.html","COMMENTS":null,"SHAPE_Length":10051.138599950615,"DSAS_DATE":"10/27/2008","DSAS_UNCER":null,"year":2008}},{"type":"Feature","id":21653,"geometry":{"type":"LineString","coordinates":[[-91.9375,29.529226],[-91.937506,29.529226]]},"properties":{"OBJECTID":21653,"PROGRAM":"STATE","PROJECT":"LOUISIANA BARRIER ISLAND COMPREHENSIVE MONITORING PROGRAM (BICM)","PROJ_ID":"LA-0226","PROD_DATE":"20160926","SHORE_TYPE":"MIXED","SRC_DATE":"20081027","SRC_DATA":"USGS HIGH RESOLUTION ORTHOIMAGERY","SRC_RES":"1-m pixel","SRC_VECT":"APPLIED COASTAL","SRC_RAST":"F2909125SW","DIG_NOTES":" ","REGION":"AB","CONTRACTOR":"APPLIED COASTAL","ORG":"COASTAL PROTECTION AND RESTORATION AUTHORITY OF LOUISIANA (CPRA)","SRC_REG":"USGS","DATAURL":"http://cims.coastal.louisiana.gov/meta_docs/gis_refs/shoreline/BICM2/LA-0226_SHORL_0000000000_2005101520051118_RAC0006.zip","Meta_xml":"http://cims.coastal.louisiana.gov/meta_docs/gis_refs/shoreline/BICM2/Shoreline_Metadata.xml","Meta_html":"http://cims.coastal.louisiana.gov/meta_docs/gis_refs/shoreline/BICM2/Shoreline_Metadata.html","COMMENTS":null,"SHAPE_Length":0.5893612984715396,"DSAS_DATE":"10/27/2008","DSAS_UNCER":null,"year":2008}},{"type":"Feature","id":21654,"geometry":{"type":"LineString","coordinates":[[-91.86189,29.625006],[-91.861884,29.625002]]},"properties":{"OBJECTID":21654,"PROGRAM":"STATE","PROJECT":"LOUISIANA BARRIER ISLAND COMPREHENSIVE MONITORING PROGRAM (BICM)","PROJ_ID":"LA-0226","PROD_DATE":"20160926","SHORE_TYPE":"MARSH","SRC_DATE":"20081027","SRC_DATA":"USGS HIGH RESOLUTION ORTHOIMAGERY","SRC_RES":"1-m pixel","SRC_VECT":"APPLIED COASTAL","SRC_RAST":"F2909118SW","DIG_NOTES":" ","REGION":"AB","CONTRACTOR":"APPLIED COASTAL","ORG":"COASTAL PROTECTION AND RESTORATION AUTHORITY OF LOUISIANA (CPRA)","SRC_REG":"USGS","DATAURL":"http://cims.coastal.louisiana.gov/meta_docs/gis_refs/shoreline/BICM2/LA-0226_SHORL_0000000000_2005101520051118_RAC0006.zip","Meta_xml":"http://cims.coastal.louisiana.gov/meta_docs/gis_refs/shoreline/BICM2/Shoreline_Metadata.xml","Meta_html":"http://cims.coastal.louisiana.gov/meta_docs/gis_refs/shoreline/BICM2/Shoreline_Metadata.html","COMMENTS":null,"SHAPE_Length":0.7024845195724424,"DSAS_DATE":"10/27/2008","DSAS_UNCER":null,"year":2008}},{"type":"Feature","id":21655,"geometry":{"type":"LineString","coordinates":[[-91.861884,29.625002],[-91.860091,29.624318],[-91.858043,29.623905],[-91.856454,29.623722],[-91.855185,29.623813],[-91.854417,29.623533],[-91.853532,29.623562],[-91.85294,29.623298],[-91.852524,29.62275],[-91.851242,29.62206],[-91.851486,29.621716],[-91.851219,29.621407],[-91.850805,29.621289],[-91.850196,29.621471],[-91.850184,29.621085],[-91.85047,29.62108],[-91.850369,29.620642]]},"properties":{"OBJECTID":21655,"PROGRAM":"STATE","PROJECT":"LOUISIANA BARRIER ISLAND COMPREHENSIVE MONITORING PROGRAM (BICM)","PROJ_ID":"LA-0226","PROD_DATE":"20160926","SHORE_TYPE":"MARSH","SRC_DATE":"20081027","SRC_DATA":"USGS HIGH RESOLUTION ORTHOIMAGERY","SRC_RES":"1-m pixel","SRC_VECT":"APPLIED COASTAL","SRC_RAST":"F2909126NW","DIG_NOTES":" ","REGION":"AB","CONTRACTOR":"APPLIED COASTAL","ORG":"COASTAL PROTECTION AND RESTORATION AUTHORITY OF LOUISIANA (CPRA)","SRC_REG":"USGS","DATAURL":"http://cims.coastal.louisiana.gov/meta_docs/gis_refs/shoreline/BICM2/LA-0226_SHORL_0000000000_2005101520051118_RAC0006.zip","Meta_xml":"http://cims.coastal.louisiana.gov/meta_docs/gis_refs/shoreline/BICM2/Shoreline_Metadata.xml","Meta_html":"http://cims.coastal.louisiana.gov/meta_docs/gis_refs/shoreline/BICM2/Shoreline_Metadata.html","COMMENTS":null,"SHAPE_Length":1492.7936200411866,"DSAS_DATE":"10/27/2008","DSAS_UNCER":null,"year":2008}},{"type":"Feature","id":21656,"geometry":{"type":"LineString","coordinates":[[-91.849121,29.625006],[-91.849123,29.625004]]},"properties":{"OBJECTID":21656,"PROGRAM":"STATE","PROJECT":"LOUISIANA BARRIER ISLAND COMPREHENSIVE MONITORING PROGRAM (BICM)","PROJ_ID":"LA-0226","PROD_DATE":"20160926","SHORE_TYPE":"MARSH","SRC_DATE":"20081027","SRC_DATA":"USGS HIGH RESOLUTION ORTHOIMAGERY","SRC_RES":"1-m pixel","SRC_VECT":"APPLIED COASTAL","SRC_RAST":"F2909118SW","DIG_NOTES":" ","REGION":"AB","CONTRACTOR":"APPLIED COASTAL","ORG":"COASTAL PROTECTION AND RESTORATION AUTHORITY OF LOUISIANA (CPRA)","SRC_REG":"USGS","DATAURL":"http://cims.coastal.louisiana.gov/meta_docs/gis_refs/shoreline/BICM2/LA-0226_SHORL_0000000000_2005101520051118_RAC0006.zip","Meta_xml":"http://cims.coastal.louisiana.gov/meta_docs/gis_refs/shoreline/BICM2/Shoreline_Metadata.xml","Meta_html":"http://cims.coastal.louisiana.gov/meta_docs/gis_refs/shoreline/BICM2/Shoreline_Metadata.html","COMMENTS":null,"SHAPE_Length":0.32555910894751494,"DSAS_DATE":"10/27/2008","DSAS_UNCER":null,"year":2008}},{"type":"Feature","id":21657,"geometry":{"type":"LineString","coordinates":[[-91.849123,29.625004],[-91.8492,29.624815],[-91.850918,29.624069],[-91.851153,29.623793],[-91.85108,29.623123],[-91.850932,29.623003],[-91.85081,29.623091],[-91.850326,29.622689]]},"properties":{"OBJECTID":21657,"PROGRAM":"STATE","PROJECT":"LOUISIANA BARRIER ISLAND COMPREHENSIVE MONITORING PROGRAM (BICM)","PROJ_ID":"LA-0226","PROD_DATE":"20160926","SHORE_TYPE":"MARSH","SRC_DATE":"20081027","SRC_DATA":"USGS HIGH RESOLUTION ORTHOIMAGERY","SRC_RES":"1-m pixel","SRC_VECT":"APPLIED COASTAL","SRC_RAST":"F2909126NW","DIG_NOTES":" ","REGION":"AB","CONTRACTOR":"APPLIED COASTAL","ORG":"COASTAL PROTECTION AND RESTORATION AUTHORITY OF LOUISIANA (CPRA)","SRC_REG":"USGS","DATAURL":"http://cims.coastal.louisiana.gov/meta_docs/gis_refs/shoreline/BICM2/LA-0226_SHORL_0000000000_2005101520051118_RAC0006.zip","Meta_xml":"http://cims.coastal.louisiana.gov/meta_docs/gis_refs/shoreline/BICM2/Shoreline_Metadata.xml","Meta_html":"http://cims.coastal.louisiana.gov/meta_docs/gis_refs/shoreline/BICM2/Shoreline_Metadata.html","COMMENTS":null,"SHAPE_Length":437.95206050276835,"DSAS_DATE":"10/27/2008","DSAS_UNCER":null,"year":2008}},{"type":"Feature","id":21658,"geometry":{"type":"LineString","coordinates":[[-91.843172,29.625005],[-91.843173,29.625004]]},"properties":{"OBJECTID":21658,"PROGRAM":"STATE","PROJECT":"LOUISIANA BARRIER ISLAND COMPREHENSIVE MONITORING PROGRAM (BICM)","PROJ_ID":"LA-0226","PROD_DATE":"20160926","SHORE_TYPE":"MARSH","SRC_DATE":"20081027","SRC_DATA":"USGS HIGH RESOLUTION ORTHOIMAGERY","SRC_RES":"1-m pixel","SRC_VECT":"APPLIED COASTAL","SRC_RAST":"F2909118SW","DIG_NOTES":" ","REGION":"AB","CONTRACTOR":"APPLIED COASTAL","ORG":"COASTAL PROTECTION AND RESTORATION AUTHORITY OF LOUISIANA (CPRA)","SRC_REG":"USGS","DATAURL":"http://cims.coastal.louisiana.gov/meta_docs/gis_refs/shoreline/BICM2/LA-0226_SHORL_0000000000_2005101520051118_RAC0006.zip","Meta_xml":"http://cims.coastal.louisiana.gov/meta_docs/gis_refs/shoreline/BICM2/Shoreline_Metadata.xml","Meta_html":"http://cims.coastal.louisiana.gov/meta_docs/gis_refs/shoreline/BICM2/Shoreline_Metadata.html","COMMENTS":null,"SHAPE_Length":0.22202653095007793,"DSAS_DATE":"10/27/2008","DSAS_UNCER":null,"year":2008}},{"type":"Feature","id":21659,"geometry":{"type":"LineString","coordinates":[[-91.843173,29.625004],[-91.8433,29.623997],[-91.842951,29.623105],[-91.843232,29.622365],[-91.843074,29.622245],[-91.84316,29.621738],[-91.843376,29.621522],[-91.843223,29.620552],[-91.843341,29.620491],[-91.843012,29.619538],[-91.842635,29.618999],[-91.842494,29.618346],[-91.841604,29.617318],[-91.841414,29.616709],[-91.840713,29.616299],[-91.84011,29.615537],[-91.839636,29.615324],[-91.839398,29.614946],[-91.838589,29.614314],[-91.837545,29.613991],[-91.836373,29.612749],[-91.835891,29.61276],[-91.835703,29.612563],[-91.835103,29.612505],[-91.834058,29.612011],[-91.832908,29.612058],[-91.831655,29.611509],[-91.831598,29.611776],[-91.831381,29.611828],[-91.831301,29.611554],[-91.830898,29.611538],[-91.830193,29.609203],[-91.829847,29.608749],[-91.829463,29.608639],[-91.828929,29.608151],[-91.828928,29.607867],[-91.828255,29.607028],[-91.828401,29.606804],[-91.828341,29.606443],[-91.82759,29.605801],[-91.827687,29.605535]]},"properties":{"OBJECTID":21659,"PROGRAM":"STATE","PROJECT":"LOUISIANA BARRIER ISLAND COMPREHENSIVE MONITORING PROGRAM (BICM)","PROJ_ID":"LA-0226","PROD_DATE":"20160926","SHORE_TYPE":"MARSH","SRC_DATE":"20081027","SRC_DATA":"USGS HIGH RESOLUTION ORTHOIMAGERY","SRC_RES":"1-m pixel","SRC_VECT":"APPLIED COASTAL","SRC_RAST":"F2909126NW","DIG_NOTES":" ","REGION":"AB","CONTRACTOR":"APPLIED COASTAL","ORG":"COASTAL PROTECTION AND RESTORATION AUTHORITY OF LOUISIANA (CPRA)","SRC_REG":"USGS","DATAURL":"http://cims.coastal.louisiana.gov/meta_docs/gis_refs/shoreline/BICM2/LA-0226_SHORL_0000000000_2005101520051118_RAC0006.zip","Meta_xml":"http://cims.coastal.louisiana.gov/meta_docs/gis_refs/shoreline/BICM2/Shoreline_Metadata.xml","Meta_html":"http://cims.coastal.louisiana.gov/meta_docs/gis_refs/shoreline/BICM2/Shoreline_Metadata.html","COMMENTS":null,"SHAPE_Length":3244.0711848112364,"DSAS_DATE":"10/27/2008","DSAS_UNCER":null,"year":2008}},{"type":"Feature","id":21660,"geometry":{"type":"LineString","coordinates":[[-91.850325,29.622646],[-91.850463,29.622637],[-91.850421,29.622216],[-91.849753,29.622357],[-91.849309,29.621946]]},"properties":{"OBJECTID":21660,"PROGRAM":"STATE","PROJECT":"LOUISIANA BARRIER ISLAND COMPREHENSIVE MONITORING PROGRAM (BICM)","PROJ_ID":"LA-0226","PROD_DATE":"20160926","SHORE_TYPE":"MARSH","SRC_DATE":"20081027","SRC_DATA":"USGS HIGH RESOLUTION ORTHOIMAGERY","SRC_RES":"1-m pixel","SRC_VECT":"APPLIED COASTAL","SRC_RAST":"F2909126NW","DIG_NOTES":" ","REGION":"AB","CONTRACTOR":"APPLIED COASTAL","ORG":"COASTAL PROTECTION AND RESTORATION AUTHORITY OF LOUISIANA (CPRA)","SRC_REG":"USGS","DATAURL":"http://cims.coastal.louisiana.gov/meta_docs/gis_refs/shoreline/BICM2/LA-0226_SHORL_0000000000_2005101520051118_RAC0006.zip","Meta_xml":"http://cims.coastal.louisiana.gov/meta_docs/gis_refs/shoreline/BICM2/Shoreline_Metadata.xml","Meta_html":"http://cims.coastal.louisiana.gov/meta_docs/gis_refs/shoreline/BICM2/Shoreline_Metadata.html","COMMENTS":null,"SHAPE_Length":199.1135937308968,"DSAS_DATE":"10/27/2008","DSAS_UNCER":null,"year":2008}},{"type":"Feature","id":21661,"geometry":{"type":"LineString","coordinates":[[-91.849269,29.621894],[-91.849455,29.62167],[-91.848793,29.621166]]},"properties":{"OBJECTID":21661,"PROGRAM":"STATE","PROJECT":"LOUISIANA BARRIER ISLAND COMPREHENSIVE MONITORING PROGRAM (BICM)","PROJ_ID":"LA-0226","PROD_DATE":"20160926","SHORE_TYPE":"MARSH","SRC_DATE":"20081027","SRC_DATA":"USGS HIGH RESOLUTION ORTHOIMAGERY","SRC_RES":"1-m pixel","SRC_VECT":"APPLIED COASTAL","SRC_RAST":"F2909126NW","DIG_NOTES":" ","REGION":"AB","CONTRACTOR":"APPLIED COASTAL","ORG":"COASTAL PROTECTION AND RESTORATION AUTHORITY OF LOUISIANA (CPRA)","SRC_REG":"USGS","DATAURL":"http://cims.coastal.louisiana.gov/meta_docs/gis_refs/shoreline/BICM2/LA-0226_SHORL_0000000000_2005101520051118_RAC0006.zip","Meta_xml":"http://cims.coastal.louisiana.gov/meta_docs/gis_refs/shoreline/BICM2/Shoreline_Metadata.xml","Meta_html":"http://cims.coastal.louisiana.gov/meta_docs/gis_refs/shoreline/BICM2/Shoreline_Metadata.html","COMMENTS":null,"SHAPE_Length":119.15925540613578,"DSAS_DATE":"10/27/2008","DSAS_UNCER":null,"year":2008}},{"type":"Feature","id":21662,"geometry":{"type":"LineString","coordinates":[[-91.827579,29.605526],[-91.827315,29.605871],[-91.826458,29.605608],[-91.826229,29.605059],[-91.825885,29.604948],[-91.825558,29.604589],[-91.825575,29.604065],[-91.825111,29.603585],[-91.825559,29.602827],[-91.825845,29.602886],[-91.826021,29.602791],[-91.82603,29.602585],[-91.825792,29.602147],[-91.825339,29.601969],[-91.825218,29.601376],[-91.824852,29.600999]]},"properties":{"OBJECTID":21662,"PROGRAM":"STATE","PROJECT":"LOUISIANA BARRIER ISLAND COMPREHENSIVE MONITORING PROGRAM (BICM)","PROJ_ID":"LA-0226","PROD_DATE":"20160926","SHORE_TYPE":"MARSH","SRC_DATE":"20081027","SRC_DATA":"USGS HIGH RESOLUTION ORTHOIMAGERY","SRC_RES":"1-m pixel","SRC_VECT":"APPLIED COASTAL","SRC_RAST":"F2909126NW","DIG_NOTES":" ","REGION":"AB","CONTRACTOR":"APPLIED COASTAL","ORG":"COASTAL PROTECTION AND RESTORATION AUTHORITY OF LOUISIANA (CPRA)","SRC_REG":"USGS","DATAURL":"http://cims.coastal.louisiana.gov/meta_docs/gis_refs/shoreline/BICM2/LA-0226_SHORL_0000000000_2005101520051118_RAC0006.zip","Meta_xml":"http://cims.coastal.louisiana.gov/meta_docs/gis_refs/shoreline/BICM2/Shoreline_Metadata.xml","Meta_html":"http://cims.coastal.louisiana.gov/meta_docs/gis_refs/shoreline/BICM2/Shoreline_Metadata.html","COMMENTS":null,"SHAPE_Length":831.5074465234123,"DSAS_DATE":"10/27/2008","DSAS_UNCER":null,"year":2008}},{"type":"Feature","id":21663,"geometry":{"type":"LineString","coordinates":[[-91.824608,29.601267],[-91.824876,29.60191],[-91.824546,29.602633],[-91.823876,29.602421],[-91.823611,29.602577],[-91.823316,29.602492]]},"properties":{"OBJECTID":21663,"PROGRAM":"STATE","PROJECT":"LOUISIANA BARRIER ISLAND COMPREHENSIVE MONITORING PROGRAM (BICM)","PROJ_ID":"LA-0226","PROD_DATE":"20160926","SHORE_TYPE":"MARSH","SRC_DATE":"20081027","SRC_DATA":"USGS HIGH RESOLUTION ORTHOIMAGERY","SRC_RES":"1-m pixel","SRC_VECT":"APPLIED COASTAL","SRC_RAST":"F2909126NW","DIG_NOTES":" ","REGION":"AB","CONTRACTOR":"APPLIED COASTAL","ORG":"COASTAL PROTECTION AND RESTORATION AUTHORITY OF LOUISIANA (CPRA)","SRC_REG":"USGS","DATAURL":"http://cims.coastal.louisiana.gov/meta_docs/gis_refs/shoreline/BICM2/LA-0226_SHORL_0000000000_2005101520051118_RAC0006.zip","Meta_xml":"http://cims.coastal.louisiana.gov/meta_docs/gis_refs/shoreline/BICM2/Shoreline_Metadata.xml","Meta_html":"http://cims.coastal.louisiana.gov/meta_docs/gis_refs/shoreline/BICM2/Shoreline_Metadata.html","COMMENTS":null,"SHAPE_Length":301.9959745286955,"DSAS_DATE":"10/27/2008","DSAS_UNCER":null,"year":2008}},{"type":"Feature","id":21664,"geometry":{"type":"LineString","coordinates":[[-91.823375,29.602543],[-91.823504,29.6028],[-91.823308,29.602836],[-91.823002,29.602622],[-91.822579,29.602589],[-91.821734,29.60279],[-91.821334,29.603462],[-91.821108,29.603497],[-91.820832,29.60336],[-91.820814,29.602621],[-91.82041,29.602597],[-91.820222,29.602366],[-91.820026,29.602435],[-91.819719,29.602041],[-91.818419,29.601462],[-91.817563,29.601413],[-91.816483,29.601812],[-91.816337,29.602114],[-91.815923,29.601935],[-91.815541,29.602168],[-91.814024,29.601572],[-91.813601,29.601668],[-91.813501,29.601377],[-91.812506,29.600815]]},"properties":{"OBJECTID":21664,"PROGRAM":"STATE","PROJECT":"LOUISIANA BARRIER ISLAND COMPREHENSIVE MONITORING PROGRAM (BICM)","PROJ_ID":"LA-0226","PROD_DATE":"20160926","SHORE_TYPE":"MARSH","SRC_DATE":"20081027","SRC_DATA":"USGS HIGH RESOLUTION ORTHOIMAGERY","SRC_RES":"1-m pixel","SRC_VECT":"APPLIED COASTAL","SRC_RAST":"F2909126NW","DIG_NOTES":" ","REGION":"AB","CONTRACTOR":"APPLIED COASTAL","ORG":"COASTAL PROTECTION AND RESTORATION AUTHORITY OF LOUISIANA (CPRA)","SRC_REG":"USGS","DATAURL":"http://cims.coastal.louisiana.gov/meta_docs/gis_refs/shoreline/BICM2/LA-0226_SHORL_0000000000_2005101520051118_RAC0006.zip","Meta_xml":"http://cims.coastal.louisiana.gov/meta_docs/gis_refs/shoreline/BICM2/Shoreline_Metadata.xml","Meta_html":"http://cims.coastal.louisiana.gov/meta_docs/gis_refs/shoreline/BICM2/Shoreline_Metadata.html","COMMENTS":null,"SHAPE_Length":1509.3377350640035,"DSAS_DATE":"10/27/2008","DSAS_UNCER":null,"year":2008}},{"type":"Feature","id":21665,"geometry":{"type":"LineString","coordinates":[[-91.819933,29.589277],[-91.819251,29.590551],[-91.818594,29.59094],[-91.818664,29.591163],[-91.81808,29.592231],[-91.817023,29.593378],[-91.815747,29.593838],[-91.815572,29.594131],[-91.814807,29.594598],[-91.814534,29.59502],[-91.813091,29.595678],[-91.812506,29.595739]]},"properties":{"OBJECTID":21665,"PROGRAM":"STATE","PROJECT":"LOUISIANA BARRIER ISLAND COMPREHENSIVE MONITORING PROGRAM (BICM)","PROJ_ID":"LA-0226","PROD_DATE":"20160926","SHORE_TYPE":"MARSH","SRC_DATE":"20081027","SRC_DATA":"USGS HIGH RESOLUTION ORTHOIMAGERY","SRC_RES":"1-m pixel","SRC_VECT":"APPLIED COASTAL","SRC_RAST":"F2909126NW","DIG_NOTES":" ","REGION":"AB","CONTRACTOR":"APPLIED COASTAL","ORG":"COASTAL PROTECTION AND RESTORATION AUTHORITY OF LOUISIANA (CPRA)","SRC_REG":"USGS","DATAURL":"http://cims.coastal.louisiana.gov/meta_docs/gis_refs/shoreline/BICM2/LA-0226_SHORL_0000000000_2005101520051118_RAC0006.zip","Meta_xml":"http://cims.coastal.louisiana.gov/meta_docs/gis_refs/shoreline/BICM2/Shoreline_Metadata.xml","Meta_html":"http://cims.coastal.louisiana.gov/meta_docs/gis_refs/shoreline/BICM2/Shoreline_Metadata.html","COMMENTS":null,"SHAPE_Length":1140.2315453523127,"DSAS_DATE":"10/27/2008","DSAS_UNCER":null,"year":2008}},{"type":"Feature","id":21666,"geometry":{"type":"LineString","coordinates":[[-91.8125,29.60081],[-91.812132,29.600883],[-91.811522,29.60067],[-91.810636,29.600631],[-91.810195,29.599739],[-91.809691,29.599414],[-91.808846,29.599365],[-91.808453,29.599496],[-91.808029,29.599257],[-91.807351,29.599336],[-91.806811,29.599613],[-91.806643,29.599339],[-91.80659,29.59866],[-91.806275,29.598429],[-91.806441,29.598188],[-91.806341,29.597802],[-91.806576,29.597655],[-91.806771,29.597225],[-91.806788,29.596692],[-91.807179,29.596235],[-91.806968,29.595857],[-91.807157,29.595693],[-91.807076,29.595333],[-91.807211,29.594765],[-91.806834,29.594045],[-91.80792,29.594986],[-91.809388,29.595496],[-91.809272,29.595795],[-91.809529,29.596138]]},"properties":{"OBJECTID":21666,"PROGRAM":"STATE","PROJECT":"LOUISIANA BARRIER ISLAND COMPREHENSIVE MONITORING PROGRAM (BICM)","PROJ_ID":"LA-0226","PROD_DATE":"20160926","SHORE_TYPE":"MARSH","SRC_DATE":"20081027","SRC_DATA":"USGS HIGH RESOLUTION ORTHOIMAGERY","SRC_RES":"1-m pixel","SRC_VECT":"APPLIED COASTAL","SRC_RAST":"F2909126NE","DIG_NOTES":" ","REGION":"AB","CONTRACTOR":"APPLIED COASTAL","ORG":"COASTAL PROTECTION AND RESTORATION AUTHORITY OF LOUISIANA (CPRA)","SRC_REG":"USGS","DATAURL":"http://cims.coastal.louisiana.gov/meta_docs/gis_refs/shoreline/BICM2/LA-0226_SHORL_0000000000_2005101520051118_RAC0006.zip","Meta_xml":"http://cims.coastal.louisiana.gov/meta_docs/gis_refs/shoreline/BICM2/Shoreline_Metadata.xml","Meta_html":"http://cims.coastal.louisiana.gov/meta_docs/gis_refs/shoreline/BICM2/Shoreline_Metadata.html","COMMENTS":null,"SHAPE_Length":1837.3420015118022,"DSAS_DATE":"10/27/2008","DSAS_UNCER":null,"year":2008}},{"type":"Feature","id":21667,"geometry":{"type":"LineString","coordinates":[[-91.812506,29.600815],[-91.8125,29.60081]]},"properties":{"OBJECTID":21667,"PROGRAM":"STATE","PROJECT":"LOUISIANA BARRIER ISLAND COMPREHENSIVE MONITORING PROGRAM (BICM)","PROJ_ID":"LA-0226","PROD_DATE":"20160926","SHORE_TYPE":"MARSH","SRC_DATE":"20081027","SRC_DATA":"USGS HIGH RESOLUTION ORTHOIMAGERY","SRC_RES":"1-m pixel","SRC_VECT":"APPLIED COASTAL","SRC_RAST":"F2909126NW","DIG_NOTES":" ","REGION":"AB","CONTRACTOR":"APPLIED COASTAL","ORG":"COASTAL PROTECTION AND RESTORATION AUTHORITY OF LOUISIANA (CPRA)","SRC_REG":"USGS","DATAURL":"http://cims.coastal.louisiana.gov/meta_docs/gis_refs/shoreline/BICM2/LA-0226_SHORL_0000000000_2005101520051118_RAC0006.zip","Meta_xml":"http://cims.coastal.louisiana.gov/meta_docs/gis_refs/shoreline/BICM2/Shoreline_Metadata.xml","Meta_html":"http://cims.coastal.louisiana.gov/meta_docs/gis_refs/shoreline/BICM2/Shoreline_Metadata.html","COMMENTS":null,"SHAPE_Length":0.7427439117467773,"DSAS_DATE":"10/27/2008","DSAS_UNCER":null,"year":2008}},{"type":"Feature","id":21668,"geometry":{"type":"LineString","coordinates":[[-91.805981,29.586219],[-91.806109,29.586176],[-91.806395,29.586501],[-91.806418,29.587232],[-91.807033,29.588218],[-91.807025,29.588639],[-91.806544,29.588821]]},"properties":{"OBJECTID":21668,"PROGRAM":"STATE","PROJECT":"LOUISIANA BARRIER ISLAND COMPREHENSIVE MONITORING PROGRAM (BICM)","PROJ_ID":"LA-0226","PROD_DATE":"20160926","SHORE_TYPE":"MARSH","SRC_DATE":"20081027","SRC_DATA":"USGS HIGH RESOLUTION ORTHOIMAGERY","SRC_RES":"1-m pixel","SRC_VECT":"APPLIED COASTAL","SRC_RAST":"F2909126NE","DIG_NOTES":" ","REGION":"AB","CONTRACTOR":"APPLIED COASTAL","ORG":"COASTAL PROTECTION AND RESTORATION AUTHORITY OF LOUISIANA (CPRA)","SRC_REG":"USGS","DATAURL":"http://cims.coastal.louisiana.gov/meta_docs/gis_refs/shoreline/BICM2/LA-0226_SHORL_0000000000_2005101520051118_RAC0006.zip","Meta_xml":"http://cims.coastal.louisiana.gov/meta_docs/gis_refs/shoreline/BICM2/Shoreline_Metadata.xml","Meta_html":"http://cims.coastal.louisiana.gov/meta_docs/gis_refs/shoreline/BICM2/Shoreline_Metadata.html","COMMENTS":null,"SHAPE_Length":389.1089198065787,"DSAS_DATE":"10/27/2008","DSAS_UNCER":null,"year":2008}},{"type":"Feature","id":21669,"geometry":{"type":"LineString","coordinates":[[-91.806574,29.588872],[-91.806711,29.588889],[-91.806921,29.58949],[-91.806257,29.590506],[-91.806055,29.591521],[-91.806057,29.591822],[-91.806582,29.592731],[-91.806566,29.593393],[-91.8062,29.593102],[-91.805971,29.592492],[-91.805754,29.592218],[-91.805599,29.592248],[-91.805467,29.591875],[-91.805052,29.591447],[-91.804889,29.59119],[-91.80502,29.590975],[-91.804675,29.590735],[-91.804701,29.589936],[-91.805159,29.589058],[-91.804918,29.587959],[-91.804018,29.586948],[-91.804106,29.584791],[-91.804527,29.584256],[-91.80524,29.585465],[-91.805893,29.586228]]},"properties":{"OBJECTID":21669,"PROGRAM":"STATE","PROJECT":"LOUISIANA BARRIER ISLAND COMPREHENSIVE MONITORING PROGRAM (BICM)","PROJ_ID":"LA-0226","PROD_DATE":"20160926","SHORE_TYPE":"MARSH","SRC_DATE":"20081027","SRC_DATA":"USGS HIGH RESOLUTION ORTHOIMAGERY","SRC_RES":"1-m pixel","SRC_VECT":"APPLIED COASTAL","SRC_RAST":"F2909126NE","DIG_NOTES":" ","REGION":"AB","CONTRACTOR":"APPLIED COASTAL","ORG":"COASTAL PROTECTION AND RESTORATION AUTHORITY OF LOUISIANA (CPRA)","SRC_REG":"USGS","DATAURL":"http://cims.coastal.louisiana.gov/meta_docs/gis_refs/shoreline/BICM2/LA-0226_SHORL_0000000000_2005101520051118_RAC0006.zip","Meta_xml":"http://cims.coastal.louisiana.gov/meta_docs/gis_refs/shoreline/BICM2/Shoreline_Metadata.xml","Meta_html":"http://cims.coastal.louisiana.gov/meta_docs/gis_refs/shoreline/BICM2/Shoreline_Metadata.html","COMMENTS":null,"SHAPE_Length":2060.2465615827705,"DSAS_DATE":"10/27/2008","DSAS_UNCER":null,"year":2008}},{"type":"Feature","id":21670,"geometry":{"type":"LineString","coordinates":[[-91.806771,29.583587],[-91.806533,29.583149],[-91.805803,29.582559],[-91.804583,29.582452],[-91.804494,29.582263],[-91.804219,29.582324],[-91.802211,29.583861],[-91.802029,29.584953],[-91.802198,29.585296],[-91.80211,29.585563],[-91.800967,29.584922],[-91.800848,29.584674],[-91.801004,29.584372],[-91.802071,29.583518],[-91.802138,29.583122]]},"properties":{"OBJECTID":21670,"PROGRAM":"STATE","PROJECT":"LOUISIANA BARRIER ISLAND COMPREHENSIVE MONITORING PROGRAM (BICM)","PROJ_ID":"LA-0226","PROD_DATE":"20160926","SHORE_TYPE":"MARSH","SRC_DATE":"20081027","SRC_DATA":"USGS HIGH RESOLUTION ORTHOIMAGERY","SRC_RES":"1-m pixel","SRC_VECT":"APPLIED COASTAL","SRC_RAST":"F2909126NE","DIG_NOTES":" ","REGION":"AB","CONTRACTOR":"APPLIED COASTAL","ORG":"COASTAL PROTECTION AND RESTORATION AUTHORITY OF LOUISIANA (CPRA)","SRC_REG":"USGS","DATAURL":"http://cims.coastal.louisiana.gov/meta_docs/gis_refs/shoreline/BICM2/LA-0226_SHORL_0000000000_2005101520051118_RAC0006.zip","Meta_xml":"http://cims.coastal.louisiana.gov/meta_docs/gis_refs/shoreline/BICM2/Shoreline_Metadata.xml","Meta_html":"http://cims.coastal.louisiana.gov/meta_docs/gis_refs/shoreline/BICM2/Shoreline_Metadata.html","COMMENTS":null,"SHAPE_Length":1193.4747803758098,"DSAS_DATE":"10/27/2008","DSAS_UNCER":null,"year":2008}},{"type":"Feature","id":21671,"geometry":{"type":"LineString","coordinates":[[-91.801185,29.583254],[-91.800763,29.583316],[-91.800194,29.583739],[-91.799942,29.584479],[-91.799985,29.585175],[-91.799652,29.585486],[-91.799318,29.585495]]},"properties":{"OBJECTID":21671,"PROGRAM":"STATE","PROJECT":"LOUISIANA BARRIER ISLAND COMPREHENSIVE MONITORING PROGRAM (BICM)","PROJ_ID":"LA-0226","PROD_DATE":"20160926","SHORE_TYPE":"MARSH","SRC_DATE":"20081027","SRC_DATA":"USGS HIGH RESOLUTION ORTHOIMAGERY","SRC_RES":"1-m pixel","SRC_VECT":"APPLIED COASTAL","SRC_RAST":"F2909126NE","DIG_NOTES":" ","REGION":"AB","CONTRACTOR":"APPLIED COASTAL","ORG":"COASTAL PROTECTION AND RESTORATION AUTHORITY OF LOUISIANA (CPRA)","SRC_REG":"USGS","DATAURL":"http://cims.coastal.louisiana.gov/meta_docs/gis_refs/shoreline/BICM2/LA-0226_SHORL_0000000000_2005101520051118_RAC0006.zip","Meta_xml":"http://cims.coastal.louisiana.gov/meta_docs/gis_refs/shoreline/BICM2/Shoreline_Metadata.xml","Meta_html":"http://cims.coastal.louisiana.gov/meta_docs/gis_refs/shoreline/BICM2/Shoreline_Metadata.html","COMMENTS":null,"SHAPE_Length":361.5754150269605,"DSAS_DATE":"10/27/2008","DSAS_UNCER":null,"year":2008}},{"type":"Feature","id":21672,"geometry":{"type":"LineString","coordinates":[[-91.799367,29.585616],[-91.800182,29.585372],[-91.801358,29.586648],[-91.801428,29.586828],[-91.801301,29.586941],[-91.801606,29.587043],[-91.801982,29.587634],[-91.802366,29.587633],[-91.8028,29.587906],[-91.802929,29.588224],[-91.802803,29.588542],[-91.801644,29.588787],[-91.800837,29.588661],[-91.80055,29.588396],[-91.798285,29.588636],[-91.797419,29.588424],[-91.795649,29.588301],[-91.794519,29.588512],[-91.79451,29.588666],[-91.794,29.588926],[-91.793783,29.588746],[-91.793616,29.588815],[-91.793185,29.589169],[-91.793147,29.589496],[-91.793373,29.589521],[-91.793286,29.589779],[-91.792991,29.58978],[-91.793,29.589591],[-91.79244,29.589791],[-91.792076,29.589706],[-91.791273,29.590456],[-91.790615,29.590442],[-91.790564,29.590098],[-91.790828,29.589831]]},"properties":{"OBJECTID":21672,"PROGRAM":"STATE","PROJECT":"LOUISIANA BARRIER ISLAND COMPREHENSIVE MONITORING PROGRAM (BICM)","PROJ_ID":"LA-0226","PROD_DATE":"20160926","SHORE_TYPE":"MARSH","SRC_DATE":"20081027","SRC_DATA":"USGS HIGH RESOLUTION ORTHOIMAGERY","SRC_RES":"1-m pixel","SRC_VECT":"APPLIED COASTAL","SRC_RAST":"F2909126NE","DIG_NOTES":" ","REGION":"AB","CONTRACTOR":"APPLIED COASTAL","ORG":"COASTAL PROTECTION AND RESTORATION AUTHORITY OF LOUISIANA (CPRA)","SRC_REG":"USGS","DATAURL":"http://cims.coastal.louisiana.gov/meta_docs/gis_refs/shoreline/BICM2/LA-0226_SHORL_0000000000_2005101520051118_RAC0006.zip","Meta_xml":"http://cims.coastal.louisiana.gov/meta_docs/gis_refs/shoreline/BICM2/Shoreline_Metadata.xml","Meta_html":"http://cims.coastal.louisiana.gov/meta_docs/gis_refs/shoreline/BICM2/Shoreline_Metadata.html","COMMENTS":null,"SHAPE_Length":2175.2122329163367,"DSAS_DATE":"10/27/2008","DSAS_UNCER":null,"year":2008}},{"type":"Feature","id":21673,"geometry":{"type":"LineString","coordinates":[[-91.7907,29.589711],[-91.790151,29.590074],[-91.790162,29.590314],[-91.789483,29.590334],[-91.788885,29.590619],[-91.787904,29.591121],[-91.787474,29.591621],[-91.786722,29.591736],[-91.78623,29.591634],[-91.786117,29.590586]]},"properties":{"OBJECTID":21673,"PROGRAM":"STATE","PROJECT":"LOUISIANA BARRIER ISLAND COMPREHENSIVE MONITORING PROGRAM (BICM)","PROJ_ID":"LA-0226","PROD_DATE":"20160926","SHORE_TYPE":"MARSH","SRC_DATE":"20081027","SRC_DATA":"USGS HIGH RESOLUTION ORTHOIMAGERY","SRC_RES":"1-m pixel","SRC_VECT":"APPLIED COASTAL","SRC_RAST":"F2909126NE","DIG_NOTES":" ","REGION":"AB","CONTRACTOR":"APPLIED COASTAL","ORG":"COASTAL PROTECTION AND RESTORATION AUTHORITY OF LOUISIANA (CPRA)","SRC_REG":"USGS","DATAURL":"http://cims.coastal.louisiana.gov/meta_docs/gis_refs/shoreline/BICM2/LA-0226_SHORL_0000000000_2005101520051118_RAC0006.zip","Meta_xml":"http://cims.coastal.louisiana.gov/meta_docs/gis_refs/shoreline/BICM2/Shoreline_Metadata.xml","Meta_html":"http://cims.coastal.louisiana.gov/meta_docs/gis_refs/shoreline/BICM2/Shoreline_Metadata.html","COMMENTS":null,"SHAPE_Length":671.6122588217014,"DSAS_DATE":"10/27/2008","DSAS_UNCER":null,"year":2008}},{"type":"Feature","id":21674,"geometry":{"type":"LineString","coordinates":[[-91.786,29.590827],[-91.786033,29.591669],[-91.786329,29.591866],[-91.78638,29.592175],[-91.786125,29.592434],[-91.78583,29.592409],[-91.785831,29.592641],[-91.785195,29.593339],[-91.784369,29.593333],[-91.784144,29.593575],[-91.784006,29.593498],[-91.784454,29.592482],[-91.784263,29.591649],[-91.782988,29.590012],[-91.782386,29.589688],[-91.782556,29.589189]]},"properties":{"OBJECTID":21674,"PROGRAM":"STATE","PROJECT":"LOUISIANA BARRIER ISLAND COMPREHENSIVE MONITORING PROGRAM (BICM)","PROJ_ID":"LA-0226","PROD_DATE":"20160926","SHORE_TYPE":"MARSH","SRC_DATE":"20081027","SRC_DATA":"USGS HIGH RESOLUTION ORTHOIMAGERY","SRC_RES":"1-m pixel","SRC_VECT":"APPLIED COASTAL","SRC_RAST":"F2909126NE","DIG_NOTES":" ","REGION":"AB","CONTRACTOR":"APPLIED COASTAL","ORG":"COASTAL PROTECTION AND RESTORATION AUTHORITY OF LOUISIANA (CPRA)","SRC_REG":"USGS","DATAURL":"http://cims.coastal.louisiana.gov/meta_docs/gis_refs/shoreline/BICM2/LA-0226_SHORL_0000000000_2005101520051118_RAC0006.zip","Meta_xml":"http://cims.coastal.louisiana.gov/meta_docs/gis_refs/shoreline/BICM2/Shoreline_Metadata.xml","Meta_html":"http://cims.coastal.louisiana.gov/meta_docs/gis_refs/shoreline/BICM2/Shoreline_Metadata.html","COMMENTS":null,"SHAPE_Length":1125.8355217411115,"DSAS_DATE":"10/27/2008","DSAS_UNCER":null,"year":2008}},{"type":"Feature","id":21675,"geometry":{"type":"LineString","coordinates":[[-91.782409,29.589155],[-91.782154,29.589483],[-91.782186,29.589972],[-91.782039,29.590119],[-91.781121,29.589194],[-91.780708,29.589152],[-91.78041,29.588457],[-91.778814,29.587904],[-91.77793,29.587993],[-91.776886,29.587533],[-91.775805,29.587854],[-91.775725,29.587442]]},"properties":{"OBJECTID":21675,"PROGRAM":"STATE","PROJECT":"LOUISIANA BARRIER ISLAND COMPREHENSIVE MONITORING PROGRAM (BICM)","PROJ_ID":"LA-0226","PROD_DATE":"20160926","SHORE_TYPE":"MARSH","SRC_DATE":"20081027","SRC_DATA":"USGS HIGH RESOLUTION ORTHOIMAGERY","SRC_RES":"1-m pixel","SRC_VECT":"APPLIED COASTAL","SRC_RAST":"F2909126NE","DIG_NOTES":" ","REGION":"AB","CONTRACTOR":"APPLIED COASTAL","ORG":"COASTAL PROTECTION AND RESTORATION AUTHORITY OF LOUISIANA (CPRA)","SRC_REG":"USGS","DATAURL":"http://cims.coastal.louisiana.gov/meta_docs/gis_refs/shoreline/BICM2/LA-0226_SHORL_0000000000_2005101520051118_RAC0006.zip","Meta_xml":"http://cims.coastal.louisiana.gov/meta_docs/gis_refs/shoreline/BICM2/Shoreline_Metadata.xml","Meta_html":"http://cims.coastal.louisiana.gov/meta_docs/gis_refs/shoreline/BICM2/Shoreline_Metadata.html","COMMENTS":null,"SHAPE_Length":962.1808647719934,"DSAS_DATE":"10/27/2008","DSAS_UNCER":null,"year":2008}},{"type":"Feature","id":21676,"geometry":{"type":"LineString","coordinates":[[-91.775568,29.587451],[-91.775451,29.587804],[-91.77563,29.588207],[-91.775217,29.588234],[-91.775126,29.58753],[-91.774502,29.586647],[-91.774481,29.586329],[-91.774716,29.586096],[-91.774657,29.58595],[-91.77493,29.585434],[-91.775528,29.585114],[-91.776251,29.584114],[-91.777214,29.583888],[-91.777764,29.583937],[-91.777241,29.58351],[-91.77715,29.582874],[-91.776766,29.582617],[-91.776695,29.582257],[-91.776812,29.582093],[-91.776664,29.581913],[-91.776836,29.580718],[-91.777619,29.579899],[-91.777449,29.579427],[-91.777577,29.579289],[-91.777369,29.579109],[-91.777457,29.578825],[-91.777139,29.57813],[-91.777226,29.577915]]},"properties":{"OBJECTID":21676,"PROGRAM":"STATE","PROJECT":"LOUISIANA BARRIER ISLAND COMPREHENSIVE MONITORING PROGRAM (BICM)","PROJ_ID":"LA-0226","PROD_DATE":"20160926","SHORE_TYPE":"MARSH","SRC_DATE":"20081027","SRC_DATA":"USGS HIGH RESOLUTION ORTHOIMAGERY","SRC_RES":"1-m pixel","SRC_VECT":"APPLIED COASTAL","SRC_RAST":"F2909126NE","DIG_NOTES":" ","REGION":"AB","CONTRACTOR":"APPLIED COASTAL","ORG":"COASTAL PROTECTION AND RESTORATION AUTHORITY OF LOUISIANA (CPRA)","SRC_REG":"USGS","DATAURL":"http://cims.coastal.louisiana.gov/meta_docs/gis_refs/shoreline/BICM2/LA-0226_SHORL_0000000000_2005101520051118_RAC0006.zip","Meta_xml":"http://cims.coastal.louisiana.gov/meta_docs/gis_refs/shoreline/BICM2/Shoreline_Metadata.xml","Meta_html":"http://cims.coastal.louisiana.gov/meta_docs/gis_refs/shoreline/BICM2/Shoreline_Metadata.html","COMMENTS":null,"SHAPE_Length":1701.6107210830546,"DSAS_DATE":"10/27/2008","DSAS_UNCER":null,"year":2008}},{"type":"Feature","id":21677,"geometry":{"type":"LineString","coordinates":[[-91.777158,29.577933],[-91.77707,29.578174],[-91.776913,29.578157],[-91.776594,29.577092],[-91.776571,29.576474],[-91.776256,29.576372],[-91.77652,29.576053],[-91.776594,29.57491],[-91.776354,29.573965],[-91.775611,29.572816],[-91.775541,29.572473],[-91.775842,29.571586],[-91.775554,29.571029],[-91.775741,29.570934]]},"properties":{"OBJECTID":21677,"PROGRAM":"STATE","PROJECT":"LOUISIANA BARRIER ISLAND COMPREHENSIVE MONITORING PROGRAM (BICM)","PROJ_ID":"LA-0226","PROD_DATE":"20160926","SHORE_TYPE":"MARSH","SRC_DATE":"20081027","SRC_DATA":"USGS HIGH RESOLUTION ORTHOIMAGERY","SRC_RES":"1-m pixel","SRC_VECT":"APPLIED COASTAL","SRC_RAST":"F2909126NE","DIG_NOTES":" ","REGION":"AB","CONTRACTOR":"APPLIED COASTAL","ORG":"COASTAL PROTECTION AND RESTORATION AUTHORITY OF LOUISIANA (CPRA)","SRC_REG":"USGS","DATAURL":"http://cims.coastal.louisiana.gov/meta_docs/gis_refs/shoreline/BICM2/LA-0226_SHORL_0000000000_2005101520051118_RAC0006.zip","Meta_xml":"http://cims.coastal.louisiana.gov/meta_docs/gis_refs/shoreline/BICM2/Shoreline_Metadata.xml","Meta_html":"http://cims.coastal.louisiana.gov/meta_docs/gis_refs/shoreline/BICM2/Shoreline_Metadata.html","COMMENTS":null,"SHAPE_Length":965.2021988084671,"DSAS_DATE":"10/27/2008","DSAS_UNCER":null,"year":2008}},{"type":"Feature","id":21678,"geometry":{"type":"LineString","coordinates":[[-91.77573,29.570856],[-91.775953,29.570168],[-91.775627,29.569654],[-91.77574,29.568631],[-91.775402,29.567798],[-91.773832,29.567228],[-91.772288,29.566992],[-91.770813,29.566928],[-91.769595,29.567147],[-91.769079,29.566066]]},"properties":{"OBJECTID":21678,"PROGRAM":"STATE","PROJECT":"LOUISIANA BARRIER ISLAND COMPREHENSIVE MONITORING PROGRAM (BICM)","PROJ_ID":"LA-0226","PROD_DATE":"20160926","SHORE_TYPE":"MARSH","SRC_DATE":"20081027","SRC_DATA":"USGS HIGH RESOLUTION ORTHOIMAGERY","SRC_RES":"1-m pixel","SRC_VECT":"APPLIED COASTAL","SRC_RAST":"F2909126NE","DIG_NOTES":" ","REGION":"AB","CONTRACTOR":"APPLIED COASTAL","ORG":"COASTAL PROTECTION AND RESTORATION AUTHORITY OF LOUISIANA (CPRA)","SRC_REG":"USGS","DATAURL":"http://cims.coastal.louisiana.gov/meta_docs/gis_refs/shoreline/BICM2/LA-0226_SHORL_0000000000_2005101520051118_RAC0006.zip","Meta_xml":"http://cims.coastal.louisiana.gov/meta_docs/gis_refs/shoreline/BICM2/Shoreline_Metadata.xml","Meta_html":"http://cims.coastal.louisiana.gov/meta_docs/gis_refs/shoreline/BICM2/Shoreline_Metadata.html","COMMENTS":null,"SHAPE_Length":1098.8572633473211,"DSAS_DATE":"10/27/2008","DSAS_UNCER":null,"year":2008}},{"type":"Feature","id":21679,"geometry":{"type":"LineString","coordinates":[[-91.768461,29.566283],[-91.768954,29.567481],[-91.768016,29.568012],[-91.767409,29.568684],[-91.766836,29.570181],[-91.766984,29.570275]]},"properties":{"OBJECTID":21679,"PROGRAM":"STATE","PROJECT":"LOUISIANA BARRIER ISLAND COMPREHENSIVE MONITORING PROGRAM (BICM)","PROJ_ID":"LA-0226","PROD_DATE":"20160926","SHORE_TYPE":"MARSH","SRC_DATE":"20081027","SRC_DATA":"USGS HIGH RESOLUTION ORTHOIMAGERY","SRC_RES":"1-m pixel","SRC_VECT":"APPLIED COASTAL","SRC_RAST":"F2909126NE","DIG_NOTES":" ","REGION":"AB","CONTRACTOR":"APPLIED COASTAL","ORG":"COASTAL PROTECTION AND RESTORATION AUTHORITY OF LOUISIANA (CPRA)","SRC_REG":"USGS","DATAURL":"http://cims.coastal.louisiana.gov/meta_docs/gis_refs/shoreline/BICM2/LA-0226_SHORL_0000000000_2005101520051118_RAC0006.zip","Meta_xml":"http://cims.coastal.louisiana.gov/meta_docs/gis_refs/shoreline/BICM2/Shoreline_Metadata.xml","Meta_html":"http://cims.coastal.louisiana.gov/meta_docs/gis_refs/shoreline/BICM2/Shoreline_Metadata.html","COMMENTS":null,"SHAPE_Length":553.4456667862638,"DSAS_DATE":"10/27/2008","DSAS_UNCER":null,"year":2008}},{"type":"Feature","id":21680,"geometry":{"type":"LineString","coordinates":[[-91.767102,29.570301],[-91.767321,29.57097],[-91.767185,29.571272],[-91.766743,29.57135]]},"properties":{"OBJECTID":21680,"PROGRAM":"STATE","PROJECT":"LOUISIANA BARRIER ISLAND COMPREHENSIVE MONITORING PROGRAM (BICM)","PROJ_ID":"LA-0226","PROD_DATE":"20160926","SHORE_TYPE":"MARSH","SRC_DATE":"20081027","SRC_DATA":"USGS HIGH RESOLUTION ORTHOIMAGERY","SRC_RES":"1-m pixel","SRC_VECT":"APPLIED COASTAL","SRC_RAST":"F2909126NE","DIG_NOTES":" ","REGION":"AB","CONTRACTOR":"APPLIED COASTAL","ORG":"COASTAL PROTECTION AND RESTORATION AUTHORITY OF LOUISIANA (CPRA)","SRC_REG":"USGS","DATAURL":"http://cims.coastal.louisiana.gov/meta_docs/gis_refs/shoreline/BICM2/LA-0226_SHORL_0000000000_2005101520051118_RAC0006.zip","Meta_xml":"http://cims.coastal.louisiana.gov/meta_docs/gis_refs/shoreline/BICM2/Shoreline_Metadata.xml","Meta_html":"http://cims.coastal.louisiana.gov/meta_docs/gis_refs/shoreline/BICM2/Shoreline_Metadata.html","COMMENTS":null,"SHAPE_Length":170.0246578128201,"DSAS_DATE":"10/27/2008","DSAS_UNCER":null,"year":2008}},{"type":"Feature","id":21681,"geometry":{"type":"LineString","coordinates":[[-91.766871,29.571565],[-91.767431,29.571511],[-91.767217,29.571847]]},"properties":{"OBJECTID":21681,"PROGRAM":"STATE","PROJECT":"LOUISIANA BARRIER ISLAND COMPREHENSIVE MONITORING PROGRAM (BICM)","PROJ_ID":"LA-0226","PROD_DATE":"20160926","SHORE_TYPE":"MARSH","SRC_DATE":"20081027","SRC_DATA":"USGS HIGH RESOLUTION ORTHOIMAGERY","SRC_RES":"1-m pixel","SRC_VECT":"APPLIED COASTAL","SRC_RAST":"F2909126NE","DIG_NOTES":" ","REGION":"AB","CONTRACTOR":"APPLIED COASTAL","ORG":"COASTAL PROTECTION AND RESTORATION AUTHORITY OF LOUISIANA (CPRA)","SRC_REG":"USGS","DATAURL":"http://cims.coastal.louisiana.gov/meta_docs/gis_refs/shoreline/BICM2/LA-0226_SHORL_0000000000_2005101520051118_RAC0006.zip","Meta_xml":"http://cims.coastal.louisiana.gov/meta_docs/gis_refs/shoreline/BICM2/Shoreline_Metadata.xml","Meta_html":"http://cims.coastal.louisiana.gov/meta_docs/gis_refs/shoreline/BICM2/Shoreline_Metadata.html","COMMENTS":null,"SHAPE_Length":110.04870982157081,"DSAS_DATE":"10/27/2008","DSAS_UNCER":null,"year":2008}},{"type":"Feature","id":21682,"geometry":{"type":"LineString","coordinates":[[-91.767374,29.571855],[-91.7676,29.571803],[-91.768004,29.572163],[-91.768094,29.572386],[-91.767918,29.572532]]},"properties":{"OBJECTID":21682,"PROGRAM":"STATE","PROJECT":"LOUISIANA BARRIER ISLAND COMPREHENSIVE MONITORING PROGRAM (BICM)","PROJ_ID":"LA-0226","PROD_DATE":"20160926","SHORE_TYPE":"MARSH","SRC_DATE":"20081027","SRC_DATA":"USGS HIGH RESOLUTION ORTHOIMAGERY","SRC_RES":"1-m pixel","SRC_VECT":"APPLIED COASTAL","SRC_RAST":"F2909126NE","DIG_NOTES":" ","REGION":"AB","CONTRACTOR":"APPLIED COASTAL","ORG":"COASTAL PROTECTION AND RESTORATION AUTHORITY OF LOUISIANA (CPRA)","SRC_REG":"USGS","DATAURL":"http://cims.coastal.louisiana.gov/meta_docs/gis_refs/shoreline/BICM2/LA-0226_SHORL_0000000000_2005101520051118_RAC0006.zip","Meta_xml":"http://cims.coastal.louisiana.gov/meta_docs/gis_refs/shoreline/BICM2/Shoreline_Metadata.xml","Meta_html":"http://cims.coastal.louisiana.gov/meta_docs/gis_refs/shoreline/BICM2/Shoreline_Metadata.html","COMMENTS":null,"SHAPE_Length":134.2809531170055,"DSAS_DATE":"10/27/2008","DSAS_UNCER":null,"year":2008}},{"type":"Feature","id":21683,"geometry":{"type":"LineString","coordinates":[[-91.767918,29.572636],[-91.768104,29.572558],[-91.76846,29.572814],[-91.768539,29.573115],[-91.768903,29.573122],[-91.769347,29.573413],[-91.769684,29.574005],[-91.769073,29.573723],[-91.768109,29.573692],[-91.767914,29.573899],[-91.767805,29.573676],[-91.766979,29.57373],[-91.767039,29.573953],[-91.766312,29.573981],[-91.765539,29.5748],[-91.765263,29.57481]]},"properties":{"OBJECTID":21683,"PROGRAM":"STATE","PROJECT":"LOUISIANA BARRIER ISLAND COMPREHENSIVE MONITORING PROGRAM (BICM)","PROJ_ID":"LA-0226","PROD_DATE":"20160926","SHORE_TYPE":"MARSH","SRC_DATE":"20081027","SRC_DATA":"USGS HIGH RESOLUTION ORTHOIMAGERY","SRC_RES":"1-m pixel","SRC_VECT":"APPLIED COASTAL","SRC_RAST":"F2909126NE","DIG_NOTES":" ","REGION":"AB","CONTRACTOR":"APPLIED COASTAL","ORG":"COASTAL PROTECTION AND RESTORATION AUTHORITY OF LOUISIANA (CPRA)","SRC_REG":"USGS","DATAURL":"http://cims.coastal.louisiana.gov/meta_docs/gis_refs/shoreline/BICM2/LA-0226_SHORL_0000000000_2005101520051118_RAC0006.zip","Meta_xml":"http://cims.coastal.louisiana.gov/meta_docs/gis_refs/shoreline/BICM2/Shoreline_Metadata.xml","Meta_html":"http://cims.coastal.louisiana.gov/meta_docs/gis_refs/shoreline/BICM2/Shoreline_Metadata.html","COMMENTS":null,"SHAPE_Length":878.5338327041464,"DSAS_DATE":"10/27/2008","DSAS_UNCER":null,"year":2008}},{"type":"Feature","id":21684,"geometry":{"type":"LineString","coordinates":[[-91.765244,29.574862],[-91.764457,29.574838],[-91.763964,29.574488],[-91.763413,29.574335],[-91.763001,29.574405],[-91.762715,29.57426],[-91.76243,29.574372],[-91.762105,29.574159],[-91.761995,29.57385],[-91.761465,29.573886],[-91.761218,29.573577],[-91.760548,29.573322],[-91.760271,29.572858],[-91.759994,29.572873]]},"properties":{"OBJECTID":21684,"PROGRAM":"STATE","PROJECT":"LOUISIANA BARRIER ISLAND COMPREHENSIVE MONITORING PROGRAM (BICM)","PROJ_ID":"LA-0226","PROD_DATE":"20160926","SHORE_TYPE":"MARSH","SRC_DATE":"20081027","SRC_DATA":"USGS HIGH RESOLUTION ORTHOIMAGERY","SRC_RES":"1-m pixel","SRC_VECT":"APPLIED COASTAL","SRC_RAST":"F2909126NE","DIG_NOTES":" ","REGION":"AB","CONTRACTOR":"APPLIED COASTAL","ORG":"COASTAL PROTECTION AND RESTORATION AUTHORITY OF LOUISIANA (CPRA)","SRC_REG":"USGS","DATAURL":"http://cims.coastal.louisiana.gov/meta_docs/gis_refs/shoreline/BICM2/LA-0226_SHORL_0000000000_2005101520051118_RAC0006.zip","Meta_xml":"http://cims.coastal.louisiana.gov/meta_docs/gis_refs/shoreline/BICM2/Shoreline_Metadata.xml","Meta_html":"http://cims.coastal.louisiana.gov/meta_docs/gis_refs/shoreline/BICM2/Shoreline_Metadata.html","COMMENTS":null,"SHAPE_Length":693.2513885129122,"DSAS_DATE":"10/27/2008","DSAS_UNCER":null,"year":2008}},{"type":"Feature","id":21685,"geometry":{"type":"LineString","coordinates":[[-91.759071,29.572751],[-91.758855,29.572717],[-91.758698,29.572967],[-91.758433,29.572976],[-91.758464,29.573303],[-91.757874,29.573227],[-91.757725,29.572935],[-91.757588,29.573048],[-91.757707,29.573314],[-91.75758,29.573443],[-91.756616,29.573437],[-91.756548,29.573635],[-91.755851,29.573792],[-91.755811,29.573689],[-91.754782,29.574423],[-91.754801,29.574174],[-91.755154,29.573966],[-91.755454,29.572908],[-91.754902,29.572627],[-91.754182,29.574416],[-91.753386,29.574299],[-91.7531,29.574128],[-91.753138,29.57393]]},"properties":{"OBJECTID":21685,"PROGRAM":"STATE","PROJECT":"LOUISIANA BARRIER ISLAND COMPREHENSIVE MONITORING PROGRAM (BICM)","PROJ_ID":"LA-0226","PROD_DATE":"20160926","SHORE_TYPE":"MARSH","SRC_DATE":"20081027","SRC_DATA":"USGS HIGH RESOLUTION ORTHOIMAGERY","SRC_RES":"1-m pixel","SRC_VECT":"APPLIED COASTAL","SRC_RAST":"F2909126NE","DIG_NOTES":" ","REGION":"AB","CONTRACTOR":"APPLIED COASTAL","ORG":"COASTAL PROTECTION AND RESTORATION AUTHORITY OF LOUISIANA (CPRA)","SRC_REG":"USGS","DATAURL":"http://cims.coastal.louisiana.gov/meta_docs/gis_refs/shoreline/BICM2/LA-0226_SHORL_0000000000_2005101520051118_RAC0006.zip","Meta_xml":"http://cims.coastal.louisiana.gov/meta_docs/gis_refs/shoreline/BICM2/Shoreline_Metadata.xml","Meta_html":"http://cims.coastal.louisiana.gov/meta_docs/gis_refs/shoreline/BICM2/Shoreline_Metadata.html","COMMENTS":null,"SHAPE_Length":1297.3633567382533,"DSAS_DATE":"10/27/2008","DSAS_UNCER":null,"year":2008}},{"type":"Feature","id":21686,"geometry":{"type":"LineString","coordinates":[[-91.75305,29.573861],[-91.752794,29.573974],[-91.752776,29.57424],[-91.752226,29.574466],[-91.751694,29.574218],[-91.750839,29.574195],[-91.750006,29.573888]]},"properties":{"OBJECTID":21686,"PROGRAM":"STATE","PROJECT":"LOUISIANA BARRIER ISLAND COMPREHENSIVE MONITORING PROGRAM (BICM)","PROJ_ID":"LA-0226","PROD_DATE":"20160926","SHORE_TYPE":"MARSH","SRC_DATE":"20081027","SRC_DATA":"USGS HIGH RESOLUTION ORTHOIMAGERY","SRC_RES":"1-m pixel","SRC_VECT":"APPLIED COASTAL","SRC_RAST":"F2909126NE","DIG_NOTES":" ","REGION":"AB","CONTRACTOR":"APPLIED COASTAL","ORG":"COASTAL PROTECTION AND RESTORATION AUTHORITY OF LOUISIANA (CPRA)","SRC_REG":"USGS","DATAURL":"http://cims.coastal.louisiana.gov/meta_docs/gis_refs/shoreline/BICM2/LA-0226_SHORL_0000000000_2005101520051118_RAC0006.zip","Meta_xml":"http://cims.coastal.louisiana.gov/meta_docs/gis_refs/shoreline/BICM2/Shoreline_Metadata.xml","Meta_html":"http://cims.coastal.louisiana.gov/meta_docs/gis_refs/shoreline/BICM2/Shoreline_Metadata.html","COMMENTS":null,"SHAPE_Length":388.71634883748334,"DSAS_DATE":"10/27/2008","DSAS_UNCER":null,"year":2008}},{"type":"Feature","id":21687,"geometry":{"type":"LineString","coordinates":[[-91.750006,29.573042],[-91.750793,29.572855],[-91.751156,29.572544],[-91.752423,29.572325],[-91.753072,29.572306],[-91.754528,29.572636],[-91.756079,29.572227],[-91.756658,29.571847],[-91.757865,29.571483],[-91.759849,29.569891],[-91.761687,29.567444],[-91.762154,29.566274],[-91.762188,29.564985],[-91.761759,29.563517],[-91.761512,29.563234],[-91.761537,29.562506]]},"properties":{"OBJECTID":21687,"PROGRAM":"STATE","PROJECT":"LOUISIANA BARRIER ISLAND COMPREHENSIVE MONITORING PROGRAM (BICM)","PROJ_ID":"LA-0226","PROD_DATE":"20160926","SHORE_TYPE":"MARSH","SRC_DATE":"20081027","SRC_DATA":"USGS HIGH RESOLUTION ORTHOIMAGERY","SRC_RES":"1-m pixel","SRC_VECT":"APPLIED COASTAL","SRC_RAST":"F2909126NE","DIG_NOTES":" ","REGION":"AB","CONTRACTOR":"APPLIED COASTAL","ORG":"COASTAL PROTECTION AND RESTORATION AUTHORITY OF LOUISIANA (CPRA)","SRC_REG":"USGS","DATAURL":"http://cims.coastal.louisiana.gov/meta_docs/gis_refs/shoreline/BICM2/LA-0226_SHORL_0000000000_2005101520051118_RAC0006.zip","Meta_xml":"http://cims.coastal.louisiana.gov/meta_docs/gis_refs/shoreline/BICM2/Shoreline_Metadata.xml","Meta_html":"http://cims.coastal.louisiana.gov/meta_docs/gis_refs/shoreline/BICM2/Shoreline_Metadata.html","COMMENTS":null,"SHAPE_Length":2057.299329300581,"DSAS_DATE":"10/27/2008","DSAS_UNCER":null,"year":2008}},{"type":"Feature","id":21688,"geometry":{"type":"LineString","coordinates":[[-91.8125,29.595738],[-91.811597,29.595821],[-91.809945,29.595681],[-91.809714,29.595785],[-91.809667,29.596163]]},"properties":{"OBJECTID":21688,"PROGRAM":"STATE","PROJECT":"LOUISIANA BARRIER ISLAND COMPREHENSIVE MONITORING PROGRAM (BICM)","PROJ_ID":"LA-0226","PROD_DATE":"20160926","SHORE_TYPE":"MARSH","SRC_DATE":"20081027","SRC_DATA":"USGS HIGH RESOLUTION ORTHOIMAGERY","SRC_RES":"1-m pixel","SRC_VECT":"APPLIED COASTAL","SRC_RAST":"F2909126NE","DIG_NOTES":" ","REGION":"AB","CONTRACTOR":"APPLIED COASTAL","ORG":"COASTAL PROTECTION AND RESTORATION AUTHORITY OF LOUISIANA (CPRA)","SRC_REG":"USGS","DATAURL":"http://cims.coastal.louisiana.gov/meta_docs/gis_refs/shoreline/BICM2/LA-0226_SHORL_0000000000_2005101520051118_RAC0006.zip","Meta_xml":"http://cims.coastal.louisiana.gov/meta_docs/gis_refs/shoreline/BICM2/Shoreline_Metadata.xml","Meta_html":"http://cims.coastal.louisiana.gov/meta_docs/gis_refs/shoreline/BICM2/Shoreline_Metadata.html","COMMENTS":null,"SHAPE_Length":326.02133535722965,"DSAS_DATE":"10/27/2008","DSAS_UNCER":null,"year":2008}},{"type":"Feature","id":21689,"geometry":{"type":"LineString","coordinates":[[-91.812506,29.595739],[-91.8125,29.595738]]},"properties":{"OBJECTID":21689,"PROGRAM":"STATE","PROJECT":"LOUISIANA BARRIER ISLAND COMPREHENSIVE MONITORING PROGRAM (BICM)","PROJ_ID":"LA-0226","PROD_DATE":"20160926","SHORE_TYPE":"MARSH","SRC_DATE":"20081027","SRC_DATA":"USGS HIGH RESOLUTION ORTHOIMAGERY","SRC_RES":"1-m pixel","SRC_VECT":"APPLIED COASTAL","SRC_RAST":"F2909126NW","DIG_NOTES":" ","REGION":"AB","CONTRACTOR":"APPLIED COASTAL","ORG":"COASTAL PROTECTION AND RESTORATION AUTHORITY OF LOUISIANA (CPRA)","SRC_REG":"USGS","DATAURL":"http://cims.coastal.louisiana.gov/meta_docs/gis_refs/shoreline/BICM2/LA-0226_SHORL_0000000000_2005101520051118_RAC0006.zip","Meta_xml":"http://cims.coastal.louisiana.gov/meta_docs/gis_refs/shoreline/BICM2/Shoreline_Metadata.xml","Meta_html":"http://cims.coastal.louisiana.gov/meta_docs/gis_refs/shoreline/BICM2/Shoreline_Metadata.html","COMMENTS":null,"SHAPE_Length":0.5925592793943047,"DSAS_DATE":"10/27/2008","DSAS_UNCER":null,"year":2008}},{"type":"Feature","id":21690,"geometry":{"type":"LineString","coordinates":[[-91.875,29.504269],[-91.875006,29.504269]]},"properties":{"OBJECTID":21690,"PROGRAM":"STATE","PROJECT":"LOUISIANA BARRIER ISLAND COMPREHENSIVE MONITORING PROGRAM (BICM)","PROJ_ID":"LA-0226","PROD_DATE":"20160926","SHORE_TYPE":"MIXED","SRC_DATE":"20081027","SRC_DATA":"USGS HIGH RESOLUTION ORTHOIMAGERY","SRC_RES":"1-m pixel","SRC_VECT":"APPLIED COASTAL","SRC_RAST":"F2909125SE","DIG_NOTES":" ","REGION":"AB","CONTRACTOR":"APPLIED COASTAL","ORG":"COASTAL PROTECTION AND RESTORATION AUTHORITY OF LOUISIANA (CPRA)","SRC_REG":"USGS","DATAURL":"http://cims.coastal.louisiana.gov/meta_docs/gis_refs/shoreline/BICM2/LA-0226_SHORL_0000000000_2005101520051118_RAC0006.zip","Meta_xml":"http://cims.coastal.louisiana.gov/meta_docs/gis_refs/shoreline/BICM2/Shoreline_Metadata.xml","Meta_html":"http://cims.coastal.louisiana.gov/meta_docs/gis_refs/shoreline/BICM2/Shoreline_Metadata.html","COMMENTS":null,"SHAPE_Length":0.5878614546359449,"DSAS_DATE":"10/27/2008","DSAS_UNCER":null,"year":2008}},{"type":"Feature","id":21691,"geometry":{"type":"LineString","coordinates":[[-91.85634,29.500006],[-91.856603,29.500295],[-91.857529,29.500505],[-91.857417,29.500727],[-91.857619,29.501039],[-91.858145,29.501032],[-91.858224,29.501518],[-91.85852,29.501362],[-91.858461,29.501708],[-91.858679,29.501643],[-91.858733,29.502005],[-91.858926,29.50218],[-91.859795,29.50224],[-91.859784,29.502475],[-91.86009,29.502542],[-91.860196,29.502862],[-91.860518,29.502693],[-91.860528,29.502976],[-91.861052,29.502943],[-91.861228,29.50324],[-91.861621,29.503147],[-91.86289,29.503707],[-91.863186,29.503507],[-91.864393,29.503884],[-91.865188,29.503889],[-91.865486,29.504224],[-91.865948,29.503977],[-91.866673,29.504058],[-91.867077,29.504477],[-91.867338,29.504354],[-91.867398,29.504117],[-91.867749,29.504436],[-91.868176,29.504312],[-91.868201,29.504045],[-91.868962,29.504202],[-91.869117,29.503919],[-91.869424,29.504185],[-91.870148,29.50406],[-91.870358,29.503967],[-91.870469,29.503669],[-91.871239,29.503887],[-91.871275,29.504116],[-91.871485,29.504245],[-91.872061,29.504021],[-91.872683,29.5045],[-91.873041,29.504483],[-91.873241,29.504238],[-91.873609,29.504481],[-91.874142,29.504524],[-91.874306,29.504294],[-91.874577,29.504301],[-91.874585,29.504102],[-91.874691,29.504301],[-91.875,29.504269]]},"properties":{"OBJECTID":21691,"PROGRAM":"STATE","PROJECT":"LOUISIANA BARRIER ISLAND COMPREHENSIVE MONITORING PROGRAM (BICM)","PROJ_ID":"LA-0226","PROD_DATE":"20160926","SHORE_TYPE":"MIXED","SRC_DATE":"20081027","SRC_DATA":"USGS HIGH RESOLUTION ORTHOIMAGERY","SRC_RES":"1-m pixel","SRC_VECT":"APPLIED COASTAL","SRC_RAST":"F2909126SW","DIG_NOTES":" ","REGION":"AB","CONTRACTOR":"APPLIED COASTAL","ORG":"COASTAL PROTECTION AND RESTORATION AUTHORITY OF LOUISIANA (CPRA)","SRC_REG":"USGS","DATAURL":"http://cims.coastal.louisiana.gov/meta_docs/gis_refs/shoreline/BICM2/LA-0226_SHORL_0000000000_2005101520051118_RAC0006.zip","Meta_xml":"http://cims.coastal.louisiana.gov/meta_docs/gis_refs/shoreline/BICM2/Shoreline_Metadata.xml","Meta_html":"http://cims.coastal.louisiana.gov/meta_docs/gis_refs/shoreline/BICM2/Shoreline_Metadata.html","COMMENTS":null,"SHAPE_Length":2782.514195397323,"DSAS_DATE":"10/27/2008","DSAS_UNCER":null,"year":2008}},{"type":"Feature","id":21692,"geometry":{"type":"LineString","coordinates":[[-91.77389,29.500006],[-91.773835,29.500315],[-91.773618,29.500459],[-91.773773,29.500955],[-91.7736,29.501472],[-91.773765,29.501691],[-91.773515,29.501873],[-91.77392,29.502082],[-91.773626,29.502436],[-91.77365,29.502751],[-91.774397,29.503913],[-91.775402,29.50411]]},"properties":{"OBJECTID":21692,"PROGRAM":"STATE","PROJECT":"LOUISIANA BARRIER ISLAND COMPREHENSIVE MONITORING PROGRAM (BICM)","PROJ_ID":"LA-0226","PROD_DATE":"20160926","SHORE_TYPE":"MARSH","SRC_DATE":"20081027","SRC_DATA":"USGS HIGH RESOLUTION ORTHOIMAGERY","SRC_RES":"1-m pixel","SRC_VECT":"APPLIED COASTAL","SRC_RAST":"F2909126SE","DIG_NOTES":" ","REGION":"AB","CONTRACTOR":"APPLIED COASTAL","ORG":"COASTAL PROTECTION AND RESTORATION AUTHORITY OF LOUISIANA (CPRA)","SRC_REG":"USGS","DATAURL":"http://cims.coastal.louisiana.gov/meta_docs/gis_refs/shoreline/BICM2/LA-0226_SHORL_0000000000_2005101520051118_RAC0006.zip","Meta_xml":"http://cims.coastal.louisiana.gov/meta_docs/gis_refs/shoreline/BICM2/Shoreline_Metadata.xml","Meta_html":"http://cims.coastal.louisiana.gov/meta_docs/gis_refs/shoreline/BICM2/Shoreline_Metadata.html","COMMENTS":null,"SHAPE_Length":695.6275091710963,"DSAS_DATE":"10/27/2008","DSAS_UNCER":null,"year":2008}},{"type":"Feature","id":21693,"geometry":{"type":"LineString","coordinates":[[-91.774367,29.504607],[-91.774214,29.504531],[-91.773757,29.504857],[-91.773771,29.50544],[-91.773565,29.505794],[-91.773776,29.506586],[-91.773384,29.506921],[-91.773046,29.50698],[-91.772606,29.508786],[-91.77275,29.509148],[-91.772522,29.509416],[-91.772129,29.509456],[-91.772152,29.509704],[-91.772349,29.509818],[-91.772132,29.510048],[-91.772208,29.510152],[-91.771902,29.510077],[-91.771588,29.510508],[-91.771753,29.510908],[-91.771613,29.511186],[-91.771176,29.511244],[-91.771232,29.511512],[-91.77096,29.511656],[-91.771059,29.51199],[-91.770896,29.512086],[-91.770919,29.512324],[-91.770646,29.512402],[-91.770713,29.512764],[-91.770375,29.51287],[-91.770595,29.513146],[-91.770268,29.513195],[-91.770086,29.514103],[-91.770338,29.514389],[-91.769957,29.51459],[-91.770111,29.514771],[-91.769697,29.515097],[-91.769851,29.515259],[-91.769547,29.515556],[-91.769538,29.516043],[-91.769823,29.516329],[-91.769508,29.516693],[-91.769192,29.51676],[-91.768986,29.517162],[-91.769063,29.51741],[-91.768552,29.517717],[-91.76876,29.517822],[-91.768772,29.518146],[-91.768379,29.518129],[-91.768315,29.518473],[-91.767934,29.518712],[-91.767957,29.518999],[-91.767652,29.519248],[-91.767773,29.519391],[-91.767644,29.519783],[-91.76736,29.519812],[-91.767449,29.520309],[-91.767321,29.520825],[-91.766907,29.521084],[-91.766974,29.521485],[-91.766517,29.52183],[-91.766118,29.523025],[-91.76577,29.52316],[-91.765781,29.523341],[-91.765379,29.523772],[-91.765468,29.524087],[-91.765295,29.524431],[-91.765043,29.524356],[-91.765209,29.524775],[-91.765013,29.524929],[-91.76508,29.525243],[-91.765276,29.525262],[-91.765332,29.525586],[-91.765485,29.525595],[-91.766466,29.525191],[-91.767358,29.524491]]},"properties":{"OBJECTID":21693,"PROGRAM":"STATE","PROJECT":"LOUISIANA BARRIER ISLAND COMPREHENSIVE MONITORING PROGRAM (BICM)","PROJ_ID":"LA-0226","PROD_DATE":"20160926","SHORE_TYPE":"MARSH","SRC_DATE":"20081027","SRC_DATA":"USGS HIGH RESOLUTION ORTHOIMAGERY","SRC_RES":"1-m pixel","SRC_VECT":"APPLIED COASTAL","SRC_RAST":"F2909126SE","DIG_NOTES":" ","REGION":"AB","CONTRACTOR":"APPLIED COASTAL","ORG":"COASTAL PROTECTION AND RESTORATION AUTHORITY OF LOUISIANA (CPRA)","SRC_REG":"USGS","DATAURL":"http://cims.coastal.louisiana.gov/meta_docs/gis_refs/shoreline/BICM2/LA-0226_SHORL_0000000000_2005101520051118_RAC0006.zip","Meta_xml":"http://cims.coastal.louisiana.gov/meta_docs/gis_refs/shoreline/BICM2/Shoreline_Metadata.xml","Meta_html":"http://cims.coastal.louisiana.gov/meta_docs/gis_refs/shoreline/BICM2/Shoreline_Metadata.html","COMMENTS":null,"SHAPE_Length":3597.149187082011,"DSAS_DATE":"10/27/2008","DSAS_UNCER":null,"year":2008}},{"type":"Feature","id":21694,"geometry":{"type":"LineString","coordinates":[[-91.750006,29.534921],[-91.750217,29.534853],[-91.750393,29.535072],[-91.750829,29.535061],[-91.750796,29.534899],[-91.751079,29.534765],[-91.750773,29.534718],[-91.75086,29.534508],[-91.751789,29.534667],[-91.751787,29.534333],[-91.752376,29.534111],[-91.752419,29.533901],[-91.75292,29.53368],[-91.753182,29.533765],[-91.753715,29.533248],[-91.754097,29.533218],[-91.754379,29.532816],[-91.754149,29.53254],[-91.754487,29.532443],[-91.754595,29.532032],[-91.754921,29.531811],[-91.755271,29.53182],[-91.755323,29.531409],[-91.755618,29.53137],[-91.755769,29.531016],[-91.756674,29.530679],[-91.756575,29.530412],[-91.757993,29.530064],[-91.758513,29.52926],[-91.759136,29.529216],[-91.759503,29.528394],[-91.759897,29.528431],[-91.760081,29.528086],[-91.760813,29.528256],[-91.76136,29.528473],[-91.761437,29.528779],[-91.76117,29.528876]]},"properties":{"OBJECTID":21694,"PROGRAM":"STATE","PROJECT":"LOUISIANA BARRIER ISLAND COMPREHENSIVE MONITORING PROGRAM (BICM)","PROJ_ID":"LA-0226","PROD_DATE":"20160926","SHORE_TYPE":"MARSH","SRC_DATE":"20081027","SRC_DATA":"USGS HIGH RESOLUTION ORTHOIMAGERY","SRC_RES":"1-m pixel","SRC_VECT":"APPLIED COASTAL","SRC_RAST":"F2909126SE","DIG_NOTES":" ","REGION":"AB","CONTRACTOR":"APPLIED COASTAL","ORG":"COASTAL PROTECTION AND RESTORATION AUTHORITY OF LOUISIANA (CPRA)","SRC_REG":"USGS","DATAURL":"http://cims.coastal.louisiana.gov/meta_docs/gis_refs/shoreline/BICM2/LA-0226_SHORL_0000000000_2005101520051118_RAC0006.zip","Meta_xml":"http://cims.coastal.louisiana.gov/meta_docs/gis_refs/shoreline/BICM2/Shoreline_Metadata.xml","Meta_html":"http://cims.coastal.louisiana.gov/meta_docs/gis_refs/shoreline/BICM2/Shoreline_Metadata.html","COMMENTS":null,"SHAPE_Length":1954.7695329858802,"DSAS_DATE":"10/27/2008","DSAS_UNCER":null,"year":2008}},{"type":"Feature","id":21695,"geometry":{"type":"LineString","coordinates":[[-91.76128,29.528961],[-91.761652,29.529075],[-91.762024,29.529427],[-91.762711,29.529205],[-91.762895,29.52888],[-91.76342,29.528926],[-91.763626,29.528753],[-91.764315,29.528875],[-91.765066,29.528424],[-91.765731,29.52824],[-91.766242,29.527771],[-91.766669,29.527836],[-91.767145,29.526994],[-91.767208,29.526335],[-91.766998,29.52582],[-91.767815,29.525445]]},"properties":{"OBJECTID":21695,"PROGRAM":"STATE","PROJECT":"LOUISIANA BARRIER ISLAND COMPREHENSIVE MONITORING PROGRAM (BICM)","PROJ_ID":"LA-0226","PROD_DATE":"20160926","SHORE_TYPE":"MARSH","SRC_DATE":"20081027","SRC_DATA":"USGS HIGH RESOLUTION ORTHOIMAGERY","SRC_RES":"1-m pixel","SRC_VECT":"APPLIED COASTAL","SRC_RAST":"F2909126SE","DIG_NOTES":" ","REGION":"AB","CONTRACTOR":"APPLIED COASTAL","ORG":"COASTAL PROTECTION AND RESTORATION AUTHORITY OF LOUISIANA (CPRA)","SRC_REG":"USGS","DATAURL":"http://cims.coastal.louisiana.gov/meta_docs/gis_refs/shoreline/BICM2/LA-0226_SHORL_0000000000_2005101520051118_RAC0006.zip","Meta_xml":"http://cims.coastal.louisiana.gov/meta_docs/gis_refs/shoreline/BICM2/Shoreline_Metadata.xml","Meta_html":"http://cims.coastal.louisiana.gov/meta_docs/gis_refs/shoreline/BICM2/Shoreline_Metadata.html","COMMENTS":null,"SHAPE_Length":1021.0546632962551,"DSAS_DATE":"10/27/2008","DSAS_UNCER":null,"year":2008}},{"type":"Feature","id":21696,"geometry":{"type":"LineString","coordinates":[[-91.761537,29.562506],[-91.761535,29.562502]]},"properties":{"OBJECTID":21696,"PROGRAM":"STATE","PROJECT":"LOUISIANA BARRIER ISLAND COMPREHENSIVE MONITORING PROGRAM (BICM)","PROJ_ID":"LA-0226","PROD_DATE":"20160926","SHORE_TYPE":"MARSH","SRC_DATE":"20081027","SRC_DATA":"USGS HIGH RESOLUTION ORTHOIMAGERY","SRC_RES":"1-m pixel","SRC_VECT":"APPLIED COASTAL","SRC_RAST":"F2909126NE","DIG_NOTES":" ","REGION":"AB","CONTRACTOR":"APPLIED COASTAL","ORG":"COASTAL PROTECTION AND RESTORATION AUTHORITY OF LOUISIANA (CPRA)","SRC_REG":"USGS","DATAURL":"http://cims.coastal.louisiana.gov/meta_docs/gis_refs/shoreline/BICM2/LA-0226_SHORL_0000000000_2005101520051118_RAC0006.zip","Meta_xml":"http://cims.coastal.louisiana.gov/meta_docs/gis_refs/shoreline/BICM2/Shoreline_Metadata.xml","Meta_html":"http://cims.coastal.louisiana.gov/meta_docs/gis_refs/shoreline/BICM2/Shoreline_Metadata.html","COMMENTS":null,"SHAPE_Length":0.455463335189835,"DSAS_DATE":"10/27/2008","DSAS_UNCER":null,"year":2008}},{"type":"Feature","id":21697,"geometry":{"type":"LineString","coordinates":[[-91.761535,29.562502],[-91.761602,29.561352],[-91.760716,29.56096],[-91.760201,29.560179],[-91.761281,29.560081],[-91.76186,29.559847],[-91.762446,29.559054]]},"properties":{"OBJECTID":21697,"PROGRAM":"STATE","PROJECT":"LOUISIANA BARRIER ISLAND COMPREHENSIVE MONITORING PROGRAM (BICM)","PROJ_ID":"LA-0226","PROD_DATE":"20160926","SHORE_TYPE":"MARSH","SRC_DATE":"20081027","SRC_DATA":"USGS HIGH RESOLUTION ORTHOIMAGERY","SRC_RES":"1-m pixel","SRC_VECT":"APPLIED COASTAL","SRC_RAST":"F2909126SE","DIG_NOTES":" ","REGION":"AB","CONTRACTOR":"APPLIED COASTAL","ORG":"COASTAL PROTECTION AND RESTORATION AUTHORITY OF LOUISIANA (CPRA)","SRC_REG":"USGS","DATAURL":"http://cims.coastal.louisiana.gov/meta_docs/gis_refs/shoreline/BICM2/LA-0226_SHORL_0000000000_2005101520051118_RAC0006.zip","Meta_xml":"http://cims.coastal.louisiana.gov/meta_docs/gis_refs/shoreline/BICM2/Shoreline_Metadata.xml","Meta_html":"http://cims.coastal.louisiana.gov/meta_docs/gis_refs/shoreline/BICM2/Shoreline_Metadata.html","COMMENTS":null,"SHAPE_Length":622.4077477044275,"DSAS_DATE":"10/27/2008","DSAS_UNCER":null,"year":2008}},{"type":"Feature","id":21698,"geometry":{"type":"LineString","coordinates":[[-91.762159,29.558651],[-91.761897,29.559374],[-91.761642,29.559555],[-91.761023,29.559626],[-91.760118,29.559337],[-91.759614,29.558788],[-91.759029,29.557673],[-91.758537,29.557383],[-91.757043,29.557482],[-91.756179,29.557717],[-91.755132,29.5587],[-91.754187,29.558574],[-91.754157,29.558333],[-91.753522,29.558009]]},"properties":{"OBJECTID":21698,"PROGRAM":"STATE","PROJECT":"LOUISIANA BARRIER ISLAND COMPREHENSIVE MONITORING PROGRAM (BICM)","PROJ_ID":"LA-0226","PROD_DATE":"20160926","SHORE_TYPE":"MARSH","SRC_DATE":"20081027","SRC_DATA":"USGS HIGH RESOLUTION ORTHOIMAGERY","SRC_RES":"1-m pixel","SRC_VECT":"APPLIED COASTAL","SRC_RAST":"F2909126SE","DIG_NOTES":" ","REGION":"AB","CONTRACTOR":"APPLIED COASTAL","ORG":"COASTAL PROTECTION AND RESTORATION AUTHORITY OF LOUISIANA (CPRA)","SRC_REG":"USGS","DATAURL":"http://cims.coastal.louisiana.gov/meta_docs/gis_refs/shoreline/BICM2/LA-0226_SHORL_0000000000_2005101520051118_RAC0006.zip","Meta_xml":"http://cims.coastal.louisiana.gov/meta_docs/gis_refs/shoreline/BICM2/Shoreline_Metadata.xml","Meta_html":"http://cims.coastal.louisiana.gov/meta_docs/gis_refs/shoreline/BICM2/Shoreline_Metadata.html","COMMENTS":null,"SHAPE_Length":1152.0852826258285,"DSAS_DATE":"10/27/2008","DSAS_UNCER":null,"year":2008}},{"type":"Feature","id":21699,"geometry":{"type":"LineString","coordinates":[[-91.753433,29.558086],[-91.753749,29.558378],[-91.753123,29.559119],[-91.751943,29.558933],[-91.751785,29.558728],[-91.751245,29.55903],[-91.750626,29.559041],[-91.750548,29.55923],[-91.750006,29.559279]]},"properties":{"OBJECTID":21699,"PROGRAM":"STATE","PROJECT":"LOUISIANA BARRIER ISLAND COMPREHENSIVE MONITORING PROGRAM (BICM)","PROJ_ID":"LA-0226","PROD_DATE":"20160926","SHORE_TYPE":"MARSH","SRC_DATE":"20081027","SRC_DATA":"USGS HIGH RESOLUTION ORTHOIMAGERY","SRC_RES":"1-m pixel","SRC_VECT":"APPLIED COASTAL","SRC_RAST":"F2909126SE","DIG_NOTES":" ","REGION":"AB","CONTRACTOR":"APPLIED COASTAL","ORG":"COASTAL PROTECTION AND RESTORATION AUTHORITY OF LOUISIANA (CPRA)","SRC_REG":"USGS","DATAURL":"http://cims.coastal.louisiana.gov/meta_docs/gis_refs/shoreline/BICM2/LA-0226_SHORL_0000000000_2005101520051118_RAC0006.zip","Meta_xml":"http://cims.coastal.louisiana.gov/meta_docs/gis_refs/shoreline/BICM2/Shoreline_Metadata.xml","Meta_html":"http://cims.coastal.louisiana.gov/meta_docs/gis_refs/shoreline/BICM2/Shoreline_Metadata.html","COMMENTS":null,"SHAPE_Length":534.1059853390831,"DSAS_DATE":"10/27/2008","DSAS_UNCER":null,"year":2008}},{"type":"Feature","id":21700,"geometry":{"type":"MultiLineString","coordinates":[[[-91.75,29.573045],[-91.750006,29.573042]],[[-91.750006,29.573888],[-91.75,29.573889]]]},"properties":{"OBJECTID":21700,"PROGRAM":"STATE","PROJECT":"LOUISIANA BARRIER ISLAND COMPREHENSIVE MONITORING PROGRAM (BICM)","PROJ_ID":"LA-0226","PROD_DATE":"20160926","SHORE_TYPE":"MARSH","SRC_DATE":"20081027","SRC_DATA":"USGS HIGH RESOLUTION ORTHOIMAGERY","SRC_RES":"1-m pixel","SRC_VECT":"APPLIED COASTAL","SRC_RAST":"F2909126NE","DIG_NOTES":" ","REGION":"AB","CONTRACTOR":"APPLIED COASTAL","ORG":"COASTAL PROTECTION AND RESTORATION AUTHORITY OF LOUISIANA (CPRA)","SRC_REG":"USGS","DATAURL":"http://cims.coastal.louisiana.gov/meta_docs/gis_refs/shoreline/BICM2/LA-0226_SHORL_0000000000_2005101520051118_RAC0006.zip","Meta_xml":"http://cims.coastal.louisiana.gov/meta_docs/gis_refs/shoreline/BICM2/Shoreline_Metadata.xml","Meta_html":"http://cims.coastal.louisiana.gov/meta_docs/gis_refs/shoreline/BICM2/Shoreline_Metadata.html","COMMENTS":null,"SHAPE_Length":1.250363308705225,"DSAS_DATE":"10/27/2008","DSAS_UNCER":null,"year":2008}},{"type":"Feature","id":21701,"geometry":{"type":"LineString","coordinates":[[-91.75,29.573889],[-91.749383,29.57389],[-91.749204,29.573693],[-91.748574,29.573566],[-91.749251,29.573195],[-91.75,29.573045]]},"properties":{"OBJECTID":21701,"PROGRAM":"STATE","PROJECT":"LOUISIANA BARRIER ISLAND COMPREHENSIVE MONITORING PROGRAM (BICM)","PROJ_ID":"LA-0226","PROD_DATE":"20160926","SHORE_TYPE":"MARSH","SRC_DATE":"20081027","SRC_DATA":"USGS HIGH RESOLUTION ORTHOIMAGERY","SRC_RES":"1-m pixel","SRC_VECT":"APPLIED COASTAL","SRC_RAST":"F2909127NW","DIG_NOTES":" ","REGION":"AB","CONTRACTOR":"APPLIED COASTAL","ORG":"COASTAL PROTECTION AND RESTORATION AUTHORITY OF LOUISIANA (CPRA)","SRC_REG":"USGS","DATAURL":"http://cims.coastal.louisiana.gov/meta_docs/gis_refs/shoreline/BICM2/LA-0226_SHORL_0000000000_2005101520051118_RAC0006.zip","Meta_xml":"http://cims.coastal.louisiana.gov/meta_docs/gis_refs/shoreline/BICM2/Shoreline_Metadata.xml","Meta_html":"http://cims.coastal.louisiana.gov/meta_docs/gis_refs/shoreline/BICM2/Shoreline_Metadata.html","COMMENTS":null,"SHAPE_Length":333.0281260761612,"DSAS_DATE":"10/27/2008","DSAS_UNCER":null,"year":2008}},{"type":"Feature","id":21702,"geometry":{"type":"LineString","coordinates":[[-91.740662,29.570349],[-91.740976,29.570374],[-91.741452,29.5713],[-91.742202,29.572037],[-91.742586,29.572182],[-91.742597,29.572405],[-91.743148,29.572636],[-91.744361,29.573525],[-91.74417,29.57375],[-91.743404,29.573915],[-91.743042,29.574157],[-91.742766,29.573969],[-91.742009,29.574177],[-91.741812,29.573972],[-91.741241,29.573853],[-91.740398,29.574285],[-91.739673,29.575096],[-91.738359,29.575744],[-91.737712,29.576313],[-91.737446,29.576228],[-91.737704,29.575821]]},"properties":{"OBJECTID":21702,"PROGRAM":"STATE","PROJECT":"LOUISIANA BARRIER ISLAND COMPREHENSIVE MONITORING PROGRAM (BICM)","PROJ_ID":"LA-0226","PROD_DATE":"20160926","SHORE_TYPE":"MARSH","SRC_DATE":"20081027","SRC_DATA":"USGS HIGH RESOLUTION ORTHOIMAGERY","SRC_RES":"1-m pixel","SRC_VECT":"APPLIED COASTAL","SRC_RAST":"F2909127NW","DIG_NOTES":" ","REGION":"AB","CONTRACTOR":"APPLIED COASTAL","ORG":"COASTAL PROTECTION AND RESTORATION AUTHORITY OF LOUISIANA (CPRA)","SRC_REG":"USGS","DATAURL":"http://cims.coastal.louisiana.gov/meta_docs/gis_refs/shoreline/BICM2/LA-0226_SHORL_0000000000_2005101520051118_RAC0006.zip","Meta_xml":"http://cims.coastal.louisiana.gov/meta_docs/gis_refs/shoreline/BICM2/Shoreline_Metadata.xml","Meta_html":"http://cims.coastal.louisiana.gov/meta_docs/gis_refs/shoreline/BICM2/Shoreline_Metadata.html","COMMENTS":null,"SHAPE_Length":1502.970038890372,"DSAS_DATE":"10/27/2008","DSAS_UNCER":null,"year":2008}},{"type":"Feature","id":21703,"geometry":{"type":"LineString","coordinates":[[-91.737391,29.575902],[-91.737138,29.576521],[-91.736774,29.576548],[-91.736903,29.576797],[-91.736523,29.577726],[-91.736111,29.577736],[-91.735416,29.578529],[-91.735407,29.578735],[-91.734336,29.578962],[-91.734367,29.579228],[-91.734014,29.579659],[-91.733869,29.580252],[-91.733554,29.580142],[-91.733604,29.580279],[-91.733389,29.580503],[-91.73324,29.580117],[-91.733463,29.579463],[-91.734258,29.579005],[-91.734218,29.578842],[-91.734591,29.57872],[-91.73455,29.57842],[-91.735197,29.577868],[-91.735186,29.577619],[-91.735441,29.577446],[-91.73545,29.577231],[-91.736038,29.576868],[-91.736027,29.576525],[-91.73635,29.576214],[-91.736446,29.575664],[-91.736682,29.575509],[-91.736453,29.574942],[-91.736973,29.574666],[-91.737149,29.574296],[-91.73804,29.573545],[-91.738212,29.572264],[-91.737917,29.572299],[-91.738025,29.572179],[-91.737867,29.572085],[-91.737935,29.571896],[-91.738495,29.571773],[-91.738808,29.57148],[-91.738433,29.570949],[-91.738381,29.570322],[-91.738665,29.569951],[-91.738701,29.569315],[-91.738956,29.569048],[-91.73881,29.568476],[-91.739473,29.568213],[-91.740505,29.568124],[-91.740848,29.570125],[-91.740583,29.570323]]},"properties":{"OBJECTID":21703,"PROGRAM":"STATE","PROJECT":"LOUISIANA BARRIER ISLAND COMPREHENSIVE MONITORING PROGRAM (BICM)","PROJ_ID":"LA-0226","PROD_DATE":"20160926","SHORE_TYPE":"MARSH","SRC_DATE":"20081027","SRC_DATA":"USGS HIGH RESOLUTION ORTHOIMAGERY","SRC_RES":"1-m pixel","SRC_VECT":"APPLIED COASTAL","SRC_RAST":"F2909127NW","DIG_NOTES":" ","REGION":"AB","CONTRACTOR":"APPLIED COASTAL","ORG":"COASTAL PROTECTION AND RESTORATION AUTHORITY OF LOUISIANA (CPRA)","SRC_REG":"USGS","DATAURL":"http://cims.coastal.louisiana.gov/meta_docs/gis_refs/shoreline/BICM2/LA-0226_SHORL_0000000000_2005101520051118_RAC0006.zip","Meta_xml":"http://cims.coastal.louisiana.gov/meta_docs/gis_refs/shoreline/BICM2/Shoreline_Metadata.xml","Meta_html":"http://cims.coastal.louisiana.gov/meta_docs/gis_refs/shoreline/BICM2/Shoreline_Metadata.html","COMMENTS":null,"SHAPE_Length":3161.735077589297,"DSAS_DATE":"10/27/2008","DSAS_UNCER":null,"year":2008}},{"type":"Feature","id":21704,"geometry":{"type":"LineString","coordinates":[[-91.740815,29.562506],[-91.740427,29.56276],[-91.740392,29.563877],[-91.740088,29.563981],[-91.740158,29.564213],[-91.739903,29.564369]]},"properties":{"OBJECTID":21704,"PROGRAM":"STATE","PROJECT":"LOUISIANA BARRIER ISLAND COMPREHENSIVE MONITORING PROGRAM (BICM)","PROJ_ID":"LA-0226","PROD_DATE":"20160926","SHORE_TYPE":"MARSH","SRC_DATE":"20081027","SRC_DATA":"USGS HIGH RESOLUTION ORTHOIMAGERY","SRC_RES":"1-m pixel","SRC_VECT":"APPLIED COASTAL","SRC_RAST":"F2909127NW","DIG_NOTES":" ","REGION":"AB","CONTRACTOR":"APPLIED COASTAL","ORG":"COASTAL PROTECTION AND RESTORATION AUTHORITY OF LOUISIANA (CPRA)","SRC_REG":"USGS","DATAURL":"http://cims.coastal.louisiana.gov/meta_docs/gis_refs/shoreline/BICM2/LA-0226_SHORL_0000000000_2005101520051118_RAC0006.zip","Meta_xml":"http://cims.coastal.louisiana.gov/meta_docs/gis_refs/shoreline/BICM2/Shoreline_Metadata.xml","Meta_html":"http://cims.coastal.louisiana.gov/meta_docs/gis_refs/shoreline/BICM2/Shoreline_Metadata.html","COMMENTS":null,"SHAPE_Length":274.1087201413689,"DSAS_DATE":"10/27/2008","DSAS_UNCER":null,"year":2008}},{"type":"Feature","id":21705,"geometry":{"type":"LineString","coordinates":[[-91.740001,29.564377],[-91.740365,29.564479],[-91.740524,29.564942],[-91.740348,29.565201],[-91.740557,29.565733],[-91.740226,29.56643],[-91.74065,29.566936],[-91.740298,29.567341],[-91.739757,29.567334],[-91.739039,29.567095],[-91.738709,29.56681],[-91.738759,29.566677],[-91.738467,29.566633],[-91.738279,29.566402],[-91.73797,29.565406],[-91.737308,29.564385],[-91.737217,29.563887],[-91.737863,29.563198],[-91.73905,29.562584],[-91.739733,29.563665],[-91.740077,29.563612],[-91.740302,29.563336],[-91.739896,29.562506]]},"properties":{"OBJECTID":21705,"PROGRAM":"STATE","PROJECT":"LOUISIANA BARRIER ISLAND COMPREHENSIVE MONITORING PROGRAM (BICM)","PROJ_ID":"LA-0226","PROD_DATE":"20160926","SHORE_TYPE":"MARSH","SRC_DATE":"20081027","SRC_DATA":"USGS HIGH RESOLUTION ORTHOIMAGERY","SRC_RES":"1-m pixel","SRC_VECT":"APPLIED COASTAL","SRC_RAST":"F2909127NW","DIG_NOTES":" ","REGION":"AB","CONTRACTOR":"APPLIED COASTAL","ORG":"COASTAL PROTECTION AND RESTORATION AUTHORITY OF LOUISIANA (CPRA)","SRC_REG":"USGS","DATAURL":"http://cims.coastal.louisiana.gov/meta_docs/gis_refs/shoreline/BICM2/LA-0226_SHORL_0000000000_2005101520051118_RAC0006.zip","Meta_xml":"http://cims.coastal.louisiana.gov/meta_docs/gis_refs/shoreline/BICM2/Shoreline_Metadata.xml","Meta_html":"http://cims.coastal.louisiana.gov/meta_docs/gis_refs/shoreline/BICM2/Shoreline_Metadata.html","COMMENTS":null,"SHAPE_Length":1596.864023082287,"DSAS_DATE":"10/27/2008","DSAS_UNCER":null,"year":2008}},{"type":"Feature","id":21706,"geometry":{"type":"LineString","coordinates":[[-91.738129,29.562506],[-91.737625,29.562683],[-91.737221,29.562506]]},"properties":{"OBJECTID":21706,"PROGRAM":"STATE","PROJECT":"LOUISIANA BARRIER ISLAND COMPREHENSIVE MONITORING PROGRAM (BICM)","PROJ_ID":"LA-0226","PROD_DATE":"20160926","SHORE_TYPE":"MARSH","SRC_DATE":"20081027","SRC_DATA":"USGS HIGH RESOLUTION ORTHOIMAGERY","SRC_RES":"1-m pixel","SRC_VECT":"APPLIED COASTAL","SRC_RAST":"F2909127NW","DIG_NOTES":" ","REGION":"AB","CONTRACTOR":"APPLIED COASTAL","ORG":"COASTAL PROTECTION AND RESTORATION AUTHORITY OF LOUISIANA (CPRA)","SRC_REG":"USGS","DATAURL":"http://cims.coastal.louisiana.gov/meta_docs/gis_refs/shoreline/BICM2/LA-0226_SHORL_0000000000_2005101520051118_RAC0006.zip","Meta_xml":"http://cims.coastal.louisiana.gov/meta_docs/gis_refs/shoreline/BICM2/Shoreline_Metadata.xml","Meta_html":"http://cims.coastal.louisiana.gov/meta_docs/gis_refs/shoreline/BICM2/Shoreline_Metadata.html","COMMENTS":null,"SHAPE_Length":98.79966569607937,"DSAS_DATE":"10/27/2008","DSAS_UNCER":null,"year":2008}},{"type":"Feature","id":21707,"geometry":{"type":"LineString","coordinates":[[-91.734471,29.562506],[-91.734389,29.562506]]},"properties":{"OBJECTID":21707,"PROGRAM":"STATE","PROJECT":"LOUISIANA BARRIER ISLAND COMPREHENSIVE MONITORING PROGRAM (BICM)","PROJ_ID":"LA-0226","PROD_DATE":"20160926","SHORE_TYPE":"MARSH","SRC_DATE":"20081027","SRC_DATA":"USGS HIGH RESOLUTION ORTHOIMAGERY","SRC_RES":"1-m pixel","SRC_VECT":"APPLIED COASTAL","SRC_RAST":"F2909127NW","DIG_NOTES":" ","REGION":"AB","CONTRACTOR":"APPLIED COASTAL","ORG":"COASTAL PROTECTION AND RESTORATION AUTHORITY OF LOUISIANA (CPRA)","SRC_REG":"USGS","DATAURL":"http://cims.coastal.louisiana.gov/meta_docs/gis_refs/shoreline/BICM2/LA-0226_SHORL_0000000000_2005101520051118_RAC0006.zip","Meta_xml":"http://cims.coastal.louisiana.gov/meta_docs/gis_refs/shoreline/BICM2/Shoreline_Metadata.xml","Meta_html":"http://cims.coastal.louisiana.gov/meta_docs/gis_refs/shoreline/BICM2/Shoreline_Metadata.html","COMMENTS":null,"SHAPE_Length":18.202932867007128,"DSAS_DATE":"10/27/2008","DSAS_UNCER":null,"year":2008}},{"type":"Feature","id":21708,"geometry":{"type":"LineString","coordinates":[[-91.724947,29.562506],[-91.724722,29.562967],[-91.724878,29.563391],[-91.724344,29.563842],[-91.724314,29.564068],[-91.724066,29.563996],[-91.723954,29.564294],[-91.723717,29.564385],[-91.722902,29.56427],[-91.722551,29.564019],[-91.722291,29.56347],[-91.72261,29.563199],[-91.722749,29.563443],[-91.722887,29.563022],[-91.723321,29.562506]]},"properties":{"OBJECTID":21708,"PROGRAM":"STATE","PROJECT":"LOUISIANA BARRIER ISLAND COMPREHENSIVE MONITORING PROGRAM (BICM)","PROJ_ID":"LA-0226","PROD_DATE":"20160926","SHORE_TYPE":"MARSH","SRC_DATE":"20081027","SRC_DATA":"USGS HIGH RESOLUTION ORTHOIMAGERY","SRC_RES":"1-m pixel","SRC_VECT":"APPLIED COASTAL","SRC_RAST":"F2909127NW","DIG_NOTES":" ","REGION":"AB","CONTRACTOR":"APPLIED COASTAL","ORG":"COASTAL PROTECTION AND RESTORATION AUTHORITY OF LOUISIANA (CPRA)","SRC_REG":"USGS","DATAURL":"http://cims.coastal.louisiana.gov/meta_docs/gis_refs/shoreline/BICM2/LA-0226_SHORL_0000000000_2005101520051118_RAC0006.zip","Meta_xml":"http://cims.coastal.louisiana.gov/meta_docs/gis_refs/shoreline/BICM2/Shoreline_Metadata.xml","Meta_html":"http://cims.coastal.louisiana.gov/meta_docs/gis_refs/shoreline/BICM2/Shoreline_Metadata.html","COMMENTS":null,"SHAPE_Length":724.0819531168318,"DSAS_DATE":"10/27/2008","DSAS_UNCER":null,"year":2008}},{"type":"Feature","id":21709,"geometry":{"type":"LineString","coordinates":[[-91.721433,29.562506],[-91.721401,29.56279],[-91.721821,29.563117],[-91.721876,29.563628],[-91.72145,29.56381],[-91.721561,29.563522],[-91.721125,29.562506]]},"properties":{"OBJECTID":21709,"PROGRAM":"STATE","PROJECT":"LOUISIANA BARRIER ISLAND COMPREHENSIVE MONITORING PROGRAM (BICM)","PROJ_ID":"LA-0226","PROD_DATE":"20160926","SHORE_TYPE":"MARSH","SRC_DATE":"20081027","SRC_DATA":"USGS HIGH RESOLUTION ORTHOIMAGERY","SRC_RES":"1-m pixel","SRC_VECT":"APPLIED COASTAL","SRC_RAST":"F2909127NW","DIG_NOTES":" ","REGION":"AB","CONTRACTOR":"APPLIED COASTAL","ORG":"COASTAL PROTECTION AND RESTORATION AUTHORITY OF LOUISIANA (CPRA)","SRC_REG":"USGS","DATAURL":"http://cims.coastal.louisiana.gov/meta_docs/gis_refs/shoreline/BICM2/LA-0226_SHORL_0000000000_2005101520051118_RAC0006.zip","Meta_xml":"http://cims.coastal.louisiana.gov/meta_docs/gis_refs/shoreline/BICM2/Shoreline_Metadata.xml","Meta_html":"http://cims.coastal.louisiana.gov/meta_docs/gis_refs/shoreline/BICM2/Shoreline_Metadata.html","COMMENTS":null,"SHAPE_Length":362.76726356740147,"DSAS_DATE":"10/27/2008","DSAS_UNCER":null,"year":2008}},{"type":"Feature","id":21710,"geometry":{"type":"LineString","coordinates":[[-91.720227,29.562897],[-91.720205,29.563068],[-91.719025,29.562949],[-91.718329,29.56367],[-91.717882,29.56348],[-91.71749,29.563764],[-91.716545,29.563468],[-91.716526,29.56301]]},"properties":{"OBJECTID":21710,"PROGRAM":"STATE","PROJECT":"LOUISIANA BARRIER ISLAND COMPREHENSIVE MONITORING PROGRAM (BICM)","PROJ_ID":"LA-0226","PROD_DATE":"20160926","SHORE_TYPE":"MARSH","SRC_DATE":"20081027","SRC_DATA":"USGS HIGH RESOLUTION ORTHOIMAGERY","SRC_RES":"1-m pixel","SRC_VECT":"APPLIED COASTAL","SRC_RAST":"F2909127NW","DIG_NOTES":" ","REGION":"AB","CONTRACTOR":"APPLIED COASTAL","ORG":"COASTAL PROTECTION AND RESTORATION AUTHORITY OF LOUISIANA (CPRA)","SRC_REG":"USGS","DATAURL":"http://cims.coastal.louisiana.gov/meta_docs/gis_refs/shoreline/BICM2/LA-0226_SHORL_0000000000_2005101520051118_RAC0006.zip","Meta_xml":"http://cims.coastal.louisiana.gov/meta_docs/gis_refs/shoreline/BICM2/Shoreline_Metadata.xml","Meta_html":"http://cims.coastal.louisiana.gov/meta_docs/gis_refs/shoreline/BICM2/Shoreline_Metadata.html","COMMENTS":null,"SHAPE_Length":513.7566142749891,"DSAS_DATE":"10/27/2008","DSAS_UNCER":null,"year":2008}},{"type":"Feature","id":21711,"geometry":{"type":"LineString","coordinates":[[-91.716239,29.563294],[-91.716423,29.563553],[-91.717237,29.563887],[-91.717229,29.564078],[-91.716898,29.564323],[-91.716934,29.564567],[-91.716672,29.564644],[-91.716217,29.564401],[-91.716139,29.5646],[-91.715581,29.564831],[-91.715405,29.564457]]},"properties":{"OBJECTID":21711,"PROGRAM":"STATE","PROJECT":"LOUISIANA BARRIER ISLAND COMPREHENSIVE MONITORING PROGRAM (BICM)","PROJ_ID":"LA-0226","PROD_DATE":"20160926","SHORE_TYPE":"MARSH","SRC_DATE":"20081027","SRC_DATA":"USGS HIGH RESOLUTION ORTHOIMAGERY","SRC_RES":"1-m pixel","SRC_VECT":"APPLIED COASTAL","SRC_RAST":"F2909127NW","DIG_NOTES":" ","REGION":"AB","CONTRACTOR":"APPLIED COASTAL","ORG":"COASTAL PROTECTION AND RESTORATION AUTHORITY OF LOUISIANA (CPRA)","SRC_REG":"USGS","DATAURL":"http://cims.coastal.louisiana.gov/meta_docs/gis_refs/shoreline/BICM2/LA-0226_SHORL_0000000000_2005101520051118_RAC0006.zip","Meta_xml":"http://cims.coastal.louisiana.gov/meta_docs/gis_refs/shoreline/BICM2/Shoreline_Metadata.xml","Meta_html":"http://cims.coastal.louisiana.gov/meta_docs/gis_refs/shoreline/BICM2/Shoreline_Metadata.html","COMMENTS":null,"SHAPE_Length":451.0843342155595,"DSAS_DATE":"10/27/2008","DSAS_UNCER":null,"year":2008}},{"type":"Feature","id":21712,"geometry":{"type":"LineString","coordinates":[[-91.715256,29.564404],[-91.71552,29.565053],[-91.714779,29.565475],[-91.714648,29.565368],[-91.714264,29.565515],[-91.71369,29.566181],[-91.713841,29.566753],[-91.714103,29.566852],[-91.714452,29.566584],[-91.714785,29.567071],[-91.714813,29.567301],[-91.714516,29.567324],[-91.714508,29.56763],[-91.712331,29.5673],[-91.711956,29.567431],[-91.711966,29.567805],[-91.711155,29.568251],[-91.710509,29.56839],[-91.710135,29.56888],[-91.709409,29.568729],[-91.70873,29.569297],[-91.708341,29.568228],[-91.707668,29.568085],[-91.708183,29.567946],[-91.708331,29.567709],[-91.709752,29.566971],[-91.710688,29.564967],[-91.710509,29.56383],[-91.710097,29.563426],[-91.710077,29.562876],[-91.709653,29.562506]]},"properties":{"OBJECTID":21712,"PROGRAM":"STATE","PROJECT":"LOUISIANA BARRIER ISLAND COMPREHENSIVE MONITORING PROGRAM (BICM)","PROJ_ID":"LA-0226","PROD_DATE":"20160926","SHORE_TYPE":"MARSH","SRC_DATE":"20081027","SRC_DATA":"USGS HIGH RESOLUTION ORTHOIMAGERY","SRC_RES":"1-m pixel","SRC_VECT":"APPLIED COASTAL","SRC_RAST":"F2909127NW","DIG_NOTES":" ","REGION":"AB","CONTRACTOR":"APPLIED COASTAL","ORG":"COASTAL PROTECTION AND RESTORATION AUTHORITY OF LOUISIANA (CPRA)","SRC_REG":"USGS","DATAURL":"http://cims.coastal.louisiana.gov/meta_docs/gis_refs/shoreline/BICM2/LA-0226_SHORL_0000000000_2005101520051118_RAC0006.zip","Meta_xml":"http://cims.coastal.louisiana.gov/meta_docs/gis_refs/shoreline/BICM2/Shoreline_Metadata.xml","Meta_html":"http://cims.coastal.louisiana.gov/meta_docs/gis_refs/shoreline/BICM2/Shoreline_Metadata.html","COMMENTS":null,"SHAPE_Length":2441.155160784748,"DSAS_DATE":"10/27/2008","DSAS_UNCER":null,"year":2008}},{"type":"Feature","id":21713,"geometry":{"type":"LineString","coordinates":[[-91.706362,29.569341],[-91.706641,29.569173],[-91.706823,29.568699],[-91.707371,29.568216],[-91.707388,29.568032],[-91.706316,29.568784],[-91.706239,29.569067],[-91.706362,29.569341]]},"properties":{"OBJECTID":21713,"PROGRAM":"STATE","PROJECT":"LOUISIANA BARRIER ISLAND COMPREHENSIVE MONITORING PROGRAM (BICM)","PROJ_ID":"LA-0226","PROD_DATE":"20160926","SHORE_TYPE":"MARSH","SRC_DATE":"20081027","SRC_DATA":"USGS HIGH RESOLUTION ORTHOIMAGERY","SRC_RES":"1-m pixel","SRC_VECT":"APPLIED COASTAL","SRC_RAST":"F2909127NW","DIG_NOTES":" ","REGION":"AB","CONTRACTOR":"APPLIED COASTAL","ORG":"COASTAL PROTECTION AND RESTORATION AUTHORITY OF LOUISIANA (CPRA)","SRC_REG":"USGS","DATAURL":"http://cims.coastal.louisiana.gov/meta_docs/gis_refs/shoreline/BICM2/LA-0226_SHORL_0000000000_2005101520051118_RAC0006.zip","Meta_xml":"http://cims.coastal.louisiana.gov/meta_docs/gis_refs/shoreline/BICM2/Shoreline_Metadata.xml","Meta_html":"http://cims.coastal.louisiana.gov/meta_docs/gis_refs/shoreline/BICM2/Shoreline_Metadata.html","COMMENTS":null,"SHAPE_Length":420.5674459134055,"DSAS_DATE":"10/27/2008","DSAS_UNCER":null,"year":2008}},{"type":"Feature","id":21714,"geometry":{"type":"LineString","coordinates":[[-91.75,29.534921],[-91.750006,29.534921]]},"properties":{"OBJECTID":21714,"PROGRAM":"STATE","PROJECT":"LOUISIANA BARRIER ISLAND COMPREHENSIVE MONITORING PROGRAM (BICM)","PROJ_ID":"LA-0226","PROD_DATE":"20160926","SHORE_TYPE":"MARSH","SRC_DATE":"20081027","SRC_DATA":"USGS HIGH RESOLUTION ORTHOIMAGERY","SRC_RES":"1-m pixel","SRC_VECT":"APPLIED COASTAL","SRC_RAST":"F2909126SE","DIG_NOTES":" ","REGION":"AB","CONTRACTOR":"APPLIED COASTAL","ORG":"COASTAL PROTECTION AND RESTORATION AUTHORITY OF LOUISIANA (CPRA)","SRC_REG":"USGS","DATAURL":"http://cims.coastal.louisiana.gov/meta_docs/gis_refs/shoreline/BICM2/LA-0226_SHORL_0000000000_2005101520051118_RAC0006.zip","Meta_xml":"http://cims.coastal.louisiana.gov/meta_docs/gis_refs/shoreline/BICM2/Shoreline_Metadata.xml","Meta_html":"http://cims.coastal.louisiana.gov/meta_docs/gis_refs/shoreline/BICM2/Shoreline_Metadata.html","COMMENTS":null,"SHAPE_Length":0.5845603560283287,"DSAS_DATE":"10/27/2008","DSAS_UNCER":null,"year":2008}},{"type":"Feature","id":21715,"geometry":{"type":"LineString","coordinates":[[-91.713611,29.556181],[-91.712999,29.556126],[-91.712966,29.555877],[-91.713282,29.555905],[-91.713358,29.555609],[-91.712778,29.555401],[-91.713236,29.555266],[-91.713136,29.555149],[-91.713322,29.554941],[-91.71377,29.554892],[-91.713867,29.554662],[-91.714162,29.554566],[-91.713942,29.554118],[-91.714139,29.554203],[-91.714225,29.553964],[-91.714466,29.554126],[-91.714706,29.554058],[-91.714858,29.553934],[-91.714574,29.553696],[-91.714693,29.55359],[-91.714912,29.553733],[-91.715207,29.553608],[-91.715085,29.553303],[-91.715817,29.553215],[-91.715608,29.552919],[-91.716132,29.552813],[-91.716109,29.552507],[-91.716425,29.552268],[-91.716654,29.552267],[-91.71698,29.551932],[-91.71756,29.552178],[-91.717592,29.551968],[-91.717876,29.551853],[-91.717863,29.551538],[-91.718463,29.551383],[-91.718408,29.551164],[-91.718636,29.550714],[-91.71892,29.55078],[-91.719159,29.550512],[-91.719313,29.550741],[-91.719487,29.550635],[-91.719728,29.550768],[-91.719967,29.550472],[-91.720218,29.550423],[-91.720228,29.550175],[-91.720522,29.550098],[-91.720456,29.549869],[-91.721253,29.54978],[-91.721296,29.549551],[-91.721645,29.549416],[-91.721752,29.549025],[-91.722015,29.549072],[-91.722482,29.548612],[-91.722679,29.548621],[-91.723168,29.548123],[-91.723167,29.547731],[-91.723681,29.548016],[-91.723691,29.547835],[-91.724095,29.547605],[-91.724094,29.547328],[-91.724541,29.547355],[-91.724628,29.547269],[-91.724497,29.547107],[-91.724726,29.547058],[-91.72489,29.547211],[-91.725283,29.547104],[-91.725413,29.546751],[-91.725314,29.546608],[-91.725914,29.546616],[-91.726012,29.546338],[-91.726339,29.546404],[-91.726294,29.546051],[-91.726688,29.546126],[-91.726708,29.545783],[-91.727068,29.545715],[-91.727024,29.545581],[-91.727329,29.545227],[-91.728277,29.544718],[-91.728648,29.544745],[-91.72856,29.544583],[-91.728821,29.54442],[-91.729029,29.544534],[-91.729662,29.544322],[-91.729606,29.544036],[-91.729802,29.543883],[-91.730054,29.544006],[-91.730085,29.543729],[-91.730349,29.544053],[-91.730794,29.543536],[-91.731361,29.543315],[-91.731317,29.543095],[-91.731525,29.543314],[-91.731765,29.543285],[-91.731742,29.542846],[-91.732462,29.5427],[-91.732373,29.542452],[-91.733291,29.542421],[-91.733125,29.541972],[-91.73331,29.541886],[-91.733649,29.542066],[-91.734009,29.541951],[-91.734008,29.541559],[-91.733778,29.541378],[-91.734095,29.541482],[-91.734192,29.541329],[-91.734061,29.541158],[-91.734332,29.540775],[-91.734737,29.540889],[-91.734637,29.540574],[-91.735182,29.5402],[-91.735771,29.540141],[-91.736664,29.539574],[-91.737189,29.539697],[-91.73732,29.539639],[-91.737199,29.539468],[-91.737318,29.539372],[-91.737832,29.539485],[-91.73793,29.539294],[-91.738235,29.539321],[-91.738431,29.539101],[-91.73901,29.539157],[-91.739347,29.538869],[-91.739687,29.539059],[-91.740034,29.538533],[-91.740711,29.538674],[-91.741018,29.538902],[-91.741279,29.538539],[-91.742403,29.538497],[-91.742577,29.538296],[-91.742905,29.538438],[-91.743439,29.538073],[-91.74347,29.537768],[-91.745062,29.537123],[-91.74539,29.537179],[-91.745464,29.536769],[-91.745825,29.536892],[-91.746402,29.536422],[-91.746653,29.536469],[-91.746742,29.536793],[-91.747374,29.536447],[-91.747579,29.535969],[-91.748212,29.535891],[-91.748364,29.535623],[-91.7495,29.535648],[-91.749869,29.535275],[-91.749748,29.534989],[-91.75,29.534921]]},"properties":{"OBJECTID":21715,"PROGRAM":"STATE","PROJECT":"LOUISIANA BARRIER ISLAND COMPREHENSIVE MONITORING PROGRAM (BICM)","PROJ_ID":"LA-0226","PROD_DATE":"20160926","SHORE_TYPE":"MARSH","SRC_DATE":"20081027","SRC_DATA":"USGS HIGH RESOLUTION ORTHOIMAGERY","SRC_RES":"1-m pixel","SRC_VECT":"APPLIED COASTAL","SRC_RAST":"F2909127SW","DIG_NOTES":" ","REGION":"AB","CONTRACTOR":"APPLIED COASTAL","ORG":"COASTAL PROTECTION AND RESTORATION AUTHORITY OF LOUISIANA (CPRA)","SRC_REG":"USGS","DATAURL":"http://cims.coastal.louisiana.gov/meta_docs/gis_refs/shoreline/BICM2/LA-0226_SHORL_0000000000_2005101520051118_RAC0006.zip","Meta_xml":"http://cims.coastal.louisiana.gov/meta_docs/gis_refs/shoreline/BICM2/Shoreline_Metadata.xml","Meta_html":"http://cims.coastal.louisiana.gov/meta_docs/gis_refs/shoreline/BICM2/Shoreline_Metadata.html","COMMENTS":null,"SHAPE_Length":6766.655243810798,"DSAS_DATE":"10/27/2008","DSAS_UNCER":null,"year":2008}},{"type":"Feature","id":21716,"geometry":{"type":"MultiLineString","coordinates":[[[-91.740816,29.562502],[-91.740815,29.562506]],[[-91.739896,29.562506],[-91.739894,29.562502]]]},"properties":{"OBJECTID":21716,"PROGRAM":"STATE","PROJECT":"LOUISIANA BARRIER ISLAND COMPREHENSIVE MONITORING PROGRAM (BICM)","PROJ_ID":"LA-0226","PROD_DATE":"20160926","SHORE_TYPE":"MARSH","SRC_DATE":"20081027","SRC_DATA":"USGS HIGH RESOLUTION ORTHOIMAGERY","SRC_RES":"1-m pixel","SRC_VECT":"APPLIED COASTAL","SRC_RAST":"F2909127NW","DIG_NOTES":" ","REGION":"AB","CONTRACTOR":"APPLIED COASTAL","ORG":"COASTAL PROTECTION AND RESTORATION AUTHORITY OF LOUISIANA (CPRA)","SRC_REG":"USGS","DATAURL":"http://cims.coastal.louisiana.gov/meta_docs/gis_refs/shoreline/BICM2/LA-0226_SHORL_0000000000_2005101520051118_RAC0006.zip","Meta_xml":"http://cims.coastal.louisiana.gov/meta_docs/gis_refs/shoreline/BICM2/Shoreline_Metadata.xml","Meta_html":"http://cims.coastal.louisiana.gov/meta_docs/gis_refs/shoreline/BICM2/Shoreline_Metadata.html","COMMENTS":null,"SHAPE_Length":1.0247215114064527,"DSAS_DATE":"10/27/2008","DSAS_UNCER":null,"year":2008}},{"type":"Feature","id":21717,"geometry":{"type":"LineString","coordinates":[[-91.739894,29.562502],[-91.739806,29.562324],[-91.740129,29.562108],[-91.744035,29.560437],[-91.745164,29.560193],[-91.745861,29.559856],[-91.74624,29.559012],[-91.746731,29.558813],[-91.74694,29.559483],[-91.746598,29.559845],[-91.746048,29.560035],[-91.745882,29.560268],[-91.744271,29.560505],[-91.743348,29.560835],[-91.74277,29.561232],[-91.742132,29.561371],[-91.741445,29.561751],[-91.74126,29.562225],[-91.740816,29.562502]]},"properties":{"OBJECTID":21717,"PROGRAM":"STATE","PROJECT":"LOUISIANA BARRIER ISLAND COMPREHENSIVE MONITORING PROGRAM (BICM)","PROJ_ID":"LA-0226","PROD_DATE":"20160926","SHORE_TYPE":"MARSH","SRC_DATE":"20081027","SRC_DATA":"USGS HIGH RESOLUTION ORTHOIMAGERY","SRC_RES":"1-m pixel","SRC_VECT":"APPLIED COASTAL","SRC_RAST":"F2909127SW","DIG_NOTES":" ","REGION":"AB","CONTRACTOR":"APPLIED COASTAL","ORG":"COASTAL PROTECTION AND RESTORATION AUTHORITY OF LOUISIANA (CPRA)","SRC_REG":"USGS","DATAURL":"http://cims.coastal.louisiana.gov/meta_docs/gis_refs/shoreline/BICM2/LA-0226_SHORL_0000000000_2005101520051118_RAC0006.zip","Meta_xml":"http://cims.coastal.louisiana.gov/meta_docs/gis_refs/shoreline/BICM2/Shoreline_Metadata.xml","Meta_html":"http://cims.coastal.louisiana.gov/meta_docs/gis_refs/shoreline/BICM2/Shoreline_Metadata.html","COMMENTS":null,"SHAPE_Length":1686.1269264879274,"DSAS_DATE":"10/27/2008","DSAS_UNCER":null,"year":2008}},{"type":"Feature","id":21718,"geometry":{"type":"LineString","coordinates":[[-91.750006,29.559279],[-91.75,29.559276]]},"properties":{"OBJECTID":21718,"PROGRAM":"STATE","PROJECT":"LOUISIANA BARRIER ISLAND COMPREHENSIVE MONITORING PROGRAM (BICM)","PROJ_ID":"LA-0226","PROD_DATE":"20160926","SHORE_TYPE":"MARSH","SRC_DATE":"20081027","SRC_DATA":"USGS HIGH RESOLUTION ORTHOIMAGERY","SRC_RES":"1-m pixel","SRC_VECT":"APPLIED COASTAL","SRC_RAST":"F2909126SE","DIG_NOTES":" ","REGION":"AB","CONTRACTOR":"APPLIED COASTAL","ORG":"COASTAL PROTECTION AND RESTORATION AUTHORITY OF LOUISIANA (CPRA)","SRC_REG":"USGS","DATAURL":"http://cims.coastal.louisiana.gov/meta_docs/gis_refs/shoreline/BICM2/LA-0226_SHORL_0000000000_2005101520051118_RAC0006.zip","Meta_xml":"http://cims.coastal.louisiana.gov/meta_docs/gis_refs/shoreline/BICM2/Shoreline_Metadata.xml","Meta_html":"http://cims.coastal.louisiana.gov/meta_docs/gis_refs/shoreline/BICM2/Shoreline_Metadata.html","COMMENTS":null,"SHAPE_Length":0.6409894925424642,"DSAS_DATE":"10/27/2008","DSAS_UNCER":null,"year":2008}},{"type":"Feature","id":21719,"geometry":{"type":"LineString","coordinates":[[-91.75,29.559276],[-91.749231,29.559054],[-91.749064,29.559175],[-91.748621,29.559107],[-91.748277,29.558936],[-91.747579,29.559042],[-91.747205,29.558914],[-91.747145,29.558588]]},"properties":{"OBJECTID":21719,"PROGRAM":"STATE","PROJECT":"LOUISIANA BARRIER ISLAND COMPREHENSIVE MONITORING PROGRAM (BICM)","PROJ_ID":"LA-0226","PROD_DATE":"20160926","SHORE_TYPE":"MARSH","SRC_DATE":"20081027","SRC_DATA":"USGS HIGH RESOLUTION ORTHOIMAGERY","SRC_RES":"1-m pixel","SRC_VECT":"APPLIED COASTAL","SRC_RAST":"F2909127SW","DIG_NOTES":" ","REGION":"AB","CONTRACTOR":"APPLIED COASTAL","ORG":"COASTAL PROTECTION AND RESTORATION AUTHORITY OF LOUISIANA (CPRA)","SRC_REG":"USGS","DATAURL":"http://cims.coastal.louisiana.gov/meta_docs/gis_refs/shoreline/BICM2/LA-0226_SHORL_0000000000_2005101520051118_RAC0006.zip","Meta_xml":"http://cims.coastal.louisiana.gov/meta_docs/gis_refs/shoreline/BICM2/Shoreline_Metadata.xml","Meta_html":"http://cims.coastal.louisiana.gov/meta_docs/gis_refs/shoreline/BICM2/Shoreline_Metadata.html","COMMENTS":null,"SHAPE_Length":361.801029329584,"DSAS_DATE":"10/27/2008","DSAS_UNCER":null,"year":2008}},{"type":"Feature","id":21720,"geometry":{"type":"LineString","coordinates":[[-91.738134,29.562502],[-91.738129,29.562506]]},"properties":{"OBJECTID":21720,"PROGRAM":"STATE","PROJECT":"LOUISIANA BARRIER ISLAND COMPREHENSIVE MONITORING PROGRAM (BICM)","PROJ_ID":"LA-0226","PROD_DATE":"20160926","SHORE_TYPE":"MARSH","SRC_DATE":"20081027","SRC_DATA":"USGS HIGH RESOLUTION ORTHOIMAGERY","SRC_RES":"1-m pixel","SRC_VECT":"APPLIED COASTAL","SRC_RAST":"F2909127NW","DIG_NOTES":" ","REGION":"AB","CONTRACTOR":"APPLIED COASTAL","ORG":"COASTAL PROTECTION AND RESTORATION AUTHORITY OF LOUISIANA (CPRA)","SRC_REG":"USGS","DATAURL":"http://cims.coastal.louisiana.gov/meta_docs/gis_refs/shoreline/BICM2/LA-0226_SHORL_0000000000_2005101520051118_RAC0006.zip","Meta_xml":"http://cims.coastal.louisiana.gov/meta_docs/gis_refs/shoreline/BICM2/Shoreline_Metadata.xml","Meta_html":"http://cims.coastal.louisiana.gov/meta_docs/gis_refs/shoreline/BICM2/Shoreline_Metadata.html","COMMENTS":null,"SHAPE_Length":0.6680374233920813,"DSAS_DATE":"10/27/2008","DSAS_UNCER":null,"year":2008}},{"type":"Feature","id":21721,"geometry":{"type":"LineString","coordinates":[[-91.745583,29.559272],[-91.738134,29.562502]]},"properties":{"OBJECTID":21721,"PROGRAM":"STATE","PROJECT":"LOUISIANA BARRIER ISLAND COMPREHENSIVE MONITORING PROGRAM (BICM)","PROJ_ID":"LA-0226","PROD_DATE":"20160926","SHORE_TYPE":"MARSH","SRC_DATE":"20081027","SRC_DATA":"USGS HIGH RESOLUTION ORTHOIMAGERY","SRC_RES":"1-m pixel","SRC_VECT":"APPLIED COASTAL","SRC_RAST":"F2909127SW","DIG_NOTES":" ","REGION":"AB","CONTRACTOR":"APPLIED COASTAL","ORG":"COASTAL PROTECTION AND RESTORATION AUTHORITY OF LOUISIANA (CPRA)","SRC_REG":"USGS","DATAURL":"http://cims.coastal.louisiana.gov/meta_docs/gis_refs/shoreline/BICM2/LA-0226_SHORL_0000000000_2005101520051118_RAC0006.zip","Meta_xml":"http://cims.coastal.louisiana.gov/meta_docs/gis_refs/shoreline/BICM2/Shoreline_Metadata.xml","Meta_html":"http://cims.coastal.louisiana.gov/meta_docs/gis_refs/shoreline/BICM2/Shoreline_Metadata.html","COMMENTS":null,"SHAPE_Length":822.9010222411628,"DSAS_DATE":"10/27/2008","DSAS_UNCER":null,"year":2008}},{"type":"Feature","id":21722,"geometry":{"type":"LineString","coordinates":[[-91.737221,29.562506],[-91.737218,29.562502]]},"properties":{"OBJECTID":21722,"PROGRAM":"STATE","PROJECT":"LOUISIANA BARRIER ISLAND COMPREHENSIVE MONITORING PROGRAM (BICM)","PROJ_ID":"LA-0226","PROD_DATE":"20160926","SHORE_TYPE":"MARSH","SRC_DATE":"20081027","SRC_DATA":"USGS HIGH RESOLUTION ORTHOIMAGERY","SRC_RES":"1-m pixel","SRC_VECT":"APPLIED COASTAL","SRC_RAST":"F2909127NW","DIG_NOTES":" ","REGION":"AB","CONTRACTOR":"APPLIED COASTAL","ORG":"COASTAL PROTECTION AND RESTORATION AUTHORITY OF LOUISIANA (CPRA)","SRC_REG":"USGS","DATAURL":"http://cims.coastal.louisiana.gov/meta_docs/gis_refs/shoreline/BICM2/LA-0226_SHORL_0000000000_2005101520051118_RAC0006.zip","Meta_xml":"http://cims.coastal.louisiana.gov/meta_docs/gis_refs/shoreline/BICM2/Shoreline_Metadata.xml","Meta_html":"http://cims.coastal.louisiana.gov/meta_docs/gis_refs/shoreline/BICM2/Shoreline_Metadata.html","COMMENTS":null,"SHAPE_Length":0.5231149200359165,"DSAS_DATE":"10/27/2008","DSAS_UNCER":null,"year":2008}},{"type":"Feature","id":21723,"geometry":{"type":"LineString","coordinates":[[-91.737218,29.562502],[-91.736847,29.562325],[-91.736415,29.56236],[-91.736247,29.562137],[-91.735736,29.562208],[-91.735007,29.561703],[-91.73524,29.560997],[-91.737136,29.560699]]},"properties":{"OBJECTID":21723,"PROGRAM":"STATE","PROJECT":"LOUISIANA BARRIER ISLAND COMPREHENSIVE MONITORING PROGRAM (BICM)","PROJ_ID":"LA-0226","PROD_DATE":"20160926","SHORE_TYPE":"MARSH","SRC_DATE":"20081027","SRC_DATA":"USGS HIGH RESOLUTION ORTHOIMAGERY","SRC_RES":"1-m pixel","SRC_VECT":"APPLIED COASTAL","SRC_RAST":"F2909127SW","DIG_NOTES":" ","REGION":"AB","CONTRACTOR":"APPLIED COASTAL","ORG":"COASTAL PROTECTION AND RESTORATION AUTHORITY OF LOUISIANA (CPRA)","SRC_REG":"USGS","DATAURL":"http://cims.coastal.louisiana.gov/meta_docs/gis_refs/shoreline/BICM2/LA-0226_SHORL_0000000000_2005101520051118_RAC0006.zip","Meta_xml":"http://cims.coastal.louisiana.gov/meta_docs/gis_refs/shoreline/BICM2/Shoreline_Metadata.xml","Meta_html":"http://cims.coastal.louisiana.gov/meta_docs/gis_refs/shoreline/BICM2/Shoreline_Metadata.html","COMMENTS":null,"SHAPE_Length":543.8697349209883,"DSAS_DATE":"10/27/2008","DSAS_UNCER":null,"year":2008}},{"type":"Feature","id":21724,"geometry":{"type":"LineString","coordinates":[[-91.734471,29.562503],[-91.734471,29.562506]]},"properties":{"OBJECTID":21724,"PROGRAM":"STATE","PROJECT":"LOUISIANA BARRIER ISLAND COMPREHENSIVE MONITORING PROGRAM (BICM)","PROJ_ID":"LA-0226","PROD_DATE":"20160926","SHORE_TYPE":"MARSH","SRC_DATE":"20081027","SRC_DATA":"USGS HIGH RESOLUTION ORTHOIMAGERY","SRC_RES":"1-m pixel","SRC_VECT":"APPLIED COASTAL","SRC_RAST":"F2909127NW","DIG_NOTES":" ","REGION":"AB","CONTRACTOR":"APPLIED COASTAL","ORG":"COASTAL PROTECTION AND RESTORATION AUTHORITY OF LOUISIANA (CPRA)","SRC_REG":"USGS","DATAURL":"http://cims.coastal.louisiana.gov/meta_docs/gis_refs/shoreline/BICM2/LA-0226_SHORL_0000000000_2005101520051118_RAC0006.zip","Meta_xml":"http://cims.coastal.louisiana.gov/meta_docs/gis_refs/shoreline/BICM2/Shoreline_Metadata.xml","Meta_html":"http://cims.coastal.louisiana.gov/meta_docs/gis_refs/shoreline/BICM2/Shoreline_Metadata.html","COMMENTS":null,"SHAPE_Length":0.3852015706612647,"DSAS_DATE":"10/27/2008","DSAS_UNCER":null,"year":2008}},{"type":"Feature","id":21725,"geometry":{"type":"LineString","coordinates":[[-91.734511,29.560596],[-91.733925,29.561508],[-91.734471,29.562503]]},"properties":{"OBJECTID":21725,"PROGRAM":"STATE","PROJECT":"LOUISIANA BARRIER ISLAND COMPREHENSIVE MONITORING PROGRAM (BICM)","PROJ_ID":"LA-0226","PROD_DATE":"20160926","SHORE_TYPE":"MARSH","SRC_DATE":"20081027","SRC_DATA":"USGS HIGH RESOLUTION ORTHOIMAGERY","SRC_RES":"1-m pixel","SRC_VECT":"APPLIED COASTAL","SRC_RAST":"F2909127SW","DIG_NOTES":" ","REGION":"AB","CONTRACTOR":"APPLIED COASTAL","ORG":"COASTAL PROTECTION AND RESTORATION AUTHORITY OF LOUISIANA (CPRA)","SRC_REG":"USGS","DATAURL":"http://cims.coastal.louisiana.gov/meta_docs/gis_refs/shoreline/BICM2/LA-0226_SHORL_0000000000_2005101520051118_RAC0006.zip","Meta_xml":"http://cims.coastal.louisiana.gov/meta_docs/gis_refs/shoreline/BICM2/Shoreline_Metadata.xml","Meta_html":"http://cims.coastal.louisiana.gov/meta_docs/gis_refs/shoreline/BICM2/Shoreline_Metadata.html","COMMENTS":null,"SHAPE_Length":255.022501127085,"DSAS_DATE":"10/27/2008","DSAS_UNCER":null,"year":2008}},{"type":"Feature","id":21726,"geometry":{"type":"LineString","coordinates":[[-91.734389,29.562506],[-91.734386,29.562503]]},"properties":{"OBJECTID":21726,"PROGRAM":"STATE","PROJECT":"LOUISIANA BARRIER ISLAND COMPREHENSIVE MONITORING PROGRAM (BICM)","PROJ_ID":"LA-0226","PROD_DATE":"20160926","SHORE_TYPE":"MARSH","SRC_DATE":"20081027","SRC_DATA":"USGS HIGH RESOLUTION ORTHOIMAGERY","SRC_RES":"1-m pixel","SRC_VECT":"APPLIED COASTAL","SRC_RAST":"F2909127NW","DIG_NOTES":" ","REGION":"AB","CONTRACTOR":"APPLIED COASTAL","ORG":"COASTAL PROTECTION AND RESTORATION AUTHORITY OF LOUISIANA (CPRA)","SRC_REG":"USGS","DATAURL":"http://cims.coastal.louisiana.gov/meta_docs/gis_refs/shoreline/BICM2/LA-0226_SHORL_0000000000_2005101520051118_RAC0006.zip","Meta_xml":"http://cims.coastal.louisiana.gov/meta_docs/gis_refs/shoreline/BICM2/Shoreline_Metadata.xml","Meta_html":"http://cims.coastal.louisiana.gov/meta_docs/gis_refs/shoreline/BICM2/Shoreline_Metadata.html","COMMENTS":null,"SHAPE_Length":0.5188313503092167,"DSAS_DATE":"10/27/2008","DSAS_UNCER":null,"year":2008}},{"type":"Feature","id":21727,"geometry":{"type":"LineString","coordinates":[[-91.734386,29.562503],[-91.733268,29.56206],[-91.732571,29.562114],[-91.731953,29.562451],[-91.731628,29.562323],[-91.731764,29.562005],[-91.731281,29.561671],[-91.730455,29.561476],[-91.729974,29.561606],[-91.729983,29.561409],[-91.729441,29.561256],[-91.728988,29.560879],[-91.728034,29.560753],[-91.727916,29.560659],[-91.728072,29.560426]]},"properties":{"OBJECTID":21727,"PROGRAM":"STATE","PROJECT":"LOUISIANA BARRIER ISLAND COMPREHENSIVE MONITORING PROGRAM (BICM)","PROJ_ID":"LA-0226","PROD_DATE":"20160926","SHORE_TYPE":"MARSH","SRC_DATE":"20081027","SRC_DATA":"USGS HIGH RESOLUTION ORTHOIMAGERY","SRC_RES":"1-m pixel","SRC_VECT":"APPLIED COASTAL","SRC_RAST":"F2909127SW","DIG_NOTES":" ","REGION":"AB","CONTRACTOR":"APPLIED COASTAL","ORG":"COASTAL PROTECTION AND RESTORATION AUTHORITY OF LOUISIANA (CPRA)","SRC_REG":"USGS","DATAURL":"http://cims.coastal.louisiana.gov/meta_docs/gis_refs/shoreline/BICM2/LA-0226_SHORL_0000000000_2005101520051118_RAC0006.zip","Meta_xml":"http://cims.coastal.louisiana.gov/meta_docs/gis_refs/shoreline/BICM2/Shoreline_Metadata.xml","Meta_html":"http://cims.coastal.louisiana.gov/meta_docs/gis_refs/shoreline/BICM2/Shoreline_Metadata.html","COMMENTS":null,"SHAPE_Length":880.576995000691,"DSAS_DATE":"10/27/2008","DSAS_UNCER":null,"year":2008}},{"type":"Feature","id":21728,"geometry":{"type":"LineString","coordinates":[[-91.727983,29.560392],[-91.727729,29.560616],[-91.727374,29.560334]]},"properties":{"OBJECTID":21728,"PROGRAM":"STATE","PROJECT":"LOUISIANA BARRIER ISLAND COMPREHENSIVE MONITORING PROGRAM (BICM)","PROJ_ID":"LA-0226","PROD_DATE":"20160926","SHORE_TYPE":"MARSH","SRC_DATE":"20081027","SRC_DATA":"USGS HIGH RESOLUTION ORTHOIMAGERY","SRC_RES":"1-m pixel","SRC_VECT":"APPLIED COASTAL","SRC_RAST":"F2909127SW","DIG_NOTES":" ","REGION":"AB","CONTRACTOR":"APPLIED COASTAL","ORG":"COASTAL PROTECTION AND RESTORATION AUTHORITY OF LOUISIANA (CPRA)","SRC_REG":"USGS","DATAURL":"http://cims.coastal.louisiana.gov/meta_docs/gis_refs/shoreline/BICM2/LA-0226_SHORL_0000000000_2005101520051118_RAC0006.zip","Meta_xml":"http://cims.coastal.louisiana.gov/meta_docs/gis_refs/shoreline/BICM2/Shoreline_Metadata.xml","Meta_html":"http://cims.coastal.louisiana.gov/meta_docs/gis_refs/shoreline/BICM2/Shoreline_Metadata.html","COMMENTS":null,"SHAPE_Length":92.07450278513234,"DSAS_DATE":"10/27/2008","DSAS_UNCER":null,"year":2008}},{"type":"Feature","id":21729,"geometry":{"type":"LineString","coordinates":[[-91.727109,29.560472],[-91.726953,29.560799],[-91.726649,29.560972]]},"properties":{"OBJECTID":21729,"PROGRAM":"STATE","PROJECT":"LOUISIANA BARRIER ISLAND COMPREHENSIVE MONITORING PROGRAM (BICM)","PROJ_ID":"LA-0226","PROD_DATE":"20160926","SHORE_TYPE":"MARSH","SRC_DATE":"20081027","SRC_DATA":"USGS HIGH RESOLUTION ORTHOIMAGERY","SRC_RES":"1-m pixel","SRC_VECT":"APPLIED COASTAL","SRC_RAST":"F2909127SW","DIG_NOTES":" ","REGION":"AB","CONTRACTOR":"APPLIED COASTAL","ORG":"COASTAL PROTECTION AND RESTORATION AUTHORITY OF LOUISIANA (CPRA)","SRC_REG":"USGS","DATAURL":"http://cims.coastal.louisiana.gov/meta_docs/gis_refs/shoreline/BICM2/LA-0226_SHORL_0000000000_2005101520051118_RAC0006.zip","Meta_xml":"http://cims.coastal.louisiana.gov/meta_docs/gis_refs/shoreline/BICM2/Shoreline_Metadata.xml","Meta_html":"http://cims.coastal.louisiana.gov/meta_docs/gis_refs/shoreline/BICM2/Shoreline_Metadata.html","COMMENTS":null,"SHAPE_Length":79.01844434003601,"DSAS_DATE":"10/27/2008","DSAS_UNCER":null,"year":2008}},{"type":"Feature","id":21730,"geometry":{"type":"LineString","coordinates":[[-91.724947,29.562504],[-91.724947,29.562506]]},"properties":{"OBJECTID":21730,"PROGRAM":"STATE","PROJECT":"LOUISIANA BARRIER ISLAND COMPREHENSIVE MONITORING PROGRAM (BICM)","PROJ_ID":"LA-0226","PROD_DATE":"20160926","SHORE_TYPE":"MARSH","SRC_DATE":"20081027","SRC_DATA":"USGS HIGH RESOLUTION ORTHOIMAGERY","SRC_RES":"1-m pixel","SRC_VECT":"APPLIED COASTAL","SRC_RAST":"F2909127NW","DIG_NOTES":" ","REGION":"AB","CONTRACTOR":"APPLIED COASTAL","ORG":"COASTAL PROTECTION AND RESTORATION AUTHORITY OF LOUISIANA (CPRA)","SRC_REG":"USGS","DATAURL":"http://cims.coastal.louisiana.gov/meta_docs/gis_refs/shoreline/BICM2/LA-0226_SHORL_0000000000_2005101520051118_RAC0006.zip","Meta_xml":"http://cims.coastal.louisiana.gov/meta_docs/gis_refs/shoreline/BICM2/Shoreline_Metadata.xml","Meta_html":"http://cims.coastal.louisiana.gov/meta_docs/gis_refs/shoreline/BICM2/Shoreline_Metadata.html","COMMENTS":null,"SHAPE_Length":0.25532681049977635,"DSAS_DATE":"10/27/2008","DSAS_UNCER":null,"year":2008}},{"type":"Feature","id":21731,"geometry":{"type":"LineString","coordinates":[[-91.726653,29.561069],[-91.72719,29.561364],[-91.726933,29.561609],[-91.726975,29.56178],[-91.72648,29.561763],[-91.726234,29.561989],[-91.725121,29.562209],[-91.724947,29.562504]]},"properties":{"OBJECTID":21731,"PROGRAM":"STATE","PROJECT":"LOUISIANA BARRIER ISLAND COMPREHENSIVE MONITORING PROGRAM (BICM)","PROJ_ID":"LA-0226","PROD_DATE":"20160926","SHORE_TYPE":"MARSH","SRC_DATE":"20081027","SRC_DATA":"USGS HIGH RESOLUTION ORTHOIMAGERY","SRC_RES":"1-m pixel","SRC_VECT":"APPLIED COASTAL","SRC_RAST":"F2909127SW","DIG_NOTES":" ","REGION":"AB","CONTRACTOR":"APPLIED COASTAL","ORG":"COASTAL PROTECTION AND RESTORATION AUTHORITY OF LOUISIANA (CPRA)","SRC_REG":"USGS","DATAURL":"http://cims.coastal.louisiana.gov/meta_docs/gis_refs/shoreline/BICM2/LA-0226_SHORL_0000000000_2005101520051118_RAC0006.zip","Meta_xml":"http://cims.coastal.louisiana.gov/meta_docs/gis_refs/shoreline/BICM2/Shoreline_Metadata.xml","Meta_html":"http://cims.coastal.louisiana.gov/meta_docs/gis_refs/shoreline/BICM2/Shoreline_Metadata.html","COMMENTS":null,"SHAPE_Length":394.9634776092288,"DSAS_DATE":"10/27/2008","DSAS_UNCER":null,"year":2008}},{"type":"Feature","id":21732,"geometry":{"type":"LineString","coordinates":[[-91.723321,29.562506],[-91.72332,29.562504]]},"properties":{"OBJECTID":21732,"PROGRAM":"STATE","PROJECT":"LOUISIANA BARRIER ISLAND COMPREHENSIVE MONITORING PROGRAM (BICM)","PROJ_ID":"LA-0226","PROD_DATE":"20160926","SHORE_TYPE":"MARSH","SRC_DATE":"20081027","SRC_DATA":"USGS HIGH RESOLUTION ORTHOIMAGERY","SRC_RES":"1-m pixel","SRC_VECT":"APPLIED COASTAL","SRC_RAST":"F2909127NW","DIG_NOTES":" ","REGION":"AB","CONTRACTOR":"APPLIED COASTAL","ORG":"COASTAL PROTECTION AND RESTORATION AUTHORITY OF LOUISIANA (CPRA)","SRC_REG":"USGS","DATAURL":"http://cims.coastal.louisiana.gov/meta_docs/gis_refs/shoreline/BICM2/LA-0226_SHORL_0000000000_2005101520051118_RAC0006.zip","Meta_xml":"http://cims.coastal.louisiana.gov/meta_docs/gis_refs/shoreline/BICM2/Shoreline_Metadata.xml","Meta_html":"http://cims.coastal.louisiana.gov/meta_docs/gis_refs/shoreline/BICM2/Shoreline_Metadata.html","COMMENTS":null,"SHAPE_Length":0.2498969783310136,"DSAS_DATE":"10/27/2008","DSAS_UNCER":null,"year":2008}},{"type":"Feature","id":21733,"geometry":{"type":"LineString","coordinates":[[-91.72332,29.562504],[-91.723295,29.562341],[-91.723443,29.562302]]},"properties":{"OBJECTID":21733,"PROGRAM":"STATE","PROJECT":"LOUISIANA BARRIER ISLAND COMPREHENSIVE MONITORING PROGRAM (BICM)","PROJ_ID":"LA-0226","PROD_DATE":"20160926","SHORE_TYPE":"MARSH","SRC_DATE":"20081027","SRC_DATA":"USGS HIGH RESOLUTION ORTHOIMAGERY","SRC_RES":"1-m pixel","SRC_VECT":"APPLIED COASTAL","SRC_RAST":"F2909127SW","DIG_NOTES":" ","REGION":"AB","CONTRACTOR":"APPLIED COASTAL","ORG":"COASTAL PROTECTION AND RESTORATION AUTHORITY OF LOUISIANA (CPRA)","SRC_REG":"USGS","DATAURL":"http://cims.coastal.louisiana.gov/meta_docs/gis_refs/shoreline/BICM2/LA-0226_SHORL_0000000000_2005101520051118_RAC0006.zip","Meta_xml":"http://cims.coastal.louisiana.gov/meta_docs/gis_refs/shoreline/BICM2/Shoreline_Metadata.xml","Meta_html":"http://cims.coastal.louisiana.gov/meta_docs/gis_refs/shoreline/BICM2/Shoreline_Metadata.html","COMMENTS":null,"SHAPE_Length":35.19595036148288,"DSAS_DATE":"10/27/2008","DSAS_UNCER":null,"year":2008}},{"type":"Feature","id":21734,"geometry":{"type":"LineString","coordinates":[[-91.723469,29.562188],[-91.72305,29.562135],[-91.722926,29.561754]]},"properties":{"OBJECTID":21734,"PROGRAM":"STATE","PROJECT":"LOUISIANA BARRIER ISLAND COMPREHENSIVE MONITORING PROGRAM (BICM)","PROJ_ID":"LA-0226","PROD_DATE":"20160926","SHORE_TYPE":"MARSH","SRC_DATE":"20081027","SRC_DATA":"USGS HIGH RESOLUTION ORTHOIMAGERY","SRC_RES":"1-m pixel","SRC_VECT":"APPLIED COASTAL","SRC_RAST":"F2909127SW","DIG_NOTES":" ","REGION":"AB","CONTRACTOR":"APPLIED COASTAL","ORG":"COASTAL PROTECTION AND RESTORATION AUTHORITY OF LOUISIANA (CPRA)","SRC_REG":"USGS","DATAURL":"http://cims.coastal.louisiana.gov/meta_docs/gis_refs/shoreline/BICM2/LA-0226_SHORL_0000000000_2005101520051118_RAC0006.zip","Meta_xml":"http://cims.coastal.louisiana.gov/meta_docs/gis_refs/shoreline/BICM2/Shoreline_Metadata.xml","Meta_html":"http://cims.coastal.louisiana.gov/meta_docs/gis_refs/shoreline/BICM2/Shoreline_Metadata.html","COMMENTS":null,"SHAPE_Length":93.35920867753342,"DSAS_DATE":"10/27/2008","DSAS_UNCER":null,"year":2008}},{"type":"Feature","id":21735,"geometry":{"type":"LineString","coordinates":[[-91.721434,29.562504],[-91.721433,29.562506]]},"properties":{"OBJECTID":21735,"PROGRAM":"STATE","PROJECT":"LOUISIANA BARRIER ISLAND COMPREHENSIVE MONITORING PROGRAM (BICM)","PROJ_ID":"LA-0226","PROD_DATE":"20160926","SHORE_TYPE":"MARSH","SRC_DATE":"20081027","SRC_DATA":"USGS HIGH RESOLUTION ORTHOIMAGERY","SRC_RES":"1-m pixel","SRC_VECT":"APPLIED COASTAL","SRC_RAST":"F2909127NW","DIG_NOTES":" ","REGION":"AB","CONTRACTOR":"APPLIED COASTAL","ORG":"COASTAL PROTECTION AND RESTORATION AUTHORITY OF LOUISIANA (CPRA)","SRC_REG":"USGS","DATAURL":"http://cims.coastal.louisiana.gov/meta_docs/gis_refs/shoreline/BICM2/LA-0226_SHORL_0000000000_2005101520051118_RAC0006.zip","Meta_xml":"http://cims.coastal.louisiana.gov/meta_docs/gis_refs/shoreline/BICM2/Shoreline_Metadata.xml","Meta_html":"http://cims.coastal.louisiana.gov/meta_docs/gis_refs/shoreline/BICM2/Shoreline_Metadata.html","COMMENTS":null,"SHAPE_Length":0.2116031176136766,"DSAS_DATE":"10/27/2008","DSAS_UNCER":null,"year":2008}},{"type":"Feature","id":21736,"geometry":{"type":"LineString","coordinates":[[-91.722795,29.561792],[-91.722717,29.562014],[-91.722637,29.56161],[-91.722218,29.561664],[-91.722155,29.56126],[-91.721485,29.561888],[-91.721434,29.562504]]},"properties":{"OBJECTID":21736,"PROGRAM":"STATE","PROJECT":"LOUISIANA BARRIER ISLAND COMPREHENSIVE MONITORING PROGRAM (BICM)","PROJ_ID":"LA-0226","PROD_DATE":"20160926","SHORE_TYPE":"MARSH","SRC_DATE":"20081027","SRC_DATA":"USGS HIGH RESOLUTION ORTHOIMAGERY","SRC_RES":"1-m pixel","SRC_VECT":"APPLIED COASTAL","SRC_RAST":"F2909127SW","DIG_NOTES":" ","REGION":"AB","CONTRACTOR":"APPLIED COASTAL","ORG":"COASTAL PROTECTION AND RESTORATION AUTHORITY OF LOUISIANA (CPRA)","SRC_REG":"USGS","DATAURL":"http://cims.coastal.louisiana.gov/meta_docs/gis_refs/shoreline/BICM2/LA-0226_SHORL_0000000000_2005101520051118_RAC0006.zip","Meta_xml":"http://cims.coastal.louisiana.gov/meta_docs/gis_refs/shoreline/BICM2/Shoreline_Metadata.xml","Meta_html":"http://cims.coastal.louisiana.gov/meta_docs/gis_refs/shoreline/BICM2/Shoreline_Metadata.html","COMMENTS":null,"SHAPE_Length":356.5553148345248,"DSAS_DATE":"10/27/2008","DSAS_UNCER":null,"year":2008}},{"type":"Feature","id":21737,"geometry":{"type":"LineString","coordinates":[[-91.721125,29.562506],[-91.721124,29.562504]]},"properties":{"OBJECTID":21737,"PROGRAM":"STATE","PROJECT":"LOUISIANA BARRIER ISLAND COMPREHENSIVE MONITORING PROGRAM (BICM)","PROJ_ID":"LA-0226","PROD_DATE":"20160926","SHORE_TYPE":"MARSH","SRC_DATE":"20081027","SRC_DATA":"USGS HIGH RESOLUTION ORTHOIMAGERY","SRC_RES":"1-m pixel","SRC_VECT":"APPLIED COASTAL","SRC_RAST":"F2909127NW","DIG_NOTES":" ","REGION":"AB","CONTRACTOR":"APPLIED COASTAL","ORG":"COASTAL PROTECTION AND RESTORATION AUTHORITY OF LOUISIANA (CPRA)","SRC_REG":"USGS","DATAURL":"http://cims.coastal.louisiana.gov/meta_docs/gis_refs/shoreline/BICM2/LA-0226_SHORL_0000000000_2005101520051118_RAC0006.zip","Meta_xml":"http://cims.coastal.louisiana.gov/meta_docs/gis_refs/shoreline/BICM2/Shoreline_Metadata.xml","Meta_html":"http://cims.coastal.louisiana.gov/meta_docs/gis_refs/shoreline/BICM2/Shoreline_Metadata.html","COMMENTS":null,"SHAPE_Length":0.20886562622584753,"DSAS_DATE":"10/27/2008","DSAS_UNCER":null,"year":2008}},{"type":"Feature","id":21738,"geometry":{"type":"LineString","coordinates":[[-91.721124,29.562504],[-91.721102,29.562241]]},"properties":{"OBJECTID":21738,"PROGRAM":"STATE","PROJECT":"LOUISIANA BARRIER ISLAND COMPREHENSIVE MONITORING PROGRAM (BICM)","PROJ_ID":"LA-0226","PROD_DATE":"20160926","SHORE_TYPE":"MARSH","SRC_DATE":"20081027","SRC_DATA":"USGS HIGH RESOLUTION ORTHOIMAGERY","SRC_RES":"1-m pixel","SRC_VECT":"APPLIED COASTAL","SRC_RAST":"F2909127SW","DIG_NOTES":" ","REGION":"AB","CONTRACTOR":"APPLIED COASTAL","ORG":"COASTAL PROTECTION AND RESTORATION AUTHORITY OF LOUISIANA (CPRA)","SRC_REG":"USGS","DATAURL":"http://cims.coastal.louisiana.gov/meta_docs/gis_refs/shoreline/BICM2/LA-0226_SHORL_0000000000_2005101520051118_RAC0006.zip","Meta_xml":"http://cims.coastal.louisiana.gov/meta_docs/gis_refs/shoreline/BICM2/Shoreline_Metadata.xml","Meta_html":"http://cims.coastal.louisiana.gov/meta_docs/gis_refs/shoreline/BICM2/Shoreline_Metadata.html","COMMENTS":null,"SHAPE_Length":29.327058118876536,"DSAS_DATE":"10/27/2008","DSAS_UNCER":null,"year":2008}},{"type":"Feature","id":21739,"geometry":{"type":"LineString","coordinates":[[-91.709653,29.562506],[-91.709648,29.562503]]},"properties":{"OBJECTID":21739,"PROGRAM":"STATE","PROJECT":"LOUISIANA BARRIER ISLAND COMPREHENSIVE MONITORING PROGRAM (BICM)","PROJ_ID":"LA-0226","PROD_DATE":"20160926","SHORE_TYPE":"MARSH","SRC_DATE":"20081027","SRC_DATA":"USGS HIGH RESOLUTION ORTHOIMAGERY","SRC_RES":"1-m pixel","SRC_VECT":"APPLIED COASTAL","SRC_RAST":"F2909127NW","DIG_NOTES":" ","REGION":"AB","CONTRACTOR":"APPLIED COASTAL","ORG":"COASTAL PROTECTION AND RESTORATION AUTHORITY OF LOUISIANA (CPRA)","SRC_REG":"USGS","DATAURL":"http://cims.coastal.louisiana.gov/meta_docs/gis_refs/shoreline/BICM2/LA-0226_SHORL_0000000000_2005101520051118_RAC0006.zip","Meta_xml":"http://cims.coastal.louisiana.gov/meta_docs/gis_refs/shoreline/BICM2/Shoreline_Metadata.xml","Meta_html":"http://cims.coastal.louisiana.gov/meta_docs/gis_refs/shoreline/BICM2/Shoreline_Metadata.html","COMMENTS":null,"SHAPE_Length":0.5320949638361662,"DSAS_DATE":"10/27/2008","DSAS_UNCER":null,"year":2008}},{"type":"Feature","id":21740,"geometry":{"type":"LineString","coordinates":[[-91.709648,29.562503],[-91.70914,29.562115],[-91.709314,29.562023],[-91.709121,29.561787],[-91.709146,29.561565],[-91.709495,29.561304],[-91.709258,29.561114],[-91.709336,29.560839],[-91.709868,29.56073],[-91.710417,29.560163],[-91.710467,29.559705],[-91.7103,29.559408],[-91.710842,29.559406],[-91.710535,29.559033],[-91.711339,29.559259],[-91.711446,29.559656],[-91.711795,29.559686],[-91.712772,29.559095],[-91.713711,29.557931],[-91.713918,29.557136],[-91.713611,29.556816],[-91.713112,29.556756],[-91.71298,29.556405],[-91.713705,29.556251]]},"properties":{"OBJECTID":21740,"PROGRAM":"STATE","PROJECT":"LOUISIANA BARRIER ISLAND COMPREHENSIVE MONITORING PROGRAM (BICM)","PROJ_ID":"LA-0226","PROD_DATE":"20160926","SHORE_TYPE":"MARSH","SRC_DATE":"20081027","SRC_DATA":"USGS HIGH RESOLUTION ORTHOIMAGERY","SRC_RES":"1-m pixel","SRC_VECT":"APPLIED COASTAL","SRC_RAST":"F2909127SW","DIG_NOTES":" ","REGION":"AB","CONTRACTOR":"APPLIED COASTAL","ORG":"COASTAL PROTECTION AND RESTORATION AUTHORITY OF LOUISIANA (CPRA)","SRC_REG":"USGS","DATAURL":"http://cims.coastal.louisiana.gov/meta_docs/gis_refs/shoreline/BICM2/LA-0226_SHORL_0000000000_2005101520051118_RAC0006.zip","Meta_xml":"http://cims.coastal.louisiana.gov/meta_docs/gis_refs/shoreline/BICM2/Shoreline_Metadata.xml","Meta_html":"http://cims.coastal.louisiana.gov/meta_docs/gis_refs/shoreline/BICM2/Shoreline_Metadata.html","COMMENTS":null,"SHAPE_Length":1416.2899411836256,"DSAS_DATE":"10/27/2008","DSAS_UNCER":null,"year":2008}},{"type":"Feature","id":21804,"geometry":{"type":"LineString","coordinates":[[-91.856338,29.500003],[-91.85634,29.500006]]},"properties":{"OBJECTID":21804,"PROGRAM":"STATE","PROJECT":"LOUISIANA BARRIER ISLAND COMPREHENSIVE MONITORING PROGRAM (BICM)","PROJ_ID":"LA-0226","PROD_DATE":"20160926","SHORE_TYPE":"MIXED","SRC_DATE":"20081027","SRC_DATA":"USGS HIGH RESOLUTION ORTHOIMAGERY","SRC_RES":"1-m pixel","SRC_VECT":"APPLIED COASTAL","SRC_RAST":"F2909126SW","DIG_NOTES":" ","REGION":"AB","CONTRACTOR":"APPLIED COASTAL","ORG":"COASTAL PROTECTION AND RESTORATION AUTHORITY OF LOUISIANA (CPRA)","SRC_REG":"USGS","DATAURL":"http://cims.coastal.louisiana.gov/meta_docs/gis_refs/shoreline/BICM2/LA-0226_SHORL_0000000000_2005101520051118_RAC0006.zip","Meta_xml":"http://cims.coastal.louisiana.gov/meta_docs/gis_refs/shoreline/BICM2/Shoreline_Metadata.xml","Meta_html":"http://cims.coastal.louisiana.gov/meta_docs/gis_refs/shoreline/BICM2/Shoreline_Metadata.html","COMMENTS":null,"SHAPE_Length":0.37829196532190845,"DSAS_DATE":"10/27/2008","DSAS_UNCER":null,"year":2008}},{"type":"Feature","id":21805,"geometry":{"type":"LineString","coordinates":[[-91.822408,29.478167],[-91.821827,29.477567],[-91.822053,29.477168],[-91.823798,29.477085],[-91.824138,29.477303],[-91.824235,29.477036],[-91.824585,29.47691],[-91.824825,29.477253],[-91.825108,29.47708],[-91.825009,29.47687],[-91.82515,29.476755],[-91.826573,29.477609],[-91.826935,29.478095],[-91.827273,29.478008],[-91.828028,29.478358],[-91.828238,29.478949],[-91.82874,29.478881],[-91.829113,29.479261],[-91.829243,29.479222],[-91.829452,29.479565],[-91.830424,29.479686],[-91.831361,29.479348],[-91.832085,29.480147],[-91.83262,29.480098],[-91.832717,29.479954],[-91.833035,29.480277],[-91.833777,29.480275],[-91.8343,29.480082],[-91.834343,29.479843],[-91.83501,29.48027],[-91.835436,29.480259],[-91.835567,29.48023],[-91.83552,29.479542],[-91.836009,29.479283],[-91.836315,29.479291],[-91.836818,29.479575],[-91.836755,29.480015],[-91.836996,29.480176],[-91.837608,29.48026],[-91.837813,29.479963],[-91.837815,29.480288],[-91.838853,29.480446],[-91.840106,29.480107],[-91.840421,29.4798],[-91.840277,29.479438],[-91.840712,29.479054],[-91.840963,29.479111],[-91.841093,29.478977],[-91.841323,29.47909],[-91.841369,29.479501],[-91.841544,29.479548],[-91.841906,29.479415],[-91.842282,29.479582],[-91.843356,29.479577],[-91.843765,29.479331],[-91.843827,29.479576],[-91.844151,29.479666],[-91.844308,29.479574],[-91.844332,29.479245],[-91.84478,29.479793],[-91.846194,29.479673],[-91.847352,29.480753],[-91.847888,29.481431],[-91.847881,29.481828],[-91.848222,29.482003],[-91.848329,29.482293],[-91.848608,29.482269],[-91.848688,29.482505],[-91.849001,29.48229],[-91.849124,29.482366],[-91.849109,29.48287],[-91.848734,29.483093],[-91.84897,29.483008],[-91.849084,29.48326],[-91.848701,29.483475],[-91.848575,29.484331],[-91.848826,29.485568],[-91.849122,29.485551],[-91.849107,29.485956],[-91.8493,29.486154],[-91.8495,29.486031],[-91.849633,29.486412],[-91.849391,29.486856],[-91.849531,29.486917],[-91.849396,29.487743],[-91.849695,29.488223],[-91.849513,29.488445],[-91.849506,29.488796],[-91.85043,29.490213],[-91.851067,29.490234],[-91.850877,29.490647],[-91.851238,29.491196],[-91.85186,29.491606],[-91.851699,29.492447],[-91.852096,29.493224],[-91.851975,29.493469],[-91.852291,29.493819],[-91.852179,29.494049],[-91.852398,29.494331],[-91.85233,29.494659],[-91.852946,29.495474],[-91.852885,29.495627],[-91.8532,29.495763],[-91.853308,29.496305],[-91.853895,29.496769],[-91.854081,29.497158],[-91.855325,29.497985],[-91.855729,29.498427],[-91.85588,29.498992],[-91.856282,29.499043],[-91.856338,29.500003]]},"properties":{"OBJECTID":21805,"PROGRAM":"STATE","PROJECT":"LOUISIANA BARRIER ISLAND COMPREHENSIVE MONITORING PROGRAM (BICM)","PROJ_ID":"LA-0226","PROD_DATE":"20160926","SHORE_TYPE":"MIXED","SRC_DATE":"20081027","SRC_DATA":"USGS HIGH RESOLUTION ORTHOIMAGERY","SRC_RES":"1-m pixel","SRC_VECT":"APPLIED COASTAL","SRC_RAST":"F2909134NW","DIG_NOTES":" ","REGION":"AB","CONTRACTOR":"APPLIED COASTAL","ORG":"COASTAL PROTECTION AND RESTORATION AUTHORITY OF LOUISIANA (CPRA)","SRC_REG":"USGS","DATAURL":"http://cims.coastal.louisiana.gov/meta_docs/gis_refs/shoreline/BICM2/LA-0226_SHORL_0000000000_2005101520051118_RAC0006.zip","Meta_xml":"http://cims.coastal.louisiana.gov/meta_docs/gis_refs/shoreline/BICM2/Shoreline_Metadata.xml","Meta_html":"http://cims.coastal.louisiana.gov/meta_docs/gis_refs/shoreline/BICM2/Shoreline_Metadata.html","COMMENTS":null,"SHAPE_Length":6823.369517753556,"DSAS_DATE":"10/27/2008","DSAS_UNCER":null,"year":2008}},{"type":"Feature","id":21806,"geometry":{"type":"LineString","coordinates":[[-91.821841,29.478321],[-91.82116,29.477321],[-91.820612,29.476913],[-91.820373,29.477009],[-91.820374,29.4772],[-91.819537,29.477986],[-91.819484,29.478244],[-91.819201,29.478303],[-91.819245,29.478541],[-91.819017,29.478657],[-91.818942,29.479067],[-91.818388,29.479604],[-91.817942,29.479806],[-91.817922,29.480131],[-91.81766,29.48017],[-91.817334,29.480553],[-91.817324,29.480687],[-91.81751,29.480658],[-91.817806,29.480993],[-91.817742,29.48127],[-91.816556,29.482038],[-91.815641,29.482387],[-91.815381,29.482846],[-91.814456,29.483404],[-91.813096,29.484163],[-91.812506,29.484271]]},"properties":{"OBJECTID":21806,"PROGRAM":"STATE","PROJECT":"LOUISIANA BARRIER ISLAND COMPREHENSIVE MONITORING PROGRAM (BICM)","PROJ_ID":"LA-0226","PROD_DATE":"20160926","SHORE_TYPE":"MIXED","SRC_DATE":"20081027","SRC_DATA":"USGS HIGH RESOLUTION ORTHOIMAGERY","SRC_RES":"1-m pixel","SRC_VECT":"APPLIED COASTAL","SRC_RAST":"F2909134NW","DIG_NOTES":" ","REGION":"AB","CONTRACTOR":"APPLIED COASTAL","ORG":"COASTAL PROTECTION AND RESTORATION AUTHORITY OF LOUISIANA (CPRA)","SRC_REG":"USGS","DATAURL":"http://cims.coastal.louisiana.gov/meta_docs/gis_refs/shoreline/BICM2/LA-0226_SHORL_0000000000_2005101520051118_RAC0006.zip","Meta_xml":"http://cims.coastal.louisiana.gov/meta_docs/gis_refs/shoreline/BICM2/Shoreline_Metadata.xml","Meta_html":"http://cims.coastal.louisiana.gov/meta_docs/gis_refs/shoreline/BICM2/Shoreline_Metadata.html","COMMENTS":null,"SHAPE_Length":1556.727509637091,"DSAS_DATE":"10/27/2008","DSAS_UNCER":null,"year":2008}},{"type":"Feature","id":21807,"geometry":{"type":"LineString","coordinates":[[-91.821513,29.476771],[-91.821217,29.476591],[-91.821084,29.476028],[-91.8214,29.476084],[-91.821508,29.475864],[-91.821234,29.475474],[-91.821463,29.475492],[-91.821615,29.475291],[-91.82133,29.475177],[-91.821251,29.474643],[-91.821502,29.474546],[-91.821477,29.473935],[-91.822837,29.475324],[-91.822794,29.475506],[-91.823101,29.475686],[-91.823014,29.475906],[-91.823627,29.476248],[-91.823444,29.476726],[-91.821699,29.476885],[-91.821513,29.476771]]},"properties":{"OBJECTID":21807,"PROGRAM":"STATE","PROJECT":"LOUISIANA BARRIER ISLAND COMPREHENSIVE MONITORING PROGRAM (BICM)","PROJ_ID":"LA-0226","PROD_DATE":"20160926","SHORE_TYPE":"MIXED","SRC_DATE":"20081027","SRC_DATA":"USGS HIGH RESOLUTION ORTHOIMAGERY","SRC_RES":"1-m pixel","SRC_VECT":"APPLIED COASTAL","SRC_RAST":"F2909134NW","DIG_NOTES":" ","REGION":"AB","CONTRACTOR":"APPLIED COASTAL","ORG":"COASTAL PROTECTION AND RESTORATION AUTHORITY OF LOUISIANA (CPRA)","SRC_REG":"USGS","DATAURL":"http://cims.coastal.louisiana.gov/meta_docs/gis_refs/shoreline/BICM2/LA-0226_SHORL_0000000000_2005101520051118_RAC0006.zip","Meta_xml":"http://cims.coastal.louisiana.gov/meta_docs/gis_refs/shoreline/BICM2/Shoreline_Metadata.xml","Meta_html":"http://cims.coastal.louisiana.gov/meta_docs/gis_refs/shoreline/BICM2/Shoreline_Metadata.html","COMMENTS":null,"SHAPE_Length":1115.6946055088915,"DSAS_DATE":"10/27/2008","DSAS_UNCER":null,"year":2008}},{"type":"Feature","id":21808,"geometry":{"type":"LineString","coordinates":[[-91.8125,29.484271],[-91.812157,29.48408],[-91.81233,29.483818],[-91.812014,29.483896],[-91.809435,29.4855],[-91.806006,29.486874],[-91.80402,29.487307],[-91.803639,29.487547],[-91.802559,29.487665],[-91.8015,29.487497],[-91.801402,29.487736],[-91.80079,29.48749],[-91.800573,29.487651],[-91.800091,29.487395],[-91.799743,29.487521],[-91.799337,29.487188],[-91.796464,29.486492],[-91.795675,29.48595],[-91.795446,29.485989],[-91.794899,29.485666],[-91.794614,29.485305],[-91.79433,29.485267],[-91.793268,29.484431],[-91.792786,29.484232],[-91.792676,29.483879],[-91.792479,29.483765],[-91.791955,29.483834],[-91.789936,29.483224],[-91.789105,29.483471],[-91.789141,29.484207],[-91.789391,29.484303]]},"properties":{"OBJECTID":21808,"PROGRAM":"STATE","PROJECT":"LOUISIANA BARRIER ISLAND COMPREHENSIVE MONITORING PROGRAM (BICM)","PROJ_ID":"LA-0226","PROD_DATE":"20160926","SHORE_TYPE":"MIXED","SRC_DATE":"20081027","SRC_DATA":"USGS HIGH RESOLUTION ORTHOIMAGERY","SRC_RES":"1-m pixel","SRC_VECT":"APPLIED COASTAL","SRC_RAST":"F2909134NE","DIG_NOTES":" ","REGION":"AB","CONTRACTOR":"APPLIED COASTAL","ORG":"COASTAL PROTECTION AND RESTORATION AUTHORITY OF LOUISIANA (CPRA)","SRC_REG":"USGS","DATAURL":"http://cims.coastal.louisiana.gov/meta_docs/gis_refs/shoreline/BICM2/LA-0226_SHORL_0000000000_2005101520051118_RAC0006.zip","Meta_xml":"http://cims.coastal.louisiana.gov/meta_docs/gis_refs/shoreline/BICM2/Shoreline_Metadata.xml","Meta_html":"http://cims.coastal.louisiana.gov/meta_docs/gis_refs/shoreline/BICM2/Shoreline_Metadata.html","COMMENTS":null,"SHAPE_Length":2887.3236451918588,"DSAS_DATE":"10/27/2008","DSAS_UNCER":null,"year":2008}},{"type":"Feature","id":21809,"geometry":{"type":"LineString","coordinates":[[-91.812506,29.484271],[-91.8125,29.484271]]},"properties":{"OBJECTID":21809,"PROGRAM":"STATE","PROJECT":"LOUISIANA BARRIER ISLAND COMPREHENSIVE MONITORING PROGRAM (BICM)","PROJ_ID":"LA-0226","PROD_DATE":"20160926","SHORE_TYPE":"MIXED","SRC_DATE":"20081027","SRC_DATA":"USGS HIGH RESOLUTION ORTHOIMAGERY","SRC_RES":"1-m pixel","SRC_VECT":"APPLIED COASTAL","SRC_RAST":"F2909134NW","DIG_NOTES":" ","REGION":"AB","CONTRACTOR":"APPLIED COASTAL","ORG":"COASTAL PROTECTION AND RESTORATION AUTHORITY OF LOUISIANA (CPRA)","SRC_REG":"USGS","DATAURL":"http://cims.coastal.louisiana.gov/meta_docs/gis_refs/shoreline/BICM2/LA-0226_SHORL_0000000000_2005101520051118_RAC0006.zip","Meta_xml":"http://cims.coastal.louisiana.gov/meta_docs/gis_refs/shoreline/BICM2/Shoreline_Metadata.xml","Meta_html":"http://cims.coastal.louisiana.gov/meta_docs/gis_refs/shoreline/BICM2/Shoreline_Metadata.html","COMMENTS":null,"SHAPE_Length":0.5868240785516188,"DSAS_DATE":"10/27/2008","DSAS_UNCER":null,"year":2008}},{"type":"Feature","id":21810,"geometry":{"type":"LineString","coordinates":[[-91.788945,29.484245],[-91.788801,29.483864],[-91.788187,29.483188],[-91.788173,29.482558],[-91.784816,29.483439],[-91.78295,29.483512],[-91.782428,29.483915],[-91.782267,29.484488],[-91.781503,29.484472],[-91.78085,29.484904],[-91.780272,29.484877],[-91.779478,29.485538],[-91.778659,29.485465],[-91.778235,29.485848],[-91.778324,29.486192],[-91.778051,29.486212],[-91.778087,29.486756],[-91.776744,29.486617],[-91.77657,29.486761],[-91.775435,29.486727],[-91.774346,29.487313],[-91.773846,29.487849],[-91.773181,29.4881],[-91.772215,29.489124],[-91.771843,29.48904],[-91.770994,29.489587],[-91.768801,29.489709],[-91.768104,29.489969],[-91.767843,29.490323],[-91.768697,29.490874],[-91.768863,29.491303],[-91.768744,29.491552],[-91.76976,29.491758],[-91.770713,29.492739],[-91.771336,29.492899],[-91.771534,29.493137],[-91.771458,29.493309],[-91.772082,29.493785],[-91.771897,29.493871],[-91.772061,29.494033],[-91.772619,29.494184],[-91.773206,29.493704]]},"properties":{"OBJECTID":21810,"PROGRAM":"STATE","PROJECT":"LOUISIANA BARRIER ISLAND COMPREHENSIVE MONITORING PROGRAM (BICM)","PROJ_ID":"LA-0226","PROD_DATE":"20160926","SHORE_TYPE":"MIXED","SRC_DATE":"20081027","SRC_DATA":"USGS HIGH RESOLUTION ORTHOIMAGERY","SRC_RES":"1-m pixel","SRC_VECT":"APPLIED COASTAL","SRC_RAST":"F2909134NE","DIG_NOTES":" ","REGION":"AB","CONTRACTOR":"APPLIED COASTAL","ORG":"COASTAL PROTECTION AND RESTORATION AUTHORITY OF LOUISIANA (CPRA)","SRC_REG":"USGS","DATAURL":"http://cims.coastal.louisiana.gov/meta_docs/gis_refs/shoreline/BICM2/LA-0226_SHORL_0000000000_2005101520051118_RAC0006.zip","Meta_xml":"http://cims.coastal.louisiana.gov/meta_docs/gis_refs/shoreline/BICM2/Shoreline_Metadata.xml","Meta_html":"http://cims.coastal.louisiana.gov/meta_docs/gis_refs/shoreline/BICM2/Shoreline_Metadata.html","COMMENTS":null,"SHAPE_Length":3584.501613400238,"DSAS_DATE":"10/27/2008","DSAS_UNCER":null,"year":2008}},{"type":"Feature","id":21811,"geometry":{"type":"LineString","coordinates":[[-91.773888,29.500004],[-91.77389,29.500006]]},"properties":{"OBJECTID":21811,"PROGRAM":"STATE","PROJECT":"LOUISIANA BARRIER ISLAND COMPREHENSIVE MONITORING PROGRAM (BICM)","PROJ_ID":"LA-0226","PROD_DATE":"20160926","SHORE_TYPE":"MARSH","SRC_DATE":"20081027","SRC_DATA":"USGS HIGH RESOLUTION ORTHOIMAGERY","SRC_RES":"1-m pixel","SRC_VECT":"APPLIED COASTAL","SRC_RAST":"F2909126SE","DIG_NOTES":" ","REGION":"AB","CONTRACTOR":"APPLIED COASTAL","ORG":"COASTAL PROTECTION AND RESTORATION AUTHORITY OF LOUISIANA (CPRA)","SRC_REG":"USGS","DATAURL":"http://cims.coastal.louisiana.gov/meta_docs/gis_refs/shoreline/BICM2/LA-0226_SHORL_0000000000_2005101520051118_RAC0006.zip","Meta_xml":"http://cims.coastal.louisiana.gov/meta_docs/gis_refs/shoreline/BICM2/Shoreline_Metadata.xml","Meta_html":"http://cims.coastal.louisiana.gov/meta_docs/gis_refs/shoreline/BICM2/Shoreline_Metadata.html","COMMENTS":null,"SHAPE_Length":0.33129322448370485,"DSAS_DATE":"10/27/2008","DSAS_UNCER":null,"year":2008}},{"type":"Feature","id":21812,"geometry":{"type":"LineString","coordinates":[[-91.773154,29.494255],[-91.772894,29.494637],[-91.771649,29.494517],[-91.771934,29.494946],[-91.771782,29.495128],[-91.772221,29.495585],[-91.772352,29.495527],[-91.77266,29.49607],[-91.773075,29.496069],[-91.773033,29.496537],[-91.773383,29.496765],[-91.773417,29.497023],[-91.773047,29.497291],[-91.77341,29.497863],[-91.773325,29.498388],[-91.773544,29.498607],[-91.77348,29.498923],[-91.773765,29.499103],[-91.773624,29.49938],[-91.773854,29.499599],[-91.773888,29.500004]]},"properties":{"OBJECTID":21812,"PROGRAM":"STATE","PROJECT":"LOUISIANA BARRIER ISLAND COMPREHENSIVE MONITORING PROGRAM (BICM)","PROJ_ID":"LA-0226","PROD_DATE":"20160926","SHORE_TYPE":"MARSH","SRC_DATE":"20081027","SRC_DATA":"USGS HIGH RESOLUTION ORTHOIMAGERY","SRC_RES":"1-m pixel","SRC_VECT":"APPLIED COASTAL","SRC_RAST":"F2909134NE","DIG_NOTES":" ","REGION":"AB","CONTRACTOR":"APPLIED COASTAL","ORG":"COASTAL PROTECTION AND RESTORATION AUTHORITY OF LOUISIANA (CPRA)","SRC_REG":"USGS","DATAURL":"http://cims.coastal.louisiana.gov/meta_docs/gis_refs/shoreline/BICM2/LA-0226_SHORL_0000000000_2005101520051118_RAC0006.zip","Meta_xml":"http://cims.coastal.louisiana.gov/meta_docs/gis_refs/shoreline/BICM2/Shoreline_Metadata.xml","Meta_html":"http://cims.coastal.louisiana.gov/meta_docs/gis_refs/shoreline/BICM2/Shoreline_Metadata.html","COMMENTS":null,"SHAPE_Length":1059.8295612926531,"DSAS_DATE":"10/27/2008","DSAS_UNCER":null,"year":2008}},{"type":"Feature","id":22336,"geometry":{"type":"LineString","coordinates":[[-92.032305,29.577607],[-92.031536,29.576359],[-92.031274,29.576383],[-92.031107,29.576224],[-92.031058,29.575498],[-92.030566,29.575119],[-92.030466,29.575792],[-92.029921,29.576688],[-92.030019,29.576848],[-92.031358,29.577154],[-92.032305,29.577607]]},"properties":{"OBJECTID":22336,"PROGRAM":"STATE","PROJECT":"LOUISIANA BARRIER ISLAND COMPREHENSIVE MONITORING PROGRAM (BICM)","PROJ_ID":"LA-0226","PROD_DATE":"20160926","SHORE_TYPE":"MIXED","SRC_DATE":"20081026","SRC_DATA":"USGS HIGH RESOLUTION ORTHOIMAGERY","SRC_RES":"1-m pixel","SRC_VECT":"APPLIED COASTAL","SRC_RAST":"F2909232NE","DIG_NOTES":" ","REGION":"AB","CONTRACTOR":"APPLIED COASTAL","ORG":"COASTAL PROTECTION AND RESTORATION AUTHORITY OF LOUISIANA (CPRA)","SRC_REG":"USGS","DATAURL":"http://cims.coastal.louisiana.gov/meta_docs/gis_refs/shoreline/BICM2/LA-0226_SHORL_0000000000_2005101520051118_RAC0006.zip","Meta_xml":"http://cims.coastal.louisiana.gov/meta_docs/gis_refs/shoreline/BICM2/Shoreline_Metadata.xml","Meta_html":"http://cims.coastal.louisiana.gov/meta_docs/gis_refs/shoreline/BICM2/Shoreline_Metadata.html","COMMENTS":null,"SHAPE_Length":833.2746550819625,"DSAS_DATE":"10/26/2008","DSAS_UNCER":null,"year":2008}},{"type":"Feature","id":22337,"geometry":{"type":"LineString","coordinates":[[-92.02692,29.574573],[-92.026726,29.574995],[-92.026399,29.575073],[-92.026276,29.574653],[-92.025203,29.574372],[-92.025059,29.574048]]},"properties":{"OBJECTID":22337,"PROGRAM":"STATE","PROJECT":"LOUISIANA BARRIER ISLAND COMPREHENSIVE MONITORING PROGRAM (BICM)","PROJ_ID":"LA-0226","PROD_DATE":"20160926","SHORE_TYPE":"MARSH","SRC_DATE":"20081026","SRC_DATA":"USGS HIGH RESOLUTION ORTHOIMAGERY","SRC_RES":"1-m pixel","SRC_VECT":"APPLIED COASTAL","SRC_RAST":"F2909232NE","DIG_NOTES":" ","REGION":"AB","CONTRACTOR":"APPLIED COASTAL","ORG":"COASTAL PROTECTION AND RESTORATION AUTHORITY OF LOUISIANA (CPRA)","SRC_REG":"USGS","DATAURL":"http://cims.coastal.louisiana.gov/meta_docs/gis_refs/shoreline/BICM2/LA-0226_SHORL_0000000000_2005101520051118_RAC0006.zip","Meta_xml":"http://cims.coastal.louisiana.gov/meta_docs/gis_refs/shoreline/BICM2/Shoreline_Metadata.xml","Meta_html":"http://cims.coastal.louisiana.gov/meta_docs/gis_refs/shoreline/BICM2/Shoreline_Metadata.html","COMMENTS":null,"SHAPE_Length":299.80512038234707,"DSAS_DATE":"10/26/2008","DSAS_UNCER":null,"year":2008}},{"type":"Feature","id":22338,"geometry":{"type":"LineString","coordinates":[[-92.025051,29.57445],[-92.025339,29.574964],[-92.025165,29.575175],[-92.025191,29.575661],[-92.024744,29.575798],[-92.024217,29.575476],[-92.024241,29.575705],[-92.023608,29.575909],[-92.023488,29.575833],[-92.023595,29.575498],[-92.023463,29.575413],[-92.022994,29.57553],[-92.022632,29.575293],[-92.022904,29.575187],[-92.023109,29.574804],[-92.022713,29.574376]]},"properties":{"OBJECTID":22338,"PROGRAM":"STATE","PROJECT":"LOUISIANA BARRIER ISLAND COMPREHENSIVE MONITORING PROGRAM (BICM)","PROJ_ID":"LA-0226","PROD_DATE":"20160926","SHORE_TYPE":"MARSH","SRC_DATE":"20081026","SRC_DATA":"USGS HIGH RESOLUTION ORTHOIMAGERY","SRC_RES":"1-m pixel","SRC_VECT":"APPLIED COASTAL","SRC_RAST":"F2909232NE","DIG_NOTES":" ","REGION":"AB","CONTRACTOR":"APPLIED COASTAL","ORG":"COASTAL PROTECTION AND RESTORATION AUTHORITY OF LOUISIANA (CPRA)","SRC_REG":"USGS","DATAURL":"http://cims.coastal.louisiana.gov/meta_docs/gis_refs/shoreline/BICM2/LA-0226_SHORL_0000000000_2005101520051118_RAC0006.zip","Meta_xml":"http://cims.coastal.louisiana.gov/meta_docs/gis_refs/shoreline/BICM2/Shoreline_Metadata.xml","Meta_html":"http://cims.coastal.louisiana.gov/meta_docs/gis_refs/shoreline/BICM2/Shoreline_Metadata.html","COMMENTS":null,"SHAPE_Length":675.2971124176316,"DSAS_DATE":"10/26/2008","DSAS_UNCER":null,"year":2008}},{"type":"Feature","id":22339,"geometry":{"type":"LineString","coordinates":[[-92.022695,29.574873],[-92.022312,29.574884],[-92.021709,29.574477],[-92.020501,29.575171]]},"properties":{"OBJECTID":22339,"PROGRAM":"STATE","PROJECT":"LOUISIANA BARRIER ISLAND COMPREHENSIVE MONITORING PROGRAM (BICM)","PROJ_ID":"LA-0226","PROD_DATE":"20160926","SHORE_TYPE":"MARSH","SRC_DATE":"20081026","SRC_DATA":"USGS HIGH RESOLUTION ORTHOIMAGERY","SRC_RES":"1-m pixel","SRC_VECT":"APPLIED COASTAL","SRC_RAST":"F2909232NE","DIG_NOTES":" ","REGION":"AB","CONTRACTOR":"APPLIED COASTAL","ORG":"COASTAL PROTECTION AND RESTORATION AUTHORITY OF LOUISIANA (CPRA)","SRC_REG":"USGS","DATAURL":"http://cims.coastal.louisiana.gov/meta_docs/gis_refs/shoreline/BICM2/LA-0226_SHORL_0000000000_2005101520051118_RAC0006.zip","Meta_xml":"http://cims.coastal.louisiana.gov/meta_docs/gis_refs/shoreline/BICM2/Shoreline_Metadata.xml","Meta_html":"http://cims.coastal.louisiana.gov/meta_docs/gis_refs/shoreline/BICM2/Shoreline_Metadata.html","COMMENTS":null,"SHAPE_Length":270.6619028569055,"DSAS_DATE":"10/26/2008","DSAS_UNCER":null,"year":2008}},{"type":"Feature","id":22340,"geometry":{"type":"LineString","coordinates":[[-92.02066,29.575357],[-92.021192,29.575247],[-92.021447,29.575536],[-92.021107,29.575584],[-92.020943,29.575837],[-92.019962,29.575628],[-92.020139,29.575864],[-92.019956,29.575956]]},"properties":{"OBJECTID":22340,"PROGRAM":"STATE","PROJECT":"LOUISIANA BARRIER ISLAND COMPREHENSIVE MONITORING PROGRAM (BICM)","PROJ_ID":"LA-0226","PROD_DATE":"20160926","SHORE_TYPE":"MARSH","SRC_DATE":"20081026","SRC_DATA":"USGS HIGH RESOLUTION ORTHOIMAGERY","SRC_RES":"1-m pixel","SRC_VECT":"APPLIED COASTAL","SRC_RAST":"F2909232NE","DIG_NOTES":" ","REGION":"AB","CONTRACTOR":"APPLIED COASTAL","ORG":"COASTAL PROTECTION AND RESTORATION AUTHORITY OF LOUISIANA (CPRA)","SRC_REG":"USGS","DATAURL":"http://cims.coastal.louisiana.gov/meta_docs/gis_refs/shoreline/BICM2/LA-0226_SHORL_0000000000_2005101520051118_RAC0006.zip","Meta_xml":"http://cims.coastal.louisiana.gov/meta_docs/gis_refs/shoreline/BICM2/Shoreline_Metadata.xml","Meta_html":"http://cims.coastal.louisiana.gov/meta_docs/gis_refs/shoreline/BICM2/Shoreline_Metadata.html","COMMENTS":null,"SHAPE_Length":345.4309836601973,"DSAS_DATE":"10/26/2008","DSAS_UNCER":null,"year":2008}},{"type":"Feature","id":22341,"geometry":{"type":"LineString","coordinates":[[-92.019921,29.576018],[-92.020001,29.576193],[-92.020385,29.576076],[-92.020438,29.576236],[-92.020282,29.576306],[-92.020701,29.576334],[-92.020468,29.576733]]},"properties":{"OBJECTID":22341,"PROGRAM":"STATE","PROJECT":"LOUISIANA BARRIER ISLAND COMPREHENSIVE MONITORING PROGRAM (BICM)","PROJ_ID":"LA-0226","PROD_DATE":"20160926","SHORE_TYPE":"MARSH","SRC_DATE":"20081026","SRC_DATA":"USGS HIGH RESOLUTION ORTHOIMAGERY","SRC_RES":"1-m pixel","SRC_VECT":"APPLIED COASTAL","SRC_RAST":"F2909232NE","DIG_NOTES":" ","REGION":"AB","CONTRACTOR":"APPLIED COASTAL","ORG":"COASTAL PROTECTION AND RESTORATION AUTHORITY OF LOUISIANA (CPRA)","SRC_REG":"USGS","DATAURL":"http://cims.coastal.louisiana.gov/meta_docs/gis_refs/shoreline/BICM2/LA-0226_SHORL_0000000000_2005101520051118_RAC0006.zip","Meta_xml":"http://cims.coastal.louisiana.gov/meta_docs/gis_refs/shoreline/BICM2/Shoreline_Metadata.xml","Meta_html":"http://cims.coastal.louisiana.gov/meta_docs/gis_refs/shoreline/BICM2/Shoreline_Metadata.html","COMMENTS":null,"SHAPE_Length":203.6497616202394,"DSAS_DATE":"10/26/2008","DSAS_UNCER":null,"year":2008}},{"type":"Feature","id":22342,"geometry":{"type":"LineString","coordinates":[[-92.020643,29.576785],[-92.020791,29.576639],[-92.021255,29.576782],[-92.020944,29.577349],[-92.020097,29.57743],[-92.019845,29.577637],[-92.019573,29.577471],[-92.019431,29.577074]]},"properties":{"OBJECTID":22342,"PROGRAM":"STATE","PROJECT":"LOUISIANA BARRIER ISLAND COMPREHENSIVE MONITORING PROGRAM (BICM)","PROJ_ID":"LA-0226","PROD_DATE":"20160926","SHORE_TYPE":"MARSH","SRC_DATE":"20081026","SRC_DATA":"USGS HIGH RESOLUTION ORTHOIMAGERY","SRC_RES":"1-m pixel","SRC_VECT":"APPLIED COASTAL","SRC_RAST":"F2909232NE","DIG_NOTES":" ","REGION":"AB","CONTRACTOR":"APPLIED COASTAL","ORG":"COASTAL PROTECTION AND RESTORATION AUTHORITY OF LOUISIANA (CPRA)","SRC_REG":"USGS","DATAURL":"http://cims.coastal.louisiana.gov/meta_docs/gis_refs/shoreline/BICM2/LA-0226_SHORL_0000000000_2005101520051118_RAC0006.zip","Meta_xml":"http://cims.coastal.louisiana.gov/meta_docs/gis_refs/shoreline/BICM2/Shoreline_Metadata.xml","Meta_html":"http://cims.coastal.louisiana.gov/meta_docs/gis_refs/shoreline/BICM2/Shoreline_Metadata.html","COMMENTS":null,"SHAPE_Length":364.306278641971,"DSAS_DATE":"10/26/2008","DSAS_UNCER":null,"year":2008}},{"type":"Feature","id":22343,"geometry":{"type":"LineString","coordinates":[[-92.019189,29.577465],[-92.019332,29.578037],[-92.01991,29.578233],[-92.019711,29.578425],[-92.020418,29.578299],[-92.020585,29.57855],[-92.020491,29.578765],[-92.020072,29.578881],[-92.01979,29.578531],[-92.019528,29.578502],[-92.018768,29.578621],[-92.018626,29.578217]]},"properties":{"OBJECTID":22343,"PROGRAM":"STATE","PROJECT":"LOUISIANA BARRIER ISLAND COMPREHENSIVE MONITORING PROGRAM (BICM)","PROJ_ID":"LA-0226","PROD_DATE":"20160926","SHORE_TYPE":"MARSH","SRC_DATE":"20081026","SRC_DATA":"USGS HIGH RESOLUTION ORTHOIMAGERY","SRC_RES":"1-m pixel","SRC_VECT":"APPLIED COASTAL","SRC_RAST":"F2909232NE","DIG_NOTES":" ","REGION":"AB","CONTRACTOR":"APPLIED COASTAL","ORG":"COASTAL PROTECTION AND RESTORATION AUTHORITY OF LOUISIANA (CPRA)","SRC_REG":"USGS","DATAURL":"http://cims.coastal.louisiana.gov/meta_docs/gis_refs/shoreline/BICM2/LA-0226_SHORL_0000000000_2005101520051118_RAC0006.zip","Meta_xml":"http://cims.coastal.louisiana.gov/meta_docs/gis_refs/shoreline/BICM2/Shoreline_Metadata.xml","Meta_html":"http://cims.coastal.louisiana.gov/meta_docs/gis_refs/shoreline/BICM2/Shoreline_Metadata.html","COMMENTS":null,"SHAPE_Length":549.5927582320455,"DSAS_DATE":"10/26/2008","DSAS_UNCER":null,"year":2008}},{"type":"Feature","id":22344,"geometry":{"type":"LineString","coordinates":[[-92.017892,29.578213],[-92.017971,29.578388],[-92.017824,29.578565],[-92.017562,29.578581],[-92.017423,29.578765],[-92.01766,29.578902],[-92.017469,29.579071]]},"properties":{"OBJECTID":22344,"PROGRAM":"STATE","PROJECT":"LOUISIANA BARRIER ISLAND COMPREHENSIVE MONITORING PROGRAM (BICM)","PROJ_ID":"LA-0226","PROD_DATE":"20160926","SHORE_TYPE":"MARSH","SRC_DATE":"20081026","SRC_DATA":"USGS HIGH RESOLUTION ORTHOIMAGERY","SRC_RES":"1-m pixel","SRC_VECT":"APPLIED COASTAL","SRC_RAST":"F2909232NE","DIG_NOTES":" ","REGION":"AB","CONTRACTOR":"APPLIED COASTAL","ORG":"COASTAL PROTECTION AND RESTORATION AUTHORITY OF LOUISIANA (CPRA)","SRC_REG":"USGS","DATAURL":"http://cims.coastal.louisiana.gov/meta_docs/gis_refs/shoreline/BICM2/LA-0226_SHORL_0000000000_2005101520051118_RAC0006.zip","Meta_xml":"http://cims.coastal.louisiana.gov/meta_docs/gis_refs/shoreline/BICM2/Shoreline_Metadata.xml","Meta_html":"http://cims.coastal.louisiana.gov/meta_docs/gis_refs/shoreline/BICM2/Shoreline_Metadata.html","COMMENTS":null,"SHAPE_Length":160.8916314473319,"DSAS_DATE":"10/26/2008","DSAS_UNCER":null,"year":2008}},{"type":"Feature","id":22345,"geometry":{"type":"LineString","coordinates":[[-92.017505,29.579132],[-92.017907,29.579145],[-92.017831,29.579573],[-92.018381,29.579524],[-92.018034,29.5799],[-92.018036,29.58016],[-92.018432,29.580624],[-92.018199,29.580931],[-92.017777,29.580566],[-92.017401,29.580606]]},"properties":{"OBJECTID":22345,"PROGRAM":"STATE","PROJECT":"LOUISIANA BARRIER ISLAND COMPREHENSIVE MONITORING PROGRAM (BICM)","PROJ_ID":"LA-0226","PROD_DATE":"20160926","SHORE_TYPE":"MARSH","SRC_DATE":"20081026","SRC_DATA":"USGS HIGH RESOLUTION ORTHOIMAGERY","SRC_RES":"1-m pixel","SRC_VECT":"APPLIED COASTAL","SRC_RAST":"F2909232NE","DIG_NOTES":" ","REGION":"AB","CONTRACTOR":"APPLIED COASTAL","ORG":"COASTAL PROTECTION AND RESTORATION AUTHORITY OF LOUISIANA (CPRA)","SRC_REG":"USGS","DATAURL":"http://cims.coastal.louisiana.gov/meta_docs/gis_refs/shoreline/BICM2/LA-0226_SHORL_0000000000_2005101520051118_RAC0006.zip","Meta_xml":"http://cims.coastal.louisiana.gov/meta_docs/gis_refs/shoreline/BICM2/Shoreline_Metadata.xml","Meta_html":"http://cims.coastal.louisiana.gov/meta_docs/gis_refs/shoreline/BICM2/Shoreline_Metadata.html","COMMENTS":null,"SHAPE_Length":454.7329612916502,"DSAS_DATE":"10/26/2008","DSAS_UNCER":null,"year":2008}},{"type":"Feature","id":22346,"geometry":{"type":"LineString","coordinates":[[-92.017333,29.580813],[-92.017674,29.580949],[-92.017705,29.58159],[-92.017636,29.581805],[-92.01747,29.581782]]},"properties":{"OBJECTID":22346,"PROGRAM":"STATE","PROJECT":"LOUISIANA BARRIER ISLAND COMPREHENSIVE MONITORING PROGRAM (BICM)","PROJ_ID":"LA-0226","PROD_DATE":"20160926","SHORE_TYPE":"MARSH","SRC_DATE":"20081026","SRC_DATA":"USGS HIGH RESOLUTION ORTHOIMAGERY","SRC_RES":"1-m pixel","SRC_VECT":"APPLIED COASTAL","SRC_RAST":"F2909232NE","DIG_NOTES":" ","REGION":"AB","CONTRACTOR":"APPLIED COASTAL","ORG":"COASTAL PROTECTION AND RESTORATION AUTHORITY OF LOUISIANA (CPRA)","SRC_REG":"USGS","DATAURL":"http://cims.coastal.louisiana.gov/meta_docs/gis_refs/shoreline/BICM2/LA-0226_SHORL_0000000000_2005101520051118_RAC0006.zip","Meta_xml":"http://cims.coastal.louisiana.gov/meta_docs/gis_refs/shoreline/BICM2/Shoreline_Metadata.xml","Meta_html":"http://cims.coastal.louisiana.gov/meta_docs/gis_refs/shoreline/BICM2/Shoreline_Metadata.html","COMMENTS":null,"SHAPE_Length":154.76104020201444,"DSAS_DATE":"10/26/2008","DSAS_UNCER":null,"year":2008}},{"type":"Feature","id":22347,"geometry":{"type":"LineString","coordinates":[[-92.017806,29.582277],[-92.018042,29.582322],[-92.018555,29.581876],[-92.018818,29.581997],[-92.018071,29.582719],[-92.018129,29.583528],[-92.017801,29.584072],[-92.017811,29.584347],[-92.017166,29.584519],[-92.016701,29.584323]]},"properties":{"OBJECTID":22347,"PROGRAM":"STATE","PROJECT":"LOUISIANA BARRIER ISLAND COMPREHENSIVE MONITORING PROGRAM (BICM)","PROJ_ID":"LA-0226","PROD_DATE":"20160926","SHORE_TYPE":"MARSH","SRC_DATE":"20081026","SRC_DATA":"USGS HIGH RESOLUTION ORTHOIMAGERY","SRC_RES":"1-m pixel","SRC_VECT":"APPLIED COASTAL","SRC_RAST":"F2909232NE","DIG_NOTES":" ","REGION":"AB","CONTRACTOR":"APPLIED COASTAL","ORG":"COASTAL PROTECTION AND RESTORATION AUTHORITY OF LOUISIANA (CPRA)","SRC_REG":"USGS","DATAURL":"http://cims.coastal.louisiana.gov/meta_docs/gis_refs/shoreline/BICM2/LA-0226_SHORL_0000000000_2005101520051118_RAC0006.zip","Meta_xml":"http://cims.coastal.louisiana.gov/meta_docs/gis_refs/shoreline/BICM2/Shoreline_Metadata.xml","Meta_html":"http://cims.coastal.louisiana.gov/meta_docs/gis_refs/shoreline/BICM2/Shoreline_Metadata.html","COMMENTS":null,"SHAPE_Length":563.7959890035924,"DSAS_DATE":"10/26/2008","DSAS_UNCER":null,"year":2008}},{"type":"Feature","id":22348,"geometry":{"type":"LineString","coordinates":[[-92.016667,29.584476],[-92.017465,29.584823],[-92.017844,29.585386],[-92.018519,29.585627],[-92.018613,29.586535],[-92.016784,29.586278],[-92.016179,29.585929]]},"properties":{"OBJECTID":22348,"PROGRAM":"STATE","PROJECT":"LOUISIANA BARRIER ISLAND COMPREHENSIVE MONITORING PROGRAM (BICM)","PROJ_ID":"LA-0226","PROD_DATE":"20160926","SHORE_TYPE":"MARSH","SRC_DATE":"20081026","SRC_DATA":"USGS HIGH RESOLUTION ORTHOIMAGERY","SRC_RES":"1-m pixel","SRC_VECT":"APPLIED COASTAL","SRC_RAST":"F2909232NE","DIG_NOTES":" ","REGION":"AB","CONTRACTOR":"APPLIED COASTAL","ORG":"COASTAL PROTECTION AND RESTORATION AUTHORITY OF LOUISIANA (CPRA)","SRC_REG":"USGS","DATAURL":"http://cims.coastal.louisiana.gov/meta_docs/gis_refs/shoreline/BICM2/LA-0226_SHORL_0000000000_2005101520051118_RAC0006.zip","Meta_xml":"http://cims.coastal.louisiana.gov/meta_docs/gis_refs/shoreline/BICM2/Shoreline_Metadata.xml","Meta_html":"http://cims.coastal.louisiana.gov/meta_docs/gis_refs/shoreline/BICM2/Shoreline_Metadata.html","COMMENTS":null,"SHAPE_Length":621.4532133032759,"DSAS_DATE":"10/26/2008","DSAS_UNCER":null,"year":2008}},{"type":"Feature","id":22349,"geometry":{"type":"LineString","coordinates":[[-92.016296,29.586395],[-92.017465,29.587359],[-92.018323,29.587606],[-92.018633,29.588208],[-92.018372,29.588408]]},"properties":{"OBJECTID":22349,"PROGRAM":"STATE","PROJECT":"LOUISIANA BARRIER ISLAND COMPREHENSIVE MONITORING PROGRAM (BICM)","PROJ_ID":"LA-0226","PROD_DATE":"20160926","SHORE_TYPE":"MARSH","SRC_DATE":"20081026","SRC_DATA":"USGS HIGH RESOLUTION ORTHOIMAGERY","SRC_RES":"1-m pixel","SRC_VECT":"APPLIED COASTAL","SRC_RAST":"F2909232NE","DIG_NOTES":" ","REGION":"AB","CONTRACTOR":"APPLIED COASTAL","ORG":"COASTAL PROTECTION AND RESTORATION AUTHORITY OF LOUISIANA (CPRA)","SRC_REG":"USGS","DATAURL":"http://cims.coastal.louisiana.gov/meta_docs/gis_refs/shoreline/BICM2/LA-0226_SHORL_0000000000_2005101520051118_RAC0006.zip","Meta_xml":"http://cims.coastal.louisiana.gov/meta_docs/gis_refs/shoreline/BICM2/Shoreline_Metadata.xml","Meta_html":"http://cims.coastal.louisiana.gov/meta_docs/gis_refs/shoreline/BICM2/Shoreline_Metadata.html","COMMENTS":null,"SHAPE_Length":374.5404874546536,"DSAS_DATE":"10/26/2008","DSAS_UNCER":null,"year":2008}},{"type":"Feature","id":22350,"geometry":{"type":"LineString","coordinates":[[-92.018399,29.588472],[-92.018966,29.588423],[-92.019061,29.588209],[-92.019554,29.588749],[-92.018345,29.589542],[-92.017661,29.590554],[-92.01697,29.590496],[-92.015069,29.591041],[-92.014612,29.590631],[-92.014863,29.59037],[-92.014679,29.590279],[-92.014782,29.589973],[-92.014641,29.58976],[-92.014247,29.589663],[-92.013592,29.589788],[-92.01337,29.589262]]},"properties":{"OBJECTID":22350,"PROGRAM":"STATE","PROJECT":"LOUISIANA BARRIER ISLAND COMPREHENSIVE MONITORING PROGRAM (BICM)","PROJ_ID":"LA-0226","PROD_DATE":"20160926","SHORE_TYPE":"MARSH","SRC_DATE":"20081026","SRC_DATA":"USGS HIGH RESOLUTION ORTHOIMAGERY","SRC_RES":"1-m pixel","SRC_VECT":"APPLIED COASTAL","SRC_RAST":"F2909232NE","DIG_NOTES":" ","REGION":"AB","CONTRACTOR":"APPLIED COASTAL","ORG":"COASTAL PROTECTION AND RESTORATION AUTHORITY OF LOUISIANA (CPRA)","SRC_REG":"USGS","DATAURL":"http://cims.coastal.louisiana.gov/meta_docs/gis_refs/shoreline/BICM2/LA-0226_SHORL_0000000000_2005101520051118_RAC0006.zip","Meta_xml":"http://cims.coastal.louisiana.gov/meta_docs/gis_refs/shoreline/BICM2/Shoreline_Metadata.xml","Meta_html":"http://cims.coastal.louisiana.gov/meta_docs/gis_refs/shoreline/BICM2/Shoreline_Metadata.html","COMMENTS":null,"SHAPE_Length":1097.152472336406,"DSAS_DATE":"10/26/2008","DSAS_UNCER":null,"year":2008}},{"type":"Feature","id":22351,"geometry":{"type":"LineString","coordinates":[[-92.013118,29.589459],[-92.013216,29.589802],[-92.013664,29.590144],[-92.013176,29.590314],[-92.012734,29.590928],[-92.012374,29.590678],[-92.012139,29.590717],[-92.011922,29.590978],[-92.012011,29.591199],[-92.011574,29.591171],[-92.01175,29.591414],[-92.011516,29.591629],[-92.010359,29.591162],[-92.010077,29.590888],[-92.010057,29.590483]]},"properties":{"OBJECTID":22351,"PROGRAM":"STATE","PROJECT":"LOUISIANA BARRIER ISLAND COMPREHENSIVE MONITORING PROGRAM (BICM)","PROJ_ID":"LA-0226","PROD_DATE":"20160926","SHORE_TYPE":"MARSH","SRC_DATE":"20081026","SRC_DATA":"USGS HIGH RESOLUTION ORTHOIMAGERY","SRC_RES":"1-m pixel","SRC_VECT":"APPLIED COASTAL","SRC_RAST":"F2909232NE","DIG_NOTES":" ","REGION":"AB","CONTRACTOR":"APPLIED COASTAL","ORG":"COASTAL PROTECTION AND RESTORATION AUTHORITY OF LOUISIANA (CPRA)","SRC_REG":"USGS","DATAURL":"http://cims.coastal.louisiana.gov/meta_docs/gis_refs/shoreline/BICM2/LA-0226_SHORL_0000000000_2005101520051118_RAC0006.zip","Meta_xml":"http://cims.coastal.louisiana.gov/meta_docs/gis_refs/shoreline/BICM2/Shoreline_Metadata.xml","Meta_html":"http://cims.coastal.louisiana.gov/meta_docs/gis_refs/shoreline/BICM2/Shoreline_Metadata.html","COMMENTS":null,"SHAPE_Length":716.1792431198253,"DSAS_DATE":"10/26/2008","DSAS_UNCER":null,"year":2008}},{"type":"Feature","id":22352,"geometry":{"type":"LineString","coordinates":[[-92.009891,29.590477],[-92.009867,29.590836],[-92.010442,29.591772],[-92.009647,29.591899],[-92.009409,29.591548],[-92.009007,29.59152],[-92.008892,29.591322]]},"properties":{"OBJECTID":22352,"PROGRAM":"STATE","PROJECT":"LOUISIANA BARRIER ISLAND COMPREHENSIVE MONITORING PROGRAM (BICM)","PROJ_ID":"LA-0226","PROD_DATE":"20160926","SHORE_TYPE":"MARSH","SRC_DATE":"20081026","SRC_DATA":"USGS HIGH RESOLUTION ORTHOIMAGERY","SRC_RES":"1-m pixel","SRC_VECT":"APPLIED COASTAL","SRC_RAST":"F2909232NE","DIG_NOTES":" ","REGION":"AB","CONTRACTOR":"APPLIED COASTAL","ORG":"COASTAL PROTECTION AND RESTORATION AUTHORITY OF LOUISIANA (CPRA)","SRC_REG":"USGS","DATAURL":"http://cims.coastal.louisiana.gov/meta_docs/gis_refs/shoreline/BICM2/LA-0226_SHORL_0000000000_2005101520051118_RAC0006.zip","Meta_xml":"http://cims.coastal.louisiana.gov/meta_docs/gis_refs/shoreline/BICM2/Shoreline_Metadata.xml","Meta_html":"http://cims.coastal.louisiana.gov/meta_docs/gis_refs/shoreline/BICM2/Shoreline_Metadata.html","COMMENTS":null,"SHAPE_Length":365.8019401005575,"DSAS_DATE":"10/26/2008","DSAS_UNCER":null,"year":2008}},{"type":"Feature","id":22353,"geometry":{"type":"LineString","coordinates":[[-92.008795,29.591307],[-92.008991,29.591803],[-92.008923,29.59217],[-92.008363,29.59205],[-92.008073,29.591731],[-92.008088,29.591456]]},"properties":{"OBJECTID":22353,"PROGRAM":"STATE","PROJECT":"LOUISIANA BARRIER ISLAND COMPREHENSIVE MONITORING PROGRAM (BICM)","PROJ_ID":"LA-0226","PROD_DATE":"20160926","SHORE_TYPE":"MARSH","SRC_DATE":"20081026","SRC_DATA":"USGS HIGH RESOLUTION ORTHOIMAGERY","SRC_RES":"1-m pixel","SRC_VECT":"APPLIED COASTAL","SRC_RAST":"F2909232NE","DIG_NOTES":" ","REGION":"AB","CONTRACTOR":"APPLIED COASTAL","ORG":"COASTAL PROTECTION AND RESTORATION AUTHORITY OF LOUISIANA (CPRA)","SRC_REG":"USGS","DATAURL":"http://cims.coastal.louisiana.gov/meta_docs/gis_refs/shoreline/BICM2/LA-0226_SHORL_0000000000_2005101520051118_RAC0006.zip","Meta_xml":"http://cims.coastal.louisiana.gov/meta_docs/gis_refs/shoreline/BICM2/Shoreline_Metadata.xml","Meta_html":"http://cims.coastal.louisiana.gov/meta_docs/gis_refs/shoreline/BICM2/Shoreline_Metadata.html","COMMENTS":null,"SHAPE_Length":244.66751145883177,"DSAS_DATE":"10/26/2008","DSAS_UNCER":null,"year":2008}},{"type":"Feature","id":22354,"geometry":{"type":"LineString","coordinates":[[-92.007975,29.591464],[-92.007863,29.591724],[-92.008129,29.592227],[-92.008,29.592648],[-92.007503,29.592712],[-92.006688,29.592525]]},"properties":{"OBJECTID":22354,"PROGRAM":"STATE","PROJECT":"LOUISIANA BARRIER ISLAND COMPREHENSIVE MONITORING PROGRAM (BICM)","PROJ_ID":"LA-0226","PROD_DATE":"20160926","SHORE_TYPE":"MARSH","SRC_DATE":"20081026","SRC_DATA":"USGS HIGH RESOLUTION ORTHOIMAGERY","SRC_RES":"1-m pixel","SRC_VECT":"APPLIED COASTAL","SRC_RAST":"F2909232NE","DIG_NOTES":" ","REGION":"AB","CONTRACTOR":"APPLIED COASTAL","ORG":"COASTAL PROTECTION AND RESTORATION AUTHORITY OF LOUISIANA (CPRA)","SRC_REG":"USGS","DATAURL":"http://cims.coastal.louisiana.gov/meta_docs/gis_refs/shoreline/BICM2/LA-0226_SHORL_0000000000_2005101520051118_RAC0006.zip","Meta_xml":"http://cims.coastal.louisiana.gov/meta_docs/gis_refs/shoreline/BICM2/Shoreline_Metadata.xml","Meta_html":"http://cims.coastal.louisiana.gov/meta_docs/gis_refs/shoreline/BICM2/Shoreline_Metadata.html","COMMENTS":null,"SHAPE_Length":274.92695023519235,"DSAS_DATE":"10/26/2008","DSAS_UNCER":null,"year":2008}},{"type":"Feature","id":22355,"geometry":{"type":"LineString","coordinates":[[-92.006752,29.592861],[-92.007487,29.593063],[-92.007088,29.59347],[-92.007342,29.593568],[-92.007352,29.593782],[-92.00696,29.593876],[-92.006823,29.594388],[-92.006413,29.594398],[-92.0063,29.594536],[-92.006193,29.595598],[-92.006561,29.595657],[-92.006667,29.595825],[-92.006546,29.596001],[-92.006127,29.596095],[-92.00636,29.597003],[-92.006027,29.598135],[-92.00618,29.598845]]},"properties":{"OBJECTID":22355,"PROGRAM":"STATE","PROJECT":"LOUISIANA BARRIER ISLAND COMPREHENSIVE MONITORING PROGRAM (BICM)","PROJ_ID":"LA-0226","PROD_DATE":"20160926","SHORE_TYPE":"MARSH","SRC_DATE":"20081026","SRC_DATA":"USGS HIGH RESOLUTION ORTHOIMAGERY","SRC_RES":"1-m pixel","SRC_VECT":"APPLIED COASTAL","SRC_RAST":"F2909232NE","DIG_NOTES":" ","REGION":"AB","CONTRACTOR":"APPLIED COASTAL","ORG":"COASTAL PROTECTION AND RESTORATION AUTHORITY OF LOUISIANA (CPRA)","SRC_REG":"USGS","DATAURL":"http://cims.coastal.louisiana.gov/meta_docs/gis_refs/shoreline/BICM2/LA-0226_SHORL_0000000000_2005101520051118_RAC0006.zip","Meta_xml":"http://cims.coastal.louisiana.gov/meta_docs/gis_refs/shoreline/BICM2/Shoreline_Metadata.xml","Meta_html":"http://cims.coastal.louisiana.gov/meta_docs/gis_refs/shoreline/BICM2/Shoreline_Metadata.html","COMMENTS":null,"SHAPE_Length":954.2266557543353,"DSAS_DATE":"10/26/2008","DSAS_UNCER":null,"year":2008}},{"type":"Feature","id":22356,"geometry":{"type":"LineString","coordinates":[[-92.007546,29.596645],[-92.006707,29.598355],[-92.005914,29.599369]]},"properties":{"OBJECTID":22356,"PROGRAM":"STATE","PROJECT":"LOUISIANA BARRIER ISLAND COMPREHENSIVE MONITORING PROGRAM (BICM)","PROJ_ID":"LA-0226","PROD_DATE":"20160926","SHORE_TYPE":"BEACH","SRC_DATE":"20081026","SRC_DATA":"USGS HIGH RESOLUTION ORTHOIMAGERY","SRC_RES":"1-m pixel","SRC_VECT":"APPLIED COASTAL","SRC_RAST":"F2909232NE","DIG_NOTES":" ","REGION":"AB","CONTRACTOR":"APPLIED COASTAL","ORG":"COASTAL PROTECTION AND RESTORATION AUTHORITY OF LOUISIANA (CPRA)","SRC_REG":"USGS","DATAURL":"http://cims.coastal.louisiana.gov/meta_docs/gis_refs/shoreline/BICM2/LA-0226_SHORL_0000000000_2005101520051118_RAC0006.zip","Meta_xml":"http://cims.coastal.louisiana.gov/meta_docs/gis_refs/shoreline/BICM2/Shoreline_Metadata.xml","Meta_html":"http://cims.coastal.louisiana.gov/meta_docs/gis_refs/shoreline/BICM2/Shoreline_Metadata.html","COMMENTS":null,"SHAPE_Length":351.0812033536364,"DSAS_DATE":"10/26/2008","DSAS_UNCER":null,"year":2008}},{"type":"Feature","id":22357,"geometry":{"type":"LineString","coordinates":[[-92.005635,29.599686],[-92.0058,29.599867],[-92.005649,29.600106],[-92.005804,29.600449],[-92.005536,29.601147],[-92.005588,29.601623],[-92.005115,29.601904],[-92.004899,29.602296],[-92.004937,29.603079],[-92.004576,29.603081],[-92.004229,29.603427],[-92.003455,29.603669],[-92.003086,29.604091],[-92.001744,29.604327],[-92.001017,29.605076],[-92.000006,29.605454]]},"properties":{"OBJECTID":22357,"PROGRAM":"STATE","PROJECT":"LOUISIANA BARRIER ISLAND COMPREHENSIVE MONITORING PROGRAM (BICM)","PROJ_ID":"LA-0226","PROD_DATE":"20160926","SHORE_TYPE":"MARSH","SRC_DATE":"20081026","SRC_DATA":"USGS HIGH RESOLUTION ORTHOIMAGERY","SRC_RES":"1-m pixel","SRC_VECT":"APPLIED COASTAL","SRC_RAST":"F2909232NE","DIG_NOTES":" ","REGION":"AB","CONTRACTOR":"APPLIED COASTAL","ORG":"COASTAL PROTECTION AND RESTORATION AUTHORITY OF LOUISIANA (CPRA)","SRC_REG":"USGS","DATAURL":"http://cims.coastal.louisiana.gov/meta_docs/gis_refs/shoreline/BICM2/LA-0226_SHORL_0000000000_2005101520051118_RAC0006.zip","Meta_xml":"http://cims.coastal.louisiana.gov/meta_docs/gis_refs/shoreline/BICM2/Shoreline_Metadata.xml","Meta_html":"http://cims.coastal.louisiana.gov/meta_docs/gis_refs/shoreline/BICM2/Shoreline_Metadata.html","COMMENTS":null,"SHAPE_Length":1035.9347886468393,"DSAS_DATE":"10/26/2008","DSAS_UNCER":null,"year":2008}},{"type":"Feature","id":22384,"geometry":{"type":"LineString","coordinates":[[-92.029789,29.576499],[-92.028667,29.576006],[-92.027244,29.575632],[-92.027394,29.575153],[-92.027083,29.574429]]},"properties":{"OBJECTID":22384,"PROGRAM":"STATE","PROJECT":"LOUISIANA BARRIER ISLAND COMPREHENSIVE MONITORING PROGRAM (BICM)","PROJ_ID":"LA-0226","PROD_DATE":"20160926","SHORE_TYPE":"MARSH","SRC_DATE":"20081026","SRC_DATA":"USGS HIGH RESOLUTION ORTHOIMAGERY","SRC_RES":"1-m pixel","SRC_VECT":"APPLIED COASTAL","SRC_RAST":"F2909232NE","DIG_NOTES":" ","REGION":"AB","CONTRACTOR":"APPLIED COASTAL","ORG":"COASTAL PROTECTION AND RESTORATION AUTHORITY OF LOUISIANA (CPRA)","SRC_REG":"USGS","DATAURL":"http://cims.coastal.louisiana.gov/meta_docs/gis_refs/shoreline/BICM2/LA-0226_SHORL_0000000000_2005101520051118_RAC0006.zip","Meta_xml":"http://cims.coastal.louisiana.gov/meta_docs/gis_refs/shoreline/BICM2/Shoreline_Metadata.xml","Meta_html":"http://cims.coastal.louisiana.gov/meta_docs/gis_refs/shoreline/BICM2/Shoreline_Metadata.html","COMMENTS":null,"SHAPE_Length":426.54194820895714,"DSAS_DATE":"10/26/2008","DSAS_UNCER":null,"year":2008}},{"type":"Feature","id":22385,"geometry":{"type":"LineString","coordinates":[[-92.005914,29.599369],[-92.005888,29.599595],[-92.005644,29.59965]]},"properties":{"OBJECTID":22385,"PROGRAM":"STATE","PROJECT":"LOUISIANA BARRIER ISLAND COMPREHENSIVE MONITORING PROGRAM (BICM)","PROJ_ID":"LA-0226","PROD_DATE":"20160926","SHORE_TYPE":"MARSH","SRC_DATE":"20081026","SRC_DATA":"USGS HIGH RESOLUTION ORTHOIMAGERY","SRC_RES":"1-m pixel","SRC_VECT":"APPLIED COASTAL","SRC_RAST":"F2909232NE","DIG_NOTES":" ","REGION":"AB","CONTRACTOR":"APPLIED COASTAL","ORG":"COASTAL PROTECTION AND RESTORATION AUTHORITY OF LOUISIANA (CPRA)","SRC_REG":"USGS","DATAURL":"http://cims.coastal.louisiana.gov/meta_docs/gis_refs/shoreline/BICM2/LA-0226_SHORL_0000000000_2005101520051118_RAC0006.zip","Meta_xml":"http://cims.coastal.louisiana.gov/meta_docs/gis_refs/shoreline/BICM2/Shoreline_Metadata.xml","Meta_html":"http://cims.coastal.louisiana.gov/meta_docs/gis_refs/shoreline/BICM2/Shoreline_Metadata.html","COMMENTS":null,"SHAPE_Length":51.43033036834659,"DSAS_DATE":"10/26/2008","DSAS_UNCER":null,"year":2008}},{"type":"Feature","id":22386,"geometry":{"type":"LineString","coordinates":[[-92.016344,29.562506],[-92.017686,29.563478],[-92.023705,29.566742],[-92.02418,29.567183],[-92.024837,29.567462],[-92.025116,29.567331],[-92.02565,29.56745],[-92.025765,29.567755],[-92.025609,29.56784],[-92.02603,29.568074],[-92.026134,29.567936],[-92.026162,29.568278],[-92.026635,29.568474],[-92.026681,29.568803],[-92.027279,29.569227],[-92.027295,29.569105],[-92.027531,29.569127],[-92.02791,29.569507],[-92.027948,29.569965],[-92.02844,29.570329],[-92.028346,29.570642],[-92.028794,29.571068],[-92.028589,29.571121],[-92.028651,29.571258],[-92.029133,29.571454],[-92.029041,29.57192],[-92.030732,29.573836],[-92.030256,29.574564],[-92.030423,29.574724],[-92.030377,29.575595],[-92.029789,29.576499]]},"properties":{"OBJECTID":22386,"PROGRAM":"STATE","PROJECT":"LOUISIANA BARRIER ISLAND COMPREHENSIVE MONITORING PROGRAM (BICM)","PROJ_ID":"LA-0226","PROD_DATE":"20160926","SHORE_TYPE":"MIXED","SRC_DATE":"20081026","SRC_DATA":"USGS HIGH RESOLUTION ORTHOIMAGERY","SRC_RES":"1-m pixel","SRC_VECT":"APPLIED COASTAL","SRC_RAST":"F2909232NE","DIG_NOTES":" ","REGION":"AB","CONTRACTOR":"APPLIED COASTAL","ORG":"COASTAL PROTECTION AND RESTORATION AUTHORITY OF LOUISIANA (CPRA)","SRC_REG":"USGS","DATAURL":"http://cims.coastal.louisiana.gov/meta_docs/gis_refs/shoreline/BICM2/LA-0226_SHORL_0000000000_2005101520051118_RAC0006.zip","Meta_xml":"http://cims.coastal.louisiana.gov/meta_docs/gis_refs/shoreline/BICM2/Shoreline_Metadata.xml","Meta_html":"http://cims.coastal.louisiana.gov/meta_docs/gis_refs/shoreline/BICM2/Shoreline_Metadata.html","COMMENTS":null,"SHAPE_Length":2577.5759952504864,"DSAS_DATE":"10/26/2008","DSAS_UNCER":null,"year":2008}},{"type":"Feature","id":22393,"geometry":{"type":"LineString","coordinates":[[-92.01634,29.562503],[-92.016344,29.562506]]},"properties":{"OBJECTID":22393,"PROGRAM":"STATE","PROJECT":"LOUISIANA BARRIER ISLAND COMPREHENSIVE MONITORING PROGRAM (BICM)","PROJ_ID":"LA-0226","PROD_DATE":"20160926","SHORE_TYPE":"MIXED","SRC_DATE":"20081026","SRC_DATA":"USGS HIGH RESOLUTION ORTHOIMAGERY","SRC_RES":"1-m pixel","SRC_VECT":"APPLIED COASTAL","SRC_RAST":"F2909232NE","DIG_NOTES":" ","REGION":"AB","CONTRACTOR":"APPLIED COASTAL","ORG":"COASTAL PROTECTION AND RESTORATION AUTHORITY OF LOUISIANA (CPRA)","SRC_REG":"USGS","DATAURL":"http://cims.coastal.louisiana.gov/meta_docs/gis_refs/shoreline/BICM2/LA-0226_SHORL_0000000000_2005101520051118_RAC0006.zip","Meta_xml":"http://cims.coastal.louisiana.gov/meta_docs/gis_refs/shoreline/BICM2/Shoreline_Metadata.xml","Meta_html":"http://cims.coastal.louisiana.gov/meta_docs/gis_refs/shoreline/BICM2/Shoreline_Metadata.html","COMMENTS":null,"SHAPE_Length":0.5463289305997375,"DSAS_DATE":"10/26/2008","DSAS_UNCER":null,"year":2008}},{"type":"Feature","id":22394,"geometry":{"type":"LineString","coordinates":[[-92.000006,29.554635],[-92.003787,29.555601],[-92.006044,29.557316],[-92.008034,29.558391],[-92.011312,29.559817],[-92.01478,29.561014],[-92.01634,29.562503]]},"properties":{"OBJECTID":22394,"PROGRAM":"STATE","PROJECT":"LOUISIANA BARRIER ISLAND COMPREHENSIVE MONITORING PROGRAM (BICM)","PROJ_ID":"LA-0226","PROD_DATE":"20160926","SHORE_TYPE":"MIXED","SRC_DATE":"20081026","SRC_DATA":"USGS HIGH RESOLUTION ORTHOIMAGERY","SRC_RES":"1-m pixel","SRC_VECT":"APPLIED COASTAL","SRC_RAST":"F2909232SE","DIG_NOTES":" ","REGION":"AB","CONTRACTOR":"APPLIED COASTAL","ORG":"COASTAL PROTECTION AND RESTORATION AUTHORITY OF LOUISIANA (CPRA)","SRC_REG":"USGS","DATAURL":"http://cims.coastal.louisiana.gov/meta_docs/gis_refs/shoreline/BICM2/LA-0226_SHORL_0000000000_2005101520051118_RAC0006.zip","Meta_xml":"http://cims.coastal.louisiana.gov/meta_docs/gis_refs/shoreline/BICM2/Shoreline_Metadata.xml","Meta_html":"http://cims.coastal.louisiana.gov/meta_docs/gis_refs/shoreline/BICM2/Shoreline_Metadata.html","COMMENTS":null,"SHAPE_Length":1842.1757752418957,"DSAS_DATE":"10/26/2008","DSAS_UNCER":null,"year":2008}},{"type":"Feature","id":23219,"geometry":{"type":"LineString","coordinates":[[-91.940929,29.531433],[-91.941009,29.531028],[-91.94117,29.531125]]},"properties":{"OBJECTID":23219,"PROGRAM":"STATE","PROJECT":"LOUISIANA BARRIER ISLAND COMPREHENSIVE MONITORING PROGRAM (BICM)","PROJ_ID":"LA-0226","PROD_DATE":"20160926","SHORE_TYPE":"MIXED","SRC_DATE":"20081026","SRC_DATA":"USGS HIGH RESOLUTION ORTHOIMAGERY","SRC_RES":"1-m pixel","SRC_VECT":"APPLIED COASTAL","SRC_RAST":"F2909125SW","DIG_NOTES":" ","REGION":"AB","CONTRACTOR":"APPLIED COASTAL","ORG":"COASTAL PROTECTION AND RESTORATION AUTHORITY OF LOUISIANA (CPRA)","SRC_REG":"USGS","DATAURL":"http://cims.coastal.louisiana.gov/meta_docs/gis_refs/shoreline/BICM2/LA-0226_SHORL_0000000000_2005101520051118_RAC0006.zip","Meta_xml":"http://cims.coastal.louisiana.gov/meta_docs/gis_refs/shoreline/BICM2/Shoreline_Metadata.xml","Meta_html":"http://cims.coastal.louisiana.gov/meta_docs/gis_refs/shoreline/BICM2/Shoreline_Metadata.html","COMMENTS":null,"SHAPE_Length":83.21420308504501,"DSAS_DATE":"10/26/2008","DSAS_UNCER":null,"year":2008}},{"type":"Feature","id":23220,"geometry":{"type":"LineString","coordinates":[[-91.941209,29.819313],[-91.940787,29.819444],[-91.939075,29.818765],[-91.938468,29.818032],[-91.938366,29.817384],[-91.9381,29.816965],[-91.937804,29.816823],[-91.937506,29.816895]]},"properties":{"OBJECTID":23220,"PROGRAM":"STATE","PROJECT":"LOUISIANA BARRIER ISLAND COMPREHENSIVE MONITORING PROGRAM (BICM)","PROJ_ID":"LA-0226","PROD_DATE":"20160926","SHORE_TYPE":"MARSH","SRC_DATE":"20081027","SRC_DATA":"USGS HIGH RESOLUTION ORTHOIMAGERY","SRC_RES":"1-m pixel","SRC_VECT":"APPLIED COASTAL","SRC_RAST":"F2909109NW","DIG_NOTES":" ","REGION":"AB","CONTRACTOR":"APPLIED COASTAL","ORG":"COASTAL PROTECTION AND RESTORATION AUTHORITY OF LOUISIANA (CPRA)","SRC_REG":"USGS","DATAURL":"http://cims.coastal.louisiana.gov/meta_docs/gis_refs/shoreline/BICM2/LA-0226_SHORL_0000000000_2005101520051118_RAC0006.zip","Meta_xml":"http://cims.coastal.louisiana.gov/meta_docs/gis_refs/shoreline/BICM2/Shoreline_Metadata.xml","Meta_html":"http://cims.coastal.louisiana.gov/meta_docs/gis_refs/shoreline/BICM2/Shoreline_Metadata.html","COMMENTS":null,"SHAPE_Length":529.5480211159656,"DSAS_DATE":"10/27/2008","DSAS_UNCER":null,"year":2008}},{"type":"Feature","id":23221,"geometry":{"type":"LineString","coordinates":[[-91.94078,29.609032],[-91.939191,29.609016],[-91.938328,29.609433],[-91.93817,29.609304],[-91.938368,29.608921],[-91.938874,29.608689]]},"properties":{"OBJECTID":23221,"PROGRAM":"STATE","PROJECT":"LOUISIANA BARRIER ISLAND COMPREHENSIVE MONITORING PROGRAM (BICM)","PROJ_ID":"LA-0226","PROD_DATE":"20160926","SHORE_TYPE":"MARSH","SRC_DATE":"20081027","SRC_DATA":"USGS HIGH RESOLUTION ORTHOIMAGERY","SRC_RES":"1-m pixel","SRC_VECT":"APPLIED COASTAL","SRC_RAST":"F2909125NW","DIG_NOTES":" ","REGION":"AB","CONTRACTOR":"APPLIED COASTAL","ORG":"COASTAL PROTECTION AND RESTORATION AUTHORITY OF LOUISIANA (CPRA)","SRC_REG":"USGS","DATAURL":"http://cims.coastal.louisiana.gov/meta_docs/gis_refs/shoreline/BICM2/LA-0226_SHORL_0000000000_2005101520051118_RAC0006.zip","Meta_xml":"http://cims.coastal.louisiana.gov/meta_docs/gis_refs/shoreline/BICM2/Shoreline_Metadata.xml","Meta_html":"http://cims.coastal.louisiana.gov/meta_docs/gis_refs/shoreline/BICM2/Shoreline_Metadata.html","COMMENTS":null,"SHAPE_Length":389.3071667970442,"DSAS_DATE":"10/27/2008","DSAS_UNCER":null,"year":2008}}],"_harvest":{"tool":"tools/gis-harvest.mjs","harvestedAt":"2026-08-02T18:39:41.254Z","sourceUrl":"https://cimsgeo3.coastal.louisiana.gov/arcgis/rest/services/lasard/shoreline/MapServer/0/query","dateWindow":"SRC_DATE>='20080101' AND SRC_DATE<='20081231'","envelopeFilterWGS84":[-92.05002183554372,29.357702082864506,-91.22163264746506,30.123086027489265],"coordPrecisionDecimals":6,"simplifyToleranceDegrees":0.0001,"envelopeMatchCount":587,"parishClippedCount":271,"attribution":"Louisiana CPRA / LSU LaSARD (BICM program) -- attribution wording pending confirmation with CPRA/LSU (see data/gis/sources.json openQuestions.cpra-cims-terms-of-use)"}}