{"type":"FeatureCollection","features":[{"type":"Feature","id":1032,"geometry":{"type":"MultiLineString","coordinates":[[[-91.81938,29.474351],[-91.820227,29.473161],[-91.821165,29.473806],[-91.822531,29.47587],[-91.823004,29.476087],[-91.824698,29.476032],[-91.825415,29.476261],[-91.827444,29.477668],[-91.828551,29.477851],[-91.829901,29.477783],[-91.830496,29.477972],[-91.831183,29.478452],[-91.832091,29.478446],[-91.833174,29.478158],[-91.833548,29.478214],[-91.834128,29.478595],[-91.836073,29.478387],[-91.836615,29.478517],[-91.838477,29.478487],[-91.840826,29.477878],[-91.84561,29.478389],[-91.846022,29.478845],[-91.846228,29.479496],[-91.848135,29.481803],[-91.848601,29.482069],[-91.848334,29.482439],[-91.84854,29.482809],[-91.848189,29.483406],[-91.848303,29.484809],[-91.849295,29.485601],[-91.848837,29.486669],[-91.849417,29.488323],[-91.84944,29.48896],[-91.850874,29.490356],[-91.851523,29.490543],[-91.85121,29.491657],[-91.851508,29.491947],[-91.851241,29.492393],[-91.851767,29.492877],[-91.851553,29.493249],[-91.851996,29.493663],[-91.85192,29.494432],[-91.852621,29.494634],[-91.853041,29.495756],[-91.854422,29.496826],[-91.854529,29.497552],[-91.855383,29.498092],[-91.855933,29.499067],[-91.8571,29.499723],[-91.857558,29.500253],[-91.858176,29.500618],[-91.859076,29.500906],[-91.859686,29.501361],[-91.859793,29.501627],[-91.860884,29.502313],[-91.861456,29.502103],[-91.861983,29.502174],[-91.862189,29.502393],[-91.864699,29.502788],[-91.865904,29.502779],[-91.867834,29.502483],[-91.868613,29.502727],[-91.868986,29.502578],[-91.869284,29.501909],[-91.869551,29.501861],[-91.870032,29.502067],[-91.870207,29.502939],[-91.870985,29.502666],[-91.871832,29.502615],[-91.872542,29.502935],[-91.874037,29.502925],[-91.875014,29.502563],[-91.876791,29.502845],[-91.87744,29.502737],[-91.879439,29.501564],[-91.880316,29.501352],[-91.881125,29.500856],[-91.882399,29.500833],[-91.882681,29.500993],[-91.882742,29.501556],[-91.883742,29.502924],[-91.885603,29.50476],[-91.88748,29.507101],[-91.889113,29.507917],[-91.891676,29.508535],[-91.893164,29.5095],[-91.894163,29.509506],[-91.894774,29.509695],[-91.896208,29.510557],[-91.896216,29.511076],[-91.897673,29.512649],[-91.899031,29.513408],[-91.900206,29.513473],[-91.900298,29.514139],[-91.901251,29.514961],[-91.901686,29.515638],[-91.902708,29.516103],[-91.904242,29.517335],[-91.905249,29.517934],[-91.906897,29.518188],[-91.909132,29.518215],[-91.911993,29.51815],[-91.913077,29.517889],[-91.914076,29.517881],[-91.914938,29.518081],[-91.915381,29.518569],[-91.91796,29.520088],[-91.918799,29.521028],[-91.921805,29.52284],[-91.922957,29.523054],[-91.924849,29.522728],[-91.925772,29.522264],[-91.926337,29.522363],[-91.926726,29.522672],[-91.928084,29.522764],[-91.928908,29.523395],[-91.929198,29.524206],[-91.930273,29.524864],[-91.931189,29.525095],[-91.931715,29.526094],[-91.932608,29.527183],[-91.933852,29.527975],[-91.934447,29.528251],[-91.935919,29.528461],[-91.936362,29.528663],[-91.937666,29.528581],[-91.939116,29.529146],[-91.940222,29.529762],[-91.940825,29.530422],[-91.944533,29.532318],[-91.94525,29.532386],[-91.946097,29.532867],[-91.946722,29.532434],[-91.947028,29.532548],[-91.947173,29.53372],[-91.948187,29.534866],[-91.949431,29.535667],[-91.950827,29.536266],[-91.951292,29.536869],[-91.953772,29.537279],[-91.955702,29.537309],[-91.95722,29.536735],[-91.957732,29.536804],[-91.958037,29.537038],[-91.959135,29.537015],[-91.96028,29.536489],[-91.961913,29.535352],[-91.962317,29.535348],[-91.963126,29.534959],[-91.964995,29.535076],[-91.965437,29.53531],[-91.968825,29.53848],[-91.969527,29.540576],[-91.970511,29.542078],[-91.97106,29.54268],[-91.971861,29.543163],[-91.976218,29.545173],[-91.982893,29.547103],[-91.983443,29.547426],[-91.984274,29.547611],[-91.988379,29.549579],[-91.989447,29.549821],[-91.993185,29.551273],[-91.997504,29.55266],[-91.99977,29.553871],[-92.001845,29.554283],[-92.003905,29.555303],[-92.006941,29.55738],[-92.011031,29.559215],[-92.018591,29.563165],[-92.020071,29.563657],[-92.025999,29.56694],[-92.027083,29.567909],[-92.029158,29.570364],[-92.031424,29.574741],[-92.032141,29.576458],[-92.032675,29.577045],[-92.033675,29.577289],[-92.033865,29.577526],[-92.03282,29.577869],[-92.029982,29.577226],[-92.029845,29.576917],[-92.029883,29.575956],[-92.029662,29.575971],[-92.029509,29.576726],[-92.029166,29.576683],[-92.029082,29.576965],[-92.028777,29.576967],[-92.028349,29.57654],[-92.027777,29.576309],[-92.027014,29.576358],[-92.026823,29.57596],[-92.027014,29.574893],[-92.026503,29.574514],[-92.026572,29.575149],[-92.026343,29.575416],[-92.025763,29.575361],[-92.025656,29.57508],[-92.025961,29.574813],[-92.025908,29.574649],[-92.02571,29.574827],[-92.025282,29.574787],[-92.025092,29.575883],[-92.022993,29.577539],[-92.019659,29.577814],[-92.020193,29.577941],[-92.020262,29.578178],[-92.020979,29.57875],[-92.020354,29.579095],[-92.018607,29.578975],[-92.018736,29.579862],[-92.018515,29.579893],[-92.018492,29.579212],[-92.018233,29.578874],[-92.018126,29.578048],[-92.017714,29.577917],[-92.017218,29.577476],[-92.017485,29.57814],[-92.01779,29.578361],[-92.018011,29.578815],[-92.018011,29.579719],[-92.018744,29.5806],[-92.018446,29.581239],[-92.0185,29.581506],[-92.019194,29.58144],[-92.019072,29.58221],[-92.018378,29.582687],[-92.018561,29.583469],[-92.018515,29.58708],[-92.019713,29.588031],[-92.020079,29.588768],[-92.019316,29.5904],[-92.018752,29.591205],[-92.017371,29.591774],[-92.01319,29.591995],[-92.012053,29.592313],[-92.010062,29.592563],[-92.009573,29.592847],[-92.009207,29.593605],[-92.008841,29.593711],[-92.007956,29.593378],[-92.008116,29.594041],[-92.007368,29.595274],[-92.006262,29.599525],[-92.00614,29.602352],[-92.005743,29.602872],[-92.002196,29.604906],[-92.001517,29.605714],[-91.999754,29.606365],[-91.998442,29.606603],[-91.997557,29.607437],[-91.995673,29.608047],[-91.993582,29.609117],[-91.991911,29.60968],[-91.991286,29.610097],[-91.990294,29.61116],[-91.990149,29.611597],[-91.987112,29.612834],[-91.986792,29.612836],[-91.986891,29.612377],[-91.987677,29.611913],[-91.987723,29.610996],[-91.986983,29.610614],[-91.987021,29.609668],[-91.986754,29.609304],[-91.986746,29.608755],[-91.984312,29.607072],[-91.984305,29.606248],[-91.985098,29.605537],[-91.985335,29.604679],[-91.984595,29.604042],[-91.984587,29.603492],[-91.98416,29.603035],[-91.981512,29.601308],[-91.981245,29.600336],[-91.98094,29.601451],[-91.980589,29.601842],[-91.980597,29.603611],[-91.98075,29.604591],[-91.981848,29.606264],[-91.982054,29.60762],[-91.980963,29.608152],[-91.980757,29.608614],[-91.980765,29.609394],[-91.981238,29.609493],[-91.98239,29.608648],[-91.982542,29.60828],[-91.982527,29.607086],[-91.982626,29.606901],[-91.983099,29.606899],[-91.983794,29.607688],[-91.983649,29.608684],[-91.983923,29.610014],[-91.983939,29.611251],[-91.984152,29.611572],[-91.984785,29.611751],[-91.985106,29.612024],[-91.984953,29.612575],[-91.983977,29.613006],[-91.983649,29.613596],[-91.98355,29.614145],[-91.983084,29.614471],[-91.981245,29.61453],[-91.979971,29.613393],[-91.975424,29.610855],[-91.974577,29.610494],[-91.971083,29.609994],[-91.970717,29.60968],[-91.970984,29.609006],[-91.970969,29.607221],[-91.971495,29.606916],[-91.972121,29.606849],[-91.972708,29.606041],[-91.973669,29.60567],[-91.973341,29.604969],[-91.973433,29.604583],[-91.97373,29.604402],[-91.973723,29.604259],[-91.973097,29.603841],[-91.973166,29.603418],[-91.973944,29.601236],[-91.975111,29.600523],[-91.974829,29.59988],[-91.974913,29.599012],[-91.974432,29.599439],[-91.974585,29.600305],[-91.974379,29.600669],[-91.973372,29.601341],[-91.973166,29.601926],[-91.972884,29.603841],[-91.973235,29.604343],[-91.972945,29.604908],[-91.973082,29.605392],[-91.972906,29.605636],[-91.972235,29.60588],[-91.971762,29.60655],[-91.970953,29.606697],[-91.970702,29.607],[-91.970457,29.608917],[-91.970152,29.609241],[-91.969084,29.608285],[-91.968398,29.607923],[-91.967009,29.607564],[-91.966139,29.607572],[-91.961104,29.608619],[-91.959319,29.608631],[-91.957686,29.608184],[-91.954207,29.608409],[-91.953391,29.608062],[-91.95159,29.608709],[-91.950568,29.608568],[-91.949446,29.609069],[-91.948233,29.609079],[-91.947874,29.609632],[-91.946402,29.609643],[-91.943991,29.610118],[-91.943465,29.610124],[-91.942198,29.609491],[-91.940222,29.609195],[-91.938567,29.609149],[-91.9382,29.608968],[-91.938506,29.608415],[-91.940314,29.607513],[-91.940794,29.606653],[-91.940962,29.605672],[-91.941443,29.605327],[-91.941771,29.605464],[-91.942213,29.606248],[-91.942679,29.606548],[-91.943045,29.606622],[-91.943892,29.606395],[-91.944144,29.605253],[-91.94377,29.604339],[-91.943976,29.603969],[-91.947699,29.603122],[-91.948447,29.602129],[-91.948935,29.602186],[-91.949843,29.602703],[-91.950949,29.602714],[-91.952017,29.603515],[-91.952551,29.603408],[-91.953146,29.60296],[-91.953154,29.602075],[-91.952261,29.601032],[-91.951201,29.600957],[-91.950827,29.600618],[-91.950926,29.599268],[-91.950713,29.598846],[-91.948157,29.597555],[-91.947287,29.597623],[-91.946616,29.598329],[-91.946272,29.598333],[-91.942679,29.596908],[-91.942297,29.596466],[-91.941908,29.595138],[-91.942175,29.59419],[-91.943053,29.593801],[-91.943625,29.593977],[-91.943953,29.593814],[-91.944197,29.592966],[-91.943983,29.591116],[-91.942488,29.58888],[-91.942366,29.587364],[-91.942671,29.586307],[-91.943289,29.585247],[-91.943282,29.584451],[-91.944525,29.583126],[-91.944762,29.58271],[-91.944518,29.582574],[-91.942953,29.583505],[-91.942068,29.584337],[-91.941557,29.58526],[-91.941107,29.587144],[-91.941229,29.589119],[-91.941824,29.590353],[-91.942778,29.591402],[-91.943671,29.591287],[-91.943861,29.592149],[-91.943671,29.593483],[-91.942465,29.593572],[-91.941718,29.594284],[-91.941496,29.595352],[-91.941855,29.596277],[-91.942046,29.596757],[-91.942488,29.597118],[-91.946074,29.598661],[-91.946555,29.598638],[-91.94747,29.597906],[-91.948065,29.597902],[-91.949736,29.598695],[-91.950438,29.599233],[-91.9504,29.600324],[-91.950613,29.600883],[-91.950941,29.601125],[-91.951888,29.601318],[-91.952635,29.602079],[-91.952551,29.602926],[-91.952071,29.603071],[-91.951559,29.602893],[-91.950629,29.602214],[-91.949667,29.602403],[-91.949225,29.601923],[-91.948401,29.601705],[-91.946814,29.603256],[-91.945486,29.60312],[-91.944197,29.603555],[-91.943709,29.603879],[-91.94361,29.604156],[-91.94319,29.60448],[-91.943823,29.605936],[-91.943335,29.606159],[-91.942671,29.606063],[-91.941618,29.604858],[-91.941092,29.60477],[-91.940726,29.604957],[-91.940367,29.605876],[-91.940375,29.606428],[-91.94007,29.606979],[-91.938185,29.608097],[-91.937666,29.608743],[-91.937621,29.609111],[-91.937781,29.609476],[-91.9382,29.609565],[-91.939719,29.609388],[-91.9401,29.609689],[-91.940207,29.610101],[-91.939894,29.610378],[-91.934882,29.611553],[-91.932814,29.612423],[-91.932036,29.614431],[-91.930487,29.615943],[-91.928709,29.618583],[-91.926962,29.619606],[-91.925719,29.620899],[-91.924879,29.621271],[-91.923834,29.621278],[-91.922362,29.621656],[-91.920058,29.621589],[-91.919531,29.620382],[-91.919661,29.619333],[-91.920111,29.618646],[-91.920073,29.617296],[-91.920416,29.61671],[-91.921057,29.616363],[-91.920821,29.615699],[-91.921828,29.614118],[-91.921828,29.612085],[-91.921515,29.611139],[-91.919608,29.610204],[-91.919867,29.609836],[-91.920126,29.609741],[-91.920973,29.610286],[-91.921294,29.610282],[-91.921919,29.610004],[-91.922179,29.60959],[-91.921912,29.60927],[-91.921278,29.609367],[-91.920752,29.608865],[-91.920851,29.607641],[-91.920309,29.606943],[-91.919882,29.606807],[-91.9196,29.606411],[-91.919714,29.605386],[-91.919341,29.604972],[-91.919341,29.604744],[-91.919547,29.604421],[-91.920172,29.604143],[-91.920325,29.60391],[-91.92037,29.603544],[-91.920157,29.602949],[-91.920256,29.602582],[-91.921347,29.601104],[-91.921812,29.600826],[-91.922232,29.600824],[-91.922659,29.601049],[-91.922873,29.601598],[-91.92404,29.602277],[-91.92504,29.602546],[-91.926878,29.602533],[-91.926962,29.60267],[-91.926108,29.603962],[-91.926062,29.60433],[-91.926314,29.605045],[-91.927122,29.605743],[-91.927397,29.606292],[-91.927351,29.606845],[-91.927573,29.608058],[-91.926314,29.608549],[-91.926062,29.60901],[-91.926016,29.610065],[-91.926184,29.611166],[-91.926993,29.612537],[-91.927466,29.612762],[-91.928572,29.612619],[-91.929404,29.612197],[-91.92977,29.611784],[-91.929915,29.610864],[-91.929167,29.60963],[-91.92916,29.609144],[-91.928198,29.60783],[-91.927977,29.606657],[-91.928496,29.605978],[-91.930121,29.60563],[-91.930624,29.604732],[-91.929823,29.602832],[-91.929922,29.602464],[-91.930968,29.601951],[-91.931494,29.60149],[-91.931898,29.600477],[-91.931578,29.599744],[-91.931113,29.599346],[-91.931242,29.598278],[-91.93093,29.597913],[-91.929976,29.597553],[-91.927824,29.597662],[-91.927191,29.597848],[-91.926413,29.59836],[-91.926207,29.598728],[-91.926215,29.599605],[-91.927008,29.601507],[-91.92681,29.601589],[-91.926482,29.601341],[-91.926009,29.6004],[-91.925688,29.599327],[-91.925566,29.598228],[-91.925871,29.596941],[-91.925505,29.595916],[-91.925665,29.595617],[-91.926459,29.595783],[-91.926596,29.596017],[-91.927016,29.596197],[-91.930067,29.596452],[-91.930785,29.595661],[-91.930624,29.595172],[-91.930098,29.59457],[-91.930304,29.5942],[-91.930876,29.593828],[-91.93109,29.59346],[-91.931082,29.593093],[-91.930701,29.592176],[-91.930334,29.591905],[-91.929282,29.591774],[-91.928908,29.591411],[-91.928313,29.590129],[-91.927672,29.589216],[-91.927718,29.588159],[-91.928191,29.58811],[-91.92829,29.587741],[-91.927649,29.58715],[-91.927016,29.586971],[-91.926047,29.586103],[-91.925803,29.586292],[-91.925864,29.587209],[-91.925665,29.587762],[-91.925772,29.588405],[-91.92636,29.58872],[-91.926619,29.589084],[-91.926489,29.589805],[-91.926848,29.590416],[-91.927275,29.590778],[-91.927588,29.590776],[-91.928008,29.591049],[-91.928282,29.591827],[-91.92903,29.592741],[-91.928877,29.593248],[-91.928191,29.593114],[-91.927771,29.593301],[-91.926932,29.593353],[-91.926512,29.59354],[-91.926047,29.594276],[-91.925284,29.594617],[-91.92372,29.595794],[-91.922812,29.595954],[-91.922392,29.596231],[-91.921973,29.596233],[-91.920889,29.596838],[-91.9205,29.596214],[-91.920187,29.596124],[-91.919402,29.597087],[-91.918829,29.597175],[-91.918196,29.596813],[-91.917715,29.596265],[-91.917296,29.596084],[-91.916167,29.596015],[-91.915244,29.594896],[-91.914877,29.594898],[-91.914847,29.595422],[-91.915152,29.595886],[-91.916006,29.596153],[-91.916014,29.596424],[-91.917319,29.596689],[-91.918455,29.597566],[-91.919081,29.597654],[-91.919554,29.597526],[-91.920226,29.59687],[-91.921126,29.597377],[-91.921538,29.597055],[-91.921622,29.597133],[-91.922102,29.598436],[-91.922011,29.599538],[-91.921698,29.599908],[-91.920859,29.600235],[-91.920813,29.600603],[-91.920294,29.601066],[-91.919196,29.601213],[-91.919096,29.601829],[-91.918074,29.602861],[-91.918379,29.603879],[-91.918394,29.605073],[-91.918715,29.605621],[-91.918776,29.606493],[-91.919043,29.606813],[-91.919051,29.607181],[-91.919791,29.607725],[-91.920058,29.608135],[-91.919165,29.609245],[-91.918486,29.609373],[-91.916914,29.609214],[-91.915694,29.609861],[-91.914832,29.609647],[-91.913191,29.609752],[-91.912306,29.610963],[-91.911681,29.612754],[-91.910551,29.612979],[-91.910338,29.612659],[-91.910696,29.611921],[-91.910681,29.611003],[-91.909743,29.609689],[-91.910338,29.608528],[-91.91033,29.607519],[-91.909789,29.605915],[-91.909781,29.605135],[-91.910185,29.60403],[-91.910178,29.603662],[-91.909865,29.603389],[-91.90943,29.602247],[-91.908209,29.601383],[-91.907996,29.601017],[-91.90779,29.599781],[-91.908125,29.598079],[-91.909003,29.596973],[-91.909369,29.596017],[-91.909071,29.59432],[-91.909644,29.593294],[-91.909735,29.592193],[-91.910147,29.591453],[-91.910773,29.590808],[-91.910719,29.59044],[-91.910025,29.589618],[-91.91017,29.588977],[-91.909796,29.588335],[-91.909987,29.586406],[-91.909872,29.58558],[-91.909499,29.585308],[-91.908926,29.585405],[-91.908713,29.585222],[-91.908705,29.584549],[-91.90753,29.583118],[-91.907423,29.582754],[-91.907523,29.582201],[-91.906989,29.581287],[-91.907088,29.581056],[-91.907927,29.580822],[-91.908865,29.579986],[-91.909811,29.57998],[-91.910437,29.579425],[-91.911208,29.577951],[-91.91178,29.577394],[-91.912253,29.577346],[-91.912619,29.577619],[-91.913191,29.57901],[-91.913481,29.578996],[-91.913145,29.57757],[-91.913,29.574266],[-91.912474,29.572834],[-91.912459,29.571842],[-91.911757,29.57072],[-91.911246,29.570262],[-91.910834,29.570268],[-91.910658,29.569994],[-91.910712,29.569805],[-91.911673,29.569799],[-91.912314,29.569385],[-91.912634,29.568834],[-91.912505,29.56788],[-91.912985,29.567379],[-91.913962,29.566946],[-91.914618,29.566328],[-91.914626,29.565029],[-91.914244,29.564315],[-91.91371,29.564027],[-91.912222,29.564363],[-91.911894,29.564724],[-91.911665,29.565389],[-91.911818,29.566583],[-91.911147,29.567716],[-91.911101,29.568964],[-91.910834,29.569307],[-91.910445,29.569328],[-91.910361,29.569156],[-91.910605,29.568538],[-91.910483,29.568063],[-91.909094,29.567935],[-91.908934,29.567613],[-91.908835,29.566059],[-91.909514,29.56373],[-91.909499,29.562877],[-91.909262,29.56228],[-91.908415,29.561996],[-91.907912,29.562017],[-91.907439,29.562583],[-91.907034,29.562789],[-91.906462,29.562795],[-91.905562,29.563135],[-91.905157,29.563699],[-91.904356,29.565525],[-91.903853,29.565834],[-91.903296,29.565584],[-91.902769,29.56579],[-91.902296,29.565744],[-91.901549,29.564392],[-91.900481,29.563427],[-91.900259,29.562696],[-91.901297,29.559879],[-91.900885,29.558834],[-91.900244,29.558012],[-91.899008,29.557378],[-91.897993,29.557386],[-91.896788,29.557745],[-91.895537,29.558612],[-91.893881,29.559221],[-91.893713,29.559528],[-91.893668,29.560401],[-91.893149,29.561138],[-91.893225,29.562931],[-91.894102,29.566137],[-91.895087,29.566772],[-91.896208,29.566764],[-91.896628,29.5669],[-91.897856,29.566715],[-91.898985,29.566083],[-91.899184,29.564724],[-91.899794,29.564096],[-91.900343,29.564003],[-91.900877,29.564203],[-91.901518,29.565389],[-91.902327,29.566165],[-91.90267,29.566164],[-91.902945,29.56594],[-91.903448,29.566175],[-91.904051,29.566152],[-91.903914,29.56818],[-91.903487,29.569227],[-91.903494,29.570148],[-91.904051,29.570465],[-91.904509,29.570222],[-91.905379,29.570276],[-91.905905,29.56981],[-91.905898,29.569007],[-91.906302,29.568403],[-91.906409,29.567821],[-91.906203,29.567621],[-91.906325,29.566215],[-91.907133,29.565706],[-91.907416,29.565763],[-91.9074,29.566488],[-91.90766,29.567548],[-91.908629,29.568002],[-91.908842,29.568201],[-91.908911,29.568561],[-91.909186,29.56858],[-91.909552,29.568218],[-91.910078,29.568212],[-91.910269,29.568393],[-91.910223,29.568773],[-91.909743,29.569513],[-91.910338,29.57052],[-91.911078,29.570928],[-91.911391,29.571292],[-91.9112,29.572578],[-91.91136,29.573835],[-91.911902,29.574731],[-91.911658,29.576385],[-91.910414,29.577589],[-91.909735,29.579118],[-91.909491,29.579341],[-91.909277,29.579433],[-91.907744,29.578847],[-91.907332,29.578941],[-91.906233,29.579822],[-91.90592,29.580192],[-91.905775,29.581203],[-91.906149,29.581844],[-91.906165,29.58267],[-91.905905,29.58304],[-91.904166,29.582822],[-91.904486,29.583141],[-91.905127,29.583095],[-91.90602,29.583774],[-91.906439,29.583725],[-91.906805,29.583952],[-91.90692,29.584501],[-91.90724,29.584819],[-91.90766,29.584909],[-91.907874,29.585182],[-91.907874,29.585548],[-91.908461,29.586463],[-91.907957,29.587602],[-91.905951,29.587875],[-91.904959,29.587522],[-91.903586,29.587451],[-91.902769,29.586895],[-91.901556,29.586744],[-91.901205,29.586385],[-91.900862,29.586349],[-91.900221,29.586614],[-91.900244,29.586872],[-91.901785,29.587043],[-91.902457,29.587579],[-91.903326,29.587532],[-91.903876,29.587709],[-91.904501,29.588306],[-91.905554,29.588098],[-91.90634,29.588193],[-91.906599,29.588634],[-91.906859,29.588586],[-91.90769,29.587801],[-91.908202,29.588237],[-91.907866,29.589452],[-91.907507,29.590051],[-91.907088,29.59033],[-91.906462,29.590425],[-91.905173,29.591136],[-91.904898,29.592134],[-91.904913,29.593191],[-91.904707,29.593561],[-91.903662,29.594211],[-91.903212,29.594749],[-91.903014,29.595485],[-91.90396,29.596832],[-91.905348,29.597274],[-91.906065,29.597681],[-91.906386,29.599981],[-91.90695,29.601327],[-91.907401,29.601764],[-91.90856,29.602323],[-91.909155,29.60321],[-91.908995,29.605562],[-91.909193,29.605873],[-91.909209,29.607158],[-91.909659,29.60757],[-91.909666,29.608205],[-91.909209,29.60894],[-91.909224,29.609945],[-91.909926,29.610797],[-91.909941,29.611572],[-91.909125,29.613185],[-91.90779,29.614316],[-91.907423,29.614875],[-91.907462,29.615999],[-91.908163,29.616628],[-91.907965,29.616989],[-91.906035,29.617618],[-91.905524,29.618372],[-91.905661,29.618869],[-91.906515,29.619014],[-91.90663,29.620412],[-91.90576,29.620964],[-91.905493,29.621519],[-91.905493,29.621913],[-91.905806,29.622652],[-91.905623,29.622898],[-91.90441,29.623045],[-91.903876,29.623416],[-91.903807,29.624599],[-91.903365,29.625482],[-91.903227,29.626615],[-91.903357,29.627552],[-91.902022,29.628995],[-91.901999,29.629749],[-91.902525,29.630127],[-91.902502,29.630474],[-91.902037,29.630615],[-91.900694,29.630325],[-91.900114,29.630806],[-91.900137,29.631197],[-91.900404,29.631647],[-91.901762,29.633312],[-91.900961,29.635229],[-91.900916,29.63574],[-91.90058,29.635809],[-91.900153,29.634933],[-91.899008,29.634004],[-91.898482,29.633684],[-91.897063,29.633495],[-91.896635,29.6333],[-91.895293,29.632188],[-91.89408,29.631572],[-91.893492,29.631334],[-91.890646,29.631538],[-91.890273,29.63124],[-91.890181,29.630165],[-91.890295,29.62984],[-91.891928,29.629434],[-91.892264,29.628955],[-91.892477,29.627649],[-91.893271,29.626367],[-91.893568,29.625],[-91.894095,29.62437],[-91.895476,29.623584],[-91.895865,29.622274],[-91.896155,29.621854],[-91.896017,29.621288],[-91.895666,29.621141],[-91.895117,29.621318],[-91.894423,29.621265],[-91.894446,29.621011],[-91.89556,29.620735],[-91.895758,29.620468],[-91.89601,29.619968],[-91.895827,29.618984],[-91.894904,29.618158],[-91.894461,29.616703],[-91.894041,29.616266],[-91.892546,29.615467],[-91.892187,29.615028],[-91.891875,29.612726],[-91.892249,29.611486],[-91.892241,29.610719],[-91.893118,29.610113],[-91.89382,29.609272],[-91.894919,29.609243],[-91.895384,29.608995],[-91.895399,29.608232],[-91.895155,29.607015],[-91.894461,29.606386],[-91.894461,29.605121],[-91.895384,29.604038],[-91.895422,29.603645],[-91.894781,29.602283],[-91.89472,29.601438],[-91.89511,29.60095],[-91.896017,29.600294],[-91.897971,29.59933],[-91.898909,29.59865],[-91.899069,29.598001],[-91.900076,29.596698],[-91.899817,29.59634],[-91.899176,29.595985],[-91.898772,29.595258],[-91.898764,29.594797],[-91.899298,29.593738],[-91.898962,29.592283],[-91.898619,29.592031],[-91.897742,29.592105],[-91.896948,29.593292],[-91.897108,29.594018],[-91.897887,29.594951],[-91.897993,29.596061],[-91.898375,29.596765],[-91.897627,29.597049],[-91.89736,29.596923],[-91.8972,29.596427],[-91.896941,29.596231],[-91.89514,29.596464],[-91.895026,29.597101],[-91.895361,29.597688],[-91.895392,29.598047],[-91.895216,29.598547],[-91.893576,29.598697],[-91.892996,29.599742],[-91.893484,29.600481],[-91.893515,29.600862],[-91.893095,29.601663],[-91.89305,29.6023],[-91.892584,29.60259],[-91.891508,29.602054],[-91.890822,29.602327],[-91.890173,29.602159],[-91.889517,29.602462],[-91.889136,29.602302],[-91.889189,29.601249],[-91.889456,29.600587],[-91.889395,29.599952],[-91.889105,29.599641],[-91.888663,29.599657],[-91.888365,29.599866],[-91.888113,29.600343],[-91.887877,29.600345],[-91.887167,29.599632],[-91.88687,29.598882],[-91.886794,29.599081],[-91.887099,29.600107],[-91.887816,29.601316],[-91.887801,29.602174],[-91.887419,29.603054],[-91.886938,29.603441],[-91.886099,29.60362],[-91.885497,29.604053],[-91.885512,29.607038],[-91.886153,29.608181],[-91.887297,29.609397],[-91.887877,29.610389],[-91.88732,29.611124],[-91.887427,29.612325],[-91.888785,29.612419],[-91.890044,29.613254],[-91.891119,29.612575],[-91.891325,29.614517],[-91.891745,29.615522],[-91.892378,29.616212],[-91.893813,29.617149],[-91.89369,29.617763],[-91.89379,29.618446],[-91.895239,29.619394],[-91.895361,29.619962],[-91.895117,29.620309],[-91.894789,29.62037],[-91.894369,29.62005],[-91.893797,29.619937],[-91.893492,29.620494],[-91.893507,29.621051],[-91.893912,29.621603],[-91.894194,29.621728],[-91.895567,29.621614],[-91.895041,29.623479],[-91.893591,29.624115],[-91.89324,29.624431],[-91.892844,29.626182],[-91.892065,29.626522],[-91.891684,29.627012],[-91.891669,29.628065],[-91.891035,29.628265],[-91.888434,29.628145],[-91.885596,29.628892],[-91.885016,29.628898],[-91.883162,29.628215],[-91.882162,29.628095],[-91.881285,29.628206],[-91.87924,29.628915],[-91.8785,29.628898],[-91.877562,29.628013],[-91.877661,29.627756],[-91.878241,29.627334],[-91.878256,29.626665],[-91.878607,29.626279],[-91.87876,29.625768],[-91.878386,29.625261],[-91.878203,29.624059],[-91.878653,29.623512],[-91.880873,29.622823],[-91.881224,29.622543],[-91.881323,29.621767],[-91.880934,29.620391],[-91.879691,29.618455],[-91.879675,29.617239],[-91.879263,29.616329],[-91.879248,29.615959],[-91.879645,29.615051],[-91.879698,29.614067],[-91.879324,29.612808],[-91.878508,29.61198],[-91.877928,29.61108],[-91.877783,29.609451],[-91.876326,29.60836],[-91.876067,29.604656],[-91.875288,29.603481],[-91.874487,29.602802],[-91.873556,29.60135],[-91.87274,29.599445],[-91.872748,29.598196],[-91.874457,29.595981],[-91.875975,29.595104],[-91.876517,29.595249],[-91.877356,29.595832],[-91.877829,29.595783],[-91.877791,29.594762],[-91.878912,29.59494],[-91.878714,29.594097],[-91.87998,29.594017],[-91.880484,29.593702],[-91.881155,29.592411],[-91.882414,29.592031],[-91.882384,29.591035],[-91.882178,29.590827],[-91.882178,29.590585],[-91.882887,29.589212],[-91.882712,29.58852],[-91.882346,29.588047],[-91.882658,29.585496],[-91.883063,29.58517],[-91.883986,29.585001],[-91.886404,29.583154],[-91.887183,29.57979],[-91.887152,29.579347],[-91.886565,29.578924],[-91.886343,29.578073],[-91.885977,29.577842],[-91.886397,29.575429],[-91.88687,29.575311],[-91.887778,29.575616],[-91.888335,29.575498],[-91.888556,29.575311],[-91.88848,29.574615],[-91.888914,29.574321],[-91.889098,29.573974],[-91.889075,29.573234],[-91.888686,29.5729],[-91.887602,29.573244],[-91.88687,29.572727],[-91.888617,29.56018],[-91.906134,29.543346],[-91.912794,29.54949],[-91.926642,29.557006],[-91.954649,29.57003],[-91.961539,29.571853],[-91.970374,29.573928],[-92.0091,29.57368],[-92.00936,29.573343],[-92.009406,29.572635],[-92.00939,29.564203],[-92.00952,29.563577],[-92.009222,29.563324],[-92.008933,29.563533],[-92.009032,29.566993],[-92.008955,29.567215],[-92.008269,29.567764],[-92.008269,29.568691],[-92.007689,29.571022],[-92.007895,29.571506],[-92.008482,29.571929],[-92.008681,29.571905],[-92.008788,29.571695],[-92.008887,29.571117],[-92.009161,29.571033],[-92.009016,29.573083],[-92.008833,29.57341],[-92.005789,29.573419],[-92.0045,29.572897],[-92.003439,29.573494],[-91.994185,29.573602],[-91.994269,29.573337],[-91.994826,29.573089],[-91.996153,29.573139],[-91.996542,29.573413],[-91.996764,29.573308],[-91.996703,29.572717],[-91.996474,29.57237],[-91.995848,29.57233],[-91.995161,29.572439],[-91.993697,29.573213],[-91.993246,29.573226],[-91.992178,29.572797],[-91.991904,29.572902],[-91.991614,29.573562],[-91.989569,29.573532],[-91.989302,29.573036],[-91.988165,29.572464],[-91.988036,29.572742],[-91.988448,29.572971],[-91.988608,29.573295],[-91.988524,29.573549],[-91.987418,29.573545],[-91.987242,29.573072],[-91.986967,29.573051],[-91.986548,29.572578],[-91.986212,29.572433],[-91.985953,29.572526],[-91.986357,29.573089],[-91.986113,29.573509],[-91.984297,29.573497],[-91.983984,29.573467],[-91.984122,29.572851],[-91.983282,29.572578],[-91.983168,29.57229],[-91.982809,29.572038],[-91.982451,29.572143],[-91.982321,29.572469],[-91.981711,29.572635],[-91.981543,29.572845],[-91.981604,29.573562],[-91.97486,29.573679],[-91.974783,29.566429],[-91.974982,29.566137],[-91.97489,29.564979],[-91.974295,29.565076],[-91.974348,29.573722],[-91.970549,29.573753],[-91.969534,29.573469],[-91.969771,29.57312],[-91.969786,29.57188],[-91.970351,29.57191],[-91.970572,29.572244],[-91.970847,29.571977],[-91.971121,29.572137],[-91.971274,29.571868],[-91.97093,29.571407],[-91.970366,29.571239],[-91.969771,29.571291],[-91.969763,29.570594],[-91.97,29.570188],[-91.970457,29.56994],[-91.970923,29.569856],[-91.971892,29.570091],[-91.972067,29.570011],[-91.972136,29.569513],[-91.971915,29.569059],[-91.971594,29.568994],[-91.971335,29.569181],[-91.970961,29.569171],[-91.970656,29.568883],[-91.970152,29.569166],[-91.969611,29.568775],[-91.969046,29.568826],[-91.969,29.569429],[-91.969176,29.569601],[-91.969168,29.570053],[-91.968863,29.570262],[-91.968558,29.571029],[-91.968581,29.571237],[-91.96881,29.571306],[-91.968748,29.572025],[-91.968367,29.571865],[-91.967764,29.57196],[-91.96675,29.572767],[-91.954451,29.569644],[-91.954436,29.569307],[-91.953772,29.568456],[-91.952856,29.568567],[-91.952551,29.568742],[-91.950941,29.568094],[-91.950873,29.567653],[-91.950209,29.566917],[-91.95027,29.566593],[-91.950468,29.56644],[-91.951041,29.566587],[-91.951277,29.566236],[-91.951239,29.565208],[-91.951552,29.564718],[-91.951506,29.564405],[-91.951094,29.564352],[-91.950987,29.564062],[-91.950667,29.563903],[-91.950491,29.564125],[-91.950697,29.564758],[-91.950369,29.565004],[-91.951018,29.565218],[-91.95101,29.565612],[-91.950705,29.565822],[-91.949965,29.565574],[-91.949843,29.565713],[-91.949873,29.566803],[-91.94953,29.567266],[-91.949278,29.567247],[-91.94705,29.566322],[-91.934431,29.56026],[-91.928419,29.557638],[-91.912978,29.549301],[-91.906943,29.543632],[-91.906775,29.543214],[-91.905852,29.542596],[-91.901625,29.538421],[-91.901099,29.537601],[-91.898764,29.532045],[-91.898711,29.531189],[-91.899062,29.530595],[-91.901419,29.528848],[-91.911726,29.522007],[-91.91207,29.521831],[-91.912657,29.521848],[-91.912619,29.52128],[-91.912436,29.521261],[-91.899466,29.529817],[-91.898825,29.530391],[-91.898459,29.531007],[-91.898459,29.532222],[-91.901274,29.538467],[-91.90592,29.543066],[-91.899565,29.549238],[-91.899115,29.549251],[-91.898535,29.549558],[-91.895789,29.547388],[-91.895758,29.547166],[-91.896033,29.546854],[-91.895651,29.546079],[-91.89398,29.546068],[-91.893317,29.54561],[-91.892958,29.545587],[-91.892783,29.54581],[-91.892889,29.546226],[-91.893568,29.546382],[-91.893919,29.546995],[-91.893927,29.547283],[-91.893752,29.54747],[-91.893919,29.548059],[-91.89427,29.54829],[-91.894698,29.547809],[-91.895514,29.547525],[-91.898405,29.549867],[-91.898489,29.550203],[-91.895323,29.553318],[-91.888228,29.546104],[-91.885992,29.543638],[-91.886298,29.543312],[-91.885451,29.542068],[-91.88497,29.541967],[-91.881735,29.537309],[-91.875418,29.529823],[-91.876959,29.5279],[-91.877211,29.527202],[-91.87776,29.526559],[-91.877951,29.526073],[-91.877959,29.52547],[-91.87757,29.524614],[-91.875655,29.522159],[-91.874625,29.521612],[-91.874274,29.521242],[-91.873801,29.5193],[-91.873122,29.518308],[-91.871672,29.517135],[-91.87084,29.516967],[-91.867354,29.51728],[-91.863615,29.518211],[-91.861616,29.517633],[-91.861182,29.517776],[-91.860602,29.518291],[-91.860022,29.518362],[-91.858488,29.517643],[-91.857535,29.517789],[-91.857176,29.517641],[-91.857138,29.515832],[-91.857291,29.515623],[-91.857596,29.515644],[-91.858717,29.515949],[-91.859084,29.515506],[-91.859152,29.5151],[-91.858328,29.514492],[-91.857962,29.513612],[-91.857451,29.513351],[-91.857016,29.513645],[-91.856787,29.51456],[-91.856337,29.515026],[-91.855276,29.51494],[-91.855032,29.514432],[-91.855116,29.513784],[-91.855673,29.512435],[-91.855482,29.512031],[-91.85507,29.511825],[-91.854315,29.511831],[-91.853644,29.512125],[-91.85327,29.512876],[-91.853857,29.514478],[-91.853766,29.514715],[-91.853224,29.514637],[-91.85227,29.514143],[-91.851698,29.514312],[-91.850317,29.517068],[-91.849264,29.517908],[-91.848868,29.517866],[-91.847922,29.516515],[-91.845671,29.515476],[-91.84487,29.514816],[-91.844916,29.513429],[-91.845465,29.512441],[-91.845503,29.512052],[-91.845297,29.511791],[-91.844885,29.511739],[-91.842406,29.512933],[-91.84136,29.512817],[-91.841009,29.512487],[-91.839865,29.512563],[-91.837698,29.511926],[-91.836783,29.511863],[-91.836272,29.511617],[-91.836188,29.511133],[-91.836623,29.510368],[-91.836615,29.509689],[-91.836562,29.509271],[-91.836066,29.508888],[-91.835333,29.508865],[-91.83354,29.509994],[-91.832411,29.510002],[-91.831244,29.509552],[-91.83045,29.508775],[-91.830206,29.50797],[-91.830199,29.507249],[-91.830336,29.506542],[-91.830984,29.505331],[-91.83,29.503896],[-91.828528,29.502338],[-91.828268,29.501842],[-91.829413,29.501028],[-91.830046,29.500371],[-91.830229,29.499719],[-91.830786,29.499021],[-91.831725,29.498945],[-91.832251,29.499164],[-91.833403,29.500026],[-91.834051,29.50023],[-91.834624,29.500171],[-91.836943,29.499015],[-91.837904,29.498661],[-91.839079,29.498655],[-91.840315,29.498022],[-91.840842,29.496963],[-91.840697,29.495327],[-91.839354,29.493158],[-91.83927,29.492549],[-91.839545,29.491712],[-91.840155,29.490905],[-91.840254,29.490085],[-91.839751,29.48916],[-91.838698,29.488267],[-91.836829,29.487089],[-91.836195,29.486866],[-91.833746,29.486749],[-91.832686,29.485937],[-91.831007,29.485811],[-91.830504,29.485204],[-91.830099,29.48307],[-91.829497,29.482605],[-91.828627,29.48237],[-91.828001,29.482374],[-91.827086,29.482677],[-91.825636,29.483503],[-91.823424,29.48517],[-91.820898,29.486379],[-91.820525,29.48583],[-91.820502,29.484039],[-91.821074,29.483161],[-91.821799,29.482511],[-91.821951,29.482097],[-91.82347,29.480136],[-91.8226,29.478708],[-91.819739,29.475778],[-91.81938,29.474351]],[[-91.804274,29.508762],[-91.80654,29.509075],[-91.80686,29.50951],[-91.806792,29.510101],[-91.805861,29.51148],[-91.805685,29.512519],[-91.805662,29.515745],[-91.806219,29.516973],[-91.806662,29.517328],[-91.807379,29.517534],[-91.808104,29.517534],[-91.809248,29.516511],[-91.810271,29.516281],[-91.812193,29.516284],[-91.812765,29.516534],[-91.812941,29.517293],[-91.812712,29.517898],[-91.81114,29.518873],[-91.811087,29.519647],[-91.81198,29.520782],[-91.812956,29.521591],[-91.813086,29.522413],[-91.812758,29.523283],[-91.812247,29.523838],[-91.81066,29.525018],[-91.809233,29.525117],[-91.808646,29.525354],[-91.808012,29.525968],[-91.807112,29.526138],[-91.805464,29.524805],[-91.8048,29.52453],[-91.803664,29.524799],[-91.802718,29.524763],[-91.801817,29.524013],[-91.802443,29.524763],[-91.803618,29.525039],[-91.804678,29.524768],[-91.805708,29.52535],[-91.806723,29.526205],[-91.807783,29.526445],[-91.808134,29.526002],[-91.809119,29.525527],[-91.810255,29.525325],[-91.811751,29.524816],[-91.8123,29.524438],[-91.813002,29.523656],[-91.813635,29.522258],[-91.813521,29.521678],[-91.812147,29.520481],[-91.811362,29.519456],[-91.811713,29.518774],[-91.813406,29.51765],[-91.813406,29.517002],[-91.813017,29.51649],[-91.812231,29.516012],[-91.809836,29.516006],[-91.808775,29.516586],[-91.808104,29.517234],[-91.807242,29.517232],[-91.806303,29.516174],[-91.806036,29.513273],[-91.806235,29.511737],[-91.807135,29.510543],[-91.807257,29.509485],[-91.807097,29.508907],[-91.804465,29.508457],[-91.804091,29.508173],[-91.803648,29.507411],[-91.803435,29.506275],[-91.802863,29.505611],[-91.802809,29.504941],[-91.803183,29.504669],[-91.806303,29.504877],[-91.807242,29.50373],[-91.80802,29.503397],[-91.809065,29.503582],[-91.809187,29.503789],[-91.810507,29.504222],[-91.811797,29.504224],[-91.812323,29.503768],[-91.812643,29.503221],[-91.812704,29.502662],[-91.812392,29.501842],[-91.811568,29.501501],[-91.810553,29.500715],[-91.810553,29.500099],[-91.810866,29.498838],[-91.811652,29.498428],[-91.813574,29.497818],[-91.814009,29.497169],[-91.814871,29.495124],[-91.815672,29.49402],[-91.817351,29.492305],[-91.818663,29.49146],[-91.820143,29.489891],[-91.820288,29.488462],[-91.820685,29.487289],[-91.821516,29.486518],[-91.822615,29.486003],[-91.826666,29.483322],[-91.827345,29.483013],[-91.828848,29.482698],[-91.829665,29.483167],[-91.829901,29.483802],[-91.830038,29.485574],[-91.83055,29.486002],[-91.832259,29.486249],[-91.833395,29.487005],[-91.835722,29.487203],[-91.838606,29.488494],[-91.839384,29.489095],[-91.839835,29.490301],[-91.839682,29.490907],[-91.838736,29.492227],[-91.838751,29.493267],[-91.840163,29.494869],[-91.840369,29.495588],[-91.840353,29.497001],[-91.840147,29.497695],[-91.838827,29.498296],[-91.837149,29.498565],[-91.834563,29.499752],[-91.833708,29.499759],[-91.832976,29.499088],[-91.832442,29.49883],[-91.831641,29.498575],[-91.830916,29.498609],[-91.830267,29.499132],[-91.829192,29.50077],[-91.828734,29.501163],[-91.827994,29.501413],[-91.827887,29.501861],[-91.828001,29.502092],[-91.830542,29.505188],[-91.830572,29.505647],[-91.830099,29.506227],[-91.829832,29.506904],[-91.829695,29.508132],[-91.829932,29.508895],[-91.831259,29.510051],[-91.83222,29.510435],[-91.833342,29.510383],[-91.835448,29.50904],[-91.835799,29.509037],[-91.83618,29.509367],[-91.836233,29.510114],[-91.835913,29.510896],[-91.836043,29.511947],[-91.837691,29.512195],[-91.839293,29.512731],[-91.842261,29.513155],[-91.845038,29.511995],[-91.845045,29.512588],[-91.844397,29.513803],[-91.844443,29.514724],[-91.845915,29.515825],[-91.847296,29.516449],[-91.847922,29.51692],[-91.848532,29.518024],[-91.839506,29.523506],[-91.832335,29.527551],[-91.831274,29.528337],[-91.830664,29.528284],[-91.829535,29.529056],[-91.829863,29.529529],[-91.848662,29.518384],[-91.849699,29.518133],[-91.850844,29.517129],[-91.851492,29.515176],[-91.851881,29.514539],[-91.852461,29.514579],[-91.853873,29.515346],[-91.856375,29.515443],[-91.856802,29.515598],[-91.856642,29.517749],[-91.856963,29.518163],[-91.858702,29.517963],[-91.859068,29.518262],[-91.859434,29.518676],[-91.859,29.519575],[-91.859007,29.519948],[-91.859358,29.520626],[-91.859724,29.520767],[-91.860518,29.520704],[-91.860876,29.520483],[-91.860915,29.519704],[-91.860609,29.5188],[-91.861296,29.518014],[-91.861922,29.518026],[-91.862303,29.518253],[-91.862357,29.518903],[-91.86096,29.521375],[-91.860533,29.523023],[-91.860274,29.523471],[-91.860381,29.523977],[-91.860625,29.524246],[-91.860815,29.528179],[-91.861357,29.529401],[-91.862227,29.530506],[-91.863539,29.531604],[-91.863654,29.532079],[-91.864188,29.532375],[-91.864348,29.532159],[-91.86476,29.532043],[-91.866026,29.532882],[-91.866995,29.533105],[-91.868887,29.53309],[-91.871436,29.532552],[-91.872877,29.532024],[-91.875067,29.530189],[-91.880835,29.53679],[-91.88629,29.54459],[-91.888441,29.546836],[-91.888472,29.547052],[-91.886015,29.548238],[-91.885596,29.547853],[-91.885077,29.548332],[-91.885428,29.548933],[-91.888686,29.547224],[-91.894843,29.553316],[-91.89482,29.553821],[-91.888251,29.560079],[-91.887823,29.560085],[-91.887709,29.561145],[-91.88809,29.561143],[-91.886526,29.572574],[-91.885992,29.572877],[-91.885519,29.573425],[-91.88542,29.573856],[-91.88542,29.574354],[-91.886084,29.574958],[-91.885611,29.577493],[-91.885352,29.577816],[-91.884932,29.577865],[-91.884558,29.577318],[-91.884276,29.577196],[-91.883452,29.577325],[-91.882239,29.576692],[-91.881972,29.574649],[-91.881369,29.574127],[-91.880873,29.573917],[-91.880469,29.573307],[-91.879279,29.5722],[-91.877936,29.572681],[-91.877066,29.574525],[-91.877501,29.575716],[-91.877135,29.576271],[-91.87583,29.577289],[-91.87541,29.577293],[-91.875197,29.576973],[-91.875189,29.576236],[-91.875029,29.575872],[-91.873808,29.575099],[-91.873808,29.574665],[-91.872862,29.574878],[-91.871962,29.575479],[-91.871764,29.575437],[-91.871397,29.575117],[-91.871497,29.574565],[-91.872229,29.574239],[-91.872221,29.573734],[-91.872794,29.573362],[-91.872893,29.572996],[-91.874449,29.572372],[-91.874823,29.571695],[-91.874899,29.570741],[-91.873694,29.5704],[-91.87303,29.570697],[-91.872984,29.571479],[-91.872099,29.573398],[-91.871176,29.57411],[-91.870963,29.57411],[-91.870802,29.573883],[-91.870924,29.573373],[-91.870551,29.572038],[-91.8701,29.571725],[-91.869887,29.571857],[-91.869894,29.572191],[-91.870238,29.572599],[-91.870497,29.573534],[-91.870024,29.574531],[-91.870398,29.575124],[-91.870566,29.575902],[-91.869727,29.576141],[-91.868613,29.575229],[-91.868193,29.575233],[-91.867461,29.575788],[-91.866408,29.575613],[-91.865569,29.575664],[-91.865202,29.575988],[-91.86553,29.576721],[-91.864867,29.577308],[-91.865591,29.57773],[-91.866217,29.577405],[-91.866263,29.576992],[-91.866476,29.576807],[-91.867209,29.576799],[-91.867453,29.576358],[-91.868689,29.575988],[-91.868948,29.577018],[-91.869376,29.577703],[-91.86907,29.578899],[-91.869185,29.579267],[-91.869604,29.579767],[-91.870032,29.579902],[-91.870871,29.579805],[-91.871283,29.579481],[-91.871069,29.578701],[-91.8711,29.577003],[-91.871512,29.576448],[-91.872244,29.576122],[-91.872877,29.576118],[-91.873938,29.576705],[-91.874182,29.577863],[-91.874792,29.57794],[-91.875204,29.577753],[-91.876341,29.577879],[-91.876746,29.577159],[-91.878294,29.576536],[-91.879134,29.576578],[-91.879546,29.575656],[-91.879912,29.575468],[-91.880232,29.575788],[-91.88024,29.576431],[-91.880713,29.576885],[-91.88156,29.577156],[-91.882033,29.577518],[-91.882841,29.577514],[-91.883574,29.578426],[-91.884047,29.578653],[-91.884886,29.578416],[-91.885901,29.578376],[-91.885947,29.579046],[-91.886656,29.579601],[-91.886687,29.580057],[-91.886481,29.580427],[-91.885931,29.582931],[-91.884428,29.583873],[-91.883795,29.584575],[-91.882666,29.584713],[-91.882162,29.585306],[-91.881064,29.58452],[-91.880995,29.583469],[-91.881041,29.583265],[-91.881338,29.583131],[-91.881316,29.582946],[-91.880843,29.582634],[-91.880438,29.582952],[-91.879248,29.582794],[-91.87924,29.582607],[-91.879942,29.582248],[-91.879958,29.581934],[-91.879622,29.581953],[-91.878943,29.582517],[-91.878516,29.582504],[-91.878088,29.581819],[-91.87757,29.581869],[-91.87757,29.58205],[-91.878737,29.583053],[-91.878584,29.583419],[-91.878851,29.583969],[-91.880186,29.584102],[-91.882033,29.58583],[-91.881728,29.587963],[-91.882216,29.589038],[-91.882223,29.589407],[-91.881812,29.589916],[-91.881323,29.590204],[-91.880034,29.590045],[-91.878432,29.588424],[-91.877707,29.588048],[-91.877203,29.587194],[-91.877196,29.586643],[-91.876768,29.585914],[-91.876311,29.585519],[-91.874876,29.585653],[-91.874457,29.58547],[-91.87419,29.584857],[-91.873846,29.584711],[-91.873297,29.585157],[-91.873038,29.585893],[-91.872618,29.58608],[-91.872198,29.585945],[-91.871664,29.585399],[-91.871245,29.58531],[-91.870528,29.586134],[-91.870276,29.586221],[-91.869826,29.585668],[-91.869231,29.585411],[-91.868788,29.585477],[-91.868208,29.585929],[-91.867812,29.586774],[-91.865988,29.586942],[-91.864981,29.5867],[-91.864691,29.586826],[-91.864645,29.587333],[-91.867224,29.587175],[-91.867438,29.587541],[-91.866179,29.5881],[-91.86524,29.588934],[-91.865034,29.588935],[-91.864928,29.588754],[-91.865027,29.588295],[-91.864706,29.58802],[-91.864188,29.588209],[-91.864195,29.588943],[-91.863623,29.589359],[-91.862273,29.589416],[-91.861212,29.588871],[-91.86051,29.588878],[-91.860388,29.588668],[-91.861212,29.587255],[-91.860854,29.586303],[-91.860587,29.585939],[-91.859526,29.585441],[-91.858267,29.585554],[-91.857832,29.586027],[-91.857603,29.58588],[-91.857954,29.585224],[-91.857146,29.583942],[-91.856825,29.583211],[-91.856764,29.582616],[-91.857474,29.58167],[-91.857634,29.580625],[-91.857367,29.580362],[-91.856894,29.580226],[-91.856474,29.58032],[-91.856108,29.580555],[-91.855902,29.580923],[-91.85591,29.581474],[-91.855704,29.581844],[-91.855284,29.582075],[-91.855086,29.582582],[-91.855513,29.583742],[-91.855421,29.584783],[-91.855589,29.585699],[-91.855551,29.586801],[-91.855872,29.587165],[-91.856436,29.58704],[-91.85713,29.586526],[-91.857367,29.586563],[-91.856795,29.587297],[-91.856818,29.587619],[-91.857397,29.587751],[-91.858801,29.589687],[-91.859732,29.590351],[-91.861266,29.590524],[-91.862616,29.589891],[-91.864096,29.589752],[-91.864943,29.590038],[-91.866835,29.589933],[-91.867613,29.589468],[-91.869345,29.589317],[-91.869765,29.58904],[-91.870077,29.588533],[-91.870062,29.587707],[-91.869749,29.587434],[-91.869742,29.586881],[-91.871527,29.586776],[-91.873366,29.58781],[-91.874533,29.588184],[-91.876379,29.588485],[-91.876601,29.589494],[-91.876395,29.589588],[-91.875761,29.589317],[-91.875235,29.589321],[-91.874396,29.589647],[-91.874136,29.589973],[-91.874297,29.590337],[-91.87493,29.590332],[-91.875349,29.590513],[-91.876715,29.590366],[-91.877776,29.591322],[-91.877783,29.591688],[-91.877272,29.592794],[-91.876631,29.593032],[-91.875708,29.592647],[-91.875578,29.592296],[-91.875807,29.591812],[-91.875693,29.591459],[-91.875182,29.591407],[-91.874586,29.591579],[-91.874236,29.592344],[-91.874434,29.593067],[-91.874907,29.593473],[-91.875349,29.593191],[-91.875845,29.593132],[-91.875952,29.593502],[-91.875708,29.59436],[-91.875037,29.595108],[-91.873762,29.595697],[-91.872908,29.597232],[-91.872221,29.597513],[-91.871275,29.597429],[-91.870848,29.596696],[-91.870642,29.595676],[-91.87036,29.595554],[-91.869948,29.595741],[-91.869536,29.596477],[-91.869055,29.59675],[-91.86608,29.596769],[-91.865698,29.596624],[-91.865645,29.596269],[-91.864668,29.596277],[-91.864676,29.596983],[-91.862021,29.59925],[-91.861067,29.599962],[-91.859503,29.600439],[-91.849486,29.600359],[-91.849097,29.600067],[-91.848631,29.600069],[-91.848639,29.600683],[-91.859427,29.600692],[-91.861609,29.600082],[-91.864973,29.597267],[-91.865378,29.597131],[-91.870016,29.597253],[-91.869864,29.598035],[-91.870077,29.598402],[-91.871245,29.599401],[-91.872267,29.60123],[-91.872267,29.601598],[-91.872542,29.602092],[-91.874716,29.604736],[-91.875311,29.605753],[-91.875555,29.606348],[-91.875395,29.607879],[-91.875609,29.608505],[-91.876013,29.609113],[-91.876929,29.609504],[-91.877463,29.610052],[-91.877524,29.610649],[-91.877371,29.611015],[-91.877478,29.611564],[-91.878706,29.612886],[-91.879187,29.61371],[-91.879195,29.614444],[-91.87847,29.615736],[-91.878477,29.616348],[-91.879012,29.616956],[-91.879027,29.618484],[-91.88085,29.621728],[-91.880492,29.622282],[-91.877898,29.62351],[-91.877318,29.625196],[-91.877325,29.625837],[-91.877013,29.626392],[-91.874976,29.627508],[-91.874205,29.628614],[-91.8729,29.629404],[-91.871848,29.629688],[-91.871489,29.63001],[-91.87123,29.630563],[-91.87081,29.63075],[-91.869368,29.630657],[-91.868277,29.630153],[-91.868201,29.628778],[-91.868452,29.628257],[-91.86846,29.627494],[-91.867796,29.627422],[-91.867865,29.630081],[-91.867552,29.630313],[-91.865103,29.630689],[-91.86373,29.631719],[-91.863409,29.63163],[-91.863303,29.631446],[-91.864073,29.629972],[-91.864172,29.629009],[-91.86315,29.627508],[-91.861899,29.626234],[-91.860609,29.625316],[-91.859076,29.624609],[-91.857771,29.624301],[-91.85623,29.624181],[-91.852721,29.624336],[-91.852171,29.624694],[-91.851508,29.624549],[-91.851332,29.623025],[-91.850066,29.622236],[-91.850012,29.621473],[-91.849669,29.621234],[-91.84931,29.621479],[-91.84912,29.621368],[-91.849196,29.620569],[-91.848914,29.620201],[-91.847678,29.620227],[-91.847014,29.619785],[-91.84709,29.619079],[-91.846312,29.618469],[-91.846373,29.616813],[-91.846732,29.616401],[-91.847159,29.616308],[-91.847243,29.616056],[-91.846976,29.615575],[-91.846312,29.615133],[-91.846587,29.613086],[-91.846304,29.612735],[-91.846129,29.612144],[-91.845808,29.61194],[-91.845358,29.611908],[-91.845335,29.611646],[-91.844588,29.611406],[-91.844473,29.61094],[-91.84342,29.610427],[-91.843306,29.60972],[-91.843054,29.609592],[-91.842436,29.609636],[-91.84178,29.610158],[-91.841399,29.609903],[-91.841399,29.608844],[-91.841032,29.608617],[-91.840819,29.608253],[-91.839865,29.607893],[-91.83959,29.606975],[-91.839743,29.606607],[-91.840392,29.606037],[-91.841368,29.605815],[-91.841406,29.604715],[-91.841284,29.604408],[-91.83885,29.603347],[-91.837561,29.603641],[-91.836935,29.60456],[-91.83631,29.604843],[-91.836218,29.605852],[-91.835501,29.607557],[-91.835608,29.607921],[-91.835875,29.608242],[-91.836722,29.608373],[-91.837515,29.608964],[-91.838095,29.609006],[-91.8394,29.608768],[-91.839659,29.608984],[-91.840399,29.608806],[-91.841093,29.609396],[-91.841277,29.610115],[-91.841574,29.610408],[-91.842764,29.609825],[-91.843001,29.609861],[-91.8431,29.610452],[-91.843382,29.610897],[-91.844069,29.61104],[-91.844283,29.611522],[-91.844801,29.611797],[-91.845335,29.612426],[-91.845763,29.612588],[-91.846182,29.61387],[-91.84593,29.615133],[-91.845923,29.616304],[-91.845656,29.616996],[-91.845671,29.618722],[-91.845953,29.619186],[-91.845732,29.619913],[-91.845778,29.620304],[-91.846114,29.620706],[-91.84735,29.620662],[-91.84799,29.620899],[-91.84902,29.621727],[-91.84947,29.621742],[-91.849814,29.621999],[-91.849966,29.62265],[-91.850867,29.623186],[-91.850821,29.624012],[-91.848883,29.624944],[-91.848212,29.625639],[-91.847594,29.627155],[-91.847601,29.627588],[-91.84883,29.629211],[-91.848677,29.629991],[-91.848471,29.630178],[-91.846884,29.629179],[-91.846465,29.629091],[-91.845625,29.629236],[-91.844572,29.629013],[-91.843306,29.629022],[-91.84162,29.628667],[-91.841254,29.628349],[-91.841048,29.627178],[-91.840758,29.626777],[-91.839651,29.626066],[-91.839438,29.625701],[-91.839476,29.624391],[-91.840849,29.623033],[-91.841231,29.621465],[-91.841208,29.619861],[-91.84088,29.618761],[-91.839613,29.61691],[-91.838721,29.615989],[-91.837584,29.615295],[-91.836943,29.614566],[-91.835921,29.613906],[-91.835608,29.613258],[-91.834769,29.612575],[-91.832487,29.612644],[-91.83161,29.612258],[-91.83103,29.610706],[-91.82984,29.608987],[-91.829268,29.607652],[-91.828322,29.606967],[-91.827086,29.60683],[-91.826491,29.606487],[-91.826353,29.606132],[-91.826674,29.605587],[-91.826559,29.605188],[-91.82588,29.604991],[-91.825621,29.604763],[-91.825461,29.604032],[-91.826689,29.602895],[-91.826636,29.602151],[-91.825987,29.603097],[-91.824782,29.603664],[-91.822768,29.605077],[-91.821471,29.603797],[-91.820677,29.603252],[-91.820158,29.603111],[-91.819052,29.603061],[-91.816321,29.6042],[-91.815215,29.604198],[-91.814162,29.60374],[-91.813536,29.603738],[-91.812689,29.603372],[-91.812201,29.602945],[-91.811415,29.602773],[-91.810377,29.602182],[-91.809958,29.602226],[-91.809225,29.602911],[-91.80786,29.602407],[-91.807013,29.602861],[-91.805563,29.60313],[-91.805075,29.603784],[-91.804503,29.60367],[-91.804503,29.603332],[-91.804915,29.602722],[-91.804808,29.601991],[-91.805334,29.600347],[-91.805098,29.598575],[-91.805495,29.597789],[-91.806639,29.596458],[-91.806914,29.595508],[-91.806914,29.594963],[-91.806601,29.593866],[-91.805449,29.592586],[-91.80435,29.591871],[-91.804182,29.591577],[-91.804182,29.590316],[-91.805029,29.589464],[-91.805243,29.585371],[-91.805769,29.584274],[-91.806296,29.584184],[-91.808501,29.586288],[-91.80918,29.587614],[-91.80934,29.589304],[-91.808867,29.590398],[-91.808668,29.591756],[-91.809393,29.593658],[-91.810698,29.594512],[-91.811842,29.594844],[-91.813704,29.594993],[-91.816672,29.593368],[-91.816832,29.59309],[-91.818114,29.592559],[-91.818747,29.591875],[-91.819479,29.590597],[-91.820059,29.590051],[-91.820502,29.588867],[-91.820555,29.587017],[-91.820898,29.586454],[-91.821211,29.586454],[-91.821387,29.586656],[-91.821051,29.588012],[-91.821417,29.588935],[-91.822012,29.589502],[-91.822714,29.589548],[-91.823202,29.590158],[-91.823775,29.590206],[-91.825178,29.588041],[-91.825232,29.587656],[-91.824454,29.587383],[-91.824454,29.586912],[-91.82598,29.586824],[-91.82601,29.586055],[-91.825232,29.584814],[-91.825255,29.58452],[-91.825903,29.584701],[-91.827155,29.585426],[-91.828551,29.585653],[-91.828604,29.584299],[-91.829855,29.583942],[-91.830054,29.583604],[-91.829954,29.581527],[-91.830061,29.581073],[-91.830786,29.580568],[-91.831206,29.580522],[-91.832007,29.57962],[-91.832259,29.578744],[-91.832678,29.578378],[-91.832686,29.577693],[-91.833037,29.577119],[-91.834326,29.57773],[-91.834692,29.57773],[-91.83473,29.573757],[-91.834364,29.573949],[-91.83351,29.573947],[-91.833258,29.573499],[-91.833197,29.572826],[-91.833678,29.572153],[-91.833189,29.569028],[-91.832724,29.56797],[-91.832632,29.567167],[-91.832915,29.566574],[-91.832564,29.56587],[-91.832098,29.565452],[-91.831969,29.565052],[-91.831969,29.564809],[-91.832732,29.564395],[-91.834608,29.56427],[-91.834593,29.563829],[-91.833876,29.564048],[-91.832327,29.563901],[-91.8319,29.563991],[-91.830733,29.564735],[-91.831114,29.565406],[-91.831328,29.565452],[-91.831587,29.565864],[-91.831747,29.567142],[-91.832861,29.569622],[-91.832861,29.570488],[-91.833182,29.57188],[-91.832579,29.573082],[-91.832892,29.575183],[-91.831213,29.576414],[-91.83058,29.577098],[-91.830473,29.577463],[-91.830687,29.578376],[-91.83071,29.580278],[-91.83055,29.58044],[-91.829527,29.580659],[-91.829604,29.583505],[-91.828207,29.584186],[-91.828116,29.585153],[-91.827048,29.58505],[-91.825285,29.583881],[-91.825011,29.583877],[-91.824774,29.584222],[-91.824797,29.585189],[-91.825262,29.586076],[-91.825262,29.586422],[-91.823874,29.5867],[-91.823828,29.587041],[-91.823851,29.587465],[-91.824683,29.588073],[-91.823737,29.589508],[-91.822897,29.589553],[-91.823058,29.587818],[-91.823218,29.587453],[-91.822951,29.58686],[-91.821768,29.586172],[-91.821471,29.585655],[-91.820456,29.585434],[-91.81938,29.584652],[-91.819014,29.583381],[-91.819067,29.582788],[-91.819327,29.582422],[-91.820906,29.581329],[-91.822119,29.57934],[-91.821806,29.577905],[-91.821539,29.577539],[-91.820906,29.577264],[-91.820593,29.576715],[-91.821051,29.575603],[-91.822066,29.575075],[-91.822333,29.57471],[-91.822745,29.574501],[-91.823378,29.574802],[-91.823676,29.57545],[-91.824004,29.575491],[-91.82514,29.574964],[-91.826269,29.573986],[-91.826796,29.573164],[-91.827116,29.572069],[-91.826956,29.570606],[-91.82717,29.569601],[-91.826697,29.568733],[-91.826064,29.568458],[-91.825507,29.568349],[-91.824591,29.568546],[-91.820151,29.567829],[-91.819868,29.567581],[-91.819868,29.56644],[-91.820128,29.565982],[-91.820181,29.565206],[-91.819815,29.56484],[-91.818709,29.564472],[-91.817343,29.5646],[-91.817343,29.565567],[-91.817061,29.565748],[-91.814558,29.565973],[-91.814085,29.5657],[-91.813956,29.564905],[-91.813246,29.564281],[-91.812979,29.563825],[-91.812559,29.563594],[-91.810461,29.563867],[-91.809355,29.564184],[-91.808859,29.563943],[-91.808859,29.563398],[-91.808585,29.563076],[-91.80712,29.562933],[-91.806799,29.562629],[-91.806776,29.562145],[-91.807265,29.561803],[-91.808264,29.560213],[-91.808562,29.559227],[-91.808623,29.557422],[-91.80831,29.556692],[-91.808623,29.556144],[-91.808623,29.555231],[-91.80905,29.554681],[-91.80905,29.554317],[-91.809782,29.553588],[-91.808417,29.553587],[-91.80731,29.55404],[-91.806944,29.556232],[-91.807471,29.557514],[-91.807745,29.559227],[-91.807684,29.56048],[-91.807288,29.560924],[-91.807104,29.561449],[-91.806151,29.56162],[-91.805991,29.562078],[-91.80657,29.563083],[-91.807608,29.563808],[-91.807196,29.564764],[-91.807989,29.565961],[-91.807989,29.566373],[-91.808287,29.566635],[-91.808447,29.567775],[-91.808302,29.568294],[-91.808615,29.569391],[-91.810088,29.57195],[-91.811034,29.572774],[-91.811819,29.573825],[-91.81243,29.574115],[-91.812819,29.574787],[-91.813765,29.575611],[-91.814009,29.576036],[-91.817,29.578052],[-91.817961,29.579315],[-91.819548,29.580089],[-91.818907,29.580368],[-91.816595,29.579862],[-91.81555,29.580089],[-91.813338,29.581773],[-91.812918,29.581773],[-91.812125,29.581472],[-91.811209,29.583692],[-91.809714,29.58385],[-91.808607,29.584461],[-91.807768,29.584369],[-91.807341,29.583637],[-91.806921,29.583271],[-91.805449,29.583406],[-91.804503,29.584089],[-91.80419,29.586099],[-91.803702,29.5865],[-91.802718,29.58564],[-91.802176,29.584934],[-91.803442,29.583681],[-91.803587,29.582655],[-91.802954,29.582147],[-91.802191,29.582006],[-91.801916,29.581665],[-91.801215,29.578392],[-91.800864,29.578086],[-91.801253,29.577417],[-91.802306,29.576551],[-91.802412,29.576139],[-91.801466,29.573581],[-91.801413,29.57294],[-91.800413,29.571477],[-91.800101,29.571205],[-91.798102,29.570333],[-91.796316,29.570283],[-91.793684,29.571559],[-91.793265,29.572288],[-91.793265,29.572837],[-91.793105,29.57302],[-91.793211,29.573385],[-91.793005,29.573843],[-91.79341,29.575079],[-91.791342,29.575035],[-91.790739,29.574651],[-91.789328,29.572511],[-91.789275,29.572147],[-91.789427,29.571781],[-91.790221,29.571096],[-91.790747,29.570367],[-91.790854,29.569635],[-91.790587,29.568721],[-91.78871,29.567642],[-91.788275,29.567167],[-91.786528,29.563947],[-91.785925,29.563505],[-91.78456,29.561647],[-91.78456,29.560518],[-91.784422,29.560316],[-91.783308,29.559911],[-91.78324,29.55973],[-91.783522,29.558984],[-91.782919,29.559286],[-91.782477,29.559951],[-91.780623,29.559888],[-91.779669,29.559341],[-91.778456,29.558197],[-91.77719,29.55783],[-91.775618,29.557006],[-91.774886,29.556366],[-91.774252,29.555084],[-91.772253,29.552915],[-91.77178,29.551792],[-91.771521,29.549598],[-91.771574,29.549234],[-91.772261,29.548687],[-91.772208,29.548093],[-91.771841,29.547771],[-91.771735,29.547224],[-91.772475,29.545946],[-91.774313,29.5438],[-91.774893,29.542751],[-91.774893,29.541654],[-91.77458,29.541107],[-91.773733,29.540649],[-91.772055,29.540691],[-91.770369,29.541284],[-91.76985,29.541282],[-91.769636,29.540824],[-91.769896,29.54046],[-91.773001,29.539276],[-91.773367,29.539003],[-91.773527,29.538639],[-91.773489,29.538003],[-91.773787,29.537601],[-91.775137,29.53742],[-91.77558,29.537179],[-91.775946,29.536354],[-91.776434,29.53601],[-91.777708,29.535831],[-91.78147,29.534084],[-91.781889,29.534082],[-91.782202,29.534448],[-91.782256,29.53536],[-91.782629,29.536016],[-91.783408,29.536188],[-91.785727,29.536144],[-91.787512,29.536376],[-91.788664,29.535554],[-91.788512,29.534366],[-91.788039,29.533634],[-91.787985,29.532629],[-91.786566,29.531438],[-91.785834,29.531438],[-91.785414,29.531711],[-91.783728,29.532211],[-91.782942,29.533409],[-91.782523,29.53363],[-91.781485,29.53363],[-91.778609,29.535196],[-91.777632,29.535579],[-91.776732,29.535577],[-91.775618,29.53598],[-91.775526,29.536542],[-91.774947,29.537107],[-91.773604,29.537267],[-91.772787,29.536453],[-91.770377,29.53516],[-91.769644,29.534519],[-91.769644,29.533901],[-91.771117,29.531688],[-91.771063,29.531461],[-91.771429,29.531097],[-91.773291,29.527891],[-91.773535,29.526666],[-91.772909,29.525569],[-91.771223,29.524698],[-91.770171,29.524469],[-91.768912,29.524465],[-91.767859,29.524921],[-91.766363,29.526107],[-91.765128,29.526105],[-91.764708,29.525922],[-91.764395,29.524824],[-91.764548,29.523864],[-91.765334,29.522319],[-91.766959,29.520507],[-91.767599,29.518569],[-91.769369,29.516759],[-91.770132,29.5135],[-91.772307,29.509794],[-91.77265,29.508605],[-91.773421,29.503463],[-91.773383,29.498804],[-91.772551,29.496925],[-91.771689,29.495534],[-91.771765,29.494827],[-91.7722,29.494545],[-91.771277,29.494159],[-91.770026,29.493331],[-91.76525,29.489692],[-91.764555,29.488966],[-91.764647,29.488763],[-91.767042,29.490049],[-91.768835,29.489549],[-91.771567,29.489049],[-91.773901,29.487802],[-91.774771,29.487045],[-91.777037,29.486362],[-91.780188,29.484994],[-91.782187,29.483764],[-91.784125,29.482898],[-91.785338,29.483083],[-91.786185,29.482902],[-91.789122,29.481718],[-91.789496,29.481718],[-91.790839,29.482727],[-91.791594,29.482727],[-91.793974,29.483289],[-91.797377,29.485616],[-91.801108,29.487186],[-91.803206,29.487318],[-91.805312,29.486976],[-91.807936,29.48632],[-91.81288,29.483768],[-91.814688,29.482317],[-91.814879,29.481035],[-91.817236,29.477209],[-91.818037,29.474544],[-91.818251,29.472986],[-91.8188,29.47249],[-91.819281,29.472414],[-91.819449,29.472753],[-91.818663,29.474493],[-91.81864,29.476572],[-91.820586,29.478668],[-91.822028,29.479696],[-91.822295,29.480178],[-91.822279,29.48055],[-91.821295,29.481573],[-91.820067,29.483341],[-91.81964,29.484518],[-91.81964,29.486705],[-91.819174,29.490057],[-91.815214,29.493652],[-91.814726,29.494363],[-91.813498,29.497184],[-91.812552,29.49768],[-91.811392,29.498037],[-91.810553,29.498796],[-91.810217,29.499725],[-91.810126,29.500627],[-91.810767,29.501432],[-91.812209,29.50238],[-91.812262,29.502878],[-91.811392,29.503822],[-91.810339,29.503759],[-91.808394,29.503074],[-91.807486,29.503088],[-91.806753,29.503427],[-91.806151,29.504343],[-91.805724,29.504434],[-91.802901,29.504106],[-91.802473,29.504337],[-91.802138,29.504896],[-91.802138,29.505331],[-91.80255,29.506074],[-91.802901,29.50741],[-91.803328,29.508125],[-91.804274,29.508762]],[[-91.854437,29.514802],[-91.854208,29.514612],[-91.853667,29.513475],[-91.853659,29.512537],[-91.853903,29.512205],[-91.85433,29.512004],[-91.854956,29.512044],[-91.855337,29.512544],[-91.85475,29.513664],[-91.854781,29.51441],[-91.854437,29.514802]],[[-91.858626,29.515588],[-91.858046,29.515417],[-91.85787,29.515197],[-91.856993,29.515115],[-91.856985,29.514722],[-91.857283,29.514413],[-91.857405,29.513954],[-91.857657,29.513929],[-91.857733,29.514324],[-91.857993,29.514627],[-91.858641,29.514886],[-91.858778,29.515565],[-91.858626,29.515588]],[[-91.738257,29.551952],[-91.736967,29.552766],[-91.736815,29.552679],[-91.736662,29.551784],[-91.736021,29.55108],[-91.736937,29.550994],[-91.737036,29.550716],[-91.736685,29.549922],[-91.737326,29.550043],[-91.738737,29.549928],[-91.739073,29.550073],[-91.738974,29.550762],[-91.73857,29.551157],[-91.738257,29.551952]],[[-91.784209,29.562343],[-91.784247,29.562223],[-91.784529,29.562301],[-91.785231,29.56332],[-91.785261,29.563716],[-91.7843,29.564109],[-91.78369,29.564897],[-91.783079,29.565355],[-91.781958,29.565244],[-91.781454,29.564058],[-91.781958,29.563346],[-91.783553,29.562831],[-91.784209,29.562343]],[[-91.714903,29.566503],[-91.713393,29.567833],[-91.713156,29.568204],[-91.711356,29.567356],[-91.709624,29.567085],[-91.709273,29.566385],[-91.709174,29.56435],[-91.707808,29.563066],[-91.707388,29.562929],[-91.707548,29.561925],[-91.708968,29.559459],[-91.709837,29.558582],[-91.710356,29.558677],[-91.71086,29.559373],[-91.711706,29.559373],[-91.712477,29.55904],[-91.712859,29.558368],[-91.712859,29.557546],[-91.712439,29.557272],[-91.71102,29.556858],[-91.710867,29.556493],[-91.71102,29.556129],[-91.71279,29.554412],[-91.715811,29.55216],[-91.718649,29.55034],[-91.719908,29.549793],[-91.723692,29.547332],[-91.725211,29.546674],[-91.726126,29.545614],[-91.727431,29.544733],[-91.730322,29.543275],[-91.733641,29.541311],[-91.734816,29.539915],[-91.739729,29.538127],[-91.740149,29.538038],[-91.741621,29.53828],[-91.743674,29.537677],[-91.74494,29.536857],[-91.746779,29.536129],[-91.747221,29.536129],[-91.750174,29.534324],[-91.750616,29.533943],[-91.751089,29.533165],[-91.75395,29.531076],[-91.755347,29.529378],[-91.755766,29.529106],[-91.758452,29.526231],[-91.759558,29.525363],[-91.76026,29.525367],[-91.760451,29.525869],[-91.761275,29.526586],[-91.762114,29.526771],[-91.763022,29.527608],[-91.763861,29.528024],[-91.765196,29.527902],[-91.765967,29.527568],[-91.767859,29.525789],[-91.770277,29.525152],[-91.772452,29.525962],[-91.772902,29.526758],[-91.773047,29.527631],[-91.772589,29.528097],[-91.769324,29.532827],[-91.769011,29.533605],[-91.768957,29.534839],[-91.769324,29.535478],[-91.769743,29.535844],[-91.771902,29.537174],[-91.772688,29.538272],[-91.771796,29.539047],[-91.770796,29.539318],[-91.76853,29.540502],[-91.768248,29.541626],[-91.767584,29.542488],[-91.766165,29.543834],[-91.764426,29.545045],[-91.76425,29.54565],[-91.764799,29.547245],[-91.764799,29.547945],[-91.764616,29.548368],[-91.76367,29.548324],[-91.762724,29.547069],[-91.761221,29.546886],[-91.760802,29.547069],[-91.760222,29.54812],[-91.758856,29.548984],[-91.758452,29.549909],[-91.75891,29.551223],[-91.75891,29.551956],[-91.758589,29.552228],[-91.757002,29.552099],[-91.754759,29.549434],[-91.753867,29.547788],[-91.753447,29.547559],[-91.751974,29.547285],[-91.750792,29.547283],[-91.748762,29.548147],[-91.747557,29.549196],[-91.746931,29.550052],[-91.746878,29.550958],[-91.748923,29.553857],[-91.750334,29.554864],[-91.750914,29.555004],[-91.751234,29.554866],[-91.752493,29.554868],[-91.75305,29.555032],[-91.754172,29.55487],[-91.755911,29.553869],[-91.75717,29.552591],[-91.758643,29.552686],[-91.75891,29.553142],[-91.758429,29.554603],[-91.758482,29.554969],[-91.759116,29.555608],[-91.759749,29.555929],[-91.761954,29.55639],[-91.762534,29.556802],[-91.762946,29.557582],[-91.762923,29.558488],[-91.762709,29.5589],[-91.76216,29.55937],[-91.761359,29.559515],[-91.760245,29.55912],[-91.759726,29.558628],[-91.759512,29.558071],[-91.758284,29.558006],[-91.757429,29.55817],[-91.756277,29.559215],[-91.754668,29.559131],[-91.753455,29.559841],[-91.75244,29.559528],[-91.751021,29.560165],[-91.748633,29.560159],[-91.746184,29.561298],[-91.744765,29.561605],[-91.74404,29.562074],[-91.742873,29.562452],[-91.741797,29.563196],[-91.741087,29.564064],[-91.741652,29.567386],[-91.741392,29.569103],[-91.741652,29.570747],[-91.742491,29.571571],[-91.742644,29.572097],[-91.743857,29.573082],[-91.744925,29.573715],[-91.747435,29.574045],[-91.749487,29.573455],[-91.75038,29.572952],[-91.751112,29.572042],[-91.751532,29.571859],[-91.753744,29.57159],[-91.754896,29.57159],[-91.755736,29.571834],[-91.756857,29.571512],[-91.757948,29.570726],[-91.758894,29.570318],[-91.760054,29.569406],[-91.760893,29.568494],[-91.762312,29.566076],[-91.762312,29.56571],[-91.76174,29.563676],[-91.76174,29.562101],[-91.76055,29.560506],[-91.759581,29.560085],[-91.759634,29.559631],[-91.760023,29.559444],[-91.760985,29.559846],[-91.762404,29.55985],[-91.763151,29.559232],[-91.763327,29.558307],[-91.76319,29.557071],[-91.76248,29.55598],[-91.761008,29.555339],[-91.759222,29.555212],[-91.759116,29.554695],[-91.759222,29.554149],[-91.759901,29.552869],[-91.760168,29.551956],[-91.759955,29.551042],[-91.759329,29.549945],[-91.759421,29.54869],[-91.761015,29.548622],[-91.761488,29.547802],[-91.761961,29.547391],[-91.762274,29.547391],[-91.763213,29.548013],[-91.763426,29.548919],[-91.76364,29.549167],[-91.765036,29.548612],[-91.765318,29.548036],[-91.765326,29.547123],[-91.765112,29.546026],[-91.765219,29.54566],[-91.766585,29.544475],[-91.768584,29.542375],[-91.769217,29.542102],[-91.770689,29.542106],[-91.771635,29.541788],[-91.77384,29.541425],[-91.774367,29.54202],[-91.774367,29.542385],[-91.773787,29.543388],[-91.772436,29.544879],[-91.771231,29.546711],[-91.770895,29.547588],[-91.770789,29.548502],[-91.771025,29.551433],[-91.772322,29.554016],[-91.773726,29.555542],[-91.774306,29.556638],[-91.774306,29.557004],[-91.773161,29.557764],[-91.77236,29.557989],[-91.771094,29.558963],[-91.770674,29.558963],[-91.769835,29.559372],[-91.769568,29.560194],[-91.769781,29.561519],[-91.770781,29.56257],[-91.77162,29.562574],[-91.772513,29.562116],[-91.774039,29.562118],[-91.774313,29.562242],[-91.775458,29.561849],[-91.775664,29.561481],[-91.775664,29.561071],[-91.775092,29.560478],[-91.772566,29.55924],[-91.772597,29.558361],[-91.774802,29.557539],[-91.776739,29.558546],[-91.778197,29.558706],[-91.779501,29.55989],[-91.782133,29.560485],[-91.783133,29.560855],[-91.783339,29.561494],[-91.783079,29.562042],[-91.782187,29.562517],[-91.780974,29.563722],[-91.781332,29.565181],[-91.782179,29.565832],[-91.783446,29.56579],[-91.783919,29.565515],[-91.78488,29.564321],[-91.785445,29.564056],[-91.786017,29.564159],[-91.786322,29.564468],[-91.786963,29.566982],[-91.787718,29.567876],[-91.789641,29.568767],[-91.790274,29.569454],[-91.790007,29.570182],[-91.789099,29.57085],[-91.788657,29.571956],[-91.789214,29.57341],[-91.79032,29.575208],[-91.789481,29.575662],[-91.788718,29.576862],[-91.788016,29.577241],[-91.787405,29.577255],[-91.786795,29.577543],[-91.786528,29.577848],[-91.785986,29.577678],[-91.785223,29.577146],[-91.784193,29.577081],[-91.783507,29.577234],[-91.782477,29.577764],[-91.782111,29.578432],[-91.782355,29.579511],[-91.783018,29.580257],[-91.783911,29.580926],[-91.784788,29.580957],[-91.785994,29.580457],[-91.786291,29.579986],[-91.78633,29.579048],[-91.786764,29.57891],[-91.787283,29.579578],[-91.787863,29.579731],[-91.789,29.579444],[-91.78932,29.578823],[-91.789358,29.576437],[-91.789687,29.576154],[-91.791388,29.575313],[-91.793547,29.575771],[-91.793944,29.576017],[-91.793135,29.577478],[-91.79328,29.578115],[-91.793921,29.579351],[-91.795554,29.580217],[-91.796072,29.580219],[-91.796942,29.57887],[-91.797888,29.578462],[-91.799467,29.579103],[-91.800413,29.578939],[-91.80078,29.579061],[-91.801337,29.581607],[-91.801619,29.58212],[-91.802824,29.582866],[-91.802824,29.583131],[-91.801802,29.584075],[-91.80152,29.584652],[-91.801848,29.585577],[-91.802771,29.586504],[-91.803099,29.587081],[-91.804808,29.58768],[-91.804785,29.588216],[-91.804381,29.588605],[-91.804358,29.589778],[-91.80374,29.589819],[-91.802718,29.590929],[-91.802313,29.590845],[-91.801939,29.590515],[-91.801421,29.590431],[-91.799544,29.590387],[-91.798087,29.5907],[-91.79714,29.591566],[-91.79714,29.591749],[-91.795599,29.592752],[-91.794043,29.592706],[-91.790938,29.593111],[-91.789992,29.592903],[-91.789992,29.593839],[-91.789786,29.594341],[-91.789526,29.594461],[-91.788519,29.594066],[-91.787894,29.594202],[-91.787466,29.594385],[-91.786574,29.595295],[-91.786154,29.595336],[-91.78604,29.595108],[-91.785208,29.595066],[-91.785086,29.594738],[-91.784972,29.59486],[-91.785086,29.595333],[-91.785918,29.595478],[-91.786436,29.596035],[-91.786246,29.596157],[-91.785467,29.596014],[-91.785155,29.596382],[-91.78504,29.597555],[-91.784514,29.598295],[-91.784514,29.598768],[-91.784727,29.599241],[-91.784727,29.599714],[-91.784537,29.599899],[-91.784323,29.599714],[-91.784445,29.598583],[-91.782629,29.597116],[-91.782004,29.595502],[-91.782004,29.594976],[-91.783469,29.5928],[-91.784705,29.592086],[-91.785055,29.592187],[-91.785704,29.593792],[-91.786009,29.593648],[-91.785986,29.593196],[-91.785277,29.591981],[-91.785208,29.591342],[-91.784781,29.590457],[-91.784781,29.589572],[-91.784636,29.589572],[-91.784567,29.590414],[-91.784949,29.591466],[-91.783598,29.591999],[-91.782721,29.592573],[-91.781988,29.591234],[-91.781218,29.590629],[-91.779799,29.590034],[-91.778906,29.589849],[-91.77738,29.589801],[-91.776503,29.590135],[-91.776068,29.590622],[-91.775381,29.591989],[-91.774962,29.591808],[-91.774123,29.591806],[-91.773703,29.591531],[-91.773909,29.590435],[-91.77352,29.588701],[-91.772757,29.587638],[-91.772757,29.586599],[-91.77323,29.58564],[-91.774863,29.584409],[-91.775969,29.583042],[-91.782324,29.584947],[-91.782347,29.585191],[-91.783652,29.585483],[-91.783652,29.584907],[-91.775748,29.582508],[-91.775656,29.580846],[-91.776183,29.579843],[-91.776442,29.578476],[-91.775709,29.577194],[-91.775709,29.576829],[-91.776022,29.57628],[-91.776022,29.574911],[-91.775397,29.573175],[-91.775816,29.571714],[-91.775709,29.570983],[-91.77603,29.569887],[-91.775717,29.567695],[-91.775046,29.567174],[-91.772559,29.566593],[-91.771719,29.566593],[-91.77088,29.56723],[-91.770666,29.56723],[-91.770094,29.566497],[-91.76972,29.566316],[-91.769621,29.566497],[-91.77011,29.56776],[-91.769041,29.568954],[-91.768774,29.569877],[-91.768774,29.570608],[-91.769301,29.571611],[-91.770926,29.573032],[-91.772032,29.575271],[-91.772978,29.576002],[-91.772658,29.576414],[-91.76969,29.57584],[-91.768248,29.575264],[-91.767828,29.575309],[-91.766249,29.576723],[-91.765562,29.57686],[-91.763792,29.576263],[-91.762572,29.576078],[-91.760153,29.574934],[-91.759558,29.57481],[-91.757574,29.575237],[-91.755789,29.575977],[-91.755667,29.575792],[-91.755835,29.574745],[-91.756262,29.573961],[-91.756262,29.5732],[-91.755934,29.57316],[-91.755766,29.573284],[-91.755102,29.575956],[-91.753424,29.575653],[-91.751952,29.576061],[-91.750754,29.575458],[-91.748556,29.574976],[-91.746168,29.574842],[-91.74478,29.574993],[-91.741438,29.575906],[-91.73934,29.577001],[-91.738348,29.577886],[-91.737593,29.579036],[-91.736708,29.579418],[-91.735968,29.580421],[-91.735709,29.580329],[-91.735289,29.580465],[-91.734915,29.58156],[-91.733946,29.582931],[-91.734915,29.58325],[-91.735548,29.583252],[-91.735762,29.583435],[-91.735762,29.583662],[-91.735335,29.584257],[-91.734572,29.585104],[-91.734145,29.585165],[-91.73419,29.58465],[-91.734526,29.583993],[-91.734381,29.583725],[-91.73403,29.583683],[-91.733549,29.584631],[-91.733221,29.584915],[-91.73242,29.584751],[-91.732344,29.584484],[-91.732603,29.582792],[-91.732291,29.581874],[-91.732291,29.580211],[-91.733977,29.578775],[-91.735747,29.576465],[-91.735869,29.574895],[-91.736182,29.574531],[-91.737341,29.573846],[-91.737288,29.572568],[-91.738119,29.570859],[-91.737921,29.568731],[-91.738242,29.568412],[-91.740973,29.568462],[-91.741133,29.568187],[-91.741133,29.567731],[-91.74024,29.567915],[-91.738348,29.567863],[-91.737921,29.567728],[-91.7377,29.567483],[-91.737456,29.566631],[-91.73651,29.565441],[-91.736403,29.564619],[-91.736616,29.564344],[-91.739142,29.563329],[-91.739828,29.564172],[-91.740134,29.563989],[-91.739851,29.562959],[-91.746168,29.56052],[-91.745772,29.559965],[-91.739424,29.562753],[-91.736792,29.563737],[-91.73625,29.563591],[-91.735159,29.562292],[-91.735281,29.56184],[-91.735777,29.56147],[-91.737479,29.561348],[-91.737479,29.560834],[-91.735731,29.560915],[-91.735686,29.560689],[-91.736227,29.560052],[-91.736616,29.558954],[-91.736357,29.558589],[-91.735358,29.55813],[-91.734923,29.557029],[-91.734694,29.555093],[-91.734976,29.554601],[-91.735731,29.553901],[-91.73741,29.553102],[-91.738341,29.552343],[-91.73931,29.551891],[-91.739828,29.551355],[-91.740301,29.551378],[-91.741354,29.551836],[-91.743452,29.552114],[-91.743872,29.552022],[-91.744292,29.551704],[-91.745055,29.550767],[-91.745787,29.550769],[-91.747282,29.553365],[-91.747374,29.553941],[-91.747778,29.554414],[-91.748412,29.554189],[-91.747847,29.553613],[-91.745978,29.549985],[-91.747,29.549329],[-91.747191,29.548776],[-91.746786,29.538812],[-91.747069,29.538564],[-91.747,29.537555],[-91.746435,29.537616],[-91.746382,29.544923],[-91.746069,29.544963],[-91.745863,29.543212],[-91.745222,29.543376],[-91.745123,29.543664],[-91.745505,29.544736],[-91.745528,29.545333],[-91.746329,29.545333],[-91.746619,29.545888],[-91.746588,29.548854],[-91.743346,29.551473],[-91.741667,29.551334],[-91.740195,29.550645],[-91.739775,29.550783],[-91.738737,29.551736],[-91.738623,29.551553],[-91.739096,29.551164],[-91.739287,29.550031],[-91.739142,29.549762],[-91.738432,29.549596],[-91.737013,29.549758],[-91.736967,29.549512],[-91.736677,29.549493],[-91.736113,29.549819],[-91.73609,29.550191],[-91.736372,29.550542],[-91.735754,29.550621],[-91.73535,29.55089],[-91.735327,29.551281],[-91.736319,29.552228],[-91.736227,29.552804],[-91.735709,29.553237],[-91.734709,29.55233],[-91.732939,29.552097],[-91.732031,29.552339],[-91.731573,29.552734],[-91.730627,29.555839],[-91.728896,29.556385],[-91.728468,29.556703],[-91.728522,29.55821],[-91.728941,29.558988],[-91.729994,29.559721],[-91.731779,29.560043],[-91.733549,29.559316],[-91.734778,29.559227],[-91.735197,29.558906],[-91.735564,29.559043],[-91.735663,29.559293],[-91.735358,29.56014],[-91.734511,29.561555],[-91.73493,29.563339],[-91.73522,29.56384],[-91.735052,29.56417],[-91.73477,29.56417],[-91.73432,29.563653],[-91.73371,29.563385],[-91.732619,29.563734],[-91.73062,29.563695],[-91.729414,29.563345],[-91.728415,29.563692],[-91.727576,29.563692],[-91.727362,29.563781],[-91.726981,29.564453],[-91.7265,29.564657],[-91.726057,29.565168],[-91.725417,29.566658],[-91.724669,29.567396],[-91.724379,29.568178],[-91.724074,29.567806],[-91.724097,29.567022],[-91.723296,29.566076],[-91.723059,29.566219],[-91.723769,29.567209],[-91.723769,29.567846],[-91.723509,29.567907],[-91.723173,29.56764],[-91.723013,29.567104],[-91.722777,29.5669],[-91.721052,29.566833],[-91.7209,29.566146],[-91.721472,29.565782],[-91.722266,29.565647],[-91.722418,29.565282],[-91.722349,29.563894],[-91.722945,29.563566],[-91.722632,29.562534],[-91.721732,29.562679],[-91.722067,29.563667],[-91.722021,29.564901],[-91.721686,29.565208],[-91.721403,29.565208],[-91.721121,29.564941],[-91.721022,29.563211],[-91.721449,29.561792],[-91.72309,29.557928],[-91.72531,29.558731],[-91.725432,29.558115],[-91.723227,29.557453],[-91.723372,29.556816],[-91.724005,29.55554],[-91.7237,29.555334],[-91.722586,29.557596],[-91.720572,29.563045],[-91.72019,29.562942],[-91.720045,29.562015],[-91.719694,29.561912],[-91.719313,29.561992],[-91.72,29.563064],[-91.710409,29.561855],[-91.710509,29.562267],[-91.720396,29.563537],[-91.720419,29.566513],[-91.7199,29.566511],[-91.718954,29.566053],[-91.718535,29.566053],[-91.717543,29.566482],[-91.715735,29.566165],[-91.714903,29.566503]],[[-91.70883,29.566499],[-91.708968,29.566911],[-91.709395,29.567344],[-91.710509,29.567428],[-91.711859,29.568048],[-91.712706,29.568811],[-91.713087,29.568769],[-91.713682,29.568298],[-91.714178,29.567598],[-91.715384,29.566778],[-91.715575,29.5669],[-91.715407,29.56752],[-91.715689,29.567829],[-91.715292,29.568733],[-91.713919,29.569698],[-91.710799,29.569786],[-91.710326,29.569969],[-91.708906,29.571062],[-91.708372,29.57125],[-91.707968,29.571128],[-91.707899,29.568803],[-91.707686,29.568719],[-91.707335,29.569088],[-91.707388,29.570055],[-91.706961,29.570968],[-91.706068,29.571971],[-91.705069,29.572151],[-91.70455,29.570568],[-91.704497,29.569685],[-91.70455,29.568954],[-91.70513,29.567857],[-91.704916,29.567356],[-91.705099,29.567071],[-91.705557,29.566871],[-91.706648,29.567131],[-91.707785,29.566642],[-91.708304,29.566949],[-91.70883,29.566499]],[[-91.795622,29.579738],[-91.795431,29.579904],[-91.795035,29.579675],[-91.794859,29.579128],[-91.794348,29.578565],[-91.794295,29.578002],[-91.794562,29.577455],[-91.794577,29.576971],[-91.794791,29.57694],[-91.794913,29.57744],[-91.795332,29.577653],[-91.795996,29.57834],[-91.795996,29.579158],[-91.795622,29.579738]],[[-91.738654,29.582567],[-91.738196,29.582531],[-91.738219,29.582033],[-91.739645,29.581867],[-91.739943,29.58263],[-91.739615,29.582912],[-91.739043,29.582532],[-91.738654,29.582567]],[[-91.737593,29.582885],[-91.738386,29.582983],[-91.737646,29.583385],[-91.737456,29.583196],[-91.737593,29.582885]],[[-91.755141,29.583055],[-91.754782,29.58321],[-91.754294,29.582996],[-91.754294,29.582532],[-91.753844,29.582174],[-91.752898,29.581995],[-91.753264,29.580959],[-91.753432,29.580854],[-91.753966,29.580963],[-91.75405,29.581354],[-91.75511,29.582355],[-91.755141,29.583055]],[[-91.763266,29.583646],[-91.763151,29.583831],[-91.762907,29.583618],[-91.763068,29.583368],[-91.765288,29.581409],[-91.7666,29.581411],[-91.7666,29.582553],[-91.76586,29.582586],[-91.765532,29.582836],[-91.76438,29.583047],[-91.763266,29.583646]],[[-91.871519,29.586404],[-91.870444,29.586639],[-91.869109,29.586633],[-91.869086,29.58608],[-91.868826,29.585672],[-91.869429,29.585727],[-91.870207,29.586319],[-91.871519,29.586404]],[[-91.757887,29.586561],[-91.757368,29.585212],[-91.756834,29.585033],[-91.755766,29.583852],[-91.756094,29.583852],[-91.756544,29.584283],[-91.757902,29.584285],[-91.758353,29.584714],[-91.758353,29.585321],[-91.757887,29.586561]],[[-91.767752,29.59235],[-91.767744,29.591936],[-91.768523,29.591795],[-91.768195,29.592008],[-91.768027,29.592363],[-91.767752,29.59235]],[[-91.804541,29.606163],[-91.804594,29.605636],[-91.804968,29.605424],[-91.80538,29.605461],[-91.805296,29.605815],[-91.805006,29.606065],[-91.804541,29.606163]],[[-91.892004,29.609943],[-91.891585,29.609878],[-91.891417,29.609588],[-91.891425,29.608434],[-91.891112,29.607837],[-91.890265,29.606868],[-91.889479,29.606334],[-91.889204,29.605707],[-91.889197,29.604993],[-91.888991,29.604396],[-91.891127,29.605941],[-91.891821,29.606798],[-91.892012,29.607599],[-91.892004,29.609943]],[[-91.846281,29.616102],[-91.846121,29.615997],[-91.846205,29.615736],[-91.846632,29.615806],[-91.846655,29.616048],[-91.846281,29.616102]],[[-91.84619,29.618986],[-91.846327,29.618894],[-91.846609,29.619283],[-91.846266,29.61923],[-91.84619,29.618986]],[[-91.846938,29.620414],[-91.846472,29.620475],[-91.846213,29.620346],[-91.845953,29.620124],[-91.845953,29.619882],[-91.846594,29.619766],[-91.847044,29.620079],[-91.847105,29.620302],[-91.846938,29.620414]],[[-91.848463,29.62083],[-91.848074,29.6205],[-91.848395,29.620384],[-91.848692,29.620605],[-91.848761,29.620994],[-91.848463,29.62083]],[[-91.915358,29.630846],[-91.915114,29.631547],[-91.915213,29.631742],[-91.915038,29.631935],[-91.913962,29.632085],[-91.913809,29.632406],[-91.913893,29.632934],[-91.912878,29.633808],[-91.910262,29.635225],[-91.909094,29.63504],[-91.908087,29.63577],[-91.906538,29.636594],[-91.902899,29.638143],[-91.901587,29.639707],[-91.901785,29.639316],[-91.901678,29.639036],[-91.90045,29.637544],[-91.900473,29.637298],[-91.901503,29.637077],[-91.901877,29.636615],[-91.901801,29.634796],[-91.902533,29.633554],[-91.902533,29.633199],[-91.902411,29.63278],[-91.901022,29.631586],[-91.900854,29.631092],[-91.901213,29.630773],[-91.90219,29.631172],[-91.903059,29.631113],[-91.903166,29.630086],[-91.902678,29.629772],[-91.902518,29.629453],[-91.903098,29.628604],[-91.904028,29.62812],[-91.903944,29.626106],[-91.904333,29.625061],[-91.904524,29.62356],[-91.904913,29.623344],[-91.905539,29.623552],[-91.906004,29.623529],[-91.906226,29.623191],[-91.906294,29.622415],[-91.906149,29.621795],[-91.907042,29.62059],[-91.907072,29.619228],[-91.906889,29.618879],[-91.906241,29.618688],[-91.906294,29.618122],[-91.90843,29.617504],[-91.908713,29.617134],[-91.908682,29.615913],[-91.908011,29.615636],[-91.907942,29.615318],[-91.908476,29.614395],[-91.908911,29.614324],[-91.909033,29.614463],[-91.908736,29.615154],[-91.910056,29.615181],[-91.910277,29.614967],[-91.909979,29.613679],[-91.910071,29.613395],[-91.911566,29.613191],[-91.912215,29.612796],[-91.912451,29.612405],[-91.912825,29.610742],[-91.913283,29.610157],[-91.913847,29.609993],[-91.91535,29.610178],[-91.916556,29.609691],[-91.917677,29.609506],[-91.919241,29.610538],[-91.921111,29.611215],[-91.921332,29.611726],[-91.921378,29.614147],[-91.920203,29.615625],[-91.920454,29.615997],[-91.920416,29.616489],[-91.919775,29.616849],[-91.919478,29.618919],[-91.918936,29.619737],[-91.918944,29.620266],[-91.919463,29.621166],[-91.919493,29.621606],[-91.919318,29.621995],[-91.917944,29.622449],[-91.918135,29.623384],[-91.917815,29.623951],[-91.917807,29.624498],[-91.917502,29.624715],[-91.917265,29.62461],[-91.916983,29.624788],[-91.916914,29.625885],[-91.91696,29.62622],[-91.917181,29.626308],[-91.917166,29.626627],[-91.916273,29.626403],[-91.915831,29.626514],[-91.91561,29.626743],[-91.915671,29.627059],[-91.91622,29.627269],[-91.916289,29.627605],[-91.915366,29.629875],[-91.915358,29.630846]],[[-91.92774,29.63552],[-91.926367,29.635374],[-91.925345,29.63434],[-91.923323,29.633098],[-91.921927,29.632913],[-91.920653,29.63236],[-91.918982,29.632955],[-91.918478,29.633382],[-91.917731,29.633476],[-91.917105,29.633287],[-91.916487,29.631721],[-91.915747,29.63116],[-91.915717,29.629871],[-91.916693,29.628522],[-91.916388,29.627994],[-91.916922,29.626911],[-91.917914,29.626518],[-91.918066,29.626304],[-91.91799,29.626056],[-91.917433,29.625743],[-91.917349,29.625495],[-91.917532,29.625034],[-91.918455,29.624622],[-91.918242,29.623882],[-91.918692,29.623544],[-91.918829,29.623243],[-91.918707,29.622961],[-91.918364,29.622821],[-91.918417,29.622522],[-91.920416,29.622028],[-91.922751,29.622541],[-91.923994,29.622659],[-91.924986,29.622562],[-91.926199,29.622924],[-91.926764,29.622692],[-91.926924,29.623239],[-91.92639,29.624393],[-91.925932,29.626817],[-91.925177,29.627742],[-91.925223,29.628183],[-91.926344,29.628545],[-91.926711,29.628988],[-91.927649,29.631383],[-91.929053,29.633176],[-91.929015,29.633724],[-91.92774,29.63552]],[[-91.854231,29.740226],[-91.854239,29.740806],[-91.854002,29.741016],[-91.85282,29.741024]],[[-91.852103,29.74246],[-91.851874,29.743082],[-91.851187,29.743833],[-91.849326,29.74459]],[[-91.844351,29.747779],[-91.843314,29.748491],[-91.843199,29.749073],[-91.842306,29.750076],[-91.84175,29.751197],[-91.840826,29.751663],[-91.840025,29.752525],[-91.839728,29.75311],[-91.837172,29.754549],[-91.835112,29.756546],[-91.83528,29.759111],[-91.836089,29.759908],[-91.836256,29.760265],[-91.835501,29.761205],[-91.835532,29.761837],[-91.83589,29.762107],[-91.83679,29.76222],[-91.837614,29.762804],[-91.839415,29.765531],[-91.837477,29.765808],[-91.836645,29.766553],[-91.835478,29.765653],[-91.83589,29.766492],[-91.836584,29.767032],[-91.837149,29.767173],[-91.836645,29.767637],[-91.836501,29.76798],[-91.836623,29.768417],[-91.837103,29.768755],[-91.837012,29.76898],[-91.836195,29.769065],[-91.835425,29.768602],[-91.834959,29.768676],[-91.834425,29.768406],[-91.834525,29.768015],[-91.834296,29.768095],[-91.834341,29.768509],[-91.835043,29.768812],[-91.835097,29.768968],[-91.835257,29.768758],[-91.835539,29.768814],[-91.835928,29.769245],[-91.83586,29.769888],[-91.836203,29.770324],[-91.836111,29.77108],[-91.836325,29.771663],[-91.836028,29.771841],[-91.836371,29.772008],[-91.836439,29.773305],[-91.836233,29.773576],[-91.835928,29.773622],[-91.834959,29.773246],[-91.833914,29.772245],[-91.832541,29.772148],[-91.83264,29.771574],[-91.832457,29.771112],[-91.831068,29.77082],[-91.830428,29.770288],[-91.829733,29.770246],[-91.830061,29.769506],[-91.829924,29.769456],[-91.82968,29.769729],[-91.829253,29.769279],[-91.829222,29.768938],[-91.828955,29.768613],[-91.829161,29.768276],[-91.828993,29.768228],[-91.828856,29.768577],[-91.829092,29.768938],[-91.829031,29.769271],[-91.828764,29.769277],[-91.827597,29.768274],[-91.826765,29.768121],[-91.826605,29.767561],[-91.826292,29.767177],[-91.826681,29.768259],[-91.827635,29.76847],[-91.828413,29.769275],[-91.827917,29.76983],[-91.827315,29.769891],[-91.826147,29.769582],[-91.825362,29.770187],[-91.825156,29.769487],[-91.824561,29.769073],[-91.824461,29.768592],[-91.824271,29.76848],[-91.823851,29.76832],[-91.823927,29.768638],[-91.823637,29.768945],[-91.823218,29.768816],[-91.822905,29.768411],[-91.822485,29.768657],[-91.822554,29.768913],[-91.822882,29.768751],[-91.823202,29.769096],[-91.823775,29.769228],[-91.824232,29.76868],[-91.824446,29.769155],[-91.82495,29.769523],[-91.825179,29.770437],[-91.824896,29.770847],[-91.824232,29.770647],[-91.824057,29.7702],[-91.822989,29.769966],[-91.82279,29.770378],[-91.822462,29.770057],[-91.822363,29.770511],[-91.82292,29.770622],[-91.822935,29.770954],[-91.823088,29.770868],[-91.823119,29.770288],[-91.823317,29.770153],[-91.82382,29.770366],[-91.824072,29.770826],[-91.824408,29.770855],[-91.824919,29.771186],[-91.824904,29.771402],[-91.824118,29.771864],[-91.823592,29.771848],[-91.824293,29.771947],[-91.82437,29.771745],[-91.825018,29.771492],[-91.825217,29.770954],[-91.825453,29.770904],[-91.825308,29.770717],[-91.82559,29.7703],[-91.826445,29.77008],[-91.826132,29.769962],[-91.826239,29.769823],[-91.82765,29.770078],[-91.82852,29.769598],[-91.829237,29.769628],[-91.82942,29.770185],[-91.829184,29.770387],[-91.830283,29.770521],[-91.830504,29.770742],[-91.830382,29.770938],[-91.831908,29.771131],[-91.832251,29.771373],[-91.832259,29.772232],[-91.832854,29.772438],[-91.83367,29.772451],[-91.834547,29.773428],[-91.836417,29.774265],[-91.836409,29.774782],[-91.836081,29.775413],[-91.835455,29.775877],[-91.834525,29.776115],[-91.833952,29.77647],[-91.834013,29.77683],[-91.833769,29.777059],[-91.8328,29.777412],[-91.831572,29.777536],[-91.830084,29.77845],[-91.829642,29.778461],[-91.829382,29.77886],[-91.829077,29.77901],[-91.829443,29.778196],[-91.830412,29.777866],[-91.830969,29.777282],[-91.831816,29.777235],[-91.831778,29.777067],[-91.831152,29.77709],[-91.831168,29.776867],[-91.829771,29.777803],[-91.829268,29.777929],[-91.828558,29.777654],[-91.828436,29.776561],[-91.829161,29.776531],[-91.829512,29.776323],[-91.828719,29.776338],[-91.829054,29.776187],[-91.829253,29.77585],[-91.828909,29.776073],[-91.828551,29.776069],[-91.828436,29.775661],[-91.828528,29.775152],[-91.828986,29.77495],[-91.829283,29.774471],[-91.828963,29.774492],[-91.828818,29.774824],[-91.828406,29.774997],[-91.828345,29.775465],[-91.828146,29.775663],[-91.828429,29.776165],[-91.828162,29.776321],[-91.828299,29.777141],[-91.828131,29.77746],[-91.827772,29.777374],[-91.827185,29.776662],[-91.827139,29.776027],[-91.827467,29.775865],[-91.827269,29.775447],[-91.827307,29.775146],[-91.827612,29.774622],[-91.827238,29.774284],[-91.827162,29.773435],[-91.827093,29.774402],[-91.827254,29.774803],[-91.826987,29.774875],[-91.826765,29.774629],[-91.826285,29.774463],[-91.826186,29.774217],[-91.825629,29.774318],[-91.825285,29.77419],[-91.825148,29.77433],[-91.824591,29.774166],[-91.824362,29.773691],[-91.824286,29.774074],[-91.823676,29.774591],[-91.822592,29.774725],[-91.822386,29.774673],[-91.822279,29.774231],[-91.820876,29.773775],[-91.820631,29.773521],[-91.818632,29.772602],[-91.819083,29.773166],[-91.818999,29.773389],[-91.819975,29.773441],[-91.820502,29.773737],[-91.820608,29.774007],[-91.821005,29.773962],[-91.821921,29.774211],[-91.822134,29.774589],[-91.822058,29.774776],[-91.821318,29.775058],[-91.820425,29.774677],[-91.820448,29.774265],[-91.820265,29.774431],[-91.819968,29.774345],[-91.819907,29.774574],[-91.819495,29.774854],[-91.81925,29.775545],[-91.818625,29.775707],[-91.81832,29.775396],[-91.818396,29.775749],[-91.817427,29.776264],[-91.817007,29.77601],[-91.816916,29.775577],[-91.816595,29.775703],[-91.81526,29.775655],[-91.815527,29.775991],[-91.816115,29.776107],[-91.815855,29.776384],[-91.8161,29.77654],[-91.816023,29.776826],[-91.816214,29.776701],[-91.817091,29.776819],[-91.817931,29.776632],[-91.818053,29.776208],[-91.81832,29.776058],[-91.819571,29.775817],[-91.819517,29.77559],[-91.820013,29.774839],[-91.820868,29.775245],[-91.821776,29.775095],[-91.822501,29.775182],[-91.823645,29.774898],[-91.823721,29.775083],[-91.823347,29.775442],[-91.823424,29.775749],[-91.823546,29.775396],[-91.824011,29.775137],[-91.824499,29.775533],[-91.825354,29.775613],[-91.826094,29.776208],[-91.826697,29.776319],[-91.826727,29.776674],[-91.827223,29.777103],[-91.826559,29.777431],[-91.826903,29.777616],[-91.826903,29.777893],[-91.827116,29.777822],[-91.82704,29.777542],[-91.827269,29.777534],[-91.827544,29.777769],[-91.827238,29.778143],[-91.826643,29.77845],[-91.825148,29.779998],[-91.824934,29.780099],[-91.824278,29.779935],[-91.823874,29.779012],[-91.823477,29.779037],[-91.823378,29.778509],[-91.823668,29.778488],[-91.8235,29.778356],[-91.823302,29.778448],[-91.823279,29.779028],[-91.823828,29.779378],[-91.824263,29.780103],[-91.823759,29.779943],[-91.823592,29.779636],[-91.823271,29.77948],[-91.82263,29.77972],[-91.822218,29.779592],[-91.822073,29.779699],[-91.821707,29.77942],[-91.821761,29.779152],[-91.821242,29.778545],[-91.821249,29.778337],[-91.821638,29.778358],[-91.821738,29.777948],[-91.821524,29.778154],[-91.821005,29.778272],[-91.820441,29.778045],[-91.819991,29.777635],[-91.819342,29.777641],[-91.820959,29.778373],[-91.821379,29.779188],[-91.819098,29.778267],[-91.817816,29.778385],[-91.816992,29.778305],[-91.816679,29.778104],[-91.816664,29.778347],[-91.815703,29.7786],[-91.81507,29.778387],[-91.815054,29.778043],[-91.814719,29.778015],[-91.814619,29.777511],[-91.813948,29.778051],[-91.813429,29.777986],[-91.813368,29.778217],[-91.813483,29.778282],[-91.814169,29.778165],[-91.814665,29.778658],[-91.815062,29.778566],[-91.815489,29.778717],[-91.815215,29.779831],[-91.814329,29.779621],[-91.813582,29.779178],[-91.813544,29.778513],[-91.813063,29.778913],[-91.812865,29.778577],[-91.811774,29.778587],[-91.811423,29.778015],[-91.810873,29.777748],[-91.81024,29.777809],[-91.810774,29.777843],[-91.811171,29.778207],[-91.811423,29.778843],[-91.812895,29.779127],[-91.812552,29.779424],[-91.812537,29.779722],[-91.813315,29.779417],[-91.81452,29.78022],[-91.815405,29.780233],[-91.81581,29.778982],[-91.816748,29.778562],[-91.817412,29.778478],[-91.818419,29.778652],[-91.818312,29.779409],[-91.818602,29.77971],[-91.818541,29.778713],[-91.819067,29.778461],[-91.821318,29.779396],[-91.822012,29.780138],[-91.823241,29.779777],[-91.823347,29.780277],[-91.823202,29.780546],[-91.823515,29.780195],[-91.824377,29.780662],[-91.824576,29.780464],[-91.825079,29.78059],[-91.82569,29.780302],[-91.82627,29.780269],[-91.826834,29.780544],[-91.826849,29.780765],[-91.826361,29.781488],[-91.825728,29.781959],[-91.825453,29.782819],[-91.82511,29.783027],[-91.824683,29.782802],[-91.824614,29.782556],[-91.823866,29.782854],[-91.823195,29.782644],[-91.823119,29.782199],[-91.822646,29.781904],[-91.822493,29.781562],[-91.820807,29.78145],[-91.819868,29.780786],[-91.819708,29.781025],[-91.819083,29.780748],[-91.818922,29.780517],[-91.818617,29.780664],[-91.819609,29.781185],[-91.820189,29.781208],[-91.820227,29.78144],[-91.820082,29.78157],[-91.820525,29.781484],[-91.821509,29.781704],[-91.822096,29.781616],[-91.822844,29.782175],[-91.822722,29.782451],[-91.821562,29.782472],[-91.821333,29.782886],[-91.820837,29.782655],[-91.819647,29.782661],[-91.819441,29.78296],[-91.819136,29.783025],[-91.81906,29.783247],[-91.819647,29.783025],[-91.81983,29.782768],[-91.820517,29.782905],[-91.820876,29.782766],[-91.821486,29.78305],[-91.821539,29.782758],[-91.821761,29.782581],[-91.822302,29.782535],[-91.82308,29.782856],[-91.824454,29.782985],[-91.825575,29.783802],[-91.825743,29.784368],[-91.825705,29.785169],[-91.825461,29.786344],[-91.825056,29.787307],[-91.824072,29.787082],[-91.824141,29.786632],[-91.823706,29.786443],[-91.823325,29.785801],[-91.822684,29.785726],[-91.822592,29.785163],[-91.822066,29.785163],[-91.821822,29.785375],[-91.820914,29.784984],[-91.820006,29.785289],[-91.819723,29.785007],[-91.819723,29.785387],[-91.82028,29.785474],[-91.820959,29.785156],[-91.821768,29.785488],[-91.822272,29.785486],[-91.822607,29.785913],[-91.823103,29.785947],[-91.823805,29.786819],[-91.823729,29.787214],[-91.823408,29.787622],[-91.82247,29.787258],[-91.822249,29.786754],[-91.820616,29.786596],[-91.820273,29.786666],[-91.820212,29.787],[-91.818838,29.786581],[-91.817938,29.785873],[-91.817801,29.785551],[-91.816656,29.78453],[-91.816199,29.784301],[-91.815482,29.783004],[-91.814764,29.782537],[-91.814696,29.782625],[-91.81539,29.783262],[-91.815482,29.783699],[-91.81584,29.783981],[-91.816206,29.784734],[-91.816718,29.784849],[-91.817648,29.785688],[-91.817625,29.785938],[-91.819075,29.786913],[-91.820296,29.787248],[-91.820593,29.786804],[-91.82215,29.787056],[-91.82215,29.78737],[-91.822432,29.787517],[-91.822447,29.787696],[-91.821883,29.787464],[-91.821501,29.787479],[-91.820677,29.787656],[-91.819929,29.788171],[-91.819411,29.788112],[-91.8198,29.788484],[-91.819342,29.788702],[-91.819304,29.788862],[-91.82086,29.787792],[-91.821165,29.787876],[-91.821616,29.787708],[-91.821982,29.787908],[-91.822691,29.787942],[-91.822722,29.788068],[-91.822958,29.787952],[-91.823378,29.788187],[-91.8244,29.789814],[-91.824271,29.790706],[-91.824011,29.791215],[-91.823546,29.791477],[-91.82366,29.791767],[-91.823027,29.792684],[-91.822821,29.793953],[-91.821768,29.793787],[-91.819075,29.794075],[-91.818602,29.79397],[-91.8179,29.79305],[-91.817801,29.791788],[-91.817549,29.79142],[-91.817343,29.791425],[-91.817236,29.791626],[-91.817305,29.792663],[-91.816923,29.792883],[-91.816122,29.789733],[-91.815443,29.788051],[-91.814322,29.786674],[-91.812765,29.785503],[-91.814963,29.781747],[-91.815543,29.781189],[-91.816351,29.779892],[-91.815977,29.779724],[-91.815794,29.779981],[-91.812506,29.78531],[-91.805365,29.782045],[-91.801871,29.780241]],[[-91.839766,29.764648],[-91.839095,29.763612],[-91.838217,29.762708],[-91.83811,29.762239],[-91.838522,29.761858],[-91.838568,29.761192],[-91.838835,29.760816],[-91.839461,29.760984],[-91.840796,29.761709],[-91.842474,29.761182],[-91.84342,29.76168],[-91.843726,29.761661],[-91.844481,29.76098],[-91.844717,29.760074],[-91.84632,29.759828],[-91.846396,29.760574],[-91.845534,29.761352],[-91.845541,29.761818],[-91.845206,29.762138],[-91.845366,29.762659],[-91.846159,29.76341],[-91.846213,29.763752],[-91.84593,29.764867],[-91.846327,29.765707],[-91.846266,29.766695],[-91.845305,29.76708],[-91.844885,29.767416],[-91.844832,29.76778],[-91.844405,29.768323],[-91.844885,29.768932],[-91.844801,29.769863],[-91.845068,29.770837],[-91.846091,29.771715],[-91.846617,29.772649],[-91.846785,29.772682],[-91.847067,29.771928],[-91.846968,29.771701],[-91.846152,29.771225],[-91.84529,29.7703],[-91.84574,29.769003],[-91.845381,29.767856],[-91.845869,29.767295],[-91.846526,29.766864],[-91.846815,29.766256],[-91.846457,29.764766],[-91.846777,29.764013],[-91.846716,29.763502],[-91.846548,29.763219],[-91.84603,29.762931],[-91.845778,29.762403],[-91.846152,29.762073],[-91.846388,29.761213],[-91.846953,29.760393],[-91.846915,29.759958],[-91.846671,29.759574],[-91.845328,29.759765],[-91.844511,29.759624],[-91.84429,29.759908],[-91.844099,29.760908],[-91.843474,29.761182],[-91.842696,29.760807],[-91.842306,29.760791],[-91.841383,29.761133],[-91.840628,29.761139],[-91.839941,29.760742],[-91.838843,29.760547],[-91.838385,29.76066],[-91.83808,29.761318],[-91.837286,29.761848],[-91.8366,29.761873],[-91.836188,29.761732],[-91.836134,29.761406],[-91.837065,29.760299],[-91.836897,29.759931],[-91.835966,29.759176],[-91.836272,29.7584],[-91.835616,29.757038],[-91.83586,29.756578],[-91.837256,29.75517],[-91.840292,29.753204],[-91.841353,29.751827],[-91.842329,29.751243],[-91.842787,29.750515],[-91.842978,29.749754],[-91.844778,29.747949],[-91.845023,29.747482]],[[-91.847769,29.745103],[-91.848402,29.745285],[-91.849448,29.745],[-91.851805,29.743974],[-91.852133,29.743728],[-91.853094,29.742223],[-91.853674,29.742036],[-91.854887,29.74253],[-91.856779,29.742931],[-91.85784,29.743703],[-91.858641,29.744567],[-91.859648,29.745292],[-91.859969,29.745748],[-91.859839,29.745979],[-91.859824,29.747219],[-91.858893,29.748323],[-91.858473,29.748464],[-91.858038,29.749137],[-91.858015,29.749475],[-91.857649,29.749754],[-91.857703,29.749981],[-91.857497,29.750167],[-91.856032,29.750728],[-91.85414,29.750923],[-91.853987,29.751247],[-91.85462,29.751381],[-91.855963,29.751264],[-91.858618,29.750539],[-91.858778,29.750692],[-91.857733,29.751054],[-91.857596,29.751381],[-91.858252,29.752813],[-91.858168,29.75317],[-91.857901,29.75317],[-91.857466,29.752292],[-91.857146,29.751972],[-91.856787,29.752021],[-91.855841,29.752658],[-91.856085,29.752876],[-91.85694,29.752575],[-91.857138,29.752681],[-91.857161,29.753114],[-91.857535,29.75345],[-91.857924,29.753524],[-91.858702,29.753179],[-91.858809,29.752992],[-91.858229,29.751745],[-91.858275,29.751497],[-91.859259,29.750843],[-91.859343,29.750331],[-91.858244,29.750091],[-91.858221,29.749612],[-91.858435,29.749519],[-91.85874,29.748968],[-91.860617,29.747577],[-91.861456,29.747388],[-91.862746,29.747911],[-91.863081,29.747797],[-91.863219,29.747518],[-91.861769,29.74702],[-91.861838,29.746757],[-91.863753,29.745721],[-91.864172,29.745628],[-91.864767,29.746051],[-91.865546,29.746259],[-91.875067,29.747692],[-91.876746,29.747324],[-91.876906,29.747461],[-91.877356,29.749069],[-91.878256,29.750383],[-91.879012,29.752258],[-91.879012,29.752624],[-91.87818,29.75295],[-91.877875,29.753583],[-91.879378,29.7539],[-91.879507,29.754224],[-91.879095,29.754961],[-91.879103,29.756151],[-91.878386,29.75744],[-91.877653,29.758087],[-91.877028,29.758365],[-91.875555,29.758377],[-91.874716,29.758565],[-91.872923,29.759763],[-91.870787,29.761894],[-91.870451,29.761896],[-91.870077,29.761625],[-91.869604,29.761674],[-91.868536,29.760398],[-91.867484,29.759809],[-91.867743,29.759441],[-91.868529,29.759666],[-91.869154,29.759603],[-91.870177,29.758823],[-91.868712,29.758939],[-91.868025,29.759191],[-91.867949,29.758621],[-91.868292,29.758171],[-91.868292,29.757738],[-91.868193,29.757228],[-91.867949,29.757152],[-91.86772,29.757326],[-91.867415,29.758394],[-91.866591,29.759172],[-91.866148,29.759222],[-91.865912,29.759084],[-91.866156,29.758586],[-91.865897,29.758728],[-91.865569,29.759517],[-91.865149,29.759767],[-91.864684,29.759616],[-91.864676,29.760358],[-91.864149,29.760732],[-91.864554,29.76073],[-91.864775,29.761129],[-91.864371,29.761459],[-91.863913,29.761692],[-91.863249,29.761125],[-91.863104,29.760662],[-91.862761,29.760356],[-91.862303,29.76033],[-91.862311,29.7609],[-91.862517,29.760774],[-91.862769,29.761022],[-91.862776,29.761608],[-91.862624,29.762043],[-91.86225,29.762153],[-91.862151,29.762506],[-91.862311,29.762781],[-91.86315,29.762546],[-91.863417,29.762588],[-91.863524,29.762771],[-91.863997,29.762722],[-91.864043,29.762218],[-91.86421,29.762065],[-91.866255,29.761592],[-91.866026,29.761196],[-91.866125,29.760645],[-91.866759,29.760686],[-91.868338,29.761316],[-91.868346,29.761819],[-91.869086,29.762502],[-91.869383,29.763],[-91.868842,29.763778],[-91.868903,29.76407],[-91.869322,29.76416],[-91.869444,29.763372],[-91.869688,29.763216],[-91.870154,29.763959],[-91.869215,29.764936],[-91.869292,29.76774],[-91.86859,29.767326],[-91.868636,29.766384],[-91.86785,29.765665],[-91.867545,29.765619],[-91.867499,29.765943],[-91.868079,29.766405],[-91.867987,29.767093],[-91.86804,29.767459],[-91.868391,29.767868],[-91.868369,29.769134],[-91.867934,29.769586],[-91.866393,29.769521],[-91.865614,29.769788],[-91.865546,29.770128],[-91.866652,29.769806],[-91.867072,29.769849],[-91.867491,29.770029],[-91.867598,29.770441],[-91.865652,29.772169],[-91.864363,29.772342],[-91.863943,29.772573],[-91.862692,29.773407],[-91.860525,29.775207],[-91.856123,29.780473],[-91.854201,29.784099],[-91.85359,29.785936],[-91.853087,29.788139],[-91.853102,29.789238],[-91.852522,29.789608],[-91.852774,29.790464],[-91.852187,29.791856],[-91.852187,29.792266],[-91.851569,29.793418],[-91.851996,29.793598],[-91.852209,29.793916],[-91.851904,29.795204],[-91.848784,29.797882],[-91.847494,29.798011],[-91.84751,29.797594],[-91.848547,29.797077],[-91.848631,29.796659],[-91.848486,29.796136],[-91.847983,29.795583],[-91.848059,29.794441],[-91.849219,29.793289],[-91.849333,29.792562],[-91.849333,29.792236],[-91.847861,29.792062],[-91.847571,29.791694],[-91.848273,29.790498],[-91.848158,29.790052],[-91.847578,29.789207],[-91.847578,29.788696],[-91.847693,29.788354],[-91.848067,29.788335],[-91.848608,29.78895],[-91.848959,29.789102],[-91.850378,29.789138],[-91.85034,29.788751],[-91.850165,29.788646],[-91.849402,29.788744],[-91.849081,29.788669],[-91.849043,29.788421],[-91.850203,29.787933],[-91.850821,29.787298],[-91.851279,29.786409],[-91.850966,29.786504],[-91.850348,29.786274],[-91.850172,29.787208],[-91.849715,29.787613],[-91.84902,29.787925],[-91.847601,29.786621],[-91.847388,29.786254],[-91.847433,29.78511],[-91.846419,29.783788],[-91.846144,29.78301],[-91.844748,29.782192],[-91.844374,29.781782],[-91.844298,29.781345],[-91.84519,29.780655],[-91.845084,29.780706],[-91.844443,29.779844],[-91.84426,29.780025],[-91.843474,29.779499],[-91.840132,29.778854],[-91.839735,29.778469],[-91.839484,29.777397],[-91.84017,29.777494],[-91.840468,29.777753],[-91.841101,29.777345],[-91.841536,29.776775],[-91.841711,29.776804],[-91.842062,29.777324],[-91.842261,29.777196],[-91.841498,29.776527],[-91.84062,29.777376],[-91.839934,29.777242],[-91.839674,29.777042],[-91.839293,29.776569],[-91.839171,29.775337],[-91.838889,29.774505],[-91.839468,29.774463],[-91.839507,29.774211],[-91.840071,29.773763],[-91.840933,29.773567],[-91.841124,29.773796],[-91.8412,29.773487],[-91.841704,29.773513],[-91.842039,29.773304],[-91.841833,29.773201],[-91.841612,29.773355],[-91.840979,29.773321],[-91.840132,29.773552],[-91.839262,29.774108],[-91.838827,29.774149],[-91.837889,29.773508],[-91.83753,29.773496],[-91.837225,29.772949],[-91.837218,29.771577],[-91.836966,29.770969],[-91.836935,29.769794],[-91.837805,29.769235],[-91.838171,29.768581],[-91.83763,29.768024],[-91.838164,29.767431],[-91.838072,29.767057],[-91.838271,29.766485],[-91.839224,29.766248],[-91.839575,29.766532],[-91.839972,29.765846],[-91.840018,29.76526],[-91.839766,29.764648]],[[-91.228476,30.042324],[-91.229681,30.041732]],[[-91.234373,30.037819],[-91.235098,30.036697],[-91.236639,30.033491],[-91.23831,30.030662],[-91.23931,30.029802]],[[-91.819258,29.773048],[-91.819617,29.773285],[-91.819235,29.773191],[-91.819258,29.773048]],[[-91.822638,29.774965],[-91.822226,29.774887],[-91.822638,29.774965]],[[-91.827063,29.775205],[-91.82704,29.775787],[-91.826147,29.775945],[-91.825682,29.775646],[-91.82556,29.775331],[-91.824561,29.775268],[-91.823904,29.774776],[-91.823904,29.774633],[-91.824293,29.77421],[-91.824911,29.774492],[-91.826025,29.774343],[-91.826262,29.774715],[-91.826521,29.77465],[-91.827063,29.775205]],[[-91.81478,29.778249],[-91.814558,29.778308],[-91.814459,29.77803],[-91.81478,29.778249]],[[-91.802389,29.789844],[-91.801794,29.790639],[-91.801451,29.790824],[-91.800146,29.790895],[-91.799467,29.791137],[-91.79814,29.792142],[-91.797499,29.791805],[-91.799994,29.788528],[-91.800352,29.788555],[-91.802351,29.789686],[-91.802389,29.789844]],[[-91.820608,29.798118],[-91.820204,29.797931],[-91.819991,29.796875],[-91.817419,29.795951],[-91.816923,29.793592],[-91.816977,29.793136],[-91.817648,29.793254],[-91.81877,29.794311],[-91.819922,29.794349],[-91.821455,29.794067],[-91.822157,29.794612],[-91.822417,29.795072],[-91.822569,29.796007],[-91.823241,29.796613],[-91.823241,29.797052],[-91.823019,29.797811],[-91.821982,29.799615],[-91.821936,29.800376],[-91.821036,29.799827],[-91.820258,29.798929],[-91.820387,29.798585],[-91.821425,29.798507],[-91.821455,29.79812],[-91.820608,29.798118]],[[-91.822218,29.801351],[-91.822432,29.801731],[-91.822295,29.801918],[-91.821822,29.801466],[-91.821654,29.801672],[-91.821905,29.802145],[-91.822371,29.802265],[-91.822325,29.803613],[-91.822607,29.80401],[-91.821982,29.80438],[-91.821913,29.804626],[-91.822104,29.804807],[-91.82263,29.804679],[-91.823622,29.805805],[-91.823622,29.805946],[-91.823004,29.80628],[-91.823676,29.806343],[-91.824461,29.807046],[-91.824309,29.807458],[-91.823027,29.807693],[-91.822935,29.807876],[-91.823347,29.808061],[-91.824309,29.80783],[-91.824507,29.807872],[-91.824538,29.808036],[-91.823965,29.80899],[-91.823416,29.809373],[-91.822958,29.80945],[-91.822867,29.808836],[-91.822592,29.808857],[-91.822661,29.809566],[-91.822546,29.809648],[-91.821745,29.80837],[-91.818358,29.801031],[-91.817839,29.799562],[-91.817816,29.798132],[-91.817519,29.796949],[-91.817519,29.796602],[-91.817793,29.79651],[-91.819487,29.797327],[-91.819838,29.798091],[-91.819952,29.798982],[-91.819228,29.799553],[-91.820074,29.799587],[-91.822218,29.801351]],[[-91.824858,29.805801],[-91.826407,29.806947],[-91.826155,29.808748],[-91.825789,29.809152],[-91.825179,29.811208],[-91.824652,29.811042],[-91.823454,29.811437],[-91.822844,29.810491],[-91.822821,29.810115],[-91.823141,29.809867],[-91.825011,29.809286],[-91.824995,29.809015],[-91.824561,29.808883],[-91.825163,29.808424],[-91.825629,29.806766],[-91.825362,29.806579],[-91.825117,29.806963],[-91.824881,29.806919],[-91.824797,29.806053],[-91.823889,29.805622],[-91.82289,29.804138],[-91.822775,29.803587],[-91.823004,29.802326],[-91.822508,29.80064],[-91.822867,29.80068],[-91.823256,29.801609],[-91.823264,29.803621],[-91.824179,29.805179],[-91.824858,29.805801]],[[-91.825079,29.81163],[-91.825064,29.812608],[-91.824347,29.812992],[-91.823981,29.812076],[-91.825079,29.81163]],[[-91.826277,29.81784],[-91.82585,29.816938],[-91.826384,29.81674],[-91.826353,29.816207],[-91.826483,29.81607],[-91.828047,29.8178],[-91.82839,29.81855],[-91.827978,29.818746],[-91.827673,29.819376],[-91.827086,29.821491],[-91.826277,29.81784]],[[-91.820814,29.819637],[-91.821158,29.819784],[-91.822676,29.821159],[-91.822859,29.82139],[-91.823004,29.822244],[-91.823225,29.822191],[-91.823439,29.821546],[-91.823996,29.82183],[-91.824004,29.822153],[-91.823538,29.823307],[-91.822783,29.823541],[-91.821928,29.823547],[-91.821684,29.823003],[-91.821486,29.822889],[-91.821669,29.822429],[-91.820662,29.822488],[-91.820067,29.822912],[-91.819655,29.822752],[-91.819296,29.821615],[-91.820273,29.820371],[-91.820578,29.819738],[-91.820814,29.819637]],[[-91.830313,29.823764],[-91.828596,29.824081],[-91.828558,29.823518],[-91.830382,29.822607],[-91.830572,29.822467],[-91.830519,29.822256],[-91.829459,29.822328],[-91.829306,29.822633],[-91.828413,29.823072],[-91.827849,29.822475],[-91.827879,29.821588],[-91.827673,29.820779],[-91.828528,29.819131],[-91.830359,29.820482],[-91.830565,29.821041],[-91.831221,29.82183],[-91.831236,29.822986],[-91.830595,29.823694],[-91.830313,29.823764]],[[-91.825636,29.823806],[-91.826353,29.829994],[-91.826254,29.830154],[-91.825964,29.830169],[-91.825323,29.828416],[-91.825186,29.828199],[-91.824911,29.828188],[-91.824751,29.828432],[-91.824889,29.828727],[-91.824828,29.82909],[-91.825156,29.82921],[-91.82559,29.829958],[-91.825697,29.830896],[-91.825072,29.83139],[-91.824347,29.831642],[-91.822607,29.831781],[-91.819708,29.826336],[-91.820044,29.82603],[-91.821326,29.828394],[-91.821638,29.828691],[-91.820456,29.826141],[-91.820425,29.825542],[-91.820593,29.825403],[-91.821005,29.825416],[-91.82144,29.825832],[-91.821776,29.825609],[-91.821288,29.824854],[-91.821257,29.824514],[-91.82189,29.824155],[-91.822562,29.82406],[-91.824065,29.823474],[-91.8244,29.823198],[-91.824217,29.822826],[-91.825201,29.82279],[-91.825209,29.822403],[-91.824301,29.822111],[-91.82437,29.82183],[-91.825392,29.822319],[-91.825636,29.823806]],[[-91.821814,29.82378],[-91.821524,29.824026],[-91.821219,29.824054],[-91.820486,29.823358],[-91.821143,29.823124],[-91.821814,29.82378]],[[-91.800055,29.826147],[-91.802046,29.826906],[-91.803206,29.826856],[-91.803069,29.827633],[-91.802763,29.827718],[-91.802878,29.828479],[-91.802588,29.828952],[-91.801955,29.828256],[-91.801764,29.828262],[-91.801741,29.829282],[-91.801558,29.829549],[-91.801298,29.829521],[-91.800879,29.829153],[-91.800108,29.82909],[-91.799849,29.828886],[-91.799673,29.827901],[-91.800047,29.826967],[-91.799864,29.826423],[-91.800055,29.826147]],[[-91.819449,29.826379],[-91.820776,29.828712],[-91.820715,29.82891],[-91.820067,29.828849],[-91.819777,29.829389],[-91.81806,29.82809],[-91.817374,29.828323],[-91.816946,29.827509],[-91.817351,29.826938],[-91.817976,29.826654],[-91.818251,29.826906],[-91.818137,29.827524],[-91.818465,29.827503],[-91.818762,29.826822],[-91.818541,29.826486],[-91.819449,29.826379]],[[-91.827872,29.827404],[-91.827505,29.826116],[-91.828101,29.826313],[-91.828413,29.826261],[-91.828703,29.826513],[-91.828825,29.828487],[-91.828635,29.829677],[-91.828429,29.829961],[-91.828146,29.829967],[-91.827895,29.829496],[-91.827872,29.827404]],[[-91.950339,29.829263],[-91.950705,29.82986],[-91.950377,29.829912],[-91.950179,29.829647],[-91.950171,29.829288],[-91.950339,29.829263]],[[-91.949515,29.829467],[-91.949789,29.829361],[-91.950072,29.829794],[-91.950018,29.830083],[-91.949767,29.830036],[-91.949515,29.829467]],[[-91.818854,29.82909],[-91.81893,29.829494],[-91.817206,29.829164],[-91.817107,29.828998],[-91.817572,29.828741],[-91.818854,29.82909]],[[-91.951689,29.830558],[-91.951651,29.830288],[-91.952277,29.829727],[-91.952498,29.829897],[-91.952368,29.830186],[-91.951689,29.830558]],[[-91.951331,29.830679],[-91.951056,29.831327],[-91.950339,29.831331],[-91.950247,29.830707],[-91.950407,29.830658],[-91.950468,29.830921],[-91.95072,29.830944],[-91.951331,29.830679]],[[-91.906874,29.83035],[-91.9084,29.828025],[-91.909102,29.826515],[-91.909117,29.825403],[-91.910162,29.824358],[-91.911017,29.823885],[-91.914275,29.820232],[-91.914595,29.819376],[-91.914435,29.818391],[-91.915396,29.817659],[-91.916129,29.816696],[-91.918456,29.817743],[-91.924078,29.818737],[-91.926695,29.818925],[-91.928893,29.818678],[-91.929518,29.81875],[-91.930205,29.819109],[-91.932005,29.820833],[-91.93186,29.820963],[-91.931052,29.820787],[-91.930609,29.820892],[-91.929755,29.821676],[-91.929617,29.822275],[-91.929236,29.822744],[-91.927687,29.822961],[-91.927336,29.823249],[-91.927283,29.82369],[-91.927519,29.824909],[-91.927969,29.825113],[-91.928503,29.82508],[-91.929091,29.82456],[-91.929106,29.823263],[-91.930418,29.823202],[-91.930739,29.822887],[-91.93067,29.821775],[-91.930869,29.821306],[-91.931227,29.821331],[-91.931921,29.82187],[-91.933218,29.820978],[-91.933295,29.821367],[-91.928091,29.8262],[-91.926733,29.826986],[-91.927168,29.827348],[-91.933218,29.821785],[-91.934134,29.821285],[-91.935385,29.82138],[-91.942313,29.822755],[-91.947119,29.824354],[-91.947836,29.824712],[-91.94879,29.827892],[-91.948645,29.828102],[-91.946341,29.827858],[-91.940611,29.828159],[-91.939925,29.827983],[-91.939566,29.829307],[-91.938597,29.830352],[-91.939551,29.830631],[-91.941687,29.832479],[-91.943533,29.833322],[-91.944136,29.83381],[-91.94422,29.835651],[-91.943846,29.836767],[-91.943365,29.836872],[-91.942618,29.83649],[-91.941733,29.835538],[-91.940451,29.834667],[-91.938544,29.834631],[-91.936407,29.835138],[-91.934897,29.836626],[-91.934645,29.837871],[-91.935133,29.839008],[-91.937651,29.840494],[-91.937636,29.842125],[-91.936789,29.843219],[-91.935004,29.84349],[-91.934546,29.843444],[-91.934004,29.842905],[-91.933882,29.842258],[-91.933134,29.841976],[-91.932898,29.842289],[-91.932944,29.843843],[-91.932616,29.843845],[-91.932555,29.84333],[-91.932013,29.842661],[-91.931204,29.842302],[-91.931052,29.841917],[-91.931403,29.841032],[-91.93125,29.840747],[-91.930655,29.840778],[-91.930266,29.841013],[-91.927596,29.839376],[-91.91487,29.834028],[-91.906874,29.83035]],[[-91.949446,29.830736],[-91.949614,29.830783],[-91.949843,29.83143],[-91.949377,29.832109],[-91.945815,29.834543],[-91.945403,29.834522],[-91.945586,29.834158],[-91.948714,29.832042],[-91.949286,29.831461],[-91.949446,29.830736]],[[-91.819296,29.829731],[-91.81938,29.830028],[-91.819556,29.829996],[-91.820296,29.829422],[-91.820998,29.829395],[-91.822348,29.831792],[-91.820937,29.831476],[-91.819098,29.831314],[-91.817114,29.831516],[-91.815924,29.831216],[-91.815855,29.830827],[-91.816054,29.830505],[-91.817122,29.829458],[-91.819296,29.829731]],[[-91.801199,29.82978],[-91.801146,29.830053],[-91.800574,29.830286],[-91.80033,29.830284],[-91.80004,29.830009],[-91.800124,29.829656],[-91.800619,29.829918],[-91.801199,29.82978]],[[-91.803549,29.829803],[-91.803519,29.829969],[-91.803244,29.830055],[-91.803061,29.829471],[-91.803465,29.829475],[-91.803549,29.829803]],[[-91.961501,29.838739],[-91.960165,29.838911],[-91.959967,29.838708],[-91.959555,29.83871],[-91.959181,29.839141],[-91.937979,29.842889],[-91.938498,29.840925],[-91.937941,29.839271],[-91.936919,29.838016],[-91.936354,29.837892],[-91.935995,29.837562],[-91.935873,29.837135],[-91.935927,29.836589],[-91.936316,29.836052],[-91.93685,29.835672],[-91.938612,29.835029],[-91.939719,29.83501],[-91.940077,29.835136],[-91.940733,29.835752],[-91.941359,29.836637],[-91.942,29.837198],[-91.94422,29.837364],[-91.94493,29.836982],[-91.94599,29.835424],[-91.946799,29.835407],[-91.949263,29.836191],[-91.9513,29.836361],[-91.952071,29.836856],[-91.954909,29.837627],[-91.955443,29.838192],[-91.955885,29.83822],[-91.95629,29.837755],[-91.958884,29.837576],[-91.961096,29.836801],[-91.96414,29.836959],[-91.965285,29.836608],[-91.967963,29.8349],[-91.969618,29.83465],[-91.970381,29.834323]],[[-91.803458,29.830968],[-91.803328,29.831382],[-91.802794,29.831352],[-91.80258,29.830896],[-91.802939,29.83019],[-91.803305,29.830291],[-91.803458,29.830968]],[[-91.909712,29.832172],[-91.907782,29.834167],[-91.90779,29.834581],[-91.907973,29.835357],[-91.909026,29.836153],[-91.909598,29.836795],[-91.911246,29.839271],[-91.911253,29.839922],[-91.91001,29.842908],[-91.910002,29.844568],[-91.878874,29.844589],[-91.864722,29.844408],[-91.850668,29.844513],[-91.846449,29.844387],[-91.843939,29.843315],[-91.841513,29.841779],[-91.841627,29.841131],[-91.842879,29.839283],[-91.843832,29.839273],[-91.843542,29.838552],[-91.844733,29.838388],[-91.844908,29.837894],[-91.844626,29.836757],[-91.847403,29.832616],[-91.847891,29.833494],[-91.848097,29.833442],[-91.848326,29.832948],[-91.847723,29.832122],[-91.850104,29.828167],[-91.851286,29.827379],[-91.852148,29.827297],[-91.852652,29.827058],[-91.852019,29.826519],[-91.857436,29.825782],[-91.858351,29.825126],[-91.858885,29.825147],[-91.859335,29.825456],[-91.860114,29.825555],[-91.860686,29.825189],[-91.861494,29.825182],[-91.866515,29.827713],[-91.866545,29.828048],[-91.867041,29.828409],[-91.869101,29.828809],[-91.870474,29.829265],[-91.872542,29.830701],[-91.872816,29.8314],[-91.87477,29.831853],[-91.876028,29.832801],[-91.877043,29.833311],[-91.878058,29.833589],[-91.880675,29.834766],[-91.881834,29.834808],[-91.884077,29.835723],[-91.886053,29.83571],[-91.888586,29.836158],[-91.892409,29.83564],[-91.90135,29.833709],[-91.906607,29.830976],[-91.909712,29.832172]],[[-91.947409,29.834467],[-91.947577,29.833952],[-91.950972,29.831543],[-91.951552,29.831276],[-91.951552,29.831491],[-91.950705,29.832294],[-91.947409,29.834467]],[[-91.845702,29.834457],[-91.841345,29.840868],[-91.84088,29.841087],[-91.839957,29.841001],[-91.828909,29.834182],[-91.827254,29.832361],[-91.826743,29.831464],[-91.826681,29.830879],[-91.827612,29.830871],[-91.827895,29.831024],[-91.82823,29.831705],[-91.828116,29.831955],[-91.82778,29.832019],[-91.827788,29.832309],[-91.828261,29.832388],[-91.828497,29.832325],[-91.828581,29.831516],[-91.828169,29.83069],[-91.828589,29.830043],[-91.82997,29.829288],[-91.833144,29.83057],[-91.833289,29.830364],[-91.832686,29.829933],[-91.832686,29.829704],[-91.83235,29.829561],[-91.831877,29.829647],[-91.830153,29.828704],[-91.830511,29.828622],[-91.832411,29.82867],[-91.833975,29.828451],[-91.83618,29.827877],[-91.837981,29.827865],[-91.840742,29.828464],[-91.843001,29.82928],[-91.844519,29.829269],[-91.845892,29.828722],[-91.847037,29.828712],[-91.848189,29.828437],[-91.849486,29.827703],[-91.850005,29.827655],[-91.850249,29.827779],[-91.849921,29.828031],[-91.845702,29.834457]],[[-91.965422,29.835886],[-91.963164,29.836326],[-91.962721,29.836332],[-91.962164,29.835998],[-91.961745,29.835205],[-91.959479,29.83308],[-91.958113,29.831403],[-91.956351,29.829635],[-91.95117,29.82818],[-91.949507,29.828094],[-91.947577,29.823171],[-91.947241,29.822935],[-91.947127,29.822935],[-91.947562,29.824304],[-91.94187,29.822347],[-91.933623,29.820888],[-91.932928,29.820676],[-91.931761,29.819913],[-91.929999,29.818191],[-91.93038,29.817659],[-91.931807,29.817119],[-91.933607,29.81718],[-91.934378,29.816934],[-91.935011,29.817121],[-91.935477,29.816515],[-91.935782,29.816705],[-91.93595,29.816633],[-91.935995,29.81608],[-91.937483,29.815681],[-91.938322,29.816688],[-91.939268,29.817426],[-91.941458,29.818374],[-91.944937,29.820659],[-91.948515,29.822342],[-91.951041,29.823263],[-91.955031,29.824388],[-91.958174,29.82451],[-91.960974,29.825309],[-91.961752,29.825882],[-91.963347,29.827652],[-91.965964,29.829294],[-91.96694,29.830345],[-91.967162,29.832584],[-91.965643,29.835699],[-91.965422,29.835886]],[[-91.825758,29.834861],[-91.825751,29.835102],[-91.825384,29.835479],[-91.824477,29.835516],[-91.823119,29.833023],[-91.822935,29.832399],[-91.824133,29.832311],[-91.824446,29.833324],[-91.825758,29.834861]],[[-91.955061,29.83613],[-91.954848,29.836065],[-91.95484,29.835729],[-91.955504,29.835674],[-91.955511,29.836086],[-91.955061,29.83613]],[[-91.83026,29.835937],[-91.830496,29.836059],[-91.830252,29.836145],[-91.827361,29.835462],[-91.825102,29.833047],[-91.824965,29.832424],[-91.825125,29.832126],[-91.825667,29.832004],[-91.826529,29.832712],[-91.826949,29.83251],[-91.827513,29.833881],[-91.829565,29.835588],[-91.83026,29.835937]],[[-91.835913,29.841436],[-91.835501,29.841028],[-91.834586,29.840627],[-91.832861,29.840705],[-91.832419,29.840477],[-91.832014,29.839782],[-91.831198,29.839094],[-91.831076,29.838813],[-91.831984,29.837041],[-91.832144,29.836973],[-91.832632,29.837179],[-91.833342,29.837722],[-91.839285,29.841053],[-91.839178,29.841245],[-91.838362,29.841503],[-91.837942,29.841806],[-91.837469,29.8416],[-91.836241,29.841583],[-91.835913,29.841436]],[[-91.910452,29.844461],[-91.910437,29.842571],[-91.911627,29.84028],[-91.911612,29.839115],[-91.910368,29.836971],[-91.908324,29.834968],[-91.908522,29.833721],[-91.909285,29.832964],[-91.910323,29.832412],[-91.916861,29.835424],[-91.927672,29.840086],[-91.929541,29.841238],[-91.929556,29.842535],[-91.929968,29.844524],[-91.921912,29.844635],[-91.910452,29.844461]],[[-91.938864,29.882942],[-91.939474,29.883077],[-91.939597,29.883556],[-91.939314,29.884029],[-91.938391,29.884206],[-91.938086,29.883804],[-91.938094,29.883407],[-91.938376,29.883092],[-91.938864,29.882942]],[[-91.52574,29.953405],[-91.524435,29.955383],[-91.523382,29.956073],[-91.522917,29.955991],[-91.522261,29.954595],[-91.520544,29.95317]],[[-91.551665,29.950615],[-91.550734,29.952339],[-91.550665,29.952919],[-91.550238,29.953199],[-91.549895,29.953058],[-91.55023,29.951782]],[[-91.54975,29.952156],[-91.548636,29.955988],[-91.547957,29.957765],[-91.547865,29.958828],[-91.546606,29.961424],[-91.54666,29.962322],[-91.54711,29.963115],[-91.549521,29.965681],[-91.550459,29.965683],[-91.551794,29.966072],[-91.552893,29.966709],[-91.555006,29.966875],[-91.55538,29.967323],[-91.555762,29.968387],[-91.556608,29.969246],[-91.556898,29.969755],[-91.558569,29.971017],[-91.560499,29.971441],[-91.561011,29.971727],[-91.562048,29.972507],[-91.562231,29.972833],[-91.563887,29.973699],[-91.565771,29.973899],[-91.567221,29.973781],[-91.568777,29.973394],[-91.571135,29.973255],[-91.574507,29.973833],[-91.578459,29.972059],[-91.579443,29.972347],[-91.583052,29.972107],[-91.583517,29.97221],[-91.584074,29.972562],[-91.584151,29.972885],[-91.58399,29.97421],[-91.583449,29.974867],[-91.582213,29.975729],[-91.58177,29.976308],[-91.581518,29.977802],[-91.581702,29.978561],[-91.581908,29.978471],[-91.582053,29.976862],[-91.582312,29.976295],[-91.583731,29.975164],[-91.584273,29.974508],[-91.584387,29.973621],[-91.584624,29.973621],[-91.585379,29.974115],[-91.586615,29.974443],[-91.587202,29.974954],[-91.589033,29.975692],[-91.590163,29.977554],[-91.590445,29.979272],[-91.590872,29.979499],[-91.59162,29.979478],[-91.59342,29.979051],[-91.594725,29.976797],[-91.595572,29.97648],[-91.59606,29.97652],[-91.596579,29.976808],[-91.597235,29.977646],[-91.598173,29.978468],[-91.601134,29.981781],[-91.602591,29.983806],[-91.603575,29.984607],[-91.60414,29.985586],[-91.604231,29.98616],[-91.604704,29.986978],[-91.605078,29.987224],[-91.606398,29.989517],[-91.60668,29.990415],[-91.608351,29.992401],[-91.609694,29.995241],[-91.611006,29.996614],[-91.610869,29.997083],[-91.61006,29.998024],[-91.606589,29.998998],[-91.606116,29.998998],[-91.605528,29.998794],[-91.604758,29.99826],[-91.604399,29.997034],[-91.603934,29.996215],[-91.603041,29.995786],[-91.60166,29.995824],[-91.600493,29.995451],[-91.599593,29.995552],[-91.598128,29.995319],[-91.595663,29.994241],[-91.592604,29.994051],[-91.592078,29.993705],[-91.59165,29.992969],[-91.590666,29.992578],[-91.590247,29.991945],[-91.588576,29.991083],[-91.587782,29.991239],[-91.586729,29.991121],[-91.585417,29.991592],[-91.584318,29.991506],[-91.58296,29.990667],[-91.581602,29.99008],[-91.579909,29.988601],[-91.578764,29.988418],[-91.577185,29.987142],[-91.575407,29.987304],[-91.574309,29.986812],[-91.571684,29.987545],[-91.570776,29.987993],[-91.566801,29.990991],[-91.56645,29.991726],[-91.566527,29.992303],[-91.566229,29.993143],[-91.566275,29.993864],[-91.567511,29.995346],[-91.567519,29.996572],[-91.56761,29.996938],[-91.567938,29.997207],[-91.567732,29.997961],[-91.566672,29.999801],[-91.566939,30.001066],[-91.566756,30.00176],[-91.565565,30.002435],[-91.564795,30.004455],[-91.565008,30.004593],[-91.566138,30.003936],[-91.566344,30.004297],[-91.567808,30.004848],[-91.568442,30.005676],[-91.569777,30.006708],[-91.570921,30.009206],[-91.571928,30.010149],[-91.572256,30.010719],[-91.572378,30.01164],[-91.572951,30.013315],[-91.573485,30.013664],[-91.574187,30.013666],[-91.57456,30.013912],[-91.574889,30.014484],[-91.575568,30.017563],[-91.575987,30.020656],[-91.575941,30.021289],[-91.576147,30.021833],[-91.576407,30.022007],[-91.576643,30.021906],[-91.5772,30.021047],[-91.577437,30.020946],[-91.577856,30.020965],[-91.57913,30.021455],[-91.579481,30.021368],[-91.580412,30.020467],[-91.580885,30.020347],[-91.580374,30.022342],[-91.580733,30.024723],[-91.581175,30.026123],[-91.582144,30.027622],[-91.583723,30.029043],[-91.585982,30.030487],[-91.589087,30.031938]],[[-91.608092,30.046701],[-91.608694,30.047405],[-91.609473,30.047903],[-91.610449,30.049003],[-91.611327,30.051006],[-91.611479,30.052034],[-91.611761,30.051632],[-91.611723,30.050962],[-91.611311,30.049671],[-91.610678,30.048742],[-91.607741,30.045499],[-91.607092,30.043937],[-91.606367,30.043241]],[[-91.59284,30.032901],[-91.588347,30.031301],[-91.587035,30.030605],[-91.583243,30.028053],[-91.582373,30.027229],[-91.581091,30.024566],[-91.580923,30.02333],[-91.581023,30.022016],[-91.581328,30.021646],[-91.582121,30.02215],[-91.582449,30.02259],[-91.583617,30.025133],[-91.584608,30.025753],[-91.586043,30.026258],[-91.588614,30.028726],[-91.589354,30.029241],[-91.591749,30.030143],[-91.595366,30.030698],[-91.596014,30.030929],[-91.59809,30.032552]],[[-91.601134,30.03503],[-91.602339,30.03528],[-91.604353,30.036756],[-91.606848,30.039516],[-91.608198,30.040226],[-91.609595,30.042905],[-91.611189,30.045189],[-91.612868,30.046821],[-91.613188,30.047714],[-91.613104,30.048263],[-91.614058,30.049999],[-91.61405,30.050239],[-91.612471,30.05335],[-91.611639,30.054294],[-91.610739,30.052946],[-91.608855,30.050798],[-91.608107,30.049509]],[[-91.583884,30.032987],[-91.583174,30.032438],[-91.582815,30.032615],[-91.583617,30.033098]],[[-91.60961,30.062896],[-91.613409,30.064293],[-91.615485,30.064842],[-91.617804,30.06512],[-91.617483,30.066398],[-91.618094,30.066776],[-91.618979,30.067764],[-91.618895,30.06821],[-91.619246,30.068498],[-91.619788,30.068714],[-91.620482,30.068475],[-91.620444,30.069093],[-91.620001,30.069349]],[[-91.570364,30.032013],[-91.564802,30.024809],[-91.561697,30.021148],[-91.557898,30.017688],[-91.55522,30.014763],[-91.552153,30.012176],[-91.551276,30.01116],[-91.550757,30.010158],[-91.550566,30.009014],[-91.552618,30.003723],[-91.552985,30.002403],[-91.552962,29.999979],[-91.552756,29.998777],[-91.55345,29.998758],[-91.55255,29.9971],[-91.552222,29.994997],[-91.550757,29.989906],[-91.550871,29.989496],[-91.551131,29.989435],[-91.551466,29.989658],[-91.552656,29.993219],[-91.553801,29.995706],[-91.554549,29.998127],[-91.557257,30.005386],[-91.557654,30.005926],[-91.558653,30.006244],[-91.556341,30.001003],[-91.55361,29.993143],[-91.551787,29.989019],[-91.549139,29.98352],[-91.542746,29.971029],[-91.542105,29.968269],[-91.54193,29.966066],[-91.542448,29.963338],[-91.543433,29.960733],[-91.546034,29.956155]],[[-91.529402,29.953363],[-91.528609,29.955755],[-91.527907,29.956571],[-91.52735,29.956815],[-91.526877,29.956815],[-91.525824,29.957632],[-91.525999,29.957939],[-91.528334,29.957513],[-91.528685,29.957307],[-91.529219,29.956751],[-91.52989,29.955646],[-91.530058,29.954612],[-91.530493,29.953386],[-91.531134,29.952713],[-91.531508,29.952856],[-91.53163,29.953073],[-91.531447,29.953973],[-91.531882,29.954225],[-91.530814,29.956331],[-91.529623,29.957718],[-91.527602,29.958788],[-91.527167,29.959554],[-91.526747,29.961343],[-91.524946,29.965774],[-91.525191,29.966808],[-91.525076,29.967218],[-91.525267,29.967443],[-91.525801,29.967361],[-91.525992,29.967691],[-91.525412,29.969774],[-91.525412,29.970653],[-91.526511,29.973114],[-91.526892,29.972925],[-91.52661,29.971206],[-91.526694,29.968303],[-91.526907,29.967243],[-91.526488,29.9655],[-91.526617,29.964298],[-91.527083,29.963071],[-91.527792,29.961918],[-91.528677,29.959978],[-91.529623,29.958742],[-91.531119,29.957269],[-91.532637,29.954309],[-91.532706,29.953714],[-91.532187,29.952711],[-91.532118,29.952196]],[[-91.537123,29.95276],[-91.538519,29.953043],[-91.541441,29.954567],[-91.544531,29.954958],[-91.544531,29.955288],[-91.543265,29.957386],[-91.542593,29.957515],[-91.542036,29.958562],[-91.542509,29.959474],[-91.54225,29.959842],[-91.541312,29.96001],[-91.540861,29.961874],[-91.541861,29.96355],[-91.541395,29.965789],[-91.541563,29.966653],[-91.541281,29.967222],[-91.540655,29.967344],[-91.540419,29.96775],[-91.540556,29.968099],[-91.541052,29.968448],[-91.540915,29.969123],[-91.540449,29.96953],[-91.540259,29.970022],[-91.540312,29.971023],[-91.539938,29.971594],[-91.540198,29.972046],[-91.540663,29.97225],[-91.541624,29.971883],[-91.542746,29.972416],[-91.545668,29.977491],[-91.545668,29.978103],[-91.54595,29.978595],[-91.545691,29.97937],[-91.550513,29.987962],[-91.55052,29.988372],[-91.550001,29.988493],[-91.549086,29.987409],[-91.548224,29.986019],[-91.54798,29.985077],[-91.547278,29.984361],[-91.544508,29.98311],[-91.543059,29.982874],[-91.542631,29.982597],[-91.539656,29.982269],[-91.539755,29.982607],[-91.541586,29.983032],[-91.54151,29.98339],[-91.53739,29.98406],[-91.536642,29.984386],[-91.534621,29.98467],[-91.533255,29.984666],[-91.531912,29.983787],[-91.530272,29.982219],[-91.527113,29.976972],[-91.525938,29.974723],[-91.536764,29.974476],[-91.536612,29.974214],[-91.525946,29.974405],[-91.525374,29.97425],[-91.524763,29.973699],[-91.52326,29.971489],[-91.52307,29.970752],[-91.522642,29.969999],[-91.52178,29.966957],[-91.52191,29.963535],[-91.522208,29.962021],[-91.523184,29.959957],[-91.523741,29.958282],[-91.523581,29.957178],[-91.52339,29.95685],[-91.523436,29.956422],[-91.523749,29.956089],[-91.525183,29.955652],[-91.525564,29.955341],[-91.526404,29.954361],[-91.526892,29.953483]],[[-91.52841,29.952715],[-91.528502,29.953523],[-91.528631,29.953584],[-91.528937,29.953249],[-91.529059,29.952728]],[[-91.51869,29.953003],[-91.520376,29.95496],[-91.52146,29.956602],[-91.521941,29.958814],[-91.521735,29.960071],[-91.521193,29.961195],[-91.520323,29.962055],[-91.519804,29.962043],[-91.519423,29.961797],[-91.518782,29.96043],[-91.517203,29.9585],[-91.516188,29.957811],[-91.513739,29.957201],[-91.512457,29.956367],[-91.511366,29.955246],[-91.510733,29.953746]],[[-91.435072,29.959184],[-91.437208,29.961715],[-91.438269,29.962417],[-91.439581,29.963735],[-91.440504,29.966154],[-91.44113,29.967014],[-91.441771,29.968391],[-91.442175,29.970836],[-91.44216,29.971613],[-91.440573,29.974613],[-91.440649,29.975551],[-91.440375,29.97623],[-91.439833,29.976091],[-91.43952,29.975208],[-91.439314,29.973772],[-91.438704,29.973222],[-91.437369,29.969768],[-91.435637,29.967405],[-91.432303,29.963586],[-91.430258,29.961736]],[[-91.424094,29.960201],[-91.426443,29.962118],[-91.428664,29.964311],[-91.430929,29.96697],[-91.431418,29.968063],[-91.430884,29.968181],[-91.430273,29.967979],[-91.428084,29.96655],[-91.424902,29.965492],[-91.419913,29.962606]],[[-91.41786,29.961179],[-91.418143,29.961692],[-91.418082,29.96199],[-91.417937,29.961988],[-91.417288,29.961445],[-91.41564,29.960945],[-91.414725,29.960373]],[[-91.503844,29.95401],[-91.501417,29.956287],[-91.499205,29.958763],[-91.498495,29.959896],[-91.49803,29.961374],[-91.497916,29.966209],[-91.498038,29.966627],[-91.498442,29.96643],[-91.498488,29.964353],[-91.499029,29.962804],[-91.499426,29.960308],[-91.499953,29.959259],[-91.501868,29.956758],[-91.504858,29.954124]],[[-91.503767,29.957313],[-91.503027,29.958061],[-91.503226,29.958418],[-91.504072,29.958051],[-91.505751,29.956295],[-91.506224,29.956089],[-91.506689,29.956089],[-91.507437,29.956787],[-91.508757,29.959077],[-91.509276,29.960542],[-91.508932,29.962431],[-91.509352,29.962555],[-91.510359,29.96227],[-91.51087,29.962352],[-91.511015,29.962701],[-91.510809,29.96356],[-91.50997,29.964937],[-91.509817,29.966375],[-91.510229,29.967544],[-91.511076,29.968814],[-91.511427,29.969019],[-91.511748,29.968799],[-91.511526,29.9659],[-91.512427,29.964645],[-91.512564,29.963606],[-91.513144,29.962438],[-91.514036,29.961437],[-91.514059,29.961071],[-91.513212,29.960107],[-91.51412,29.959148],[-91.51393,29.95882],[-91.512953,29.958377],[-91.512595,29.958532],[-91.512457,29.959411],[-91.512274,29.9598],[-91.511946,29.960045],[-91.510908,29.960252],[-91.509886,29.959953],[-91.508993,29.958669],[-91.508246,29.956924],[-91.507254,29.955505],[-91.50746,29.954504],[-91.507925,29.953863]],[[-91.509871,29.954296],[-91.510222,29.955522],[-91.511069,29.956586],[-91.512343,29.957765],[-91.514754,29.95837],[-91.516959,29.959602],[-91.517515,29.960176],[-91.518515,29.96223],[-91.519263,29.965742],[-91.518851,29.969316],[-91.51895,29.970567],[-91.519575,29.972099],[-91.520903,29.973898],[-91.520834,29.974388],[-91.518889,29.974058],[-91.516012,29.973922],[-91.514685,29.973631],[-91.512259,29.973491],[-91.503638,29.971645],[-91.501807,29.971416],[-91.497076,29.969896],[-91.495657,29.969062],[-91.494917,29.968382],[-91.493422,29.966413],[-91.492522,29.964208],[-91.492003,29.96083],[-91.492483,29.959566],[-91.493666,29.957609],[-91.495329,29.955972],[-91.495871,29.955686],[-91.496229,29.955881],[-91.494406,29.957584],[-91.49433,29.95779],[-91.49462,29.958042],[-91.498961,29.954443],[-91.499335,29.95428],[-91.499823,29.954439]],[[-91.547003,29.95112],[-91.54579,29.953285],[-91.544668,29.953773],[-91.542929,29.953659],[-91.540518,29.952461],[-91.537405,29.951822]],[[-91.294813,29.969249],[-91.29299,29.970478],[-91.292204,29.973671],[-91.289206,29.978006],[-91.288069,29.981615],[-91.287115,29.982563],[-91.284262,29.984216],[-91.283583,29.985229],[-91.282461,29.98607],[-91.279593,29.98706],[-91.278303,29.987812],[-91.277479,29.988729],[-91.276556,29.9909],[-91.275557,29.992349],[-91.274946,29.992805],[-91.274626,29.992796],[-91.274405,29.992578],[-91.274679,29.99143],[-91.274771,29.989128],[-91.274924,29.988727],[-91.276365,29.987175],[-91.276526,29.986807],[-91.276823,29.985654],[-91.277518,29.984106],[-91.277739,29.981664],[-91.278563,29.980442],[-91.279005,29.978412],[-91.281431,29.974313],[-91.281889,29.974008],[-91.282469,29.973262],[-91.28343,29.972726],[-91.284888,29.969505]],[[-91.284201,29.970638],[-91.283346,29.972364],[-91.281836,29.973238],[-91.28179,29.972864],[-91.283217,29.970258],[-91.283217,29.969888]],[[-91.541518,29.971101],[-91.541312,29.971176],[-91.540945,29.970909],[-91.541075,29.970281],[-91.541563,29.969516],[-91.541838,29.969947],[-91.541754,29.970129],[-91.541914,29.970485],[-91.54183,29.970827],[-91.541518,29.971101]],[[-91.295492,29.969078],[-91.295889,29.969492],[-91.296629,29.971536],[-91.296698,29.973062],[-91.296171,29.974722],[-91.296614,29.976402],[-91.296469,29.976965],[-91.295225,29.978264],[-91.295088,29.979181],[-91.294836,29.979541],[-91.294111,29.979707],[-91.2936,29.979643],[-91.293219,29.97936],[-91.292685,29.979419],[-91.291266,29.980676],[-91.288328,29.981987],[-91.289519,29.978309],[-91.292196,29.974424],[-91.292853,29.974153],[-91.292731,29.973304],[-91.293425,29.970558],[-91.295141,29.969656],[-91.295492,29.969078]],[[-91.442953,29.971164],[-91.442793,29.970495],[-91.443106,29.970401],[-91.443373,29.970989],[-91.442953,29.971164]],[[-91.500403,29.972242],[-91.501906,29.972234],[-91.504202,29.972524],[-91.509123,29.973961],[-91.510809,29.974184],[-91.512595,29.974702],[-91.516318,29.975179],[-91.517203,29.975404],[-91.517798,29.975723],[-91.517966,29.97602],[-91.517828,29.976205],[-91.516028,29.976989],[-91.515501,29.977556],[-91.514983,29.977689],[-91.514075,29.977485],[-91.512549,29.977892],[-91.509764,29.977867],[-91.509642,29.977644],[-91.510313,29.977413],[-91.507399,29.976965],[-91.505476,29.976164],[-91.502661,29.974321],[-91.50025,29.9724],[-91.500403,29.972242]],[[-91.49951,29.973758],[-91.49832,29.973621],[-91.497526,29.972868],[-91.497496,29.97253],[-91.497893,29.97248],[-91.498434,29.972774],[-91.49951,29.973758]],[[-91.256758,29.972446],[-91.259077,29.974695],[-91.259741,29.977903],[-91.259695,29.980083],[-91.259131,29.98163],[-91.259482,29.984224],[-91.259398,29.984701],[-91.25907,29.984766]],[[-91.257002,29.977316],[-91.256888,29.975958],[-91.256262,29.97451],[-91.255957,29.974056],[-91.255209,29.973478]],[[-91.435049,29.973936],[-91.434943,29.97405],[-91.43434,29.973501],[-91.433455,29.970678],[-91.432593,29.969003],[-91.431975,29.968324],[-91.4317,29.966774],[-91.431784,29.966619],[-91.432966,29.967579],[-91.43363,29.968557],[-91.434088,29.969955],[-91.435141,29.971632],[-91.435049,29.973936]],[[-91.434813,29.974798],[-91.435026,29.974647],[-91.435454,29.975093],[-91.435965,29.978037],[-91.436964,29.980041],[-91.43836,29.98582],[-91.439589,29.989109],[-91.439795,29.990213],[-91.43952,29.99082],[-91.439299,29.990751],[-91.439078,29.990236],[-91.438933,29.98933],[-91.437987,29.987142],[-91.437079,29.986034],[-91.435866,29.983349],[-91.434721,29.974979],[-91.434813,29.974798]],[[-91.434408,29.974823],[-91.434218,29.974897],[-91.43389,29.974508],[-91.434057,29.974199],[-91.434477,29.97418],[-91.434553,29.974535],[-91.434408,29.974823]],[[-91.436529,29.974943],[-91.437773,29.978328],[-91.437872,29.979078],[-91.437689,29.979374],[-91.436842,29.978576],[-91.436285,29.97709],[-91.435774,29.974546],[-91.435789,29.973949],[-91.436148,29.973873],[-91.436529,29.974943]],[[-91.519903,29.976585],[-91.520117,29.976524],[-91.522131,29.977455],[-91.522848,29.977953],[-91.52429,29.979614],[-91.525137,29.980854],[-91.525229,29.981222],[-91.524741,29.982814],[-91.524176,29.983778],[-91.523955,29.983814],[-91.522864,29.981731],[-91.522833,29.981434],[-91.523199,29.981277],[-91.523352,29.98081],[-91.521544,29.978084],[-91.51969,29.977012],[-91.519583,29.976818],[-91.519903,29.976585]],[[-91.50273,29.976768],[-91.501707,29.975944],[-91.501608,29.975361],[-91.501738,29.97525],[-91.502562,29.975593],[-91.503088,29.97607],[-91.503096,29.976511],[-91.50273,29.976768]],[[-91.256033,29.974813],[-91.256315,29.975454],[-91.256613,29.977363]],[[-91.270186,29.974941],[-91.270193,29.973282],[-91.269812,29.970812]],[[-91.27867,29.970211],[-91.27809,29.971962],[-91.276854,29.973919],[-91.276831,29.974458],[-91.277312,29.976772],[-91.277136,29.974079],[-91.27735,29.97348],[-91.278677,29.971731],[-91.278906,29.970733],[-91.278815,29.970283]],[[-91.282713,29.969812],[-91.282515,29.970796],[-91.280783,29.974712],[-91.278555,29.97862],[-91.278044,29.980219],[-91.277388,29.981418],[-91.277029,29.98345],[-91.275931,29.987079],[-91.274229,29.988752],[-91.273718,29.989635],[-91.273459,29.990287],[-91.273077,29.993103],[-91.272841,29.993553],[-91.271651,29.994753],[-91.271399,29.994674],[-91.272139,29.98661],[-91.272009,29.985771],[-91.265455,29.971508]],[[-91.269652,29.970956],[-91.270186,29.974941]],[[-91.514616,29.977945],[-91.515417,29.977996],[-91.516348,29.977529],[-91.517157,29.976862],[-91.519202,29.976635],[-91.518965,29.977043],[-91.515433,29.978574],[-91.514479,29.978376],[-91.514365,29.978119],[-91.514616,29.977945]],[[-91.51309,29.978424],[-91.513769,29.978384],[-91.513724,29.978609],[-91.513258,29.978914],[-91.513068,29.978794],[-91.51309,29.978424]],[[-91.259939,29.97569],[-91.263846,29.980247],[-91.264563,29.982137],[-91.264754,29.984392],[-91.265829,29.988159],[-91.264998,29.991331],[-91.263502,29.995092],[-91.26261,29.996854],[-91.261488,29.998464],[-91.260428,29.999414],[-91.259497,29.999971]],[[-91.25997,29.987875],[-91.260008,29.983312],[-91.25955,29.981907],[-91.260168,29.98048],[-91.260306,29.97903],[-91.260542,29.978212],[-91.259741,29.975824],[-91.259939,29.97569]],[[-91.52635,29.980938],[-91.5268,29.980999],[-91.528532,29.982084],[-91.530745,29.984296],[-91.531744,29.985777],[-91.532057,29.986997],[-91.531874,29.987281],[-91.531683,29.987363],[-91.530066,29.987095],[-91.526511,29.987417],[-91.526015,29.987272],[-91.525473,29.98665],[-91.525732,29.986169],[-91.525168,29.985595],[-91.525168,29.984981],[-91.524794,29.984327],[-91.524802,29.983423],[-91.525954,29.981264],[-91.52635,29.980938]],[[-91.606985,29.982402],[-91.607436,29.982362],[-91.608679,29.982896],[-91.610586,29.984588],[-91.61151,29.984993],[-91.612135,29.986751],[-91.61302,29.987655],[-91.614569,29.988483],[-91.614996,29.988914],[-91.615294,29.988916],[-91.61595,29.989345],[-91.616583,29.989225],[-91.617926,29.991146],[-91.618391,29.991249],[-91.618529,29.991085],[-91.618155,29.99043],[-91.617422,29.987854],[-91.616598,29.987016],[-91.614912,29.985807],[-91.614584,29.985338],[-91.61479,29.984888],[-91.615424,29.984663],[-91.616598,29.984665],[-91.617651,29.984872],[-91.621207,29.987396],[-91.621573,29.988817],[-91.621466,29.989694],[-91.621657,29.990738],[-91.622916,29.992782],[-91.62335,29.993866],[-91.625082,29.996063],[-91.626997,29.998075],[-91.627447,29.998865],[-91.627974,30.000534],[-91.627852,30.001728],[-91.627089,30.003116],[-91.625922,30.005975],[-91.625784,30.006754],[-91.625182,30.008344],[-91.624899,30.008672],[-91.624525,30.008834],[-91.624243,30.008752],[-91.622443,30.006591],[-91.621329,30.005724],[-91.619185,30.004644],[-91.617903,30.003688],[-91.614661,29.997785],[-91.61389,29.997047],[-91.613882,29.995004],[-91.614058,29.994642],[-91.613905,29.992765],[-91.613303,29.990738],[-91.612677,29.989647],[-91.612013,29.98891],[-91.610792,29.986374],[-91.610442,29.985965],[-91.60993,29.985965],[-91.609312,29.985738],[-91.607184,29.984161],[-91.60652,29.983118],[-91.606985,29.982402]],[[-91.519148,29.983923],[-91.518744,29.983671],[-91.518873,29.983215],[-91.519308,29.983568],[-91.519148,29.983923]],[[-91.621329,29.986185],[-91.623602,29.986885],[-91.62393,29.987354],[-91.624083,29.989465],[-91.62361,29.990379],[-91.623114,29.992078],[-91.622816,29.991949],[-91.622252,29.990905],[-91.621886,29.989681],[-91.622176,29.988329],[-91.621222,29.986486],[-91.621329,29.986185]],[[-91.538328,29.98545],[-91.538397,29.985551],[-91.538245,29.985666],[-91.537756,29.985733],[-91.536589,29.985664],[-91.535826,29.985393],[-91.535673,29.985174],[-91.536124,29.985048],[-91.538328,29.98545]],[[-91.534468,29.985429],[-91.537512,29.986274],[-91.539015,29.986047],[-91.541968,29.98652],[-91.543577,29.986276],[-91.546652,29.986833],[-91.547072,29.98706],[-91.547179,29.987695],[-91.548506,29.988533],[-91.548903,29.98933],[-91.549231,29.989595],[-91.549818,29.990617],[-91.550368,29.992736],[-91.551565,29.995893],[-91.551894,29.997182],[-91.551642,29.998775],[-91.551909,30.002189],[-91.551733,30.00345],[-91.549811,30.005865],[-91.5493,30.007213],[-91.548903,30.007438],[-91.548483,30.007211],[-91.547026,30.005186],[-91.546545,30.004041],[-91.545409,30.002983],[-91.544104,30.000522],[-91.544035,29.999582],[-91.543188,29.998212],[-91.541548,29.997137],[-91.54051,29.996002],[-91.540419,29.99543],[-91.539763,29.994692],[-91.53858,29.992544],[-91.5362,29.989523],[-91.534499,29.987775],[-91.533652,29.986509],[-91.533606,29.986221],[-91.533766,29.986099],[-91.534209,29.986263],[-91.536421,29.988372],[-91.536887,29.988577],[-91.537451,29.988435],[-91.53829,29.98868],[-91.538481,29.988599],[-91.538657,29.988189],[-91.539557,29.988641],[-91.541014,29.989067],[-91.541411,29.989471],[-91.541899,29.989257],[-91.54389,29.989568],[-91.543898,29.989277],[-91.541708,29.988523],[-91.539648,29.98809],[-91.539275,29.987844],[-91.536017,29.987165],[-91.534666,29.985847],[-91.534468,29.985429]],[[-91.54077,29.985765],[-91.538626,29.985187],[-91.537993,29.984617],[-91.538649,29.984407],[-91.540366,29.984235],[-91.542357,29.983633],[-91.543425,29.98353],[-91.543997,29.983616],[-91.544936,29.984146],[-91.546316,29.985592],[-91.546477,29.986103],[-91.546408,29.986272],[-91.545714,29.986408],[-91.543555,29.985712],[-91.541968,29.985634],[-91.54077,29.985765]],[[-91.624609,29.987314],[-91.626021,29.987785],[-91.62686,29.988483],[-91.628134,29.990181],[-91.628226,29.990549],[-91.627386,29.992242],[-91.627318,29.993757],[-91.628378,29.996416],[-91.628264,29.997436],[-91.628065,29.997854],[-91.627707,29.99768],[-91.624556,29.993936],[-91.623732,29.992403],[-91.623831,29.990711],[-91.624625,29.98888],[-91.624327,29.98785],[-91.624609,29.987314]],[[-91.518774,29.987074],[-91.519247,29.98669],[-91.519812,29.986753],[-91.520163,29.985834],[-91.520842,29.985538],[-91.520026,29.984407],[-91.519804,29.983278],[-91.519293,29.982769],[-91.519545,29.982113],[-91.519141,29.981416],[-91.519354,29.981172],[-91.519491,29.981214],[-91.520994,29.982196],[-91.52146,29.982196],[-91.52146,29.98179],[-91.519209,29.979597],[-91.518317,29.978964],[-91.518454,29.978389],[-91.519881,29.979015],[-91.520262,29.979906],[-91.520705,29.98007],[-91.520895,29.979683],[-91.520422,29.978761],[-91.519568,29.977733],[-91.519644,29.977514],[-91.520361,29.977722],[-91.521452,29.979337],[-91.52223,29.981504],[-91.523619,29.984157],[-91.523627,29.985906],[-91.522955,29.98834],[-91.52075,29.99027],[-91.517531,29.992555],[-91.51544,29.99431],[-91.513418,29.995575],[-91.513205,29.99592],[-91.512221,29.996656],[-91.511755,29.996553],[-91.511542,29.996183],[-91.51161,29.99559],[-91.511397,29.994201],[-91.510664,29.992218],[-91.510664,29.991399],[-91.511175,29.990461],[-91.51245,29.989372],[-91.513136,29.987892],[-91.513136,29.986436],[-91.51219,29.984392],[-91.510344,29.982671],[-91.506895,29.981788],[-91.506613,29.98191],[-91.505774,29.982992],[-91.505331,29.983034],[-91.504011,29.982172],[-91.502089,29.98035],[-91.501852,29.980247],[-91.500098,29.980587],[-91.49935,29.980367],[-91.497122,29.978574],[-91.496611,29.977909],[-91.49639,29.97705],[-91.496481,29.97599],[-91.496657,29.97579],[-91.497626,29.975439],[-91.498678,29.975643],[-91.499571,29.976484],[-91.500082,29.977619],[-91.500891,29.978161],[-91.501219,29.978019],[-91.501471,29.97714],[-91.501799,29.976896],[-91.503935,29.978574],[-91.504172,29.978574],[-91.50466,29.978923],[-91.504805,29.979272],[-91.504721,29.979803],[-91.504973,29.979967],[-91.50614,29.979969],[-91.50675,29.979704],[-91.508719,29.980789],[-91.509283,29.980545],[-91.509703,29.980669],[-91.510382,29.980373],[-91.511626,29.981773],[-91.512755,29.982511],[-91.512846,29.983289],[-91.513266,29.983514],[-91.513457,29.983843],[-91.513853,29.983923],[-91.515143,29.982393],[-91.515845,29.982395],[-91.516402,29.982149],[-91.516684,29.981823],[-91.516119,29.98084],[-91.514998,29.980512],[-91.514807,29.980594],[-91.514952,29.980215],[-91.51618,29.979818],[-91.516974,29.97982],[-91.517737,29.980495],[-91.517546,29.98262],[-91.518095,29.984277],[-91.517699,29.984705],[-91.517889,29.985035],[-91.51824,29.985239],[-91.51824,29.985954],[-91.518774,29.987074]],[[-91.523093,29.988804],[-91.523588,29.98802],[-91.523649,29.988115],[-91.523619,29.988548],[-91.523192,29.989374],[-91.521437,29.991211],[-91.521254,29.991701],[-91.521872,29.9934],[-91.52149,29.993848],[-91.521513,29.994299],[-91.522238,29.99393],[-91.522688,29.994402],[-91.523215,29.994312],[-91.522948,29.995363],[-91.523321,29.995609],[-91.524023,29.995609],[-91.524351,29.995773],[-91.524634,29.996265],[-91.524519,29.996673],[-91.52487,29.996879],[-91.524641,29.997285],[-91.524641,29.998104],[-91.524878,29.998512],[-91.525252,29.998556],[-91.525877,29.99782],[-91.525595,29.997327],[-91.525763,29.997137],[-91.526648,29.997024],[-91.526976,29.99678],[-91.527609,29.996759],[-91.527914,29.996269],[-91.52838,29.996065],[-91.528662,29.995739],[-91.528662,29.994831],[-91.529265,29.993827],[-91.529265,29.99292],[-91.527808,29.991098],[-91.526869,29.990278],[-91.526198,29.989277],[-91.527449,29.989156],[-91.528555,29.989648],[-91.529631,29.992372],[-91.530646,29.993187],[-91.530836,29.993513],[-91.530798,29.994646],[-91.5297,29.995678],[-91.528395,29.997757],[-91.527594,29.998558],[-91.526129,29.998975],[-91.524779,29.99979],[-91.523268,29.999799],[-91.519484,29.998487],[-91.515677,29.997684],[-91.515059,29.997152],[-91.513731,29.996931],[-91.512587,29.997211],[-91.51232,29.99711],[-91.518446,29.99282],[-91.519469,29.991556],[-91.519919,29.991514],[-91.520048,29.991748],[-91.519522,29.992796],[-91.519827,29.992885],[-91.520224,29.992763],[-91.520621,29.992233],[-91.520712,29.991783],[-91.520476,29.991272],[-91.520644,29.990944],[-91.523093,29.988804]],[[-91.628668,29.990245],[-91.629393,29.990242],[-91.629927,29.990663],[-91.630995,29.992412],[-91.631216,29.993463],[-91.631018,29.994325],[-91.630308,29.994957],[-91.629515,29.995945],[-91.629401,29.996318],[-91.629187,29.996408],[-91.627821,29.993484],[-91.628027,29.992172],[-91.628668,29.990245]],[[-91.631972,29.992946],[-91.633131,29.994701],[-91.633513,29.994857],[-91.636237,29.992605],[-91.636427,29.99275],[-91.629881,29.99847],[-91.629362,29.999372],[-91.629256,30.000686],[-91.629782,30.003734],[-91.628455,30.007225],[-91.627707,30.008369],[-91.626959,30.008594],[-91.626631,30.008325],[-91.626814,30.007837],[-91.626677,30.007488],[-91.627051,30.006918],[-91.626814,30.006508],[-91.626814,30.005689],[-91.627325,30.004343],[-91.628523,30.00205],[-91.628905,29.998922],[-91.629538,29.998356],[-91.630141,29.995651],[-91.631361,29.994184],[-91.631972,29.992946]],[[-91.440085,29.991193],[-91.440169,29.991039],[-91.440459,29.991214],[-91.441084,29.992416],[-91.443106,29.998933],[-91.447562,30.007373],[-91.451208,30.011058],[-91.451071,30.011423],[-91.449156,30.010296],[-91.446638,30.007612],[-91.445296,30.005842],[-91.442602,30.000053],[-91.440321,29.993168],[-91.440085,29.991193]],[[-91.636313,29.993614],[-91.635992,29.993425],[-91.636504,29.992977],[-91.636595,29.993194],[-91.636313,29.993614]],[[-91.432539,29.99188],[-91.433241,29.991708],[-91.433874,29.991155],[-91.434408,29.991293],[-91.434843,29.993709],[-91.435622,29.995367],[-91.439902,30.000339],[-91.441695,30.004707],[-91.442572,30.006227],[-91.444166,30.008297],[-91.44396,30.00881],[-91.443663,30.008934],[-91.439986,30.00889],[-91.439139,30.008583],[-91.43865,30.008003],[-91.438467,30.006736],[-91.43891,30.004251],[-91.438582,30.003055],[-91.437849,30.002388],[-91.43537,30.001871],[-91.434073,30.001363],[-91.432463,29.999813],[-91.431921,29.998794],[-91.431792,29.997093],[-91.432371,29.994325],[-91.432539,29.99188]],[[-91.271307,29.989877],[-91.270888,29.995222],[-91.270071,29.996153],[-91.269804,29.996309],[-91.269758,29.996195],[-91.269613,29.995653],[-91.270109,29.993501],[-91.270476,29.993253],[-91.270689,29.992817],[-91.270262,29.992134],[-91.270216,29.991411],[-91.27104,29.98973],[-91.271033,29.988292],[-91.270811,29.986892],[-91.27088,29.986004],[-91.270178,29.985483],[-91.269415,29.983051],[-91.26692,29.97866],[-91.26599,29.97665],[-91.26483,29.972707],[-91.264998,29.971859],[-91.265219,29.971941],[-91.265516,29.972524],[-91.271605,29.986005],[-91.271307,29.989877]],[[-91.472548,29.992431],[-91.468519,29.987167],[-91.468176,29.985927],[-91.467619,29.986],[-91.467329,29.98574],[-91.466238,29.983791],[-91.46813,29.983432],[-91.468367,29.983793],[-91.469633,29.98335],[-91.469458,29.982851],[-91.466208,29.983451],[-91.464232,29.97849],[-91.464056,29.977499],[-91.464255,29.971326],[-91.464674,29.968246],[-91.465407,29.959324]],[[-91.492399,29.954567],[-91.49124,29.955028],[-91.490095,29.956363],[-91.489722,29.956613],[-91.489271,29.95667],[-91.488768,29.956207],[-91.48931,29.95486]],[[-91.488081,29.955063],[-91.486777,29.955324]],[[-91.484885,29.955318],[-91.484907,29.955804],[-91.485129,29.956133],[-91.484953,29.956524],[-91.485647,29.956339],[-91.486273,29.956676],[-91.486555,29.956585],[-91.487059,29.957132],[-91.485892,29.956939],[-91.485663,29.957103],[-91.485617,29.957433],[-91.485907,29.957958],[-91.486853,29.958688],[-91.487028,29.959049],[-91.486922,29.962312],[-91.486021,29.963005],[-91.485388,29.963087],[-91.484907,29.962894],[-91.48461,29.962976],[-91.484373,29.963552],[-91.483855,29.963476],[-91.483488,29.963146],[-91.483572,29.962696],[-91.48403,29.962316],[-91.484152,29.961725],[-91.485106,29.960657],[-91.485258,29.960271],[-91.484823,29.959745],[-91.483527,29.95964],[-91.483298,29.959663],[-91.483008,29.96001],[-91.483282,29.960203],[-91.484,29.960243],[-91.484221,29.960645],[-91.482481,29.961702],[-91.48239,29.962455],[-91.4812,29.962518],[-91.480765,29.96212],[-91.480238,29.962433],[-91.479498,29.962417],[-91.479117,29.962734],[-91.478232,29.962457],[-91.477522,29.962474],[-91.477553,29.962896],[-91.478545,29.965114],[-91.478674,29.96615],[-91.478476,29.966503],[-91.478461,29.967342],[-91.478186,29.968134],[-91.477408,29.968517],[-91.477118,29.969221],[-91.476515,29.969728],[-91.47621,29.970237],[-91.475477,29.969835],[-91.474638,29.970169],[-91.475455,29.970804],[-91.47579,29.972234],[-91.476088,29.972498],[-91.476645,29.972477],[-91.477103,29.973423],[-91.476912,29.973777],[-91.47727,29.974235],[-91.47624,29.975889],[-91.476248,29.97624],[-91.476904,29.976921],[-91.478064,29.977193],[-91.478941,29.976209],[-91.479025,29.975757],[-91.478834,29.975092],[-91.477972,29.974607],[-91.477797,29.974247],[-91.478064,29.973703],[-91.477965,29.973215],[-91.478453,29.973064],[-91.478743,29.973156],[-91.479269,29.973016],[-91.479597,29.973182],[-91.479803,29.974094],[-91.481062,29.973636],[-91.481558,29.973776],[-91.482283,29.974435],[-91.482046,29.975269],[-91.482184,29.975662],[-91.483389,29.97569],[-91.484442,29.975502],[-91.485754,29.976156],[-91.486273,29.976238],[-91.487654,29.975382],[-91.488005,29.975587],[-91.488333,29.976059],[-91.488844,29.975935],[-91.489691,29.976183],[-91.490134,29.976143],[-91.491446,29.975164],[-91.491843,29.974632],[-91.492964,29.974653],[-91.494414,29.97392],[-91.495543,29.974556],[-91.49597,29.976621],[-91.49597,29.978256],[-91.496489,29.978849],[-91.496489,29.979053],[-91.496954,29.979055],[-91.4989,29.980598],[-91.499449,29.981859],[-91.499777,29.982124],[-91.500525,29.982311],[-91.500899,29.982761],[-91.50125,29.982864],[-91.501837,29.982761],[-91.502875,29.983602],[-91.503126,29.983581],[-91.503149,29.983213],[-91.502585,29.982435],[-91.502028,29.982271],[-91.500853,29.98135],[-91.500853,29.980943],[-91.50141,29.980697],[-91.502043,29.980985],[-91.503569,29.982519],[-91.504599,29.983194],[-91.505354,29.983482],[-91.506338,29.983156],[-91.506613,29.982523],[-91.506964,29.98232],[-91.510466,29.983247],[-91.511351,29.984146],[-91.512289,29.985782],[-91.512389,29.986559],[-91.512259,29.98797],[-91.511244,29.989868],[-91.510573,29.990316],[-91.510092,29.990871],[-91.509871,29.991951],[-91.510786,29.993751],[-91.510992,29.995124],[-91.510847,29.996528],[-91.509848,30.000234],[-91.509123,30.000923],[-91.507368,30.003576],[-91.506514,30.006078],[-91.506316,30.007993],[-91.506193,30.008136],[-91.505827,30.008012],[-91.505789,30.00856],[-91.507017,30.013345],[-91.507498,30.016],[-91.507643,30.018596],[-91.507551,30.020475],[-91.507658,30.020652],[-91.506956,30.025236],[-91.507323,30.028825],[-91.506865,30.032434],[-91.506018,30.03409],[-91.504973,30.038168],[-91.504149,30.039121],[-91.502768,30.039554],[-91.501028,30.03994],[-91.498419,30.039894],[-91.496992,30.040256],[-91.49555,30.040388],[-91.49491,30.041263],[-91.494154,30.046579],[-91.493468,30.049448],[-91.492941,30.050609],[-91.491308,30.05265],[-91.489683,30.054332],[-91.488936,30.05462],[-91.488409,30.053857],[-91.489378,30.050554],[-91.490469,30.044477],[-91.490698,30.041923],[-91.491209,30.039352],[-91.491621,30.036102],[-91.491782,30.033834],[-91.492819,30.027963],[-91.492811,30.025869],[-91.492361,30.024274],[-91.492193,30.022865],[-91.491934,30.022415],[-91.491202,30.019512],[-91.490637,30.018327],[-91.488287,30.014442],[-91.487913,30.013378],[-91.485663,30.009718],[-91.483946,30.006445],[-91.482947,30.005155],[-91.482466,30.004245],[-91.482924,30.00391],[-91.50022,29.997604],[-91.500235,29.99785],[-91.494131,30.000599],[-91.494376,30.000911],[-91.496146,30.001608],[-91.498328,30.002807],[-91.498801,30.003217],[-91.498755,30.004463],[-91.498991,30.004974],[-91.50112,30.005529],[-91.502432,30.006082],[-91.502882,30.006042],[-91.503485,30.005472],[-91.503859,30.004491],[-91.503889,30.00387],[-91.503104,30.004097],[-91.503256,30.003406],[-91.50376,30.002844],[-91.503317,30.001247],[-91.503516,30.000761],[-91.504309,30.000169],[-91.504179,29.999637],[-91.503897,29.99926],[-91.503783,29.997656],[-91.503134,29.99624],[-91.50215,29.995515],[-91.5007,29.99533],[-91.49993,29.994087],[-91.498724,29.993835],[-91.497839,29.9932],[-91.496802,29.992832],[-91.49594,29.992145],[-91.493292,29.990865],[-91.492071,29.990085],[-91.491362,29.988857],[-91.490446,29.988081],[-91.489981,29.987978],[-91.488951,29.988731],[-91.488783,29.989162],[-91.488837,29.989959],[-91.488234,29.991756],[-91.488325,29.993553],[-91.488028,29.994148],[-91.48847,29.995027],[-91.48873,29.996038],[-91.488272,29.996914],[-91.488318,29.997089],[-91.488783,29.997297],[-91.489065,29.996868],[-91.489744,29.996826],[-91.490164,29.99695],[-91.490866,29.997667],[-91.492583,29.997995],[-91.49417,29.998018],[-91.495283,29.998575],[-91.500311,29.996671],[-91.500593,29.996969],[-91.493155,29.99996],[-91.482306,30.003853],[-91.477331,29.997013],[-91.476019,29.995948],[-91.472548,29.992431]],[[-91.61151,29.994381],[-91.611594,29.994558],[-91.611212,29.994726],[-91.611037,29.994609],[-91.609907,29.992908],[-91.607825,29.990497],[-91.60742,29.989799],[-91.607764,29.989685],[-91.609625,29.99229],[-91.61151,29.994381]],[[-91.274275,29.990499],[-91.273916,29.992069],[-91.274039,29.992595],[-91.273657,29.992778],[-91.273504,29.991899],[-91.273604,29.991182],[-91.274321,29.989559],[-91.274435,29.990074],[-91.274275,29.990499]],[[-91.63465,29.994955],[-91.63465,29.994558],[-91.634932,29.994468],[-91.635039,29.994583],[-91.634947,29.99488],[-91.63465,29.994955]],[[-91.438322,29.992897],[-91.439871,29.997774],[-91.439963,29.998781],[-91.439856,29.999399],[-91.43936,29.999063],[-91.43598,29.994178],[-91.434759,29.991163],[-91.434782,29.990114],[-91.435461,29.988824],[-91.435446,29.98806],[-91.434965,29.986232],[-91.435049,29.985994],[-91.435721,29.986602],[-91.436835,29.988651],[-91.438322,29.992897]],[[-91.634001,29.995258],[-91.634428,29.996004],[-91.634787,29.997461],[-91.634703,29.998335],[-91.6341,29.999468],[-91.633162,30.000328],[-91.632559,30.001333],[-91.632017,30.002376],[-91.631857,30.003187],[-91.631514,30.003883],[-91.630896,30.004345],[-91.630591,30.00419],[-91.630369,30.003324],[-91.630362,30.0021],[-91.629935,30.000852],[-91.630202,29.998586],[-91.634001,29.995258]],[[-91.613875,29.998609],[-91.614203,29.998468],[-91.614554,29.999086],[-91.615263,30.000608],[-91.615813,30.002914],[-91.616278,30.0041],[-91.617285,30.005726],[-91.618796,30.007064],[-91.619955,30.007557],[-91.622015,30.00793],[-91.622511,30.008178],[-91.623511,30.008901],[-91.623968,30.009693],[-91.624014,30.01008],[-91.623503,30.011531],[-91.622565,30.012958],[-91.621474,30.015125],[-91.619185,30.01847],[-91.618933,30.019451],[-91.618391,30.01984],[-91.617903,30.019798],[-91.617529,30.019552],[-91.616064,30.0163],[-91.616064,30.015894],[-91.614889,30.013849],[-91.61315,30.01184],[-91.612738,30.010107],[-91.612807,30.006672],[-91.612624,30.005733],[-91.612662,30.003872],[-91.612891,30.001728],[-91.613875,29.998609]],[[-91.628516,29.99884],[-91.628462,29.998378],[-91.628592,29.998094],[-91.628935,29.99798],[-91.628981,29.998184],[-91.628516,29.99884]],[[-91.540663,29.998035],[-91.540846,29.998066],[-91.541899,29.999336],[-91.54209,30.000089],[-91.541746,30.000419],[-91.540884,30.000286],[-91.540556,29.999855],[-91.540602,29.999149],[-91.540419,29.99847],[-91.540663,29.998035]],[[-91.637762,29.999164],[-91.637923,29.999126],[-91.638174,29.99937],[-91.63835,30.000003],[-91.637823,30.001918],[-91.637923,30.002517],[-91.637472,30.004388],[-91.636977,30.005256],[-91.635992,30.006397],[-91.635481,30.006521],[-91.635222,30.006273],[-91.635855,30.005336],[-91.636595,30.003374],[-91.63671,30.002149],[-91.637114,30.000671],[-91.63735,29.99986],[-91.637762,29.999164]],[[-91.611739,29.998903],[-91.612204,29.998907],[-91.612303,29.999273],[-91.611418,30.002111],[-91.61093,30.004627],[-91.610846,30.008548],[-91.611037,30.009693],[-91.611273,30.010204],[-91.611327,30.011205],[-91.610998,30.014265],[-91.611479,30.017481],[-91.6136,30.024227],[-91.61434,30.027668],[-91.614203,30.029981],[-91.614378,30.031412],[-91.614256,30.035736],[-91.614455,30.037313],[-91.614851,30.038431],[-91.614905,30.040022],[-91.615195,30.041429],[-91.615942,30.042738],[-91.616446,30.045026],[-91.614386,30.055177],[-91.614035,30.055788],[-91.61357,30.055889],[-91.613211,30.055685],[-91.613074,30.055336],[-91.613303,30.05299],[-91.614432,30.05039],[-91.614424,30.049678],[-91.613921,30.047775],[-91.614142,30.043001],[-91.613837,30.041134],[-91.611639,30.036316],[-91.610449,30.033224],[-91.609915,30.031074],[-91.610106,30.028919],[-91.611388,30.024458],[-91.611342,30.022964],[-91.610541,30.021572],[-91.608671,30.019254],[-91.607619,30.017294],[-91.60726,30.015516],[-91.607184,30.014166],[-91.607725,30.010992],[-91.608366,30.009628],[-91.608481,30.006666],[-91.609892,30.002313],[-91.611342,29.999128],[-91.611739,29.998903]],[[-91.634795,29.999263],[-91.634985,29.999212],[-91.635001,29.999561],[-91.633719,30.004131],[-91.632758,30.005249],[-91.631193,30.007515],[-91.630797,30.00774],[-91.630308,30.007494],[-91.630209,30.007126],[-91.630324,30.006105],[-91.630957,30.004705],[-91.631934,30.004282],[-91.633337,30.000766],[-91.63394,30.00041],[-91.634795,29.999263]],[[-91.638731,29.999614],[-91.638609,29.998813],[-91.638739,29.998401],[-91.638914,29.998323],[-91.639082,29.99893],[-91.638731,29.999614]],[[-91.270727,29.996408],[-91.270903,29.996519],[-91.270643,29.998354],[-91.270346,29.997753],[-91.270209,29.997762],[-91.270231,29.997383],[-91.270041,29.997207],[-91.270529,29.996824],[-91.270727,29.996408]],[[-91.454932,29.999082],[-91.456595,29.99933],[-91.459372,30.000293],[-91.460127,30.000892],[-91.461859,30.003061],[-91.463492,30.004356],[-91.466063,30.005294],[-91.468733,30.005666],[-91.469763,30.005666],[-91.471365,30.006019],[-91.4737,30.007389],[-91.475111,30.009027],[-91.475485,30.009271],[-91.476988,30.009029],[-91.478781,30.00914],[-91.479094,30.00929],[-91.48078,30.012045],[-91.481085,30.013038],[-91.48242,30.022239],[-91.48242,30.023496],[-91.483176,30.026802],[-91.483275,30.029945],[-91.482893,30.03181],[-91.481985,30.034824],[-91.480849,30.036495],[-91.479903,30.037094],[-91.478995,30.037338],[-91.477293,30.037548],[-91.475142,30.037388],[-91.472838,30.038215],[-91.472204,30.03869],[-91.471693,30.038585],[-91.471144,30.032234],[-91.47122,30.026777],[-91.471022,30.025173],[-91.469336,30.021566],[-91.468069,30.019357],[-91.466894,30.018879],[-91.463354,30.016449],[-91.46044,30.013828],[-91.458884,30.012947],[-91.458372,30.012327],[-91.455351,30.010158],[-91.453123,30.008014],[-91.4504,30.00613],[-91.448546,30.004125],[-91.447012,30.001262],[-91.445341,29.996111],[-91.444395,29.992632],[-91.442694,29.98846],[-91.441641,29.986534],[-91.440954,29.981491],[-91.439886,29.977178],[-91.440748,29.976261],[-91.441145,29.974428],[-91.442206,29.972934],[-91.442374,29.97196],[-91.442763,29.971443],[-91.443426,29.972307],[-91.44348,29.973369],[-91.444105,29.974632],[-91.444311,29.974819],[-91.444388,29.974622],[-91.443762,29.973163],[-91.443846,29.972513],[-91.44612,29.977764],[-91.44599,29.979377],[-91.444975,29.981199],[-91.444502,29.983146],[-91.444594,29.984264],[-91.445029,29.985294],[-91.445517,29.987589],[-91.4457,29.989433],[-91.44557,29.992603],[-91.44583,29.993248],[-91.446448,29.994098],[-91.446356,29.994732],[-91.44705,29.99571],[-91.447211,29.996349],[-91.449141,29.99992],[-91.449553,30.001075],[-91.449774,30.001306],[-91.450796,30.001596],[-91.449965,30.000814],[-91.449812,30.000414],[-91.450224,30.000269],[-91.452276,30.002363],[-91.453352,30.002386],[-91.454909,30.004259],[-91.455336,30.004097],[-91.455206,30.003811],[-91.453863,30.002594],[-91.453429,30.00196],[-91.453581,30.00164],[-91.454031,30.001875],[-91.454802,30.002981],[-91.455015,30.002802],[-91.454718,30.002271],[-91.454588,30.001604],[-91.455183,30.001133],[-91.455557,30.001127],[-91.456183,30.001747],[-91.456511,30.001556],[-91.456488,30.001243],[-91.456732,30.001093],[-91.458624,30.002548],[-91.458884,30.002412],[-91.456778,30.000585],[-91.456015,30.000244],[-91.454581,30.000553],[-91.452872,30.001922],[-91.452383,30.001831],[-91.448462,29.998008],[-91.448134,29.996729],[-91.447089,29.995319],[-91.446951,29.994819],[-91.44734,29.994913],[-91.45175,29.998491],[-91.453276,29.999033],[-91.454932,29.999082]],[[-91.510489,29.999982],[-91.510214,30.000196],[-91.510145,30.000074],[-91.510397,29.999147],[-91.510985,29.998054],[-91.511092,29.9974],[-91.511442,29.997301],[-91.510489,29.999982]],[[-91.608328,30.001266],[-91.607649,30.009678],[-91.605856,30.01457],[-91.606459,30.016805],[-91.607443,30.018766],[-91.61022,30.021936],[-91.610747,30.023594],[-91.610686,30.025653],[-91.609831,30.027763],[-91.609557,30.02914],[-91.609663,30.032127],[-91.611174,30.036787],[-91.612631,30.039423],[-91.613394,30.041361],[-91.613745,30.043083],[-91.613631,30.044717],[-91.613333,30.046037],[-91.612883,30.046463],[-91.610091,30.043037],[-91.60919,30.040973],[-91.608557,30.040508],[-91.607085,30.037763],[-91.606833,30.035522],[-91.606314,30.034622],[-91.605269,30.031402],[-91.605063,30.031168],[-91.605826,30.034481],[-91.606459,30.035782],[-91.606596,30.036979],[-91.607397,30.039463],[-91.606825,30.039039],[-91.605963,30.037828],[-91.604765,30.036577],[-91.603316,30.035276]],[[-91.596937,30.03108],[-91.595221,30.030281],[-91.592108,30.029863],[-91.589773,30.029138],[-91.588309,30.028028],[-91.586325,30.025993],[-91.585524,30.025823],[-91.584349,30.025306],[-91.583632,30.024648],[-91.583144,30.023735],[-91.583014,30.022915],[-91.582403,30.02185],[-91.581465,30.021091],[-91.581419,30.020849],[-91.581747,30.0205],[-91.583105,30.020094],[-91.584051,30.021337],[-91.585013,30.022113],[-91.585127,30.023529],[-91.585356,30.023939],[-91.585982,30.024347],[-91.587141,30.024351],[-91.588362,30.024883],[-91.5893,30.025499],[-91.590102,30.027706],[-91.590452,30.02791],[-91.590849,30.027788],[-91.591109,30.027422],[-91.591757,30.024582],[-91.591849,30.024336],[-91.5922,30.024131],[-91.592879,30.024297],[-91.593626,30.024944],[-91.594122,30.024727],[-91.594633,30.024877],[-91.595023,30.025274],[-91.596533,30.025484],[-91.597922,30.026226],[-91.599325,30.02635],[-91.599921,30.025982],[-91.59989,30.025608],[-91.600409,30.025028],[-91.600615,30.02449],[-91.599646,30.023143],[-91.598814,30.020383],[-91.598723,30.019148],[-91.598837,30.018177],[-91.600767,30.014928],[-91.601813,30.011049],[-91.60153,30.009128],[-91.603041,30.00637],[-91.604979,30.00547],[-91.606345,30.004543],[-91.606924,30.003864],[-91.608023,30.001432],[-91.608328,30.001266]],[[-91.269499,29.997635],[-91.269819,29.997694],[-91.269591,29.998151],[-91.269621,29.99827],[-91.26998,29.998291],[-91.269949,29.998581],[-91.269629,29.99852],[-91.269354,29.998161],[-91.269499,29.997635]],[[-91.635832,30.002035],[-91.635657,30.003719],[-91.63468,30.006153],[-91.633299,30.007555],[-91.632696,30.00798],[-91.632208,30.008094],[-91.631865,30.007824],[-91.632101,30.00727],[-91.633482,30.005701],[-91.634054,30.004646],[-91.633993,30.003963],[-91.635039,30.00238],[-91.635481,30.001028],[-91.63571,29.998737],[-91.635947,29.998247],[-91.636183,29.998338],[-91.636168,30.000373],[-91.636069,30.001545],[-91.635832,30.002035]],[[-91.608549,30.003568],[-91.608534,30.00276],[-91.609076,30.000879],[-91.609396,30.000545],[-91.609412,30.000248],[-91.610297,29.999797],[-91.610342,30.000456],[-91.609282,30.002786],[-91.608549,30.003568]],[[-91.642401,30.004329],[-91.64205,30.005952],[-91.641241,30.006208],[-91.640723,30.00666],[-91.640433,30.006403],[-91.641035,30.00527],[-91.641547,30.004562],[-91.642401,30.004329]],[[-91.550589,30.005537],[-91.550764,30.005726],[-91.550024,30.00744],[-91.549712,30.007595],[-91.54962,30.007473],[-91.54978,30.007019],[-91.550589,30.005537]],[[-91.621535,30.00749],[-91.619849,30.007063],[-91.618124,30.005849],[-91.616743,30.004545],[-91.615553,30.000744],[-91.615721,30.00077],[-91.616255,30.001569],[-91.61759,30.004276],[-91.618666,30.005062],[-91.621359,30.006406],[-91.622198,30.007427],[-91.621992,30.007579],[-91.621535,30.00749]],[[-91.506544,30.008262],[-91.506773,30.006687],[-91.507361,30.005016],[-91.508719,30.002113],[-91.509856,30.00078],[-91.511023,29.999933],[-91.51161,29.99863],[-91.512663,29.997709],[-91.514128,29.997438],[-91.514838,29.997501],[-91.515921,29.997921],[-91.516699,29.998417],[-91.519438,29.999073],[-91.521155,29.99986],[-91.522795,30.000196],[-91.52442,30.000261],[-91.525557,30.000154],[-91.526518,29.999792],[-91.529181,29.998342],[-91.530608,29.996683],[-91.531287,29.995414],[-91.531699,29.993904],[-91.531561,29.993456],[-91.530714,29.992527],[-91.530714,29.991214],[-91.530142,29.98962],[-91.530142,29.988954],[-91.530394,29.988302],[-91.531172,29.988302],[-91.532835,29.988907],[-91.5353,29.990984],[-91.535818,29.991661],[-91.535818,29.991907],[-91.536665,29.993177],[-91.536948,29.99428],[-91.53723,29.99477],[-91.537604,29.995016],[-91.538077,29.995832],[-91.538451,29.99608],[-91.539061,29.997144],[-91.540007,30.000824],[-91.540953,30.002664],[-91.541327,30.003761],[-91.541052,30.005689],[-91.540404,30.007404],[-91.540922,30.010553],[-91.541441,30.011453],[-91.54386,30.012806],[-91.544676,30.013624],[-91.545569,30.015176],[-91.546049,30.017425],[-91.545416,30.019285],[-91.545904,30.02343],[-91.546477,30.025337],[-91.546873,30.025657],[-91.546835,30.026815],[-91.547781,30.028526],[-91.547423,30.025756],[-91.546927,30.025633],[-91.54698,30.024994],[-91.546416,30.0237],[-91.546187,30.022691],[-91.546309,30.022298],[-91.546538,30.022323],[-91.548888,30.029281],[-91.549307,30.030119],[-91.550909,30.032083]],[[-91.488402,30.057432],[-91.48786,30.057668],[-91.487173,30.057415],[-91.486929,30.057027],[-91.487723,30.055387],[-91.488493,30.055669],[-91.488386,30.056987],[-91.488638,30.05694]],[[-91.495741,30.04105],[-91.496367,30.040781]],[[-91.501364,30.040327],[-91.503577,30.039772],[-91.505186,30.039053],[-91.50556,30.038396],[-91.506438,30.03495],[-91.507521,30.032879],[-91.50788,30.029701],[-91.507574,30.024717],[-91.508192,30.016084],[-91.506995,30.010933],[-91.506544,30.008262]],[[-91.612356,30.012735],[-91.612288,30.013174],[-91.611624,30.013364],[-91.611449,30.012926],[-91.611563,30.012298],[-91.6118,30.012066],[-91.612006,30.012039],[-91.612356,30.012735]],[[-91.6071,30.01272],[-91.606955,30.012432],[-91.607344,30.012264],[-91.607344,30.012523],[-91.6071,30.01272]],[[-91.612639,30.012945],[-91.613203,30.013149],[-91.613486,30.013437],[-91.614516,30.015237],[-91.616118,30.018732],[-91.616782,30.021001],[-91.616736,30.022859],[-91.617071,30.024353],[-91.617117,30.025764],[-91.617453,30.027052],[-91.617689,30.030014],[-91.618353,30.033149],[-91.618948,30.034837],[-91.618948,30.035652],[-91.619299,30.03688],[-91.619147,30.039659],[-91.619383,30.039964],[-91.619337,30.040189],[-91.618933,30.040311],[-91.61875,30.041822],[-91.617728,30.04421],[-91.617377,30.04421],[-91.616728,30.043283],[-91.616179,30.041454],[-91.615538,30.037958],[-91.61534,30.034771],[-91.615401,30.031931],[-91.615591,30.031234],[-91.615446,30.030889],[-91.61521,30.030786],[-91.615118,30.030418],[-91.615492,30.030018],[-91.615485,30.0277],[-91.615294,30.026558],[-91.614874,30.025821],[-91.61402,30.023224],[-91.613554,30.022304],[-91.612997,30.020279],[-91.612364,30.016071],[-91.612341,30.014316],[-91.612639,30.012945]],[[-91.279516,30.010471],[-91.279989,30.010797],[-91.279974,30.011007],[-91.27941,30.010706],[-91.279516,30.010471]],[[-91.606757,30.014845],[-91.606642,30.01534],[-91.606299,30.014492],[-91.606459,30.013939],[-91.606772,30.013641],[-91.606757,30.014845]],[[-91.459898,30.015117],[-91.458586,30.014763],[-91.453154,30.010767],[-91.45101,30.0088],[-91.450178,30.007433],[-91.450972,30.00769],[-91.452872,30.008997],[-91.455054,30.011026],[-91.456587,30.012815],[-91.459898,30.015117]],[[-91.655829,30.017643],[-91.654311,30.019445],[-91.653654,30.019674],[-91.652815,30.02025],[-91.651892,30.021206],[-91.651808,30.021005],[-91.652998,30.01983],[-91.654822,30.018247],[-91.655829,30.017643]],[[-91.442618,30.015932],[-91.442625,30.015539],[-91.443236,30.015403],[-91.443022,30.015743],[-91.442618,30.015932]],[[-91.294241,30.01478],[-91.29386,30.014911],[-91.292319,30.014797],[-91.289808,30.014234],[-91.28768,30.010795],[-91.287588,30.010866],[-91.289114,30.014076],[-91.286093,30.013401],[-91.283865,30.012569],[-91.282812,30.012355],[-91.281637,30.011634],[-91.279791,30.010154],[-91.278769,30.009514],[-91.278166,30.009405],[-91.277464,30.008968],[-91.277136,30.008266],[-91.277403,30.007372],[-91.277258,30.0074],[-91.2768,30.008485],[-91.275252,30.008155],[-91.273009,30.008382],[-91.269957,30.007991],[-91.267805,30.007372],[-91.266119,30.006523],[-91.266669,30.005727],[-91.266989,30.005663],[-91.293684,30.005102],[-91.294241,30.01478]],[[-91.585303,30.018955],[-91.58576,30.018856],[-91.587035,30.019121],[-91.587973,30.019735],[-91.588347,30.020387],[-91.589583,30.021421],[-91.589514,30.021902],[-91.588637,30.0219],[-91.588049,30.022577],[-91.587134,30.022451],[-91.586897,30.022144],[-91.586088,30.021747],[-91.585776,30.020998],[-91.585371,30.020507],[-91.584761,30.020158],[-91.584578,30.01983],[-91.584601,30.019361],[-91.585303,30.018955]],[[-91.627089,30.022432],[-91.627325,30.022386],[-91.628165,30.022806],[-91.628729,30.023298],[-91.628668,30.023397],[-91.628065,30.02322],[-91.627089,30.022432]],[[-91.648444,30.023241],[-91.647909,30.023126],[-91.648108,30.022957],[-91.648665,30.022926],[-91.648772,30.023117],[-91.648444,30.023241]],[[-91.645193,30.024385],[-91.645079,30.024118],[-91.645483,30.023889],[-91.646498,30.02392],[-91.64575,30.024353],[-91.645193,30.024385]],[[-91.643004,30.02507],[-91.642805,30.025083],[-91.642538,30.024831],[-91.642981,30.024662],[-91.643309,30.024759],[-91.64337,30.024915],[-91.643004,30.02507]],[[-91.427771,30.022699],[-91.427389,30.022869],[-91.427534,30.022379],[-91.428335,30.021167],[-91.428648,30.021064],[-91.427771,30.022699]],[[-91.631354,30.025367],[-91.629492,30.024097],[-91.629332,30.023674],[-91.629523,30.02366],[-91.631735,30.025137],[-91.631888,30.025402],[-91.631354,30.025367]],[[-91.640494,30.025779],[-91.639914,30.02576],[-91.639754,30.025592],[-91.639983,30.025364],[-91.640684,30.025163],[-91.641745,30.025228],[-91.641753,30.025354],[-91.640494,30.025779]],[[-91.427481,30.023594],[-91.427252,30.023548],[-91.42726,30.023267],[-91.427809,30.023092],[-91.427481,30.023594]],[[-91.638075,30.026035],[-91.637907,30.025978],[-91.638342,30.025789],[-91.638991,30.025715],[-91.638983,30.025905],[-91.638075,30.026035]],[[-91.634825,30.026218],[-91.634886,30.026325],[-91.634695,30.026373],[-91.632613,30.025928],[-91.632368,30.025438],[-91.634825,30.026218]],[[-91.637282,30.026296],[-91.637038,30.026123],[-91.637221,30.025957],[-91.637457,30.026048],[-91.637282,30.026296]],[[-91.636076,30.026481],[-91.635641,30.026312],[-91.635916,30.026157],[-91.636343,30.026235],[-91.63642,30.02634],[-91.636076,30.026481]],[[-91.466902,30.024721],[-91.466109,30.024231],[-91.465201,30.022813],[-91.464438,30.022136],[-91.464033,30.021507],[-91.464552,30.021606],[-91.466505,30.02333],[-91.4671,30.02436],[-91.467139,30.024748],[-91.466902,30.024721]],[[-91.61862,30.026849],[-91.618903,30.026725],[-91.619093,30.026849],[-91.619887,30.028341],[-91.621306,30.032327],[-91.621359,30.033636],[-91.621168,30.03433],[-91.621268,30.034494],[-91.62084,30.034982],[-91.620375,30.034574],[-91.619765,30.033613],[-91.619017,30.031105],[-91.618582,30.029422],[-91.61862,30.026849]],[[-91.469885,30.025228],[-91.467924,30.021869],[-91.465948,30.019468],[-91.466482,30.019437],[-91.46781,30.02079],[-91.468611,30.021932],[-91.470167,30.024959],[-91.469885,30.025228]],[[-91.426352,30.025753],[-91.426359,30.025158],[-91.426642,30.025064],[-91.426672,30.025365],[-91.426352,30.025753]],[[-91.425688,30.02671],[-91.425482,30.026746],[-91.425329,30.026453],[-91.425604,30.025978],[-91.426047,30.025816],[-91.425688,30.02671]],[[-91.424277,30.028118],[-91.424032,30.027866],[-91.424467,30.027645],[-91.42465,30.027925],[-91.424277,30.028118]],[[-91.468718,30.030342],[-91.468916,30.030288],[-91.469099,30.030615],[-91.469054,30.031454],[-91.469458,30.033989],[-91.470152,30.036956],[-91.470038,30.039055],[-91.469801,30.03977],[-91.46971,30.040933],[-91.469244,30.042158],[-91.466719,30.046224],[-91.46636,30.05006],[-91.46546,30.053674],[-91.465361,30.05504],[-91.464461,30.055898],[-91.461561,30.057874]],[[-91.453734,30.057703],[-91.452795,30.056474],[-91.451666,30.054512],[-91.450537,30.052139],[-91.450125,30.049728],[-91.450247,30.049404],[-91.450194,30.047277],[-91.45043,30.046463],[-91.453657,30.043934],[-91.454588,30.042812],[-91.456137,30.04058],[-91.45703,30.037573],[-91.45806,30.036562],[-91.459463,30.03573],[-91.464575,30.033619],[-91.467512,30.031616],[-91.468718,30.030342]],[[-91.551009,30.031604],[-91.550528,30.03112],[-91.549132,30.028696],[-91.547041,30.021595],[-91.546896,30.020227],[-91.547407,30.016416],[-91.546393,30.013612],[-91.542479,30.00962],[-91.541807,30.008161],[-91.541807,30.007202],[-91.542631,30.005022],[-91.542212,30.002626],[-91.541701,30.001724],[-91.541647,30.001339],[-91.541975,30.001093],[-91.543249,30.002994],[-91.544279,30.004999],[-91.546072,30.007904],[-91.549254,30.011236],[-91.554518,30.016294],[-91.555929,30.017419],[-91.558447,30.020073],[-91.56082,30.021846],[-91.568343,30.032066]],[[-91.47074,30.035091],[-91.470419,30.034977],[-91.469954,30.033388],[-91.47032,30.032636],[-91.470816,30.034639],[-91.47074,30.035091]],[[-91.255125,30.037819],[-91.252859,30.036216],[-91.247954,30.032142],[-91.246855,30.031435],[-91.246145,30.03084],[-91.245894,30.030216],[-91.245024,30.030489],[-91.242712,30.029277],[-91.242392,30.029253],[-91.242308,30.028824],[-91.240393,30.026846],[-91.239981,30.026067],[-91.239851,30.025285],[-91.240004,30.024509],[-91.240378,30.023973],[-91.243925,30.02124],[-91.246542,30.017971],[-91.246016,30.017784],[-91.245421,30.018875],[-91.242499,30.021911],[-91.241179,30.022922],[-91.239828,30.024305],[-91.239615,30.024706],[-91.239561,30.026117],[-91.23995,30.026842],[-91.24172,30.029005],[-91.239737,30.029058],[-91.238562,30.029586],[-91.236845,30.032028],[-91.234305,30.036697],[-91.233282,30.038156],[-91.229208,30.041282],[-91.228232,30.04169],[-91.22727,30.041835],[-91.226141,30.041778],[-91.22492,30.041246],[-91.223524,30.040208],[-91.222647,30.039144],[-91.222357,30.03845]],[[-91.229368,30.014373],[-91.229353,30.016035],[-91.228605,30.017395],[-91.227614,30.019954],[-91.226103,30.022358],[-91.22531,30.025362],[-91.224768,30.026498],[-91.224692,30.027013],[-91.225119,30.026992],[-91.225645,30.026033],[-91.226668,30.023121],[-91.22827,30.021049],[-91.228567,30.019264],[-91.229117,30.018173],[-91.229567,30.017637],[-91.23007,30.017419],[-91.23017,30.017854],[-91.229819,30.019539],[-91.229895,30.019611],[-91.230375,30.018703],[-91.230551,30.01766],[-91.230223,30.015415],[-91.23036,30.012819],[-91.231108,30.011272],[-91.231421,30.011081],[-91.231726,30.009761],[-91.232123,30.008852],[-91.23226,30.007925],[-91.233954,30.004575]],[[-91.234846,30.002664],[-91.235335,30.002947],[-91.235838,30.002382],[-91.237005,30.002248],[-91.237242,30.002113],[-91.236777,30.001882],[-91.23696,30.001606],[-91.238005,30.001094],[-91.239508,30.000637],[-91.239554,30.000377],[-91.239279,30.000368],[-91.237692,30.000747],[-91.237555,30.000566],[-91.237692,30.000324]],[[-91.253981,30.001413],[-91.25617,30.001463],[-91.257475,30.001188]],[[-91.259489,30.000402],[-91.260496,30.000349],[-91.260542,30.000515],[-91.260267,30.000793],[-91.257666,30.001711],[-91.253721,30.002311],[-91.251227,30.002372],[-91.247885,30.001653],[-91.24742,30.001777],[-91.247473,30.001974],[-91.251517,30.002683],[-91.254317,30.002611],[-91.256827,30.002243],[-91.259619,30.00156],[-91.260977,30.001018],[-91.261542,29.998998],[-91.261839,29.998598],[-91.262213,29.998438],[-91.263037,29.998508],[-91.262892,29.997564],[-91.264036,29.995433],[-91.265471,29.99213],[-91.265982,29.990062],[-91.266546,29.988718],[-91.266569,29.987871],[-91.265776,29.985372],[-91.265257,29.982298],[-91.264715,29.980701],[-91.26364,29.979051],[-91.262404,29.977768],[-91.259512,29.974069],[-91.258116,29.972761]],[[-91.263945,29.972591],[-91.264456,29.974926],[-91.267218,29.981447],[-91.268316,29.98352],[-91.269331,29.986591],[-91.269423,29.988046],[-91.269194,29.990671],[-91.268133,29.998529],[-91.267691,30.000488],[-91.267203,30.0018],[-91.266524,30.003172],[-91.262785,30.009124],[-91.259558,30.01474],[-91.256804,30.019916],[-91.256567,30.020761],[-91.256666,30.021522],[-91.256483,30.022195],[-91.256621,30.023422],[-91.25627,30.025089],[-91.256285,30.034187],[-91.257033,30.036344],[-91.25704,30.036779],[-91.257178,30.037059],[-91.257498,30.037105],[-91.257834,30.038366],[-91.258475,30.038929],[-91.258681,30.039707],[-91.260885,30.042194],[-91.262495,30.044435],[-91.262678,30.045053],[-91.266318,30.049366],[-91.269865,30.054512],[-91.271887,30.056617],[-91.274252,30.058492]],[[-91.269415,30.058571],[-91.268965,30.058351],[-91.264708,30.054525],[-91.264227,30.053348],[-91.264448,30.05109],[-91.264281,30.050287],[-91.263823,30.049326],[-91.26058,30.045025],[-91.260374,30.044412],[-91.258459,30.041593],[-91.257757,30.040987],[-91.256918,30.039844],[-91.25675,30.039516],[-91.256758,30.039133],[-91.257017,30.038717],[-91.256872,30.037763],[-91.256125,30.037676],[-91.256094,30.037391],[-91.255949,30.037328],[-91.255125,30.037819]],[[-91.256003,30.039051],[-91.255408,30.038793],[-91.255301,30.038274],[-91.25572,30.038192],[-91.256003,30.039051]],[[-91.253592,30.037586],[-91.254217,30.038257]],[[-91.628706,30.047046],[-91.628897,30.047264],[-91.628516,30.047552],[-91.628332,30.047371],[-91.628706,30.047046]],[[-91.628897,30.048725],[-91.628676,30.048763],[-91.62905,30.047989],[-91.629324,30.047659],[-91.629958,30.047367],[-91.629988,30.047561],[-91.628897,30.048725]],[[-91.605826,30.053827],[-91.606337,30.053894],[-91.606062,30.053413]],[[-91.608054,30.050443],[-91.610541,30.053222],[-91.611349,30.054626],[-91.611525,30.055223],[-91.611342,30.056192],[-91.611624,30.057731],[-91.611784,30.060018],[-91.612524,30.06299],[-91.612509,30.063383],[-91.612311,30.063469],[-91.611479,30.062891],[-91.610648,30.061977],[-91.610236,30.061918],[-91.609083,30.062223]],[[-91.628043,30.049617],[-91.628332,30.049493],[-91.628279,30.049863],[-91.625265,30.053194],[-91.624525,30.053795],[-91.623419,30.054243],[-91.623366,30.053913],[-91.624869,30.052997],[-91.628043,30.049617]],[[-91.488623,30.055168],[-91.488165,30.05509],[-91.488005,30.054647],[-91.48831,30.054563],[-91.488623,30.055168]],[[-91.613585,30.058201],[-91.613341,30.058136],[-91.613341,30.057848],[-91.613715,30.057878],[-91.613798,30.058033],[-91.613585,30.058201]],[[-91.616568,30.060644],[-91.616278,30.060083],[-91.616659,30.059652],[-91.616957,30.060171],[-91.616568,30.060644]],[[-91.620604,30.062921],[-91.620848,30.062814],[-91.620802,30.063217],[-91.620947,30.063516],[-91.620917,30.063844],[-91.620596,30.064245],[-91.620497,30.064073],[-91.620604,30.062921]],[[-91.618399,30.063066],[-91.61891,30.063316],[-91.619025,30.063577],[-91.618719,30.063806],[-91.618422,30.064489],[-91.618071,30.064642],[-91.613119,30.063596],[-91.613219,30.063242],[-91.613791,30.062751],[-91.61553,30.062332],[-91.615851,30.062071],[-91.616347,30.061208],[-91.616972,30.060911],[-91.617178,30.061037],[-91.618399,30.063066]],[[-91.619871,30.064508],[-91.6202,30.064365],[-91.620146,30.064703],[-91.619955,30.06471],[-91.619871,30.064508]],[[-91.618689,30.065326],[-91.618811,30.064584],[-91.619192,30.064441],[-91.61933,30.06472],[-91.619101,30.065229],[-91.618689,30.065326]],[[-91.618544,30.066534],[-91.618025,30.066135],[-91.618628,30.065656],[-91.618941,30.065666],[-91.619025,30.065868],[-91.618544,30.066534]],[[-91.271551,30.055],[-91.269705,30.052814],[-91.26776,30.049749],[-91.264395,30.045696],[-91.260489,30.039421],[-91.259085,30.03594],[-91.258467,30.032915],[-91.258383,30.030487],[-91.263167,30.032592],[-91.264647,30.032859],[-91.265852,30.032875],[-91.266836,30.033239],[-91.267088,30.033189],[-91.267058,30.032978],[-91.266669,30.032703],[-91.265776,30.03232],[-91.263785,30.032221],[-91.261915,30.031572],[-91.260687,30.030843],[-91.258482,30.029853],[-91.258414,30.029577],[-91.258375,30.023943],[-91.259405,30.023756],[-91.260313,30.02407],[-91.260954,30.024067],[-91.260885,30.023851],[-91.260466,30.023681],[-91.259138,30.02354],[-91.258467,30.023191],[-91.258459,30.022247],[-91.258764,30.020477],[-91.259413,30.018512],[-91.259253,30.017807],[-91.26084,30.014915],[-91.26116,30.013775],[-91.262388,30.012493],[-91.263403,30.011129],[-91.26454,30.00904],[-91.264746,30.008915],[-91.26515,30.00909],[-91.265295,30.009012],[-91.265486,30.008407],[-91.265349,30.00778],[-91.265463,30.007175],[-91.265997,30.006984],[-91.266249,30.007057],[-91.267477,30.008047],[-91.26795,30.008209],[-91.269499,30.00827],[-91.26985,30.008489],[-91.270834,30.008611],[-91.272528,30.008529],[-91.273497,30.008714],[-91.274657,30.008608],[-91.275854,30.008749],[-91.276823,30.009124],[-91.278074,30.010101],[-91.278273,30.010448],[-91.27986,30.011554],[-91.281752,30.012478],[-91.282263,30.01251],[-91.282324,30.012705],[-91.281821,30.013204],[-91.28208,30.013359],[-91.282736,30.012842],[-91.283293,30.013298],[-91.285071,30.013845],[-91.288168,30.014421],[-91.290816,30.015197],[-91.2908,30.015756],[-91.29135,30.015649],[-91.291846,30.015211],[-91.2936,30.015518],[-91.295996,30.015369],[-91.299994,30.014461],[-91.304007,30.013237],[-91.306021,30.013286],[-91.308356,30.012996],[-91.308913,30.01359],[-91.309752,30.014042],[-91.311339,30.014139],[-91.31127,30.013679],[-91.309874,30.013727],[-91.309584,30.013614],[-91.309439,30.013437],[-91.309462,30.012985],[-91.308981,30.012705],[-91.308859,30.012437],[-91.309149,30.010309],[-91.30992,30.00867],[-91.30982,30.008119],[-91.308951,30.009298],[-91.308775,30.011173],[-91.308455,30.012069],[-91.30815,30.012289],[-91.307921,30.012128],[-91.30776,30.011688],[-91.30834,30.008569],[-91.309187,30.006502],[-91.309141,30.005901],[-91.308523,30.006883],[-91.30728,30.011924],[-91.306784,30.012617],[-91.304381,30.012632],[-91.296591,30.014522],[-91.294554,30.01478],[-91.294203,30.005087],[-91.309019,30.004772],[-91.308859,30.004526],[-91.275137,30.005268],[-91.267134,30.005396],[-91.267027,30.005258],[-91.267454,30.004507],[-91.267203,30.003845],[-91.267287,30.003584],[-91.268385,30.002762],[-91.268873,30.001585],[-91.269751,30.000736],[-91.270056,29.999948],[-91.270972,29.999645],[-91.271178,29.999387],[-91.270804,29.998333],[-91.271139,29.998243],[-91.271437,29.995714],[-91.271597,29.995367],[-91.273573,29.993305],[-91.274069,29.993133],[-91.274641,29.993322],[-91.275038,29.993244],[-91.275679,29.992632],[-91.277128,29.99072],[-91.278303,29.98842],[-91.278654,29.988046],[-91.279814,29.987381],[-91.282088,29.986566],[-91.282454,29.986482],[-91.282469,29.986736],[-91.282171,29.987133],[-91.282431,29.987081],[-91.283217,29.986538],[-91.284407,29.984958],[-91.285795,29.98443],[-91.28652,29.983413],[-91.288779,29.982107],[-91.290785,29.981407],[-91.292433,29.980306],[-91.293028,29.979665],[-91.293936,29.980167],[-91.294424,29.980178],[-91.29447,29.981151],[-91.295264,29.983583],[-91.295096,29.984211],[-91.294188,29.985906],[-91.294005,29.988559],[-91.293539,29.989002],[-91.291624,29.99212],[-91.292013,29.99226],[-91.292738,29.991268],[-91.29344,29.989723],[-91.294302,29.988777],[-91.294455,29.987718],[-91.294401,29.986517],[-91.29479,29.985325],[-91.29508,29.984953],[-91.295691,29.984686],[-91.295897,29.984417],[-91.295851,29.983699],[-91.295134,29.981403],[-91.294981,29.980344],[-91.295119,29.980171],[-91.301893,29.980901],[-91.302702,29.980598],[-91.302687,29.980018],[-91.302176,29.980325],[-91.301176,29.980547],[-91.296622,29.980068],[-91.2955,29.97949],[-91.295447,29.979223],[-91.29595,29.978176],[-91.297003,29.976926],[-91.29695,29.976246],[-91.296469,29.975046],[-91.297117,29.972625],[-91.296736,29.969928]],[[-91.30641,29.968025],[-91.308928,29.969999],[-91.312048,29.971187],[-91.31336,29.971944],[-91.315848,29.974367],[-91.31655,29.976205],[-91.317297,29.977453],[-91.318724,29.978309],[-91.320982,29.978807],[-91.319105,29.977066],[-91.318327,29.974931],[-91.317465,29.973684],[-91.316115,29.972894],[-91.313833,29.970462],[-91.312559,29.96941],[-91.309363,29.968025]],[[-91.413466,29.960519],[-91.415709,29.961568],[-91.417105,29.962545],[-91.416945,29.962822],[-91.416228,29.962961],[-91.414511,29.962986],[-91.412138,29.961425],[-91.410139,29.961517],[-91.409346,29.961273]],[[-91.409277,29.962873],[-91.407355,29.964981],[-91.407828,29.965091],[-91.409613,29.963417],[-91.409765,29.963031],[-91.409537,29.961893],[-91.411719,29.96183],[-91.415152,29.96356],[-91.4177,29.963184],[-91.419874,29.964691],[-91.427397,29.967859],[-91.428747,29.9687],[-91.430838,29.970422],[-91.432242,29.972665],[-91.432959,29.975576],[-91.433279,29.976141],[-91.433478,29.979355],[-91.434294,29.980966],[-91.434759,29.98772],[-91.435217,29.988815],[-91.434744,29.98917],[-91.434363,29.989908],[-91.434332,29.99056],[-91.433417,29.991243],[-91.432432,29.991672],[-91.431952,29.991663],[-91.431479,29.991382],[-91.426893,29.986196],[-91.425673,29.985046],[-91.42433,29.983982],[-91.422774,29.983324],[-91.422308,29.983526],[-91.420767,29.985321],[-91.420393,29.986301],[-91.420164,29.987733],[-91.420172,29.988824],[-91.419493,29.99159],[-91.418852,29.992973],[-91.415625,29.997842],[-91.414679,29.99963],[-91.414274,30.000999],[-91.412886,30.002697],[-91.412443,30.002891],[-91.411955,30.00275],[-91.41149,30.002365],[-91.410467,30.000993],[-91.409918,29.999906],[-91.409392,29.997692],[-91.408972,29.996648],[-91.408598,29.995905],[-91.407461,29.994983],[-91.405287,29.994415],[-91.403776,29.994564],[-91.403181,29.994821],[-91.40251,29.996221],[-91.403479,29.995384],[-91.404021,29.995149],[-91.406988,29.995397],[-91.407797,29.995878],[-91.408789,29.997602],[-91.409117,29.999248],[-91.40972,30.000969],[-91.410574,30.00246],[-91.411162,30.003038],[-91.411955,30.003399],[-91.412924,30.003273],[-91.413496,30.003002],[-91.414244,30.002357],[-91.414412,30.005298],[-91.413496,30.00979],[-91.413077,30.01044],[-91.410498,30.01029],[-91.410734,30.010652],[-91.413229,30.010841],[-91.413351,30.011156],[-91.41284,30.013975],[-91.412619,30.014217],[-91.413008,30.014707],[-91.413786,30.01197],[-91.414473,30.007505],[-91.414709,30.006889],[-91.414847,30.004797],[-91.414763,30.002947],[-91.414969,30.000929],[-91.415571,29.99905],[-91.416067,29.998054],[-91.419279,29.99323],[-91.419958,29.991928],[-91.420485,29.990598],[-91.420912,29.986614],[-91.421957,29.984352],[-91.422797,29.983911],[-91.423247,29.98406],[-91.427336,29.987178],[-91.428442,29.988804],[-91.430548,29.990829],[-91.431959,29.99279],[-91.432051,29.993778],[-91.431341,29.997375],[-91.43154,29.998218],[-91.431402,29.998991],[-91.431052,29.999216],[-91.430006,29.999302],[-91.429312,29.999603],[-91.428435,30.000551],[-91.427473,30.002636],[-91.427115,30.004064],[-91.426283,30.004821],[-91.42549,30.006269],[-91.424673,30.007188],[-91.42433,30.007854],[-91.425719,30.006759],[-91.427092,30.004717],[-91.42726,30.005449],[-91.427519,30.005314],[-91.429022,30.001352],[-91.429205,30.001421],[-91.429671,30.003204],[-91.429869,30.005933],[-91.428511,30.009855],[-91.42803,30.009969],[-91.428038,30.010311],[-91.427176,30.012228],[-91.425596,30.014213],[-91.425101,30.015434],[-91.422789,30.016681],[-91.422087,30.017601],[-91.420286,30.021255],[-91.419585,30.021635],[-91.418883,30.024707],[-91.419279,30.025251],[-91.419653,30.024818],[-91.419646,30.023863],[-91.420111,30.022434],[-91.421545,30.020282],[-91.422346,30.018186],[-91.42314,30.017126],[-91.423842,30.016513],[-91.424643,30.016269],[-91.424177,30.017698],[-91.424177,30.018516],[-91.424551,30.01876],[-91.424834,30.018434],[-91.425482,30.016721],[-91.428145,30.011676],[-91.429587,30.009409],[-91.429259,30.008939],[-91.430243,30.00543],[-91.430205,30.004179],[-91.429693,30.001844],[-91.42977,30.00052],[-91.430205,29.999963],[-91.431235,29.999515],[-91.4317,29.999681],[-91.433966,30.001529],[-91.435286,30.002021],[-91.43714,30.002363],[-91.4382,30.003072],[-91.438498,30.003538],[-91.438154,30.006788],[-91.438452,30.008075],[-91.439062,30.00884],[-91.439986,30.009214],[-91.441092,30.010656],[-91.441992,30.011293],[-91.442801,30.012231],[-91.443663,30.013837],[-91.443457,30.014887],[-91.442038,30.015569],[-91.440871,30.016723],[-91.438391,30.018516],[-91.436407,30.019638],[-91.434813,30.019731],[-91.433218,30.019592],[-91.431441,30.019138],[-91.429915,30.01975],[-91.429472,30.01938],[-91.429426,30.018791],[-91.429678,30.017707],[-91.429564,30.017503],[-91.428999,30.018564],[-91.429007,30.019586],[-91.428564,30.020342],[-91.42755,30.021366],[-91.426924,30.02238],[-91.425925,30.025425],[-91.425535,30.025724],[-91.424864,30.027122],[-91.424589,30.027195],[-91.423811,30.026065],[-91.423613,30.02602],[-91.423323,30.026325],[-91.423872,30.027378],[-91.422728,30.028019],[-91.421515,30.028991],[-91.421469,30.029436],[-91.42214,30.029144],[-91.422484,30.0287],[-91.424063,30.028141],[-91.424208,30.028879],[-91.424124,30.029255],[-91.424284,30.029529],[-91.424429,30.029485],[-91.424887,30.028175],[-91.426016,30.027176],[-91.42713,30.025381],[-91.427176,30.024744],[-91.429541,30.021343],[-91.430456,30.02667],[-91.430136,30.027412],[-91.429213,30.028141],[-91.428984,30.028648],[-91.428091,30.029335],[-91.427794,30.029985],[-91.427435,30.031604],[-91.427595,30.033184],[-91.428717,30.035942],[-91.428892,30.03693],[-91.428808,30.037782],[-91.428221,30.039001],[-91.427534,30.039953],[-91.42858,30.039758],[-91.429358,30.038948],[-91.42977,30.03787],[-91.429335,30.036735],[-91.429121,30.035621],[-91.428015,30.03355],[-91.428107,30.03273],[-91.427954,30.03199],[-91.428786,30.029148],[-91.429587,30.028421],[-91.430212,30.028148],[-91.430441,30.028923],[-91.431113,30.029056],[-91.430891,30.027734],[-91.431059,30.025957],[-91.43096,30.024177],[-91.430739,30.023183],[-91.43035,30.022503],[-91.430235,30.021665],[-91.430342,30.021051],[-91.43067,30.020435],[-91.431448,30.019954],[-91.432043,30.019909],[-91.434187,30.020254],[-91.436255,30.020132],[-91.436438,30.02017],[-91.435675,30.021001],[-91.435629,30.021207],[-91.435789,30.021162],[-91.437109,30.020256],[-91.438078,30.020002],[-91.440672,30.017231],[-91.443136,30.016157],[-91.443991,30.015333],[-91.444227,30.014381],[-91.443899,30.013057],[-91.443274,30.011884],[-91.442503,30.010929],[-91.441321,30.010286],[-91.440779,30.00934],[-91.440932,30.009227],[-91.442992,30.009107],[-91.444952,30.009439],[-91.446272,30.010662],[-91.451887,30.014497],[-91.456885,30.016887],[-91.45793,30.01758],[-91.459242,30.018875],[-91.460379,30.020435],[-91.461287,30.021392],[-91.463919,30.023874],[-91.465964,30.025303],[-91.467329,30.02746],[-91.467543,30.028625],[-91.467284,30.029821],[-91.466551,30.03104],[-91.464514,30.032411],[-91.458174,30.035217],[-91.457052,30.036049],[-91.455786,30.037332],[-91.454848,30.038898],[-91.453322,30.042352],[-91.452071,30.044128],[-91.44995,30.045629],[-91.449438,30.046631],[-91.449232,30.04866],[-91.449217,30.052023],[-91.450331,30.054294],[-91.45059,30.055788],[-91.450537,30.056213],[-91.449423,30.057382]],[[-91.45043,30.05731],[-91.451056,30.056421],[-91.451529,30.056432]],[[-91.462775,30.05829],[-91.463507,30.057609],[-91.464766,30.056781],[-91.465834,30.055772],[-91.466353,30.054601],[-91.467512,30.050926],[-91.467726,30.049465],[-91.467657,30.046716],[-91.467818,30.046291],[-91.468245,30.045299],[-91.469801,30.043724],[-91.47238,30.039043],[-91.473486,30.038374],[-91.475462,30.037819],[-91.478575,30.037954],[-91.479971,30.037513],[-91.481116,30.036834],[-91.482077,30.03578],[-91.482741,30.034475],[-91.483488,30.032303],[-91.483862,30.029989],[-91.483214,30.023828],[-91.482016,30.014814],[-91.481146,30.011715],[-91.479697,30.009205],[-91.479162,30.0088],[-91.478499,30.008608],[-91.47753,30.008699],[-91.476576,30.008546],[-91.475539,30.008857],[-91.475188,30.00863],[-91.474631,30.007665],[-91.473334,30.00653],[-91.471358,30.005401],[-91.470221,30.004985],[-91.46868,30.005184],[-91.467055,30.004991],[-91.464247,30.004299],[-91.462057,30.002935],[-91.460875,30.001024],[-91.460058,30.000267],[-91.456679,29.998949],[-91.453284,29.998714],[-91.451987,29.998361],[-91.450217,29.996679],[-91.447798,29.994842],[-91.446699,29.993801],[-91.44612,29.992733],[-91.445723,29.986541],[-91.445143,29.984724],[-91.444914,29.983181],[-91.445189,29.981559],[-91.446066,29.980636],[-91.446287,29.979854],[-91.446608,29.978187],[-91.44628,29.976875],[-91.44145,29.966425],[-91.439917,29.963518],[-91.436888,29.960836]],[[-91.461821,29.957313],[-91.461783,29.959514],[-91.461249,29.966194],[-91.460875,29.968019],[-91.46076,29.972347],[-91.460394,29.975076],[-91.460417,29.976959],[-91.46057,29.977218],[-91.46073,29.979431],[-91.461981,29.983339],[-91.462897,29.985445],[-91.464102,29.987428],[-91.465483,29.989179],[-91.468611,29.992677],[-91.469878,29.993507],[-91.473212,29.996557],[-91.474806,29.998521],[-91.475935,29.999464],[-91.477667,30.001468],[-91.481573,30.008054],[-91.481901,30.009037],[-91.484206,30.012943],[-91.486044,30.015621],[-91.487219,30.01777],[-91.487646,30.019018],[-91.488303,30.02016],[-91.489432,30.023735],[-91.489439,30.024578],[-91.489813,30.026458],[-91.489203,30.038484],[-91.488219,30.043106],[-91.487379,30.04582],[-91.486594,30.049333],[-91.485693,30.052436],[-91.48548,30.052784],[-91.484335,30.052822],[-91.473395,30.052345],[-91.47283,30.052045],[-91.471976,30.052101],[-91.471937,30.052604],[-91.485632,30.053243],[-91.484976,30.055534],[-91.483984,30.055912],[-91.483008,30.057336]],[[-91.662627,30.110372],[-91.664893,30.110117]],[[-91.674864,30.1096],[-91.673949,30.110855],[-91.672339,30.110769],[-91.670843,30.112259],[-91.670042,30.112373],[-91.668944,30.11219],[-91.66799,30.111684],[-91.66638,30.110149],[-91.66548,30.109729],[-91.664221,30.10959],[-91.663298,30.109861],[-91.662192,30.109922],[-91.660887,30.109283],[-91.658774,30.107515],[-91.657225,30.105125],[-91.656752,30.103899],[-91.65666,30.102714],[-91.657072,30.101408],[-91.65692,30.10029],[-91.656653,30.100061],[-91.653799,30.094299],[-91.651358,30.090048],[-91.651152,30.089237],[-91.6509,30.085882],[-91.651282,30.084221],[-91.650359,30.083023],[-91.65013,30.081781],[-91.649626,30.080846],[-91.650175,30.080606],[-91.649741,30.08069],[-91.649069,30.080455],[-91.653738,30.078478],[-91.653593,30.078226],[-91.651022,30.079309],[-91.650389,30.079429],[-91.649924,30.079225],[-91.649008,30.078243],[-91.648253,30.076934],[-91.647787,30.076629],[-91.645911,30.074379],[-91.644347,30.073358],[-91.642454,30.072527],[-91.642035,30.070596],[-91.641402,30.069694],[-91.639571,30.069162],[-91.638113,30.068262],[-91.635611,30.065542],[-91.63362,30.064489],[-91.633192,30.063751],[-91.633467,30.062711],[-91.632597,30.061197],[-91.633902,30.057972],[-91.633528,30.057846],[-91.632101,30.061268],[-91.633208,30.06319],[-91.632437,30.064087],[-91.631598,30.064453],[-91.629698,30.065962],[-91.628836,30.06596],[-91.628462,30.065715],[-91.627806,30.064773],[-91.627051,30.064079],[-91.624678,30.062709],[-91.624243,30.062688],[-91.624159,30.062856],[-91.624419,30.063141],[-91.624487,30.063738],[-91.624914,30.063635],[-91.625876,30.064214],[-91.627882,30.065971],[-91.628065,30.066654],[-91.626685,30.066896],[-91.625891,30.06755],[-91.624937,30.06727],[-91.623961,30.067529],[-91.62319,30.067106],[-91.623106,30.065984],[-91.622511,30.065645],[-91.621992,30.064848],[-91.621809,30.064113],[-91.621916,30.062683],[-91.620627,30.059686],[-91.620718,30.058691],[-91.622961,30.056352],[-91.623518,30.05611],[-91.62345,30.055885],[-91.623823,30.055721],[-91.624693,30.055904],[-91.625815,30.055418],[-91.62731,30.053949],[-91.627821,30.052883],[-91.627821,30.053129],[-91.629149,30.049316],[-91.630873,30.04754],[-91.630965,30.047092],[-91.630492,30.045456],[-91.630514,30.044544],[-91.630797,30.044048],[-91.631255,30.043657],[-91.632834,30.043573],[-91.634016,30.04385],[-91.634421,30.043672],[-91.63423,30.043386],[-91.632498,30.043298],[-91.631941,30.043016],[-91.633543,30.042293],[-91.633871,30.041149],[-91.633772,30.038877],[-91.633215,30.038187],[-91.631331,30.036943],[-91.631155,30.036632],[-91.631148,30.035202],[-91.631361,30.034155],[-91.630911,30.032545],[-91.629629,30.030525],[-91.625502,30.025999],[-91.625082,30.024139],[-91.62522,30.02367],[-91.62567,30.023138],[-91.626669,30.023142],[-91.631857,30.026867],[-91.633162,30.027271],[-91.636702,30.027671],[-91.638129,30.027204],[-91.639441,30.027483],[-91.642226,30.0268],[-91.644736,30.026579],[-91.646582,30.026132],[-91.6491,30.025179],[-91.652068,30.023368],[-91.653548,30.022075],[-91.656958,30.018036],[-91.657263,30.017135],[-91.657164,30.016771],[-91.656958,30.016811],[-91.656653,30.016586],[-91.657751,30.015951],[-91.657584,30.015463],[-91.658018,30.014669],[-91.658552,30.012287],[-91.65843,30.010292],[-91.658614,30.008972],[-91.657446,30.007902],[-91.657095,30.007902],[-91.656844,30.00745],[-91.657118,30.005899],[-91.657118,30.004877],[-91.656645,30.004058],[-91.656737,30.003812],[-91.659949,30.002424],[-91.659682,30.002145],[-91.656889,30.003416],[-91.656638,30.003393],[-91.656584,30.002361],[-91.655455,29.9993],[-91.65518,29.999181],[-91.654692,29.998289],[-91.654448,29.996553],[-91.653578,29.9953],[-91.653914,29.994943],[-91.653769,29.99469],[-91.653372,29.994836],[-91.653006,29.994623],[-91.650999,29.991233],[-91.648459,29.989414],[-91.647803,29.989086],[-91.647307,29.989145],[-91.646818,29.989002],[-91.64572,29.9871],[-91.643767,29.986034],[-91.64353,29.985727],[-91.641234,29.984987],[-91.640318,29.983392],[-91.639609,29.982675],[-91.638548,29.982433],[-91.638319,29.98155],[-91.637854,29.980732],[-91.636114,29.979644],[-91.635413,29.978927],[-91.634711,29.977214],[-91.632284,29.97553],[-91.630164,29.974481],[-91.629546,29.973402],[-91.62802,29.97207],[-91.627592,29.971946],[-91.626349,29.971105],[-91.624945,29.970697],[-91.623747,29.970653],[-91.620795,29.969682],[-91.619383,29.970115],[-91.618758,29.970113],[-91.617827,29.969705],[-91.616461,29.969579],[-91.615012,29.97011],[-91.614081,29.970108],[-91.613234,29.969656],[-91.612952,29.968961],[-91.613158,29.967897],[-91.613745,29.967285],[-91.614744,29.965263],[-91.614821,29.964418],[-91.614592,29.962455],[-91.615271,29.961042],[-91.615454,29.959989],[-91.616286,29.958851],[-91.616446,29.958757],[-91.619276,29.95997],[-91.620016,29.960415],[-91.620283,29.960771],[-91.620856,29.960519],[-91.620764,29.960298],[-91.619528,29.959625],[-91.618323,29.959201],[-91.616751,29.958305],[-91.617735,29.95614],[-91.618559,29.95615],[-91.618834,29.955898],[-91.617712,29.955833],[-91.61759,29.95557],[-91.617735,29.954666],[-91.617621,29.954372],[-91.618101,29.953582],[-91.618018,29.952909],[-91.61817,29.952604],[-91.619353,29.952881],[-91.619994,29.953365],[-91.620352,29.953155],[-91.620222,29.952922],[-91.618719,29.952327],[-91.618338,29.951774],[-91.618529,29.951387],[-91.619086,29.950733],[-91.621947,29.950492],[-91.625296,29.950456],[-91.627646,29.950143],[-91.629599,29.949663],[-91.629294,29.949352],[-91.628882,29.949636],[-91.626051,29.950054],[-91.619414,29.950283],[-91.618971,29.950119],[-91.619322,29.949642],[-91.619292,29.948648],[-91.619864,29.9472]],[[-91.658118,29.908943],[-91.658888,29.909666],[-91.660498,29.911543],[-91.662062,29.913696],[-91.664412,29.916269],[-91.66506,29.91752],[-91.669875,29.922689],[-91.677954,29.929075],[-91.679541,29.93],[-91.684515,29.933599],[-91.686957,29.935703],[-91.694502,29.941261],[-91.695998,29.942569],[-91.701361,29.945963],[-91.704504,29.947733],[-91.713736,29.954481],[-91.715689,29.955618],[-91.717818,29.957143],[-91.725691,29.963171],[-91.729895,29.96606],[-91.734175,29.968639],[-91.744261,29.973943],[-91.745978,29.974987],[-91.748236,29.975944],[-91.754927,29.98056],[-91.757552,29.981947],[-91.759215,29.982427],[-91.760771,29.983183],[-91.762831,29.983797],[-91.765433,29.985084],[-91.776015,29.988241],[-91.781142,29.990123],[-91.786024,29.992258],[-91.797736,29.998743],[-91.800475,30.000696],[-91.802359,30.001005],[-91.805609,30.002376],[-91.806342,30.002901],[-91.810629,30.004421],[-91.814879,30.00616],[-91.816817,30.007499],[-91.818411,30.009515],[-91.820403,30.012901],[-91.820616,30.013794],[-91.820586,30.014684],[-91.820372,30.01544],[-91.819479,30.016184],[-91.818373,30.016775],[-91.816672,30.01691],[-91.811552,30.016937],[-91.798224,30.016182],[-91.789343,30.014545],[-91.787009,30.014705],[-91.783957,30.015745],[-91.782126,30.016088],[-91.779745,30.016266],[-91.7759,30.017036],[-91.77075,30.017398],[-91.768576,30.017328],[-91.765501,30.017069],[-91.758459,30.015613],[-91.747359,30.012952],[-91.741911,30.012209],[-91.738707,30.012146],[-91.734206,30.01238],[-91.732451,30.012626],[-91.730742,30.013212],[-91.729452,30.014032],[-91.728445,30.014988],[-91.727698,30.016269],[-91.727408,30.01728],[-91.727255,30.018263],[-91.727354,30.019395],[-91.727774,30.0207],[-91.73033,30.027647],[-91.735426,30.034364],[-91.73844,30.040319],[-91.739043,30.042856],[-91.739584,30.049074],[-91.739745,30.052362],[-91.739683,30.054559],[-91.737997,30.061336],[-91.737807,30.063562],[-91.738348,30.067026],[-91.738829,30.068502],[-91.739706,30.069646],[-91.741164,30.071001],[-91.742789,30.072162],[-91.744841,30.07299],[-91.747633,30.073764],[-91.750647,30.074106],[-91.758139,30.073904],[-91.759673,30.073566],[-91.762038,30.072542],[-91.764479,30.071151],[-91.766302,30.06965],[-91.767798,30.067142],[-91.768469,30.066452],[-91.770224,30.065132],[-91.772581,30.054842],[-91.772765,30.052629],[-91.772765,30.046764],[-91.773138,30.045656],[-91.774283,30.044214],[-91.776053,30.042583],[-91.778174,30.04096],[-91.782393,30.038789],[-91.784605,30.038112],[-91.785971,30.038026],[-91.788306,30.038213],[-91.791724,30.038931],[-91.798575,30.040998],[-91.801077,30.041978],[-91.804434,30.043666],[-91.806471,30.045061],[-91.808211,30.046703],[-91.810606,30.049375]],[[-91.811194,30.048927],[-91.80937,30.046535],[-91.807951,30.044983],[-91.806555,30.043771],[-91.804121,30.04248],[-91.799727,30.040546],[-91.789999,30.037489],[-91.788222,30.037197],[-91.786116,30.037101],[-91.784392,30.03712],[-91.783011,30.037418],[-91.780447,30.038608],[-91.777739,30.040189],[-91.775656,30.0417],[-91.77368,30.043451],[-91.77204,30.045478],[-91.771582,30.046682],[-91.771407,30.048399],[-91.771475,30.055013],[-91.771056,30.057205],[-91.77001,30.060526],[-91.769637,30.063478],[-91.769255,30.06443],[-91.766562,30.066631],[-91.765425,30.068739],[-91.764517,30.069791],[-91.763388,30.070699],[-91.761839,30.071741],[-91.758948,30.072784],[-91.756445,30.073072],[-91.750555,30.073082],[-91.748587,30.0729],[-91.746779,30.072525],[-91.744231,30.071529],[-91.741553,30.069927],[-91.740195,30.068346],[-91.739493,30.066839],[-91.738913,30.064203],[-91.739088,30.06109],[-91.740805,30.054115],[-91.739806,30.04294],[-91.739355,30.040476],[-91.73667,30.034088],[-91.735327,30.031946],[-91.732802,30.029283],[-91.731764,30.027881],[-91.729384,30.022291],[-91.728728,30.020162],[-91.728514,30.018407],[-91.728552,30.017082],[-91.72904,30.01585],[-91.729964,30.015176],[-91.731673,30.014166],[-91.733282,30.013494],[-91.738226,30.013223],[-91.742407,30.013181],[-91.745093,30.013431],[-91.766211,30.018251],[-91.769598,30.018558],[-91.774634,30.018459],[-91.779562,30.017133],[-91.783377,30.016588],[-91.7871,30.015489],[-91.788626,30.015436],[-91.797049,30.016943],[-91.801588,30.017118],[-91.805853,30.017666],[-91.816809,30.018011],[-91.818701,30.017625],[-91.821127,30.016361],[-91.821677,30.015413],[-91.821822,30.014654],[-91.821356,30.013713],[-91.820067,30.011448],[-91.817038,30.007141],[-91.814803,30.005741],[-91.804594,30.001699],[-91.799246,29.999326],[-91.794836,29.996673],[-91.792067,29.995247],[-91.787985,29.992668],[-91.782431,29.990158],[-91.775717,29.987703],[-91.766104,29.984789],[-91.756598,29.98092],[-91.753111,29.978794],[-91.748968,29.975944],[-91.736067,29.969244],[-91.72962,29.965385],[-91.722594,29.960397],[-91.717589,29.956281],[-91.714712,29.954504],[-91.70516,29.947551],[-91.702658,29.946281],[-91.6948,29.941053],[-91.687865,29.935903],[-91.685461,29.933776],[-91.682822,29.931762],[-91.677573,29.928247],[-91.672858,29.924396],[-91.669218,29.921091],[-91.665633,29.917181],[-91.664694,29.915743],[-91.662505,29.913406],[-91.661963,29.912532],[-91.658545,29.908508]],[[-91.802489,29.781643],[-91.803976,29.782421],[-91.800063,29.787841],[-91.799811,29.787731]],[[-91.795149,29.784154],[-91.795508,29.784269],[-91.797858,29.786378],[-91.797934,29.786487],[-91.797736,29.78684],[-91.798476,29.786926],[-91.799086,29.787923],[-91.799612,29.787916],[-91.799727,29.788059],[-91.797697,29.790384],[-91.797491,29.791145],[-91.797301,29.791341],[-91.796561,29.791126],[-91.795843,29.790571],[-91.795569,29.789199],[-91.795302,29.788679],[-91.795119,29.788541],[-91.794722,29.788595],[-91.795264,29.78955],[-91.795393,29.790149],[-91.795264,29.790496],[-91.795561,29.790966],[-91.796828,29.791883],[-91.796187,29.792669],[-91.795981,29.792762],[-91.794196,29.791833],[-91.793303,29.791566],[-91.792555,29.791532],[-91.79164,29.791038],[-91.790884,29.790897],[-91.79032,29.789892],[-91.789641,29.789232]],[[-91.789313,29.788774],[-91.789488,29.789648],[-91.790717,29.791214],[-91.791632,29.791597],[-91.791373,29.791935],[-91.789435,29.793249],[-91.788626,29.793552],[-91.788412,29.793962],[-91.787642,29.794277],[-91.786818,29.794965],[-91.78707,29.795089],[-91.787001,29.79525],[-91.787329,29.795217],[-91.790511,29.793098],[-91.791563,29.793674],[-91.791731,29.793525],[-91.791258,29.793027],[-91.791182,29.792503],[-91.792212,29.791959],[-91.793242,29.792139],[-91.793616,29.792394],[-91.793249,29.793434],[-91.793616,29.793472],[-91.793806,29.793321],[-91.793959,29.792659],[-91.794157,29.792478],[-91.795592,29.793129],[-91.795798,29.793434],[-91.795012,29.794176],[-91.794936,29.79449],[-91.79518,29.795734],[-91.794249,29.796161],[-91.793608,29.79626],[-91.792082,29.795866],[-91.790991,29.795951],[-91.791098,29.796199],[-91.79154,29.796325],[-91.794157,29.79656],[-91.795271,29.796238],[-91.795477,29.796772],[-91.795302,29.797556],[-91.794508,29.798702],[-91.79373,29.798984],[-91.793837,29.799133],[-91.794272,29.799182],[-91.794173,29.799503],[-91.794363,29.799862],[-91.795645,29.797769],[-91.795836,29.798088],[-91.796286,29.798025],[-91.796301,29.797517],[-91.798178,29.797252],[-91.799284,29.796806],[-91.801306,29.796466],[-91.803938,29.796299],[-91.804976,29.796461],[-91.805357,29.796264],[-91.806502,29.797081],[-91.807883,29.797403],[-91.808379,29.796489],[-91.806197,29.795917],[-91.803328,29.795677],[-91.800482,29.796144],[-91.799277,29.796114],[-91.797697,29.796766],[-91.796019,29.79701],[-91.795523,29.795641],[-91.795416,29.795135],[-91.795653,29.794303],[-91.796301,29.793727],[-91.796301,29.793323],[-91.797087,29.792287],[-91.797461,29.792253],[-91.798354,29.792739],[-91.797797,29.793565],[-91.797995,29.793741],[-91.798956,29.792827],[-91.798544,29.792316],[-91.800047,29.791332],[-91.801314,29.791343],[-91.80136,29.791639],[-91.800803,29.793815],[-91.80107,29.793937],[-91.801718,29.791406],[-91.802855,29.790176],[-91.804503,29.791046],[-91.804907,29.794445],[-91.805083,29.794763],[-91.805418,29.79445],[-91.805357,29.793054],[-91.806395,29.79248],[-91.808096,29.791887],[-91.807623,29.791681],[-91.805304,29.792783],[-91.805067,29.791097],[-91.807196,29.789577],[-91.808867,29.789117],[-91.809019,29.788776],[-91.806418,29.789428],[-91.804694,29.790666],[-91.800619,29.788349],[-91.800482,29.787956],[-91.800963,29.787559],[-91.801886,29.78791],[-91.802046,29.787572],[-91.80139,29.787305],[-91.801268,29.786914],[-91.803358,29.783817],[-91.804411,29.782634],[-91.812697,29.786754],[-91.813345,29.787309],[-91.81478,29.789199],[-91.815596,29.791938],[-91.815558,29.792177],[-91.815131,29.792335],[-91.81552,29.79293],[-91.815916,29.792877],[-91.815947,29.79342],[-91.816214,29.793964],[-91.816153,29.794471],[-91.815672,29.794805],[-91.814795,29.794588],[-91.813498,29.794534],[-91.813338,29.794435],[-91.813353,29.793956],[-91.812834,29.792631],[-91.812483,29.792772],[-91.812727,29.793729],[-91.813322,29.79492],[-91.816077,29.795053],[-91.816542,29.796358],[-91.813078,29.796407],[-91.812033,29.796272],[-91.812041,29.796594],[-91.816679,29.796594],[-91.816855,29.79672],[-91.817717,29.80085],[-91.817717,29.800979],[-91.817152,29.801153],[-91.817854,29.801328],[-91.81861,29.803964],[-91.816267,29.80437],[-91.816252,29.804823],[-91.819037,29.804657],[-91.819167,29.804828],[-91.819029,29.805],[-91.817381,29.805612],[-91.815894,29.805742],[-91.815932,29.80598],[-91.817572,29.80602],[-91.818922,29.805458],[-91.819426,29.805729],[-91.820311,29.807163],[-91.820708,29.808544],[-91.823851,29.814432],[-91.823622,29.814857],[-91.822539,29.814916],[-91.822302,29.815185],[-91.822958,29.815437],[-91.823645,29.815172],[-91.823927,29.815261],[-91.824767,29.817051],[-91.825423,29.81982],[-91.825438,29.820579],[-91.825331,29.820989],[-91.825163,29.821012],[-91.824965,29.820188],[-91.824675,29.820266],[-91.824683,29.820732],[-91.824553,29.820831],[-91.823264,29.820465],[-91.822005,29.818626],[-91.82128,29.818561],[-91.820097,29.81888],[-91.820258,29.818561],[-91.821448,29.81834],[-91.822302,29.817434],[-91.822348,29.81656],[-91.821616,29.815527],[-91.821974,29.815013],[-91.821852,29.814714],[-91.821432,29.813959],[-91.820303,29.813404],[-91.819548,29.812484],[-91.819212,29.812454],[-91.818747,29.812811],[-91.817274,29.812875],[-91.81684,29.813301],[-91.816695,29.814788],[-91.818762,29.815094],[-91.819411,29.815321],[-91.820113,29.815891],[-91.820242,29.816957],[-91.820113,29.818014],[-91.8189,29.819391],[-91.819327,29.819477],[-91.819388,29.819694],[-91.819037,29.820282],[-91.818205,29.822561],[-91.818289,29.822858],[-91.819304,29.823787],[-91.819304,29.824194],[-91.819052,29.82473],[-91.819174,29.824985],[-91.81951,29.825065],[-91.819746,29.824064],[-91.819968,29.824052],[-91.820113,29.824489],[-91.819357,29.825544],[-91.818594,29.825651],[-91.817999,29.823885],[-91.817633,29.82411],[-91.817702,29.824733],[-91.818121,29.82525],[-91.817915,29.82584],[-91.817465,29.825824],[-91.816244,29.826362],[-91.81571,29.827102],[-91.813498,29.827051],[-91.813589,29.827396],[-91.814284,29.827587],[-91.815092,29.8274],[-91.815688,29.827633],[-91.816038,29.828001],[-91.816023,29.829252],[-91.815276,29.82982],[-91.814978,29.830467],[-91.814185,29.83064],[-91.813818,29.830387],[-91.81378,29.829923],[-91.814383,29.829673],[-91.813506,29.828418],[-91.813643,29.827831],[-91.812895,29.828209],[-91.812834,29.828704],[-91.812521,29.828786],[-91.812193,29.828682],[-91.811865,29.828271],[-91.811751,29.827497],[-91.812071,29.826706],[-91.812697,29.826789],[-91.81291,29.826652],[-91.812628,29.826229],[-91.81272,29.82588],[-91.814543,29.826063],[-91.815192,29.825979],[-91.815184,29.825773],[-91.81449,29.825414],[-91.81391,29.825666],[-91.813246,29.825517],[-91.813277,29.825414],[-91.813612,29.825176],[-91.813681,29.824722],[-91.814001,29.824407],[-91.814688,29.824506],[-91.815573,29.825166],[-91.815802,29.824741],[-91.815382,29.824447],[-91.815619,29.824205],[-91.816084,29.824091],[-91.816077,29.823833],[-91.815474,29.823871],[-91.815245,29.823673],[-91.814635,29.824028],[-91.813719,29.824064],[-91.813132,29.824434],[-91.811636,29.826633],[-91.811209,29.82661],[-91.810316,29.826149],[-91.809935,29.825899],[-91.809889,29.82559],[-91.809195,29.825729],[-91.809126,29.825964],[-91.809668,29.826439],[-91.80992,29.826322],[-91.810233,29.826423],[-91.811354,29.827018],[-91.81127,29.827594],[-91.811476,29.828497],[-91.811415,29.828636],[-91.811079,29.828655],[-91.810828,29.828991],[-91.810553,29.828888],[-91.810583,29.828521],[-91.810309,29.827949],[-91.809485,29.828441],[-91.809546,29.828903],[-91.809332,29.829076],[-91.808401,29.828767],[-91.807959,29.828378],[-91.807463,29.826929],[-91.807371,29.8257],[-91.807173,29.825716],[-91.807295,29.827165],[-91.807211,29.828466],[-91.807661,29.828949],[-91.807669,29.829156],[-91.807028,29.829431],[-91.807303,29.830579],[-91.806448,29.83151],[-91.807211,29.831342],[-91.807562,29.831001],[-91.807639,29.83126],[-91.807562,29.83177],[-91.806944,29.832143],[-91.804938,29.832363],[-91.804228,29.83221],[-91.803954,29.831934],[-91.803984,29.830083],[-91.804213,29.829698],[-91.805128,29.829803],[-91.805533,29.829555],[-91.805205,29.829288],[-91.805228,29.828142],[-91.80493,29.827886],[-91.804739,29.828043],[-91.804594,29.828621],[-91.80435,29.828777],[-91.804472,29.828943],[-91.804396,29.829321],[-91.803496,29.829248],[-91.803297,29.829002],[-91.803297,29.828382],[-91.803618,29.828106],[-91.803496,29.82793],[-91.80374,29.826917],[-91.803633,29.825965],[-91.803282,29.825384],[-91.802885,29.8255],[-91.803175,29.826231],[-91.803038,29.826576],[-91.801459,29.826301],[-91.800467,29.825883],[-91.799757,29.82537],[-91.799498,29.825456],[-91.799155,29.825971],[-91.798704,29.825998],[-91.798697,29.826727],[-91.79933,29.826688],[-91.799445,29.826912],[-91.799208,29.827264],[-91.798697,29.827219],[-91.798674,29.828422],[-91.799124,29.82883],[-91.79904,29.828987],[-91.798704,29.828952],[-91.798743,29.829343],[-91.799124,29.829498],[-91.799193,29.829744],[-91.798743,29.829595],[-91.798743,29.829843],[-91.799643,29.830808],[-91.800314,29.831047],[-91.800787,29.830856],[-91.801863,29.829847],[-91.802336,29.829736],[-91.802313,29.830169],[-91.801642,29.83077],[-91.801741,29.831373],[-91.803625,29.832029],[-91.803885,29.832437],[-91.804236,29.832613],[-91.805121,29.832761],[-91.807288,29.832666],[-91.807234,29.832866],[-91.806502,29.832946],[-91.806448,29.833192],[-91.806776,29.833532],[-91.807669,29.83336],[-91.807219,29.83395],[-91.808112,29.834282],[-91.80876,29.835311],[-91.808684,29.835744],[-91.808478,29.835926],[-91.807082,29.836332],[-91.806082,29.836954],[-91.805327,29.836961],[-91.804541,29.836755],[-91.804465,29.836856],[-91.804846,29.837514],[-91.805769,29.837499],[-91.80609,29.838651],[-91.805975,29.839582],[-91.805037,29.83967],[-91.804274,29.839546],[-91.804091,29.839813],[-91.804098,29.840055],[-91.80464,29.840358],[-91.804983,29.840339],[-91.805281,29.840057],[-91.80583,29.840086],[-91.805548,29.841608],[-91.804877,29.841312],[-91.803374,29.840139],[-91.801527,29.84011],[-91.800475,29.840463],[-91.798849,29.84053],[-91.798918,29.844196],[-91.799277,29.844186],[-91.799437,29.843536],[-91.799162,29.843286],[-91.799162,29.841331],[-91.79933,29.841188],[-91.80171,29.84073],[-91.803053,29.840799],[-91.803542,29.841301],[-91.803328,29.842672],[-91.80303,29.843292],[-91.803458,29.842828],[-91.803847,29.841289],[-91.804747,29.841978],[-91.805182,29.842117],[-91.805952,29.842014],[-91.806235,29.841823],[-91.806403,29.841404],[-91.806349,29.840555],[-91.806715,29.840139],[-91.806937,29.840122],[-91.807898,29.840685],[-91.80789,29.841106],[-91.80715,29.842023],[-91.807463,29.842603],[-91.807883,29.842817],[-91.809805,29.843111],[-91.810149,29.843479],[-91.810286,29.845314],[-91.8095,29.846651],[-91.809851,29.847383],[-91.810156,29.847398],[-91.809927,29.846996],[-91.809897,29.846489],[-91.810751,29.844972],[-91.812514,29.84497],[-91.812628,29.845174],[-91.812086,29.845665],[-91.812163,29.846052],[-91.813238,29.847],[-91.814162,29.847366],[-91.814719,29.847387],[-91.814352,29.847122],[-91.81349,29.846977],[-91.812277,29.845844],[-91.813078,29.845068],[-91.813025,29.844917],[-91.81243,29.844722],[-91.811041,29.844907],[-91.81066,29.844701],[-91.810561,29.843233],[-91.811484,29.843336],[-91.811507,29.84456],[-91.811835,29.844467],[-91.812247,29.843793],[-91.811934,29.843546],[-91.811949,29.843357],[-91.813925,29.843532],[-91.814017,29.843135],[-91.813033,29.842723],[-91.812788,29.84295],[-91.812239,29.842962],[-91.807547,29.842468],[-91.807463,29.84201],[-91.808043,29.84144],[-91.808249,29.840717],[-91.807059,29.839548],[-91.806647,29.837652],[-91.806746,29.837207],[-91.807577,29.836864],[-91.808424,29.836738],[-91.808585,29.83737],[-91.808417,29.837762],[-91.808951,29.838291],[-91.809248,29.83834],[-91.809111,29.83674],[-91.80889,29.836404],[-91.809508,29.836055],[-91.810103,29.83625],[-91.810492,29.836671],[-91.810469,29.837049],[-91.810011,29.83785],[-91.810088,29.838167],[-91.810789,29.837722],[-91.811369,29.836719],[-91.81217,29.837026],[-91.812605,29.838277],[-91.812834,29.838281],[-91.813193,29.838094],[-91.812819,29.837379],[-91.812971,29.837093],[-91.814253,29.837041],[-91.815947,29.836698],[-91.816191,29.837066],[-91.816351,29.838096],[-91.816496,29.838096],[-91.81703,29.83723],[-91.81703,29.83704],[-91.816588,29.83683],[-91.816573,29.836397],[-91.816916,29.836155],[-91.818694,29.836563],[-91.819708,29.837],[-91.819952,29.837232],[-91.820105,29.837776],[-91.821196,29.838382],[-91.821333,29.838171],[-91.821249,29.837995],[-91.820807,29.837499],[-91.820364,29.83749],[-91.82038,29.837278],[-91.821265,29.837452],[-91.821486,29.837261],[-91.821059,29.836717],[-91.820105,29.836759],[-91.818488,29.83609],[-91.816962,29.835771],[-91.816603,29.835773],[-91.815382,29.83653],[-91.813856,29.83683],[-91.812567,29.83653],[-91.812018,29.836631],[-91.810393,29.835886],[-91.811255,29.835426],[-91.812003,29.834789],[-91.81172,29.834373],[-91.811095,29.834686],[-91.810751,29.835275],[-91.809706,29.835783],[-91.809546,29.835697],[-91.80937,29.834644],[-91.808806,29.833368],[-91.808882,29.833227],[-91.810583,29.832824],[-91.811346,29.832176],[-91.811392,29.831918],[-91.810767,29.831832],[-91.810431,29.831941],[-91.810294,29.832615],[-91.809019,29.832536],[-91.808592,29.832845],[-91.808226,29.831653],[-91.808409,29.831417],[-91.808775,29.831964],[-91.809042,29.831657],[-91.808981,29.831037],[-91.808508,29.830711],[-91.808714,29.830547],[-91.809637,29.830516],[-91.809561,29.830303],[-91.808775,29.830146],[-91.808524,29.829853],[-91.809126,29.829729],[-91.81082,29.829881],[-91.81114,29.829746],[-91.811591,29.829965],[-91.811812,29.830753],[-91.812147,29.830516],[-91.81214,29.829822],[-91.812437,29.829822],[-91.812613,29.830345],[-91.812575,29.831215],[-91.811903,29.832046],[-91.812254,29.832132],[-91.812811,29.831939],[-91.812804,29.831527],[-91.81301,29.831359],[-91.81394,29.831947],[-91.814307,29.833047],[-91.814589,29.832901],[-91.814581,29.831668],[-91.815466,29.83138],[-91.815726,29.83138],[-91.816016,29.831892],[-91.816634,29.832153],[-91.816244,29.832733],[-91.816618,29.833149],[-91.817404,29.832458],[-91.81729,29.832056],[-91.817442,29.83197],[-91.817915,29.832079],[-91.820608,29.831863],[-91.822691,29.832471],[-91.824057,29.835064],[-91.82424,29.835716],[-91.824492,29.835943],[-91.829771,29.846132],[-91.82923,29.846572],[-91.829924,29.846378],[-91.83042,29.847334],[-91.830611,29.847326],[-91.824751,29.836126],[-91.824644,29.83575],[-91.8254,29.835645],[-91.825964,29.835233],[-91.8263,29.835378],[-91.826453,29.835826],[-91.825369,29.836845],[-91.82556,29.837144],[-91.826239,29.837],[-91.82646,29.83641],[-91.826849,29.836118],[-91.827597,29.836433],[-91.828864,29.836546],[-91.828978,29.836677],[-91.828673,29.837436],[-91.828787,29.837591],[-91.828993,29.837587],[-91.829436,29.837204],[-91.830336,29.836984],[-91.83058,29.837463],[-91.830031,29.838304],[-91.829993,29.838848],[-91.830336,29.839534],[-91.831511,29.840332],[-91.831595,29.840744],[-91.833128,29.841446],[-91.83454,29.841272],[-91.835173,29.841882],[-91.835654,29.842107],[-91.837134,29.842302],[-91.837294,29.842382],[-91.837462,29.843122],[-91.837927,29.843904],[-91.838194,29.844108],[-91.839217,29.84435],[-91.839369,29.844526],[-91.839453,29.844873],[-91.83634,29.847322],[-91.837004,29.847328],[-91.839552,29.845661],[-91.840559,29.845661],[-91.840956,29.844238],[-91.841772,29.843275],[-91.842299,29.843092],[-91.843344,29.843343],[-91.845702,29.844692],[-91.847342,29.845201],[-91.849623,29.84543],[-91.850111,29.845802],[-91.850272,29.845806],[-91.850218,29.845415],[-91.850653,29.845354],[-91.85369,29.845447],[-91.882033,29.84523],[-91.902655,29.845419],[-91.909972,29.84534],[-91.910094,29.845857],[-91.911536,29.847196],[-91.911635,29.84766],[-91.911436,29.848724],[-91.91162,29.849163],[-91.911917,29.849447],[-91.912726,29.849649],[-91.913023,29.849956],[-91.913428,29.849853],[-91.9131,29.849336],[-91.91223,29.849058],[-91.911902,29.848775],[-91.912245,29.847322],[-91.910536,29.845882],[-91.910468,29.845285],[-91.921858,29.845594],[-91.930228,29.845348],[-91.931113,29.847442],[-91.93109,29.847908],[-91.929419,29.849681],[-91.928824,29.849556],[-91.928671,29.849195],[-91.928687,29.848444],[-91.929007,29.847379],[-91.92861,29.846862],[-91.928107,29.846609],[-91.926291,29.846544],[-91.925848,29.846729],[-91.925612,29.84712],[-91.92562,29.847536],[-91.926337,29.848175],[-91.92626,29.849058],[-91.92562,29.849994],[-91.926207,29.850017],[-91.926558,29.849418],[-91.926634,29.848199],[-91.926154,29.847478],[-91.926146,29.847036],[-91.926443,29.846933],[-91.927962,29.846946],[-91.928381,29.84715],[-91.928244,29.848371],[-91.928557,29.849868],[-91.929243,29.849969],[-91.930014,29.849678],[-91.930975,29.848426],[-91.931303,29.848217],[-91.931631,29.848398],[-91.932776,29.849737],[-91.935843,29.854913],[-91.937033,29.856289],[-91.937643,29.857256],[-91.938033,29.858097],[-91.937949,29.859565],[-91.937643,29.860672],[-91.936324,29.862693],[-91.935194,29.863782],[-91.934668,29.864647],[-91.934653,29.865402],[-91.935042,29.866163],[-91.937125,29.86823],[-91.938002,29.869442],[-91.938483,29.870445],[-91.938681,29.87132],[-91.938765,29.873232],[-91.939413,29.875171],[-91.939383,29.876003],[-91.938612,29.877498],[-91.938689,29.878213],[-91.939032,29.878776],[-91.939024,29.879135],[-91.938689,29.879684],[-91.937102,29.880964],[-91.936675,29.88163],[-91.936346,29.883569],[-91.935881,29.883998],[-91.932135,29.885631],[-91.930701,29.886438],[-91.930174,29.88734],[-91.930205,29.887817],[-91.931395,29.887643],[-91.932669,29.886356],[-91.935378,29.885498],[-91.936774,29.884573],[-91.937315,29.884781],[-91.937254,29.888752],[-91.937575,29.890468],[-91.938132,29.89171],[-91.939055,29.892839],[-91.942442,29.894296],[-91.942465,29.893264],[-91.942076,29.892542],[-91.939993,29.890236],[-91.939474,29.889392],[-91.939185,29.888235],[-91.93936,29.885179],[-91.940268,29.883848],[-91.940283,29.883291],[-91.940199,29.882814],[-91.939223,29.881839],[-91.939742,29.881273],[-91.940749,29.879547],[-91.940764,29.87895],[-91.940192,29.878103],[-91.940459,29.876758],[-91.940909,29.875717],[-91.940932,29.874883],[-91.940169,29.872921],[-91.940207,29.871412],[-91.939627,29.869455],[-91.938612,29.868005],[-91.936888,29.865984],[-91.936911,29.865387],[-91.938445,29.863134],[-91.939085,29.861358],[-91.939223,29.859733],[-91.939108,29.857227],[-91.93717,29.854646],[-91.937048,29.852338],[-91.936522,29.849752],[-91.935919,29.848615],[-91.933936,29.847229],[-91.933546,29.846767],[-91.933539,29.846223],[-91.93318,29.845914],[-91.932532,29.846412],[-91.932234,29.846363],[-91.932249,29.84522],[-91.933463,29.844436],[-91.93566,29.844497],[-91.936926,29.844204],[-91.937575,29.843811],[-91.942725,29.842996],[-91.954665,29.840707],[-91.954962,29.840705],[-91.954985,29.842416],[-91.955527,29.842931],[-91.955756,29.842514],[-91.955748,29.841375],[-91.955565,29.841037],[-91.955649,29.840494],[-91.960944,29.839574],[-91.96208,29.840421],[-91.962355,29.841014],[-91.96385,29.841522],[-91.963942,29.841987],[-91.962271,29.843841],[-91.962012,29.84444],[-91.962164,29.845087],[-91.963217,29.84588],[-91.962904,29.84762],[-91.963202,29.847437],[-91.963362,29.845441],[-91.962332,29.844825],[-91.962325,29.844333],[-91.964354,29.842271],[-91.964346,29.8416],[-91.964133,29.841108],[-91.96282,29.84091],[-91.962668,29.840549],[-91.961409,29.839416],[-91.972403,29.837341],[-91.972479,29.840141],[-91.972289,29.841465],[-91.972433,29.841695],[-91.972578,29.843664],[-91.972174,29.844497],[-91.972174,29.845119],[-91.972296,29.845352],[-91.972861,29.845398],[-91.972716,29.837318]]]},"properties":{"OBJECTID":1032,"PROGRAM":"UNKNOWN","PROJECT":"COASTAL EROSION AND WETLAND CHANGE IN LOUISIANA","PROJ_ID":"DDS-79","PROD_DATE":"20039999","SHORE_TYPE":"BEACH","SRC_DATE":"19949999","SRC_DATA":"NOS CHARTS","SRC_RES":"1:70,000","SRC_VECT":"UNKNOWN","SRC_RAST":"UNKNOWN","DIG_NOTES":"UNKNOWN","REGION":"UKNOWN","CONTRACTOR":"U.S. GEOLOGICAL SURVEY (USGS)","ORG":"UNKNOWN","SRC_REG":"U.S. GEOLOGICAL SURVEY (USGS)","DATAURL":"UNKNOWN","Meta_xml":"http://cims.coastal.louisiana.gov/meta_docs/gis_refs/shoreline/BF0034/DDS-79_SHORL_0000000000_1994999919949999_PBF0034.shp.xml","Meta_html":"http://cims.coastal.louisiana.gov/meta_docs/gis_refs/shoreline/BF0034/DDS-79_SHORL_0000000000_1994999919949999_PBF0034.html","COMMENTS":null,"SHAPE_Length":45106586.18448568,"DSAS_DATE":null,"DSAS_UNCER":null,"year":1998}},{"type":"Feature","id":14228,"geometry":{"type":"LineString","coordinates":[[-91.831059,29.822656],[-91.830823,29.823382],[-91.828771,29.823759],[-91.828761,29.823376],[-91.830811,29.82238],[-91.830631,29.821933],[-91.83003,29.82199],[-91.829538,29.822379],[-91.828662,29.822727],[-91.828213,29.82242],[-91.827666,29.820536],[-91.827789,29.820265],[-91.828198,29.820045],[-91.828543,29.819446],[-91.828777,29.819422],[-91.830069,29.820384],[-91.830213,29.820922],[-91.831027,29.821882],[-91.831059,29.822656]]},"properties":{"OBJECTID":14228,"PROGRAM":"STATE","PROJECT":"LOUISIANA BARRIER ISLAND COMPREHENSIVE MONITORING PROGRAM (BICM)","PROJ_ID":"LA-0226","PROD_DATE":"20160926","SHORE_TYPE":"MARSH","SRC_DATE":"19980110","SRC_DATA":"USGS DOQQ","SRC_RES":"1-m pixel","SRC_VECT":"APPLIED COASTAL/UNO","SRC_RAST":"c2909110.nws","DIG_NOTES":" ","REGION":"AB","CONTRACTOR":"APPLIED COASTAL","ORG":"COASTAL PROTECTION AND RESTORATION AUTHORITY OF LOUISIANA (CPRA)","SRC_REG":"USGS","DATAURL":"http://cims.coastal.louisiana.gov/meta_docs/gis_refs/shoreline/BICM2/LA-0226_SHORL_0000000000_1998011019980310_RAC0004.zip","Meta_xml":"http://cims.coastal.louisiana.gov/meta_docs/gis_refs/shoreline/BICM2/Shoreline_Metadata.xml","Meta_html":"http://cims.coastal.louisiana.gov/meta_docs/gis_refs/shoreline/BICM2/Shoreline_Metadata.html","COMMENTS":null,"SHAPE_Length":1747.767316838558,"DSAS_DATE":"01/10/1998","DSAS_UNCER":null,"year":1998}},{"type":"Feature","id":14229,"geometry":{"type":"LineString","coordinates":[[-91.824994,29.822891],[-91.825346,29.822868],[-91.825426,29.823041],[-91.825278,29.824674],[-91.825624,29.825939],[-91.825548,29.826535],[-91.825888,29.828243],[-91.825929,29.829259],[-91.82585,29.82945],[-91.825668,29.829233],[-91.825226,29.827897],[-91.824816,29.827958],[-91.824707,29.828233],[-91.824915,29.828782],[-91.824766,29.829057],[-91.825246,29.829186],[-91.825409,29.82943]]},"properties":{"OBJECTID":14229,"PROGRAM":"STATE","PROJECT":"LOUISIANA BARRIER ISLAND COMPREHENSIVE MONITORING PROGRAM (BICM)","PROJ_ID":"LA-0226","PROD_DATE":"20160926","SHORE_TYPE":"MARSH","SRC_DATE":"19980110","SRC_DATA":"USGS DOQQ","SRC_RES":"1-m pixel","SRC_VECT":"APPLIED COASTAL/UNO","SRC_RAST":"c2909110.nws","DIG_NOTES":" ","REGION":"AB","CONTRACTOR":"APPLIED COASTAL","ORG":"COASTAL PROTECTION AND RESTORATION AUTHORITY OF LOUISIANA (CPRA)","SRC_REG":"USGS","DATAURL":"http://cims.coastal.louisiana.gov/meta_docs/gis_refs/shoreline/BICM2/LA-0226_SHORL_0000000000_1998011019980310_RAC0004.zip","Meta_xml":"http://cims.coastal.louisiana.gov/meta_docs/gis_refs/shoreline/BICM2/Shoreline_Metadata.xml","Meta_html":"http://cims.coastal.louisiana.gov/meta_docs/gis_refs/shoreline/BICM2/Shoreline_Metadata.html","COMMENTS":null,"SHAPE_Length":1229.8701989767146,"DSAS_DATE":"01/10/1998","DSAS_UNCER":null,"year":1998}},{"type":"Feature","id":14230,"geometry":{"type":"LineString","coordinates":[[-91.828032,29.82699],[-91.828254,29.827332],[-91.828146,29.827535],[-91.828204,29.829306],[-91.8283,29.829622],[-91.828502,29.829721],[-91.828716,29.828706],[-91.828526,29.828076],[-91.828561,29.82681],[-91.82838,29.826346],[-91.827956,29.826323],[-91.828032,29.82699]]},"properties":{"OBJECTID":14230,"PROGRAM":"STATE","PROJECT":"LOUISIANA BARRIER ISLAND COMPREHENSIVE MONITORING PROGRAM (BICM)","PROJ_ID":"LA-0226","PROD_DATE":"20160926","SHORE_TYPE":"MARSH","SRC_DATE":"19980110","SRC_DATA":"USGS DOQQ","SRC_RES":"1-m pixel","SRC_VECT":"APPLIED COASTAL/UNO","SRC_RAST":"c2909110.nws","DIG_NOTES":" ","REGION":"AB","CONTRACTOR":"APPLIED COASTAL","ORG":"COASTAL PROTECTION AND RESTORATION AUTHORITY OF LOUISIANA (CPRA)","SRC_REG":"USGS","DATAURL":"http://cims.coastal.louisiana.gov/meta_docs/gis_refs/shoreline/BICM2/LA-0226_SHORL_0000000000_1998011019980310_RAC0004.zip","Meta_xml":"http://cims.coastal.louisiana.gov/meta_docs/gis_refs/shoreline/BICM2/Shoreline_Metadata.xml","Meta_html":"http://cims.coastal.louisiana.gov/meta_docs/gis_refs/shoreline/BICM2/Shoreline_Metadata.html","COMMENTS":null,"SHAPE_Length":862.6557545599771,"DSAS_DATE":"01/10/1998","DSAS_UNCER":null,"year":1998}},{"type":"Feature","id":14231,"geometry":{"type":"LineString","coordinates":[[-91.848636,29.830831],[-91.849442,29.829549],[-91.849689,29.828976],[-91.849606,29.828838],[-91.846811,29.82931],[-91.846155,29.829589],[-91.843718,29.829483]]},"properties":{"OBJECTID":14231,"PROGRAM":"STATE","PROJECT":"LOUISIANA BARRIER ISLAND COMPREHENSIVE MONITORING PROGRAM (BICM)","PROJ_ID":"LA-0226","PROD_DATE":"20160926","SHORE_TYPE":"MARSH","SRC_DATE":"19980110","SRC_DATA":"USGS DOQQ","SRC_RES":"1-m pixel","SRC_VECT":"APPLIED COASTAL/UNO","SRC_RAST":"c2909110.nws","DIG_NOTES":" ","REGION":"AB","CONTRACTOR":"APPLIED COASTAL","ORG":"COASTAL PROTECTION AND RESTORATION AUTHORITY OF LOUISIANA (CPRA)","SRC_REG":"USGS","DATAURL":"http://cims.coastal.louisiana.gov/meta_docs/gis_refs/shoreline/BICM2/LA-0226_SHORL_0000000000_1998011019980310_RAC0004.zip","Meta_xml":"http://cims.coastal.louisiana.gov/meta_docs/gis_refs/shoreline/BICM2/Shoreline_Metadata.xml","Meta_html":"http://cims.coastal.louisiana.gov/meta_docs/gis_refs/shoreline/BICM2/Shoreline_Metadata.html","COMMENTS":null,"SHAPE_Length":871.9883806835599,"DSAS_DATE":"01/10/1998","DSAS_UNCER":null,"year":1998}},{"type":"Feature","id":14232,"geometry":{"type":"LineString","coordinates":[[-91.829575,29.835866],[-91.828418,29.835618],[-91.827177,29.834816],[-91.825579,29.832705],[-91.825389,29.832305],[-91.825452,29.832048],[-91.82561,29.832001],[-91.825912,29.832245],[-91.827695,29.834393],[-91.829575,29.835866]]},"properties":{"OBJECTID":14232,"PROGRAM":"STATE","PROJECT":"LOUISIANA BARRIER ISLAND COMPREHENSIVE MONITORING PROGRAM (BICM)","PROJ_ID":"LA-0226","PROD_DATE":"20160926","SHORE_TYPE":"MARSH","SRC_DATE":"19980110","SRC_DATA":"USGS DOQQ","SRC_RES":"1-m pixel","SRC_VECT":"APPLIED COASTAL/UNO","SRC_RAST":"c2909110.nws","DIG_NOTES":" ","REGION":"AB","CONTRACTOR":"APPLIED COASTAL","ORG":"COASTAL PROTECTION AND RESTORATION AUTHORITY OF LOUISIANA (CPRA)","SRC_REG":"USGS","DATAURL":"http://cims.coastal.louisiana.gov/meta_docs/gis_refs/shoreline/BICM2/LA-0226_SHORL_0000000000_1998011019980310_RAC0004.zip","Meta_xml":"http://cims.coastal.louisiana.gov/meta_docs/gis_refs/shoreline/BICM2/Shoreline_Metadata.xml","Meta_html":"http://cims.coastal.louisiana.gov/meta_docs/gis_refs/shoreline/BICM2/Shoreline_Metadata.html","COMMENTS":null,"SHAPE_Length":1227.2760232671853,"DSAS_DATE":"01/10/1998","DSAS_UNCER":null,"year":1998}},{"type":"Feature","id":14233,"geometry":{"type":"LineString","coordinates":[[-91.822996,29.8134],[-91.823204,29.814333],[-91.823072,29.814488]]},"properties":{"OBJECTID":14233,"PROGRAM":"STATE","PROJECT":"LOUISIANA BARRIER ISLAND COMPREHENSIVE MONITORING PROGRAM (BICM)","PROJ_ID":"LA-0226","PROD_DATE":"20160926","SHORE_TYPE":"MARSH","SRC_DATE":"19980110","SRC_DATA":"USGS DOQQ","SRC_RES":"1-m pixel","SRC_VECT":"APPLIED COASTAL/UNO","SRC_RAST":"c2909110.nws","DIG_NOTES":" ","REGION":"AB","CONTRACTOR":"APPLIED COASTAL","ORG":"COASTAL PROTECTION AND RESTORATION AUTHORITY OF LOUISIANA (CPRA)","SRC_REG":"USGS","DATAURL":"http://cims.coastal.louisiana.gov/meta_docs/gis_refs/shoreline/BICM2/LA-0226_SHORL_0000000000_1998011019980310_RAC0004.zip","Meta_xml":"http://cims.coastal.louisiana.gov/meta_docs/gis_refs/shoreline/BICM2/Shoreline_Metadata.xml","Meta_html":"http://cims.coastal.louisiana.gov/meta_docs/gis_refs/shoreline/BICM2/Shoreline_Metadata.html","COMMENTS":null,"SHAPE_Length":131.57536277900763,"DSAS_DATE":"01/10/1998","DSAS_UNCER":null,"year":1998}},{"type":"Feature","id":14234,"geometry":{"type":"LineString","coordinates":[[-91.829091,29.831468],[-91.828735,29.831853],[-91.828289,29.83112],[-91.828768,29.830963],[-91.829091,29.831468]]},"properties":{"OBJECTID":14234,"PROGRAM":"STATE","PROJECT":"LOUISIANA BARRIER ISLAND COMPREHENSIVE MONITORING PROGRAM (BICM)","PROJ_ID":"LA-0226","PROD_DATE":"20160926","SHORE_TYPE":"MARSH","SRC_DATE":"19980110","SRC_DATA":"USGS DOQQ","SRC_RES":"1-m pixel","SRC_VECT":"APPLIED COASTAL/UNO","SRC_RAST":"c2909110.nws","DIG_NOTES":" ","REGION":"AB","CONTRACTOR":"APPLIED COASTAL","ORG":"COASTAL PROTECTION AND RESTORATION AUTHORITY OF LOUISIANA (CPRA)","SRC_REG":"USGS","DATAURL":"http://cims.coastal.louisiana.gov/meta_docs/gis_refs/shoreline/BICM2/LA-0226_SHORL_0000000000_1998011019980310_RAC0004.zip","Meta_xml":"http://cims.coastal.louisiana.gov/meta_docs/gis_refs/shoreline/BICM2/Shoreline_Metadata.xml","Meta_html":"http://cims.coastal.louisiana.gov/meta_docs/gis_refs/shoreline/BICM2/Shoreline_Metadata.html","COMMENTS":null,"SHAPE_Length":270.94345320907166,"DSAS_DATE":"01/10/1998","DSAS_UNCER":null,"year":1998}},{"type":"Feature","id":14235,"geometry":{"type":"LineString","coordinates":[[-91.831564,29.82987],[-91.831684,29.829726],[-91.831432,29.829632],[-91.830492,29.829922],[-91.82917,29.83071],[-91.829668,29.831586],[-91.829691,29.83194],[-91.829637,29.83215],[-91.829102,29.832391],[-91.829467,29.833029],[-91.830072,29.833638]]},"properties":{"OBJECTID":14235,"PROGRAM":"STATE","PROJECT":"LOUISIANA BARRIER ISLAND COMPREHENSIVE MONITORING PROGRAM (BICM)","PROJ_ID":"LA-0226","PROD_DATE":"20160926","SHORE_TYPE":"MARSH","SRC_DATE":"19980110","SRC_DATA":"USGS DOQQ","SRC_RES":"1-m pixel","SRC_VECT":"APPLIED COASTAL/UNO","SRC_RAST":"c2909110.nws","DIG_NOTES":" ","REGION":"AB","CONTRACTOR":"APPLIED COASTAL","ORG":"COASTAL PROTECTION AND RESTORATION AUTHORITY OF LOUISIANA (CPRA)","SRC_REG":"USGS","DATAURL":"http://cims.coastal.louisiana.gov/meta_docs/gis_refs/shoreline/BICM2/LA-0226_SHORL_0000000000_1998011019980310_RAC0004.zip","Meta_xml":"http://cims.coastal.louisiana.gov/meta_docs/gis_refs/shoreline/BICM2/Shoreline_Metadata.xml","Meta_html":"http://cims.coastal.louisiana.gov/meta_docs/gis_refs/shoreline/BICM2/Shoreline_Metadata.html","COMMENTS":null,"SHAPE_Length":722.0232393940573,"DSAS_DATE":"01/10/1998","DSAS_UNCER":null,"year":1998}},{"type":"Feature","id":14236,"geometry":{"type":"LineString","coordinates":[[-91.843718,29.829483],[-91.839328,29.828314],[-91.836693,29.828294],[-91.835207,29.829045],[-91.832984,29.82913],[-91.832887,29.829397],[-91.832471,29.829485],[-91.831266,29.829365],[-91.831202,29.829585],[-91.831354,29.82947],[-91.831771,29.829659],[-91.831685,29.829898]]},"properties":{"OBJECTID":14236,"PROGRAM":"STATE","PROJECT":"LOUISIANA BARRIER ISLAND COMPREHENSIVE MONITORING PROGRAM (BICM)","PROJ_ID":"LA-0226","PROD_DATE":"20160926","SHORE_TYPE":"MARSH","SRC_DATE":"19980110","SRC_DATA":"USGS DOQQ","SRC_RES":"1-m pixel","SRC_VECT":"APPLIED COASTAL/UNO","SRC_RAST":"c2909110.nws","DIG_NOTES":" ","REGION":"AB","CONTRACTOR":"APPLIED COASTAL","ORG":"COASTAL PROTECTION AND RESTORATION AUTHORITY OF LOUISIANA (CPRA)","SRC_REG":"USGS","DATAURL":"http://cims.coastal.louisiana.gov/meta_docs/gis_refs/shoreline/BICM2/LA-0226_SHORL_0000000000_1998011019980310_RAC0004.zip","Meta_xml":"http://cims.coastal.louisiana.gov/meta_docs/gis_refs/shoreline/BICM2/Shoreline_Metadata.xml","Meta_html":"http://cims.coastal.louisiana.gov/meta_docs/gis_refs/shoreline/BICM2/Shoreline_Metadata.html","COMMENTS":null,"SHAPE_Length":1469.6874243387563,"DSAS_DATE":"01/10/1998","DSAS_UNCER":null,"year":1998}},{"type":"Feature","id":14237,"geometry":{"type":"LineString","coordinates":[[-91.825409,29.82943],[-91.825494,29.830352],[-91.825357,29.830593],[-91.824209,29.831439],[-91.823308,29.831594]]},"properties":{"OBJECTID":14237,"PROGRAM":"STATE","PROJECT":"LOUISIANA BARRIER ISLAND COMPREHENSIVE MONITORING PROGRAM (BICM)","PROJ_ID":"LA-0226","PROD_DATE":"20160926","SHORE_TYPE":"MARSH","SRC_DATE":"19980110","SRC_DATA":"USGS DOQQ","SRC_RES":"1-m pixel","SRC_VECT":"APPLIED COASTAL/UNO","SRC_RAST":"c2909110.nws","DIG_NOTES":" ","REGION":"AB","CONTRACTOR":"APPLIED COASTAL","ORG":"COASTAL PROTECTION AND RESTORATION AUTHORITY OF LOUISIANA (CPRA)","SRC_REG":"USGS","DATAURL":"http://cims.coastal.louisiana.gov/meta_docs/gis_refs/shoreline/BICM2/LA-0226_SHORL_0000000000_1998011019980310_RAC0004.zip","Meta_xml":"http://cims.coastal.louisiana.gov/meta_docs/gis_refs/shoreline/BICM2/Shoreline_Metadata.xml","Meta_html":"http://cims.coastal.louisiana.gov/meta_docs/gis_refs/shoreline/BICM2/Shoreline_Metadata.html","COMMENTS":null,"SHAPE_Length":367.5750758281094,"DSAS_DATE":"01/10/1998","DSAS_UNCER":null,"year":1998}},{"type":"Feature","id":14238,"geometry":{"type":"LineString","coordinates":[[-91.828137,29.818374],[-91.827565,29.819548],[-91.827177,29.821027],[-91.827159,29.82012],[-91.826198,29.816818],[-91.826662,29.816506],[-91.82665,29.816366]]},"properties":{"OBJECTID":14238,"PROGRAM":"STATE","PROJECT":"LOUISIANA BARRIER ISLAND COMPREHENSIVE MONITORING PROGRAM (BICM)","PROJ_ID":"LA-0226","PROD_DATE":"20160926","SHORE_TYPE":"MARSH","SRC_DATE":"19980110","SRC_DATA":"USGS DOQQ","SRC_RES":"1-m pixel","SRC_VECT":"APPLIED COASTAL/UNO","SRC_RAST":"c2909110.nws","DIG_NOTES":" ","REGION":"AB","CONTRACTOR":"APPLIED COASTAL","ORG":"COASTAL PROTECTION AND RESTORATION AUTHORITY OF LOUISIANA (CPRA)","SRC_REG":"USGS","DATAURL":"http://cims.coastal.louisiana.gov/meta_docs/gis_refs/shoreline/BICM2/LA-0226_SHORL_0000000000_1998011019980310_RAC0004.zip","Meta_xml":"http://cims.coastal.louisiana.gov/meta_docs/gis_refs/shoreline/BICM2/Shoreline_Metadata.xml","Meta_html":"http://cims.coastal.louisiana.gov/meta_docs/gis_refs/shoreline/BICM2/Shoreline_Metadata.html","COMMENTS":null,"SHAPE_Length":868.6695785704443,"DSAS_DATE":"01/10/1998","DSAS_UNCER":null,"year":1998}},{"type":"Feature","id":14239,"geometry":{"type":"LineString","coordinates":[[-91.82665,29.816366],[-91.826891,29.816284],[-91.827447,29.817541],[-91.82789,29.817881],[-91.828137,29.818374]]},"properties":{"OBJECTID":14239,"PROGRAM":"STATE","PROJECT":"LOUISIANA BARRIER ISLAND COMPREHENSIVE MONITORING PROGRAM (BICM)","PROJ_ID":"LA-0226","PROD_DATE":"20160926","SHORE_TYPE":"MARSH","SRC_DATE":"19980110","SRC_DATA":"USGS DOQQ","SRC_RES":"1-m pixel","SRC_VECT":"APPLIED COASTAL/UNO","SRC_RAST":"c2909110.nws","DIG_NOTES":" ","REGION":"AB","CONTRACTOR":"APPLIED COASTAL","ORG":"COASTAL PROTECTION AND RESTORATION AUTHORITY OF LOUISIANA (CPRA)","SRC_REG":"USGS","DATAURL":"http://cims.coastal.louisiana.gov/meta_docs/gis_refs/shoreline/BICM2/LA-0226_SHORL_0000000000_1998011019980310_RAC0004.zip","Meta_xml":"http://cims.coastal.louisiana.gov/meta_docs/gis_refs/shoreline/BICM2/Shoreline_Metadata.xml","Meta_html":"http://cims.coastal.louisiana.gov/meta_docs/gis_refs/shoreline/BICM2/Shoreline_Metadata.html","COMMENTS":null,"SHAPE_Length":297.52010203486157,"DSAS_DATE":"01/10/1998","DSAS_UNCER":null,"year":1998}},{"type":"Feature","id":14240,"geometry":{"type":"LineString","coordinates":[[-91.823415,29.820287],[-91.824005,29.820536],[-91.824484,29.820522],[-91.824647,29.820199],[-91.824934,29.820198],[-91.824906,29.819971],[-91.825138,29.81997],[-91.824932,29.819721],[-91.824981,29.818551],[-91.824496,29.817299],[-91.824152,29.817002],[-91.82401,29.816036],[-91.823721,29.815655],[-91.823434,29.815704],[-91.823337,29.815406],[-91.822926,29.815491],[-91.822583,29.815242],[-91.8222,29.815267],[-91.822021,29.814969],[-91.82202,29.814814],[-91.822868,29.814715],[-91.823072,29.814488]]},"properties":{"OBJECTID":14240,"PROGRAM":"STATE","PROJECT":"LOUISIANA BARRIER ISLAND COMPREHENSIVE MONITORING PROGRAM (BICM)","PROJ_ID":"LA-0226","PROD_DATE":"20160926","SHORE_TYPE":"MARSH","SRC_DATE":"19980110","SRC_DATA":"USGS DOQQ","SRC_RES":"1-m pixel","SRC_VECT":"APPLIED COASTAL/UNO","SRC_RAST":"c2909110.nws","DIG_NOTES":" ","REGION":"AB","CONTRACTOR":"APPLIED COASTAL","ORG":"COASTAL PROTECTION AND RESTORATION AUTHORITY OF LOUISIANA (CPRA)","SRC_REG":"USGS","DATAURL":"http://cims.coastal.louisiana.gov/meta_docs/gis_refs/shoreline/BICM2/LA-0226_SHORL_0000000000_1998011019980310_RAC0004.zip","Meta_xml":"http://cims.coastal.louisiana.gov/meta_docs/gis_refs/shoreline/BICM2/Shoreline_Metadata.xml","Meta_html":"http://cims.coastal.louisiana.gov/meta_docs/gis_refs/shoreline/BICM2/Shoreline_Metadata.html","COMMENTS":null,"SHAPE_Length":1126.969468615416,"DSAS_DATE":"01/10/1998","DSAS_UNCER":null,"year":1998}},{"type":"Feature","id":14241,"geometry":{"type":"LineString","coordinates":[[-91.875006,29.832578],[-91.874501,29.832417],[-91.874458,29.832685],[-91.873636,29.83245],[-91.872756,29.831708],[-91.872317,29.831634],[-91.872121,29.831845]]},"properties":{"OBJECTID":14241,"PROGRAM":"STATE","PROJECT":"LOUISIANA BARRIER ISLAND COMPREHENSIVE MONITORING PROGRAM (BICM)","PROJ_ID":"LA-0226","PROD_DATE":"20160926","SHORE_TYPE":"MARSH","SRC_DATE":"19980110","SRC_DATA":"USGS DOQQ","SRC_RES":"1-m pixel","SRC_VECT":"APPLIED COASTAL/UNO","SRC_RAST":"c2909110.nws","DIG_NOTES":" ","REGION":"AB","CONTRACTOR":"APPLIED COASTAL","ORG":"COASTAL PROTECTION AND RESTORATION AUTHORITY OF LOUISIANA (CPRA)","SRC_REG":"USGS","DATAURL":"http://cims.coastal.louisiana.gov/meta_docs/gis_refs/shoreline/BICM2/LA-0226_SHORL_0000000000_1998011019980310_RAC0004.zip","Meta_xml":"http://cims.coastal.louisiana.gov/meta_docs/gis_refs/shoreline/BICM2/Shoreline_Metadata.xml","Meta_html":"http://cims.coastal.louisiana.gov/meta_docs/gis_refs/shoreline/BICM2/Shoreline_Metadata.html","COMMENTS":null,"SHAPE_Length":379.582242721271,"DSAS_DATE":"01/10/1998","DSAS_UNCER":null,"year":1998}},{"type":"Feature","id":14242,"geometry":{"type":"LineString","coordinates":[[-91.872208,29.83173],[-91.872361,29.831557],[-91.872733,29.831565],[-91.872633,29.831356],[-91.872129,29.831234],[-91.871963,29.83089],[-91.871228,29.830703],[-91.870435,29.829932],[-91.869866,29.829963],[-91.869481,29.829554],[-91.868472,29.829282],[-91.867607,29.829314],[-91.8672,29.829124],[-91.867002,29.82881],[-91.866893,29.829011],[-91.866357,29.829042],[-91.865775,29.828767],[-91.8654,29.828215],[-91.86493,29.82837],[-91.86469,29.828676]]},"properties":{"OBJECTID":14242,"PROGRAM":"STATE","PROJECT":"LOUISIANA BARRIER ISLAND COMPREHENSIVE MONITORING PROGRAM (BICM)","PROJ_ID":"LA-0226","PROD_DATE":"20160926","SHORE_TYPE":"MARSH","SRC_DATE":"19980110","SRC_DATA":"USGS DOQQ","SRC_RES":"1-m pixel","SRC_VECT":"APPLIED COASTAL/UNO","SRC_RAST":"c2909110.nws","DIG_NOTES":" ","REGION":"AB","CONTRACTOR":"APPLIED COASTAL","ORG":"COASTAL PROTECTION AND RESTORATION AUTHORITY OF LOUISIANA (CPRA)","SRC_REG":"USGS","DATAURL":"http://cims.coastal.louisiana.gov/meta_docs/gis_refs/shoreline/BICM2/LA-0226_SHORL_0000000000_1998011019980310_RAC0004.zip","Meta_xml":"http://cims.coastal.louisiana.gov/meta_docs/gis_refs/shoreline/BICM2/Shoreline_Metadata.xml","Meta_html":"http://cims.coastal.louisiana.gov/meta_docs/gis_refs/shoreline/BICM2/Shoreline_Metadata.html","COMMENTS":null,"SHAPE_Length":1109.1383915789643,"DSAS_DATE":"01/10/1998","DSAS_UNCER":null,"year":1998}},{"type":"Feature","id":14243,"geometry":{"type":"LineString","coordinates":[[-91.864613,29.828619],[-91.864885,29.828284],[-91.865355,29.82812],[-91.865873,29.828738],[-91.866345,29.82886],[-91.866276,29.828297],[-91.865869,29.828013],[-91.865321,29.827767],[-91.865058,29.827854],[-91.864454,29.827474],[-91.864433,29.827275],[-91.864242,29.827336],[-91.863856,29.826907],[-91.863239,29.826647],[-91.860593,29.826226]]},"properties":{"OBJECTID":14243,"PROGRAM":"STATE","PROJECT":"LOUISIANA BARRIER ISLAND COMPREHENSIVE MONITORING PROGRAM (BICM)","PROJ_ID":"LA-0226","PROD_DATE":"20160926","SHORE_TYPE":"MARSH","SRC_DATE":"19980110","SRC_DATA":"USGS DOQQ","SRC_RES":"1-m pixel","SRC_VECT":"APPLIED COASTAL/UNO","SRC_RAST":"c2909110.nws","DIG_NOTES":" ","REGION":"AB","CONTRACTOR":"APPLIED COASTAL","ORG":"COASTAL PROTECTION AND RESTORATION AUTHORITY OF LOUISIANA (CPRA)","SRC_REG":"USGS","DATAURL":"http://cims.coastal.louisiana.gov/meta_docs/gis_refs/shoreline/BICM2/LA-0226_SHORL_0000000000_1998011019980310_RAC0004.zip","Meta_xml":"http://cims.coastal.louisiana.gov/meta_docs/gis_refs/shoreline/BICM2/Shoreline_Metadata.xml","Meta_html":"http://cims.coastal.louisiana.gov/meta_docs/gis_refs/shoreline/BICM2/Shoreline_Metadata.html","COMMENTS":null,"SHAPE_Length":967.0245497238301,"DSAS_DATE":"01/10/1998","DSAS_UNCER":null,"year":1998}},{"type":"Feature","id":14244,"geometry":{"type":"LineString","coordinates":[[-91.853953,29.827633],[-91.852641,29.82802],[-91.852027,29.828381],[-91.851329,29.82836],[-91.851221,29.828706],[-91.849522,29.831052]]},"properties":{"OBJECTID":14244,"PROGRAM":"STATE","PROJECT":"LOUISIANA BARRIER ISLAND COMPREHENSIVE MONITORING PROGRAM (BICM)","PROJ_ID":"LA-0226","PROD_DATE":"20160926","SHORE_TYPE":"MARSH","SRC_DATE":"19980110","SRC_DATA":"USGS DOQQ","SRC_RES":"1-m pixel","SRC_VECT":"APPLIED COASTAL/UNO","SRC_RAST":"c2909110.nws","DIG_NOTES":" ","REGION":"AB","CONTRACTOR":"APPLIED COASTAL","ORG":"COASTAL PROTECTION AND RESTORATION AUTHORITY OF LOUISIANA (CPRA)","SRC_REG":"USGS","DATAURL":"http://cims.coastal.louisiana.gov/meta_docs/gis_refs/shoreline/BICM2/LA-0226_SHORL_0000000000_1998011019980310_RAC0004.zip","Meta_xml":"http://cims.coastal.louisiana.gov/meta_docs/gis_refs/shoreline/BICM2/Shoreline_Metadata.xml","Meta_html":"http://cims.coastal.louisiana.gov/meta_docs/gis_refs/shoreline/BICM2/Shoreline_Metadata.html","COMMENTS":null,"SHAPE_Length":657.5550777916156,"DSAS_DATE":"01/10/1998","DSAS_UNCER":null,"year":1998}},{"type":"Feature","id":14245,"geometry":{"type":"LineString","coordinates":[[-91.860593,29.826226],[-91.858881,29.826173],[-91.858349,29.826521],[-91.858239,29.826402],[-91.857747,29.826488],[-91.857322,29.82637],[-91.856585,29.826803],[-91.856461,29.826672],[-91.856189,29.827043],[-91.855409,29.826951],[-91.855478,29.827118],[-91.855245,29.826999],[-91.854645,29.827515],[-91.853953,29.827633]]},"properties":{"OBJECTID":14245,"PROGRAM":"STATE","PROJECT":"LOUISIANA BARRIER ISLAND COMPREHENSIVE MONITORING PROGRAM (BICM)","PROJ_ID":"LA-0226","PROD_DATE":"20160926","SHORE_TYPE":"MARSH","SRC_DATE":"19980110","SRC_DATA":"USGS DOQQ","SRC_RES":"1-m pixel","SRC_VECT":"APPLIED COASTAL/UNO","SRC_RAST":"c2909110.nws","DIG_NOTES":" ","REGION":"AB","CONTRACTOR":"APPLIED COASTAL","ORG":"COASTAL PROTECTION AND RESTORATION AUTHORITY OF LOUISIANA (CPRA)","SRC_REG":"USGS","DATAURL":"http://cims.coastal.louisiana.gov/meta_docs/gis_refs/shoreline/BICM2/LA-0226_SHORL_0000000000_1998011019980310_RAC0004.zip","Meta_xml":"http://cims.coastal.louisiana.gov/meta_docs/gis_refs/shoreline/BICM2/Shoreline_Metadata.xml","Meta_html":"http://cims.coastal.louisiana.gov/meta_docs/gis_refs/shoreline/BICM2/Shoreline_Metadata.html","COMMENTS":null,"SHAPE_Length":831.3830090541242,"DSAS_DATE":"01/10/1998","DSAS_UNCER":null,"year":1998}},{"type":"Feature","id":14246,"geometry":{"type":"LineString","coordinates":[[-91.866326,29.624717],[-91.866326,29.624717]]},"properties":{"OBJECTID":14246,"PROGRAM":"STATE","PROJECT":"LOUISIANA BARRIER ISLAND COMPREHENSIVE MONITORING PROGRAM (BICM)","PROJ_ID":"LA-0226","PROD_DATE":"20160926","SHORE_TYPE":"MARSH","SRC_DATE":"19980110","SRC_DATA":"USGS DOQQ","SRC_RES":"1-m pixel","SRC_VECT":"APPLIED COASTAL/UNO","SRC_RAST":"c2909126.nws","DIG_NOTES":" ","REGION":"AB","CONTRACTOR":"APPLIED COASTAL","ORG":"COASTAL PROTECTION AND RESTORATION AUTHORITY OF LOUISIANA (CPRA)","SRC_REG":"USGS","DATAURL":"http://cims.coastal.louisiana.gov/meta_docs/gis_refs/shoreline/BICM2/LA-0226_SHORL_0000000000_1998011019980310_RAC0004.zip","Meta_xml":"http://cims.coastal.louisiana.gov/meta_docs/gis_refs/shoreline/BICM2/Shoreline_Metadata.xml","Meta_html":"http://cims.coastal.louisiana.gov/meta_docs/gis_refs/shoreline/BICM2/Shoreline_Metadata.html","COMMENTS":null,"SHAPE_Length":5.1203919459545535,"DSAS_DATE":"01/10/1998","DSAS_UNCER":null,"year":1998}},{"type":"Feature","id":14247,"geometry":{"type":"LineString","coordinates":[[-91.861202,29.625006],[-91.859903,29.624543],[-91.857764,29.624117],[-91.855224,29.624118],[-91.854303,29.623829],[-91.853561,29.623975],[-91.852991,29.623653],[-91.852795,29.623806],[-91.85264,29.623358],[-91.853272,29.62305],[-91.852672,29.623253],[-91.852463,29.623101],[-91.852418,29.622796],[-91.852527,29.622767]]},"properties":{"OBJECTID":14247,"PROGRAM":"STATE","PROJECT":"LOUISIANA BARRIER ISLAND COMPREHENSIVE MONITORING PROGRAM (BICM)","PROJ_ID":"LA-0226","PROD_DATE":"20160926","SHORE_TYPE":"MARSH","SRC_DATE":"19980110","SRC_DATA":"USGS DOQQ","SRC_RES":"1-m pixel","SRC_VECT":"APPLIED COASTAL/UNO","SRC_RAST":"c2909126.nws","DIG_NOTES":" ","REGION":"AB","CONTRACTOR":"APPLIED COASTAL","ORG":"COASTAL PROTECTION AND RESTORATION AUTHORITY OF LOUISIANA (CPRA)","SRC_REG":"USGS","DATAURL":"http://cims.coastal.louisiana.gov/meta_docs/gis_refs/shoreline/BICM2/LA-0226_SHORL_0000000000_1998011019980310_RAC0004.zip","Meta_xml":"http://cims.coastal.louisiana.gov/meta_docs/gis_refs/shoreline/BICM2/Shoreline_Metadata.xml","Meta_html":"http://cims.coastal.louisiana.gov/meta_docs/gis_refs/shoreline/BICM2/Shoreline_Metadata.html","COMMENTS":null,"SHAPE_Length":1140.092585055767,"DSAS_DATE":"01/10/1998","DSAS_UNCER":null,"year":1998}},{"type":"Feature","id":14248,"geometry":{"type":"LineString","coordinates":[[-91.852276,29.622806],[-91.852408,29.622996],[-91.852102,29.622902],[-91.851761,29.622493],[-91.851191,29.62218],[-91.851429,29.621759]]},"properties":{"OBJECTID":14248,"PROGRAM":"STATE","PROJECT":"LOUISIANA BARRIER ISLAND COMPREHENSIVE MONITORING PROGRAM (BICM)","PROJ_ID":"LA-0226","PROD_DATE":"20160926","SHORE_TYPE":"MARSH","SRC_DATE":"19980110","SRC_DATA":"USGS DOQQ","SRC_RES":"1-m pixel","SRC_VECT":"APPLIED COASTAL/UNO","SRC_RAST":"c2909126.nws","DIG_NOTES":" ","REGION":"AB","CONTRACTOR":"APPLIED COASTAL","ORG":"COASTAL PROTECTION AND RESTORATION AUTHORITY OF LOUISIANA (CPRA)","SRC_REG":"USGS","DATAURL":"http://cims.coastal.louisiana.gov/meta_docs/gis_refs/shoreline/BICM2/LA-0226_SHORL_0000000000_1998011019980310_RAC0004.zip","Meta_xml":"http://cims.coastal.louisiana.gov/meta_docs/gis_refs/shoreline/BICM2/Shoreline_Metadata.xml","Meta_html":"http://cims.coastal.louisiana.gov/meta_docs/gis_refs/shoreline/BICM2/Shoreline_Metadata.html","COMMENTS":null,"SHAPE_Length":241.91003738727363,"DSAS_DATE":"01/10/1998","DSAS_UNCER":null,"year":1998}},{"type":"Feature","id":14249,"geometry":{"type":"LineString","coordinates":[[-91.850312,29.622751],[-91.850784,29.623131],[-91.850567,29.623437]]},"properties":{"OBJECTID":14249,"PROGRAM":"STATE","PROJECT":"LOUISIANA BARRIER ISLAND COMPREHENSIVE MONITORING PROGRAM (BICM)","PROJ_ID":"LA-0226","PROD_DATE":"20160926","SHORE_TYPE":"MARSH","SRC_DATE":"19980110","SRC_DATA":"USGS DOQQ","SRC_RES":"1-m pixel","SRC_VECT":"APPLIED COASTAL/UNO","SRC_RAST":"c2909126.nws","DIG_NOTES":" ","REGION":"AB","CONTRACTOR":"APPLIED COASTAL","ORG":"COASTAL PROTECTION AND RESTORATION AUTHORITY OF LOUISIANA (CPRA)","SRC_REG":"USGS","DATAURL":"http://cims.coastal.louisiana.gov/meta_docs/gis_refs/shoreline/BICM2/LA-0226_SHORL_0000000000_1998011019980310_RAC0004.zip","Meta_xml":"http://cims.coastal.louisiana.gov/meta_docs/gis_refs/shoreline/BICM2/Shoreline_Metadata.xml","Meta_html":"http://cims.coastal.louisiana.gov/meta_docs/gis_refs/shoreline/BICM2/Shoreline_Metadata.html","COMMENTS":null,"SHAPE_Length":104.296071132105,"DSAS_DATE":"01/10/1998","DSAS_UNCER":null,"year":1998}},{"type":"Feature","id":14250,"geometry":{"type":"LineString","coordinates":[[-91.850698,29.623437],[-91.851177,29.623043],[-91.851442,29.623711],[-91.851422,29.624054],[-91.849372,29.624826],[-91.849362,29.625006]]},"properties":{"OBJECTID":14250,"PROGRAM":"STATE","PROJECT":"LOUISIANA BARRIER ISLAND COMPREHENSIVE MONITORING PROGRAM (BICM)","PROJ_ID":"LA-0226","PROD_DATE":"20160926","SHORE_TYPE":"MARSH","SRC_DATE":"19980110","SRC_DATA":"USGS DOQQ","SRC_RES":"1-m pixel","SRC_VECT":"APPLIED COASTAL/UNO","SRC_RAST":"c2909126.nws","DIG_NOTES":" ","REGION":"AB","CONTRACTOR":"APPLIED COASTAL","ORG":"COASTAL PROTECTION AND RESTORATION AUTHORITY OF LOUISIANA (CPRA)","SRC_REG":"USGS","DATAURL":"http://cims.coastal.louisiana.gov/meta_docs/gis_refs/shoreline/BICM2/LA-0226_SHORL_0000000000_1998011019980310_RAC0004.zip","Meta_xml":"http://cims.coastal.louisiana.gov/meta_docs/gis_refs/shoreline/BICM2/Shoreline_Metadata.xml","Meta_html":"http://cims.coastal.louisiana.gov/meta_docs/gis_refs/shoreline/BICM2/Shoreline_Metadata.html","COMMENTS":null,"SHAPE_Length":434.9920222991867,"DSAS_DATE":"01/10/1998","DSAS_UNCER":null,"year":1998}},{"type":"Feature","id":14251,"geometry":{"type":"LineString","coordinates":[[-91.841142,29.625006],[-91.841109,29.624601],[-91.841696,29.624159],[-91.842532,29.622972],[-91.842866,29.621959],[-91.842935,29.620915]]},"properties":{"OBJECTID":14251,"PROGRAM":"STATE","PROJECT":"LOUISIANA BARRIER ISLAND COMPREHENSIVE MONITORING PROGRAM (BICM)","PROJ_ID":"LA-0226","PROD_DATE":"20160926","SHORE_TYPE":"MARSH","SRC_DATE":"19980110","SRC_DATA":"USGS DOQQ","SRC_RES":"1-m pixel","SRC_VECT":"APPLIED COASTAL/UNO","SRC_RAST":"c2909126.nws","DIG_NOTES":" ","REGION":"AB","CONTRACTOR":"APPLIED COASTAL","ORG":"COASTAL PROTECTION AND RESTORATION AUTHORITY OF LOUISIANA (CPRA)","SRC_REG":"USGS","DATAURL":"http://cims.coastal.louisiana.gov/meta_docs/gis_refs/shoreline/BICM2/LA-0226_SHORL_0000000000_1998011019980310_RAC0004.zip","Meta_xml":"http://cims.coastal.louisiana.gov/meta_docs/gis_refs/shoreline/BICM2/Shoreline_Metadata.xml","Meta_html":"http://cims.coastal.louisiana.gov/meta_docs/gis_refs/shoreline/BICM2/Shoreline_Metadata.html","COMMENTS":null,"SHAPE_Length":515.285772135857,"DSAS_DATE":"01/10/1998","DSAS_UNCER":null,"year":1998}},{"type":"Feature","id":14252,"geometry":{"type":"LineString","coordinates":[[-91.842935,29.620915],[-91.842608,29.619304],[-91.842174,29.618335],[-91.840966,29.616939],[-91.840555,29.616604],[-91.840341,29.616605],[-91.840149,29.615982],[-91.839389,29.615629],[-91.839077,29.615154],[-91.838167,29.614447],[-91.837364,29.614244],[-91.836782,29.613761],[-91.836446,29.613225]]},"properties":{"OBJECTID":14252,"PROGRAM":"STATE","PROJECT":"LOUISIANA BARRIER ISLAND COMPREHENSIVE MONITORING PROGRAM (BICM)","PROJ_ID":"LA-0226","PROD_DATE":"20160926","SHORE_TYPE":"MARSH","SRC_DATE":"19980110","SRC_DATA":"USGS DOQQ","SRC_RES":"1-m pixel","SRC_VECT":"APPLIED COASTAL/UNO","SRC_RAST":"c2909126.nws","DIG_NOTES":" ","REGION":"AB","CONTRACTOR":"APPLIED COASTAL","ORG":"COASTAL PROTECTION AND RESTORATION AUTHORITY OF LOUISIANA (CPRA)","SRC_REG":"USGS","DATAURL":"http://cims.coastal.louisiana.gov/meta_docs/gis_refs/shoreline/BICM2/LA-0226_SHORL_0000000000_1998011019980310_RAC0004.zip","Meta_xml":"http://cims.coastal.louisiana.gov/meta_docs/gis_refs/shoreline/BICM2/Shoreline_Metadata.xml","Meta_html":"http://cims.coastal.louisiana.gov/meta_docs/gis_refs/shoreline/BICM2/Shoreline_Metadata.html","COMMENTS":null,"SHAPE_Length":1155.782043664159,"DSAS_DATE":"01/10/1998","DSAS_UNCER":null,"year":1998}},{"type":"Feature","id":14253,"geometry":{"type":"LineString","coordinates":[[-91.8297,29.609035],[-91.829175,29.608983],[-91.828911,29.608795],[-91.828923,29.608631],[-91.827806,29.607273],[-91.827997,29.607226],[-91.827921,29.607068],[-91.828098,29.606784],[-91.827555,29.605927],[-91.828,29.604726]]},"properties":{"OBJECTID":14253,"PROGRAM":"STATE","PROJECT":"LOUISIANA BARRIER ISLAND COMPREHENSIVE MONITORING PROGRAM (BICM)","PROJ_ID":"LA-0226","PROD_DATE":"20160926","SHORE_TYPE":"MARSH","SRC_DATE":"19980110","SRC_DATA":"USGS DOQQ","SRC_RES":"1-m pixel","SRC_VECT":"APPLIED COASTAL/UNO","SRC_RAST":"c2909126.nws","DIG_NOTES":" ","REGION":"AB","CONTRACTOR":"APPLIED COASTAL","ORG":"COASTAL PROTECTION AND RESTORATION AUTHORITY OF LOUISIANA (CPRA)","SRC_REG":"USGS","DATAURL":"http://cims.coastal.louisiana.gov/meta_docs/gis_refs/shoreline/BICM2/LA-0226_SHORL_0000000000_1998011019980310_RAC0004.zip","Meta_xml":"http://cims.coastal.louisiana.gov/meta_docs/gis_refs/shoreline/BICM2/Shoreline_Metadata.xml","Meta_html":"http://cims.coastal.louisiana.gov/meta_docs/gis_refs/shoreline/BICM2/Shoreline_Metadata.html","COMMENTS":null,"SHAPE_Length":646.4467027455977,"DSAS_DATE":"01/10/1998","DSAS_UNCER":null,"year":1998}},{"type":"Feature","id":14254,"geometry":{"type":"LineString","coordinates":[[-91.836446,29.613225],[-91.836169,29.612938],[-91.835797,29.61297],[-91.83535,29.612665],[-91.834891,29.612659],[-91.83386,29.612147],[-91.832969,29.612247],[-91.830408,29.612016],[-91.830264,29.611891],[-91.830374,29.611355],[-91.830198,29.610226],[-91.8297,29.609035]]},"properties":{"OBJECTID":14254,"PROGRAM":"STATE","PROJECT":"LOUISIANA BARRIER ISLAND COMPREHENSIVE MONITORING PROGRAM (BICM)","PROJ_ID":"LA-0226","PROD_DATE":"20160926","SHORE_TYPE":"MARSH","SRC_DATE":"19980110","SRC_DATA":"USGS DOQQ","SRC_RES":"1-m pixel","SRC_VECT":"APPLIED COASTAL/UNO","SRC_RAST":"c2909126.nws","DIG_NOTES":" ","REGION":"AB","CONTRACTOR":"APPLIED COASTAL","ORG":"COASTAL PROTECTION AND RESTORATION AUTHORITY OF LOUISIANA (CPRA)","SRC_REG":"USGS","DATAURL":"http://cims.coastal.louisiana.gov/meta_docs/gis_refs/shoreline/BICM2/LA-0226_SHORL_0000000000_1998011019980310_RAC0004.zip","Meta_xml":"http://cims.coastal.louisiana.gov/meta_docs/gis_refs/shoreline/BICM2/Shoreline_Metadata.xml","Meta_html":"http://cims.coastal.louisiana.gov/meta_docs/gis_refs/shoreline/BICM2/Shoreline_Metadata.html","COMMENTS":null,"SHAPE_Length":995.9726168613556,"DSAS_DATE":"01/10/1998","DSAS_UNCER":null,"year":1998}},{"type":"Feature","id":14255,"geometry":{"type":"LineString","coordinates":[[-91.825591,29.606305],[-91.8253,29.606153],[-91.825585,29.605895]]},"properties":{"OBJECTID":14255,"PROGRAM":"STATE","PROJECT":"LOUISIANA BARRIER ISLAND COMPREHENSIVE MONITORING PROGRAM (BICM)","PROJ_ID":"LA-0226","PROD_DATE":"20160926","SHORE_TYPE":"MARSH","SRC_DATE":"19980110","SRC_DATA":"USGS DOQQ","SRC_RES":"1-m pixel","SRC_VECT":"APPLIED COASTAL/UNO","SRC_RAST":"c2909126.nws","DIG_NOTES":" ","REGION":"AB","CONTRACTOR":"APPLIED COASTAL","ORG":"COASTAL PROTECTION AND RESTORATION AUTHORITY OF LOUISIANA (CPRA)","SRC_REG":"USGS","DATAURL":"http://cims.coastal.louisiana.gov/meta_docs/gis_refs/shoreline/BICM2/LA-0226_SHORL_0000000000_1998011019980310_RAC0004.zip","Meta_xml":"http://cims.coastal.louisiana.gov/meta_docs/gis_refs/shoreline/BICM2/Shoreline_Metadata.xml","Meta_html":"http://cims.coastal.louisiana.gov/meta_docs/gis_refs/shoreline/BICM2/Shoreline_Metadata.html","COMMENTS":null,"SHAPE_Length":79.22394752220863,"DSAS_DATE":"01/10/1998","DSAS_UNCER":null,"year":1998}},{"type":"Feature","id":14256,"geometry":{"type":"LineString","coordinates":[[-91.827855,29.604747],[-91.827598,29.605066],[-91.827362,29.605825],[-91.827509,29.606434],[-91.826693,29.606019],[-91.82597,29.605921],[-91.825829,29.606112],[-91.82595,29.606341],[-91.825591,29.606305]]},"properties":{"OBJECTID":14256,"PROGRAM":"STATE","PROJECT":"LOUISIANA BARRIER ISLAND COMPREHENSIVE MONITORING PROGRAM (BICM)","PROJ_ID":"LA-0226","PROD_DATE":"20160926","SHORE_TYPE":"MARSH","SRC_DATE":"19980110","SRC_DATA":"USGS DOQQ","SRC_RES":"1-m pixel","SRC_VECT":"APPLIED COASTAL/UNO","SRC_RAST":"c2909126.nws","DIG_NOTES":" ","REGION":"AB","CONTRACTOR":"APPLIED COASTAL","ORG":"COASTAL PROTECTION AND RESTORATION AUTHORITY OF LOUISIANA (CPRA)","SRC_REG":"USGS","DATAURL":"http://cims.coastal.louisiana.gov/meta_docs/gis_refs/shoreline/BICM2/LA-0226_SHORL_0000000000_1998011019980310_RAC0004.zip","Meta_xml":"http://cims.coastal.louisiana.gov/meta_docs/gis_refs/shoreline/BICM2/Shoreline_Metadata.xml","Meta_html":"http://cims.coastal.louisiana.gov/meta_docs/gis_refs/shoreline/BICM2/Shoreline_Metadata.html","COMMENTS":null,"SHAPE_Length":461.5934037109829,"DSAS_DATE":"01/10/1998","DSAS_UNCER":null,"year":1998}},{"type":"Feature","id":14257,"geometry":{"type":"LineString","coordinates":[[-91.825705,29.603172],[-91.825443,29.603116],[-91.825343,29.602801],[-91.825934,29.602894],[-91.825931,29.602302],[-91.825318,29.602056],[-91.825173,29.601503],[-91.824613,29.600884]]},"properties":{"OBJECTID":14257,"PROGRAM":"STATE","PROJECT":"LOUISIANA BARRIER ISLAND COMPREHENSIVE MONITORING PROGRAM (BICM)","PROJ_ID":"LA-0226","PROD_DATE":"20160926","SHORE_TYPE":"MARSH","SRC_DATE":"19980110","SRC_DATA":"USGS DOQQ","SRC_RES":"1-m pixel","SRC_VECT":"APPLIED COASTAL/UNO","SRC_RAST":"c2909126.nws","DIG_NOTES":" ","REGION":"AB","CONTRACTOR":"APPLIED COASTAL","ORG":"COASTAL PROTECTION AND RESTORATION AUTHORITY OF LOUISIANA (CPRA)","SRC_REG":"USGS","DATAURL":"http://cims.coastal.louisiana.gov/meta_docs/gis_refs/shoreline/BICM2/LA-0226_SHORL_0000000000_1998011019980310_RAC0004.zip","Meta_xml":"http://cims.coastal.louisiana.gov/meta_docs/gis_refs/shoreline/BICM2/Shoreline_Metadata.xml","Meta_html":"http://cims.coastal.louisiana.gov/meta_docs/gis_refs/shoreline/BICM2/Shoreline_Metadata.html","COMMENTS":null,"SHAPE_Length":420.41862526583765,"DSAS_DATE":"01/10/1998","DSAS_UNCER":null,"year":1998}},{"type":"Feature","id":14258,"geometry":{"type":"LineString","coordinates":[[-91.824242,29.601032],[-91.824768,29.601682],[-91.824641,29.603045],[-91.82333,29.602496],[-91.822494,29.60249],[-91.822313,29.602023]]},"properties":{"OBJECTID":14258,"PROGRAM":"STATE","PROJECT":"LOUISIANA BARRIER ISLAND COMPREHENSIVE MONITORING PROGRAM (BICM)","PROJ_ID":"LA-0226","PROD_DATE":"20160926","SHORE_TYPE":"MARSH","SRC_DATE":"19980110","SRC_DATA":"USGS DOQQ","SRC_RES":"1-m pixel","SRC_VECT":"APPLIED COASTAL/UNO","SRC_RAST":"c2909126.nws","DIG_NOTES":" ","REGION":"AB","CONTRACTOR":"APPLIED COASTAL","ORG":"COASTAL PROTECTION AND RESTORATION AUTHORITY OF LOUISIANA (CPRA)","SRC_REG":"USGS","DATAURL":"http://cims.coastal.louisiana.gov/meta_docs/gis_refs/shoreline/BICM2/LA-0226_SHORL_0000000000_1998011019980310_RAC0004.zip","Meta_xml":"http://cims.coastal.louisiana.gov/meta_docs/gis_refs/shoreline/BICM2/Shoreline_Metadata.xml","Meta_html":"http://cims.coastal.louisiana.gov/meta_docs/gis_refs/shoreline/BICM2/Shoreline_Metadata.html","COMMENTS":null,"SHAPE_Length":537.0407664965126,"DSAS_DATE":"01/10/1998","DSAS_UNCER":null,"year":1998}},{"type":"Feature","id":14259,"geometry":{"type":"LineString","coordinates":[[-91.825024,29.603893],[-91.824944,29.603502],[-91.825352,29.603182],[-91.825695,29.60322]]},"properties":{"OBJECTID":14259,"PROGRAM":"STATE","PROJECT":"LOUISIANA BARRIER ISLAND COMPREHENSIVE MONITORING PROGRAM (BICM)","PROJ_ID":"LA-0226","PROD_DATE":"20160926","SHORE_TYPE":"MARSH","SRC_DATE":"19980110","SRC_DATA":"USGS DOQQ","SRC_RES":"1-m pixel","SRC_VECT":"APPLIED COASTAL/UNO","SRC_RAST":"c2909126.nws","DIG_NOTES":" ","REGION":"AB","CONTRACTOR":"APPLIED COASTAL","ORG":"COASTAL PROTECTION AND RESTORATION AUTHORITY OF LOUISIANA (CPRA)","SRC_REG":"USGS","DATAURL":"http://cims.coastal.louisiana.gov/meta_docs/gis_refs/shoreline/BICM2/LA-0226_SHORL_0000000000_1998011019980310_RAC0004.zip","Meta_xml":"http://cims.coastal.louisiana.gov/meta_docs/gis_refs/shoreline/BICM2/Shoreline_Metadata.xml","Meta_html":"http://cims.coastal.louisiana.gov/meta_docs/gis_refs/shoreline/BICM2/Shoreline_Metadata.html","COMMENTS":null,"SHAPE_Length":137.34070371958325,"DSAS_DATE":"01/10/1998","DSAS_UNCER":null,"year":1998}},{"type":"Feature","id":14260,"geometry":{"type":"LineString","coordinates":[[-91.825585,29.605895],[-91.825937,29.605797],[-91.825935,29.605453],[-91.82455,29.604459],[-91.824148,29.603897],[-91.824581,29.603717],[-91.824933,29.603895]]},"properties":{"OBJECTID":14260,"PROGRAM":"STATE","PROJECT":"LOUISIANA BARRIER ISLAND COMPREHENSIVE MONITORING PROGRAM (BICM)","PROJ_ID":"LA-0226","PROD_DATE":"20160926","SHORE_TYPE":"MARSH","SRC_DATE":"19980110","SRC_DATA":"USGS DOQQ","SRC_RES":"1-m pixel","SRC_VECT":"APPLIED COASTAL/UNO","SRC_RAST":"c2909126.nws","DIG_NOTES":" ","REGION":"AB","CONTRACTOR":"APPLIED COASTAL","ORG":"COASTAL PROTECTION AND RESTORATION AUTHORITY OF LOUISIANA (CPRA)","SRC_REG":"USGS","DATAURL":"http://cims.coastal.louisiana.gov/meta_docs/gis_refs/shoreline/BICM2/LA-0226_SHORL_0000000000_1998011019980310_RAC0004.zip","Meta_xml":"http://cims.coastal.louisiana.gov/meta_docs/gis_refs/shoreline/BICM2/Shoreline_Metadata.xml","Meta_html":"http://cims.coastal.louisiana.gov/meta_docs/gis_refs/shoreline/BICM2/Shoreline_Metadata.html","COMMENTS":null,"SHAPE_Length":423.0303757596151,"DSAS_DATE":"01/10/1998","DSAS_UNCER":null,"year":1998}},{"type":"Feature","id":14261,"geometry":{"type":"LineString","coordinates":[[-91.822345,29.602094],[-91.822445,29.602563],[-91.823343,29.602608],[-91.823668,29.602917],[-91.823123,29.603262],[-91.822467,29.603331],[-91.821348,29.603946],[-91.820367,29.603641],[-91.820105,29.602748]]},"properties":{"OBJECTID":14261,"PROGRAM":"STATE","PROJECT":"LOUISIANA BARRIER ISLAND COMPREHENSIVE MONITORING PROGRAM (BICM)","PROJ_ID":"LA-0226","PROD_DATE":"20160926","SHORE_TYPE":"MARSH","SRC_DATE":"19980110","SRC_DATA":"USGS DOQQ","SRC_RES":"1-m pixel","SRC_VECT":"APPLIED COASTAL/UNO","SRC_RAST":"c2909126.nws","DIG_NOTES":" ","REGION":"AB","CONTRACTOR":"APPLIED COASTAL","ORG":"COASTAL PROTECTION AND RESTORATION AUTHORITY OF LOUISIANA (CPRA)","SRC_REG":"USGS","DATAURL":"http://cims.coastal.louisiana.gov/meta_docs/gis_refs/shoreline/BICM2/LA-0226_SHORL_0000000000_1998011019980310_RAC0004.zip","Meta_xml":"http://cims.coastal.louisiana.gov/meta_docs/gis_refs/shoreline/BICM2/Shoreline_Metadata.xml","Meta_html":"http://cims.coastal.louisiana.gov/meta_docs/gis_refs/shoreline/BICM2/Shoreline_Metadata.html","COMMENTS":null,"SHAPE_Length":670.7469437085189,"DSAS_DATE":"01/10/1998","DSAS_UNCER":null,"year":1998}},{"type":"Feature","id":14262,"geometry":{"type":"LineString","coordinates":[[-91.814076,29.595049],[-91.813517,29.595278],[-91.813259,29.595578],[-91.812506,29.595731]]},"properties":{"OBJECTID":14262,"PROGRAM":"STATE","PROJECT":"LOUISIANA BARRIER ISLAND COMPREHENSIVE MONITORING PROGRAM (BICM)","PROJ_ID":"LA-0226","PROD_DATE":"20160926","SHORE_TYPE":"MARSH","SRC_DATE":"19980110","SRC_DATA":"USGS DOQQ","SRC_RES":"1-m pixel","SRC_VECT":"APPLIED COASTAL/UNO","SRC_RAST":"c2909126.nws","DIG_NOTES":" ","REGION":"AB","CONTRACTOR":"APPLIED COASTAL","ORG":"COASTAL PROTECTION AND RESTORATION AUTHORITY OF LOUISIANA (CPRA)","SRC_REG":"USGS","DATAURL":"http://cims.coastal.louisiana.gov/meta_docs/gis_refs/shoreline/BICM2/LA-0226_SHORL_0000000000_1998011019980310_RAC0004.zip","Meta_xml":"http://cims.coastal.louisiana.gov/meta_docs/gis_refs/shoreline/BICM2/Shoreline_Metadata.xml","Meta_html":"http://cims.coastal.louisiana.gov/meta_docs/gis_refs/shoreline/BICM2/Shoreline_Metadata.html","COMMENTS":null,"SHAPE_Length":182.010828802271,"DSAS_DATE":"01/10/1998","DSAS_UNCER":null,"year":1998}},{"type":"Feature","id":14263,"geometry":{"type":"LineString","coordinates":[[-91.820078,29.602724],[-91.819955,29.602868],[-91.819599,29.602702],[-91.819316,29.60234],[-91.818079,29.601789],[-91.817301,29.601815],[-91.816469,29.602129],[-91.81628,29.602619],[-91.815814,29.602346],[-91.81427,29.602173],[-91.813941,29.601911],[-91.813068,29.60201],[-91.813094,29.601712],[-91.812506,29.601451]]},"properties":{"OBJECTID":14263,"PROGRAM":"STATE","PROJECT":"LOUISIANA BARRIER ISLAND COMPREHENSIVE MONITORING PROGRAM (BICM)","PROJ_ID":"LA-0226","PROD_DATE":"20160926","SHORE_TYPE":"MARSH","SRC_DATE":"19980110","SRC_DATA":"USGS DOQQ","SRC_RES":"1-m pixel","SRC_VECT":"APPLIED COASTAL/UNO","SRC_RAST":"c2909126.nws","DIG_NOTES":" ","REGION":"AB","CONTRACTOR":"APPLIED COASTAL","ORG":"COASTAL PROTECTION AND RESTORATION AUTHORITY OF LOUISIANA (CPRA)","SRC_REG":"USGS","DATAURL":"http://cims.coastal.louisiana.gov/meta_docs/gis_refs/shoreline/BICM2/LA-0226_SHORL_0000000000_1998011019980310_RAC0004.zip","Meta_xml":"http://cims.coastal.louisiana.gov/meta_docs/gis_refs/shoreline/BICM2/Shoreline_Metadata.xml","Meta_html":"http://cims.coastal.louisiana.gov/meta_docs/gis_refs/shoreline/BICM2/Shoreline_Metadata.html","COMMENTS":null,"SHAPE_Length":931.8885721747853,"DSAS_DATE":"01/10/1998","DSAS_UNCER":null,"year":1998}},{"type":"Feature","id":14264,"geometry":{"type":"LineString","coordinates":[[-91.82372,29.476258],[-91.823612,29.475958],[-91.823032,29.47575],[-91.822947,29.475291],[-91.822358,29.47498],[-91.822198,29.474602],[-91.821306,29.47366],[-91.821251,29.473954],[-91.821562,29.474418],[-91.821267,29.475217],[-91.820764,29.475577],[-91.820957,29.475839],[-91.820684,29.475876],[-91.82103,29.476504]]},"properties":{"OBJECTID":14264,"PROGRAM":"STATE","PROJECT":"LOUISIANA BARRIER ISLAND COMPREHENSIVE MONITORING PROGRAM (BICM)","PROJ_ID":"LA-0226","PROD_DATE":"20160926","SHORE_TYPE":"MIXED","SRC_DATE":"19980110","SRC_DATA":"USGS DOQQ","SRC_RES":"1-m pixel","SRC_VECT":"APPLIED COASTAL/UNO","SRC_RAST":"c2909134.nws","DIG_NOTES":" ","REGION":"AB","CONTRACTOR":"APPLIED COASTAL","ORG":"COASTAL PROTECTION AND RESTORATION AUTHORITY OF LOUISIANA (CPRA)","SRC_REG":"USGS","DATAURL":"http://cims.coastal.louisiana.gov/meta_docs/gis_refs/shoreline/BICM2/LA-0226_SHORL_0000000000_1998011019980310_RAC0004.zip","Meta_xml":"http://cims.coastal.louisiana.gov/meta_docs/gis_refs/shoreline/BICM2/Shoreline_Metadata.xml","Meta_html":"http://cims.coastal.louisiana.gov/meta_docs/gis_refs/shoreline/BICM2/Shoreline_Metadata.html","COMMENTS":null,"SHAPE_Length":836.4487283361809,"DSAS_DATE":"01/10/1998","DSAS_UNCER":null,"year":1998}},{"type":"Feature","id":14265,"geometry":{"type":"LineString","coordinates":[[-91.823189,29.478933],[-91.822813,29.47868],[-91.823189,29.478933]]},"properties":{"OBJECTID":14265,"PROGRAM":"STATE","PROJECT":"LOUISIANA BARRIER ISLAND COMPREHENSIVE MONITORING PROGRAM (BICM)","PROJ_ID":"LA-0226","PROD_DATE":"20160926","SHORE_TYPE":"MIXED","SRC_DATE":"19980110","SRC_DATA":"USGS DOQQ","SRC_RES":"1-m pixel","SRC_VECT":"APPLIED COASTAL/UNO","SRC_RAST":"c2909134.nws","DIG_NOTES":" ","REGION":"AB","CONTRACTOR":"APPLIED COASTAL","ORG":"COASTAL PROTECTION AND RESTORATION AUTHORITY OF LOUISIANA (CPRA)","SRC_REG":"USGS","DATAURL":"http://cims.coastal.louisiana.gov/meta_docs/gis_refs/shoreline/BICM2/LA-0226_SHORL_0000000000_1998011019980310_RAC0004.zip","Meta_xml":"http://cims.coastal.louisiana.gov/meta_docs/gis_refs/shoreline/BICM2/Shoreline_Metadata.xml","Meta_html":"http://cims.coastal.louisiana.gov/meta_docs/gis_refs/shoreline/BICM2/Shoreline_Metadata.html","COMMENTS":null,"SHAPE_Length":109.35344583145819,"DSAS_DATE":"01/10/1998","DSAS_UNCER":null,"year":1998}},{"type":"Feature","id":14266,"geometry":{"type":"LineString","coordinates":[[-91.842065,29.497068],[-91.842065,29.497068]]},"properties":{"OBJECTID":14266,"PROGRAM":"STATE","PROJECT":"LOUISIANA BARRIER ISLAND COMPREHENSIVE MONITORING PROGRAM (BICM)","PROJ_ID":"LA-0226","PROD_DATE":"20160926","SHORE_TYPE":"MIXED","SRC_DATE":"19980110","SRC_DATA":"USGS DOQQ","SRC_RES":"1-m pixel","SRC_VECT":"APPLIED COASTAL/UNO","SRC_RAST":"c2909134.nws","DIG_NOTES":" ","REGION":"AB","CONTRACTOR":"APPLIED COASTAL","ORG":"COASTAL PROTECTION AND RESTORATION AUTHORITY OF LOUISIANA (CPRA)","SRC_REG":"USGS","DATAURL":"http://cims.coastal.louisiana.gov/meta_docs/gis_refs/shoreline/BICM2/LA-0226_SHORL_0000000000_1998011019980310_RAC0004.zip","Meta_xml":"http://cims.coastal.louisiana.gov/meta_docs/gis_refs/shoreline/BICM2/Shoreline_Metadata.xml","Meta_html":"http://cims.coastal.louisiana.gov/meta_docs/gis_refs/shoreline/BICM2/Shoreline_Metadata.html","COMMENTS":null,"SHAPE_Length":5.120910654659778,"DSAS_DATE":"01/10/1998","DSAS_UNCER":null,"year":1998}},{"type":"Feature","id":14267,"geometry":{"type":"LineString","coordinates":[[-91.82372,29.476258],[-91.823577,29.476599],[-91.823244,29.476767],[-91.821527,29.476891],[-91.82103,29.476504]]},"properties":{"OBJECTID":14267,"PROGRAM":"STATE","PROJECT":"LOUISIANA BARRIER ISLAND COMPREHENSIVE MONITORING PROGRAM (BICM)","PROJ_ID":"LA-0226","PROD_DATE":"20160926","SHORE_TYPE":"MIXED","SRC_DATE":"19980110","SRC_DATA":"USGS DOQQ","SRC_RES":"1-m pixel","SRC_VECT":"APPLIED COASTAL/UNO","SRC_RAST":"c2909134.nws","DIG_NOTES":" ","REGION":"AB","CONTRACTOR":"APPLIED COASTAL","ORG":"COASTAL PROTECTION AND RESTORATION AUTHORITY OF LOUISIANA (CPRA)","SRC_REG":"USGS","DATAURL":"http://cims.coastal.louisiana.gov/meta_docs/gis_refs/shoreline/BICM2/LA-0226_SHORL_0000000000_1998011019980310_RAC0004.zip","Meta_xml":"http://cims.coastal.louisiana.gov/meta_docs/gis_refs/shoreline/BICM2/Shoreline_Metadata.xml","Meta_html":"http://cims.coastal.louisiana.gov/meta_docs/gis_refs/shoreline/BICM2/Shoreline_Metadata.html","COMMENTS":null,"SHAPE_Length":314.03249048801445,"DSAS_DATE":"01/10/1998","DSAS_UNCER":null,"year":1998}},{"type":"Feature","id":14268,"geometry":{"type":"LineString","coordinates":[[-91.856711,29.500006],[-91.856415,29.499643],[-91.856344,29.498987],[-91.856002,29.498857],[-91.855808,29.498285],[-91.854644,29.497418],[-91.85407,29.497193],[-91.854095,29.496871],[-91.853602,29.496539],[-91.853285,29.495907],[-91.853339,29.49574],[-91.852996,29.495372],[-91.852641,29.495349],[-91.852749,29.495074],[-91.852517,29.495051],[-91.852555,29.494597],[-91.852267,29.494169],[-91.852429,29.493894],[-91.852032,29.493657],[-91.852167,29.49331],[-91.851752,29.492202],[-91.852021,29.49158],[-91.85116,29.491154],[-91.851255,29.491022],[-91.851008,29.49088],[-91.851196,29.49027],[-91.8508,29.490152],[-91.850378,29.490262],[-91.850417,29.490035],[-91.850143,29.489809],[-91.850017,29.489189],[-91.849647,29.488772],[-91.849684,29.488008],[-91.84934,29.487509],[-91.849475,29.487281],[-91.849379,29.487007],[-91.849542,29.486923],[-91.849499,29.486637],[-91.849743,29.486254],[-91.849659,29.485884],[-91.849264,29.485957],[-91.849044,29.485719],[-91.849125,29.485528],[-91.848893,29.485529],[-91.848696,29.484324],[-91.848816,29.483727],[-91.849033,29.483571],[-91.848938,29.483488],[-91.849141,29.483213],[-91.848868,29.483178],[-91.84888,29.482939],[-91.84922,29.482651],[-91.849246,29.482389],[-91.848863,29.482307],[-91.848834,29.481925],[-91.848439,29.48201],[-91.84841,29.481652],[-91.848028,29.481701],[-91.848121,29.481247],[-91.847929,29.480985],[-91.847982,29.480746],[-91.847724,29.480879],[-91.847598,29.480378],[-91.847353,29.480451],[-91.847161,29.480308],[-91.846872,29.479689],[-91.842763,29.479215],[-91.842259,29.479289],[-91.841835,29.47904],[-91.841713,29.479255],[-91.84125,29.47934],[-91.840934,29.4789],[-91.840281,29.479237],[-91.840241,29.479428],[-91.840446,29.479523],[-91.840297,29.479714],[-91.838893,29.479946],[-91.838458,29.480175],[-91.836738,29.479871],[-91.836587,29.479752],[-91.836736,29.479549],[-91.83664,29.47943],[-91.836134,29.479241],[-91.835658,29.479469],[-91.835701,29.480006],[-91.834978,29.479961],[-91.834212,29.47957],[-91.833968,29.47987],[-91.833191,29.479992],[-91.832713,29.479755],[-91.832495,29.479863],[-91.83199,29.479782],[-91.831358,29.478841],[-91.831128,29.479176],[-91.830597,29.479393],[-91.829464,29.479266],[-91.828765,29.478648],[-91.828723,29.47841],[-91.828615,29.478673],[-91.828247,29.478722],[-91.828149,29.478221],[-91.827807,29.478079],[-91.827834,29.477888],[-91.827642,29.477805],[-91.827438,29.477925],[-91.827192,29.477652],[-91.827015,29.477819],[-91.826562,29.4772],[-91.826398,29.477201],[-91.826137,29.476868],[-91.82596,29.476916],[-91.825891,29.47669],[-91.825769,29.476869],[-91.825468,29.476608],[-91.825168,29.476716],[-91.82514,29.476549],[-91.825005,29.476908],[-91.824719,29.476897],[-91.824513,29.476564],[-91.824418,29.476803],[-91.824104,29.47672],[-91.823983,29.477019],[-91.822401,29.477037],[-91.821747,29.477278],[-91.821968,29.477803],[-91.823803,29.4793]]},"properties":{"OBJECTID":14268,"PROGRAM":"STATE","PROJECT":"LOUISIANA BARRIER ISLAND COMPREHENSIVE MONITORING PROGRAM (BICM)","PROJ_ID":"LA-0226","PROD_DATE":"20160926","SHORE_TYPE":"MIXED","SRC_DATE":"19980110","SRC_DATA":"USGS DOQQ","SRC_RES":"1-m pixel","SRC_VECT":"APPLIED COASTAL/UNO","SRC_RAST":"c2909134.nws","DIG_NOTES":" ","REGION":"AB","CONTRACTOR":"APPLIED COASTAL","ORG":"COASTAL PROTECTION AND RESTORATION AUTHORITY OF LOUISIANA (CPRA)","SRC_REG":"USGS","DATAURL":"http://cims.coastal.louisiana.gov/meta_docs/gis_refs/shoreline/BICM2/LA-0226_SHORL_0000000000_1998011019980310_RAC0004.zip","Meta_xml":"http://cims.coastal.louisiana.gov/meta_docs/gis_refs/shoreline/BICM2/Shoreline_Metadata.xml","Meta_html":"http://cims.coastal.louisiana.gov/meta_docs/gis_refs/shoreline/BICM2/Shoreline_Metadata.html","COMMENTS":null,"SHAPE_Length":7162.954935498742,"DSAS_DATE":"01/10/1998","DSAS_UNCER":null,"year":1998}},{"type":"Feature","id":14269,"geometry":{"type":"LineString","coordinates":[[-92.008657,29.593176],[-92.0083,29.593372],[-92.007663,29.593337],[-92.007536,29.593228],[-92.007679,29.592879],[-92.008,29.592863],[-92.00846,29.593146]]},"properties":{"OBJECTID":14269,"PROGRAM":"STATE","PROJECT":"LOUISIANA BARRIER ISLAND COMPREHENSIVE MONITORING PROGRAM (BICM)","PROJ_ID":"LA-0226","PROD_DATE":"20160926","SHORE_TYPE":"MARSH","SRC_DATE":"19980110","SRC_DATA":"USGS DOQQ","SRC_RES":"1-m pixel","SRC_VECT":"APPLIED COASTAL/UNO","SRC_RAST":"c2909232.nes","DIG_NOTES":" ","REGION":"AB","CONTRACTOR":"APPLIED COASTAL","ORG":"COASTAL PROTECTION AND RESTORATION AUTHORITY OF LOUISIANA (CPRA)","SRC_REG":"USGS","DATAURL":"http://cims.coastal.louisiana.gov/meta_docs/gis_refs/shoreline/BICM2/LA-0226_SHORL_0000000000_1998011019980310_RAC0004.zip","Meta_xml":"http://cims.coastal.louisiana.gov/meta_docs/gis_refs/shoreline/BICM2/Shoreline_Metadata.xml","Meta_html":"http://cims.coastal.louisiana.gov/meta_docs/gis_refs/shoreline/BICM2/Shoreline_Metadata.html","COMMENTS":null,"SHAPE_Length":264.3474443805992,"DSAS_DATE":"01/10/1998","DSAS_UNCER":null,"year":1998}},{"type":"Feature","id":14270,"geometry":{"type":"LineString","coordinates":[[-92.006823,29.59287],[-92.007485,29.593016],[-92.007507,29.593177],[-92.007189,29.593497],[-92.007448,29.593824],[-92.006951,29.59406],[-92.006925,29.594556],[-92.006388,29.594606],[-92.006444,29.595212],[-92.006156,29.595261],[-92.006103,29.59544],[-92.006458,29.595631]]},"properties":{"OBJECTID":14270,"PROGRAM":"STATE","PROJECT":"LOUISIANA BARRIER ISLAND COMPREHENSIVE MONITORING PROGRAM (BICM)","PROJ_ID":"LA-0226","PROD_DATE":"20160926","SHORE_TYPE":"MARSH","SRC_DATE":"19980110","SRC_DATA":"USGS DOQQ","SRC_RES":"1-m pixel","SRC_VECT":"APPLIED COASTAL/UNO","SRC_RAST":"c2909232.nes","DIG_NOTES":" ","REGION":"AB","CONTRACTOR":"APPLIED COASTAL","ORG":"COASTAL PROTECTION AND RESTORATION AUTHORITY OF LOUISIANA (CPRA)","SRC_REG":"USGS","DATAURL":"http://cims.coastal.louisiana.gov/meta_docs/gis_refs/shoreline/BICM2/LA-0226_SHORL_0000000000_1998011019980310_RAC0004.zip","Meta_xml":"http://cims.coastal.louisiana.gov/meta_docs/gis_refs/shoreline/BICM2/Shoreline_Metadata.xml","Meta_html":"http://cims.coastal.louisiana.gov/meta_docs/gis_refs/shoreline/BICM2/Shoreline_Metadata.html","COMMENTS":null,"SHAPE_Length":528.1891485179995,"DSAS_DATE":"01/10/1998","DSAS_UNCER":null,"year":1998}},{"type":"Feature","id":14271,"geometry":{"type":"LineString","coordinates":[[-92.030412,29.574943],[-92.030159,29.575887],[-92.029617,29.576451],[-92.029303,29.576488],[-92.028645,29.576134],[-92.02826,29.575646],[-92.028537,29.57629],[-92.027195,29.575724],[-92.027396,29.575233],[-92.02723,29.574793],[-92.027324,29.574661],[-92.027146,29.574578],[-92.027253,29.574243],[-92.026938,29.574078],[-92.027179,29.573444],[-92.026882,29.573851],[-92.026771,29.573625],[-92.026635,29.573686],[-92.026442,29.573484]]},"properties":{"OBJECTID":14271,"PROGRAM":"STATE","PROJECT":"LOUISIANA BARRIER ISLAND COMPREHENSIVE MONITORING PROGRAM (BICM)","PROJ_ID":"LA-0226","PROD_DATE":"20160926","SHORE_TYPE":"MARSH","SRC_DATE":"19980110","SRC_DATA":"USGS DOQQ","SRC_RES":"1-m pixel","SRC_VECT":"APPLIED COASTAL/UNO","SRC_RAST":"c2909232.nes","DIG_NOTES":" ","REGION":"AB","CONTRACTOR":"APPLIED COASTAL","ORG":"COASTAL PROTECTION AND RESTORATION AUTHORITY OF LOUISIANA (CPRA)","SRC_REG":"USGS","DATAURL":"http://cims.coastal.louisiana.gov/meta_docs/gis_refs/shoreline/BICM2/LA-0226_SHORL_0000000000_1998011019980310_RAC0004.zip","Meta_xml":"http://cims.coastal.louisiana.gov/meta_docs/gis_refs/shoreline/BICM2/Shoreline_Metadata.xml","Meta_html":"http://cims.coastal.louisiana.gov/meta_docs/gis_refs/shoreline/BICM2/Shoreline_Metadata.html","COMMENTS":null,"SHAPE_Length":1068.404571413737,"DSAS_DATE":"01/10/1998","DSAS_UNCER":null,"year":1998}},{"type":"Feature","id":14272,"geometry":{"type":"LineString","coordinates":[[-92.02632,29.573532],[-92.026804,29.574461],[-92.0267,29.575189],[-92.026263,29.575215],[-92.026368,29.574582],[-92.026,29.574763],[-92.025713,29.574633],[-92.025534,29.574479],[-92.025642,29.574192]]},"properties":{"OBJECTID":14272,"PROGRAM":"STATE","PROJECT":"LOUISIANA BARRIER ISLAND COMPREHENSIVE MONITORING PROGRAM (BICM)","PROJ_ID":"LA-0226","PROD_DATE":"20160926","SHORE_TYPE":"MARSH","SRC_DATE":"19980110","SRC_DATA":"USGS DOQQ","SRC_RES":"1-m pixel","SRC_VECT":"APPLIED COASTAL/UNO","SRC_RAST":"c2909232.nes","DIG_NOTES":" ","REGION":"AB","CONTRACTOR":"APPLIED COASTAL","ORG":"COASTAL PROTECTION AND RESTORATION AUTHORITY OF LOUISIANA (CPRA)","SRC_REG":"USGS","DATAURL":"http://cims.coastal.louisiana.gov/meta_docs/gis_refs/shoreline/BICM2/LA-0226_SHORL_0000000000_1998011019980310_RAC0004.zip","Meta_xml":"http://cims.coastal.louisiana.gov/meta_docs/gis_refs/shoreline/BICM2/Shoreline_Metadata.xml","Meta_html":"http://cims.coastal.louisiana.gov/meta_docs/gis_refs/shoreline/BICM2/Shoreline_Metadata.html","COMMENTS":null,"SHAPE_Length":463.89571809872416,"DSAS_DATE":"01/10/1998","DSAS_UNCER":null,"year":1998}},{"type":"Feature","id":14273,"geometry":{"type":"LineString","coordinates":[[-92.025573,29.574205],[-92.025425,29.574432],[-92.025206,29.574374],[-92.025272,29.574027],[-92.025137,29.574219],[-92.025013,29.574172],[-92.025148,29.573873]]},"properties":{"OBJECTID":14273,"PROGRAM":"STATE","PROJECT":"LOUISIANA BARRIER ISLAND COMPREHENSIVE MONITORING PROGRAM (BICM)","PROJ_ID":"LA-0226","PROD_DATE":"20160926","SHORE_TYPE":"MARSH","SRC_DATE":"19980110","SRC_DATA":"USGS DOQQ","SRC_RES":"1-m pixel","SRC_VECT":"APPLIED COASTAL/UNO","SRC_RAST":"c2909232.nes","DIG_NOTES":" ","REGION":"AB","CONTRACTOR":"APPLIED COASTAL","ORG":"COASTAL PROTECTION AND RESTORATION AUTHORITY OF LOUISIANA (CPRA)","SRC_REG":"USGS","DATAURL":"http://cims.coastal.louisiana.gov/meta_docs/gis_refs/shoreline/BICM2/LA-0226_SHORL_0000000000_1998011019980310_RAC0004.zip","Meta_xml":"http://cims.coastal.louisiana.gov/meta_docs/gis_refs/shoreline/BICM2/Shoreline_Metadata.xml","Meta_html":"http://cims.coastal.louisiana.gov/meta_docs/gis_refs/shoreline/BICM2/Shoreline_Metadata.html","COMMENTS":null,"SHAPE_Length":167.08643352935516,"DSAS_DATE":"01/10/1998","DSAS_UNCER":null,"year":1998}},{"type":"Feature","id":14274,"geometry":{"type":"LineString","coordinates":[[-92.024862,29.573982],[-92.024961,29.57453],[-92.025221,29.574576],[-92.025415,29.575041],[-92.025131,29.575389],[-92.025297,29.575674],[-92.024848,29.575963],[-92.024696,29.575737],[-92.02397,29.575359]]},"properties":{"OBJECTID":14274,"PROGRAM":"STATE","PROJECT":"LOUISIANA BARRIER ISLAND COMPREHENSIVE MONITORING PROGRAM (BICM)","PROJ_ID":"LA-0226","PROD_DATE":"20160926","SHORE_TYPE":"MARSH","SRC_DATE":"19980110","SRC_DATA":"USGS DOQQ","SRC_RES":"1-m pixel","SRC_VECT":"APPLIED COASTAL/UNO","SRC_RAST":"c2909232.nes","DIG_NOTES":" ","REGION":"AB","CONTRACTOR":"APPLIED COASTAL","ORG":"COASTAL PROTECTION AND RESTORATION AUTHORITY OF LOUISIANA (CPRA)","SRC_REG":"USGS","DATAURL":"http://cims.coastal.louisiana.gov/meta_docs/gis_refs/shoreline/BICM2/LA-0226_SHORL_0000000000_1998011019980310_RAC0004.zip","Meta_xml":"http://cims.coastal.louisiana.gov/meta_docs/gis_refs/shoreline/BICM2/Shoreline_Metadata.xml","Meta_html":"http://cims.coastal.louisiana.gov/meta_docs/gis_refs/shoreline/BICM2/Shoreline_Metadata.html","COMMENTS":null,"SHAPE_Length":424.21415229321093,"DSAS_DATE":"01/10/1998","DSAS_UNCER":null,"year":1998}},{"type":"Feature","id":14275,"geometry":{"type":"LineString","coordinates":[[-92.024232,29.575716],[-92.023657,29.57548],[-92.023713,29.575694],[-92.023427,29.575863],[-92.023606,29.576005],[-92.024232,29.575716]]},"properties":{"OBJECTID":14275,"PROGRAM":"STATE","PROJECT":"LOUISIANA BARRIER ISLAND COMPREHENSIVE MONITORING PROGRAM (BICM)","PROJ_ID":"LA-0226","PROD_DATE":"20160926","SHORE_TYPE":"MARSH","SRC_DATE":"19980110","SRC_DATA":"USGS DOQQ","SRC_RES":"1-m pixel","SRC_VECT":"APPLIED COASTAL/UNO","SRC_RAST":"c2909232.nes","DIG_NOTES":" ","REGION":"AB","CONTRACTOR":"APPLIED COASTAL","ORG":"COASTAL PROTECTION AND RESTORATION AUTHORITY OF LOUISIANA (CPRA)","SRC_REG":"USGS","DATAURL":"http://cims.coastal.louisiana.gov/meta_docs/gis_refs/shoreline/BICM2/LA-0226_SHORL_0000000000_1998011019980310_RAC0004.zip","Meta_xml":"http://cims.coastal.louisiana.gov/meta_docs/gis_refs/shoreline/BICM2/Shoreline_Metadata.xml","Meta_html":"http://cims.coastal.louisiana.gov/meta_docs/gis_refs/shoreline/BICM2/Shoreline_Metadata.html","COMMENTS":null,"SHAPE_Length":220.40491116885755,"DSAS_DATE":"01/10/1998","DSAS_UNCER":null,"year":1998}},{"type":"Feature","id":14276,"geometry":{"type":"LineString","coordinates":[[-92.023874,29.575312],[-92.023273,29.575267],[-92.023357,29.575481],[-92.022948,29.575675],[-92.022427,29.575391],[-92.023311,29.574801]]},"properties":{"OBJECTID":14276,"PROGRAM":"STATE","PROJECT":"LOUISIANA BARRIER ISLAND COMPREHENSIVE MONITORING PROGRAM (BICM)","PROJ_ID":"LA-0226","PROD_DATE":"20160926","SHORE_TYPE":"MARSH","SRC_DATE":"19980110","SRC_DATA":"USGS DOQQ","SRC_RES":"1-m pixel","SRC_VECT":"APPLIED COASTAL/UNO","SRC_RAST":"c2909232.nes","DIG_NOTES":" ","REGION":"AB","CONTRACTOR":"APPLIED COASTAL","ORG":"COASTAL PROTECTION AND RESTORATION AUTHORITY OF LOUISIANA (CPRA)","SRC_REG":"USGS","DATAURL":"http://cims.coastal.louisiana.gov/meta_docs/gis_refs/shoreline/BICM2/LA-0226_SHORL_0000000000_1998011019980310_RAC0004.zip","Meta_xml":"http://cims.coastal.louisiana.gov/meta_docs/gis_refs/shoreline/BICM2/Shoreline_Metadata.xml","Meta_html":"http://cims.coastal.louisiana.gov/meta_docs/gis_refs/shoreline/BICM2/Shoreline_Metadata.html","COMMENTS":null,"SHAPE_Length":328.152922236717,"DSAS_DATE":"01/10/1998","DSAS_UNCER":null,"year":1998}},{"type":"Feature","id":14277,"geometry":{"type":"LineString","coordinates":[[-92.022127,29.574519],[-92.022675,29.574778],[-92.022513,29.575006],[-92.021909,29.57452],[-92.021635,29.574497],[-92.020752,29.575051],[-92.020342,29.575041]]},"properties":{"OBJECTID":14277,"PROGRAM":"STATE","PROJECT":"LOUISIANA BARRIER ISLAND COMPREHENSIVE MONITORING PROGRAM (BICM)","PROJ_ID":"LA-0226","PROD_DATE":"20160926","SHORE_TYPE":"MARSH","SRC_DATE":"19980110","SRC_DATA":"USGS DOQQ","SRC_RES":"1-m pixel","SRC_VECT":"APPLIED COASTAL/UNO","SRC_RAST":"c2909232.nes","DIG_NOTES":" ","REGION":"AB","CONTRACTOR":"APPLIED COASTAL","ORG":"COASTAL PROTECTION AND RESTORATION AUTHORITY OF LOUISIANA (CPRA)","SRC_REG":"USGS","DATAURL":"http://cims.coastal.louisiana.gov/meta_docs/gis_refs/shoreline/BICM2/LA-0226_SHORL_0000000000_1998011019980310_RAC0004.zip","Meta_xml":"http://cims.coastal.louisiana.gov/meta_docs/gis_refs/shoreline/BICM2/Shoreline_Metadata.xml","Meta_html":"http://cims.coastal.louisiana.gov/meta_docs/gis_refs/shoreline/BICM2/Shoreline_Metadata.html","COMMENTS":null,"SHAPE_Length":356.059806820802,"DSAS_DATE":"01/10/1998","DSAS_UNCER":null,"year":1998}},{"type":"Feature","id":14278,"geometry":{"type":"LineString","coordinates":[[-92.020754,29.575397],[-92.021286,29.575275],[-92.021561,29.575572],[-92.021384,29.575692],[-92.021233,29.57555],[-92.021153,29.575873],[-92.020935,29.575945],[-92.020839,29.575779],[-92.020717,29.575935],[-92.020674,29.57572],[-92.020366,29.575812]]},"properties":{"OBJECTID":14278,"PROGRAM":"STATE","PROJECT":"LOUISIANA BARRIER ISLAND COMPREHENSIVE MONITORING PROGRAM (BICM)","PROJ_ID":"LA-0226","PROD_DATE":"20160926","SHORE_TYPE":"MARSH","SRC_DATE":"19980110","SRC_DATA":"USGS DOQQ","SRC_RES":"1-m pixel","SRC_VECT":"APPLIED COASTAL/UNO","SRC_RAST":"c2909232.nes","DIG_NOTES":" ","REGION":"AB","CONTRACTOR":"APPLIED COASTAL","ORG":"COASTAL PROTECTION AND RESTORATION AUTHORITY OF LOUISIANA (CPRA)","SRC_REG":"USGS","DATAURL":"http://cims.coastal.louisiana.gov/meta_docs/gis_refs/shoreline/BICM2/LA-0226_SHORL_0000000000_1998011019980310_RAC0004.zip","Meta_xml":"http://cims.coastal.louisiana.gov/meta_docs/gis_refs/shoreline/BICM2/Shoreline_Metadata.xml","Meta_html":"http://cims.coastal.louisiana.gov/meta_docs/gis_refs/shoreline/BICM2/Shoreline_Metadata.html","COMMENTS":null,"SHAPE_Length":313.91157908461724,"DSAS_DATE":"01/10/1998","DSAS_UNCER":null,"year":1998}},{"type":"Feature","id":14279,"geometry":{"type":"LineString","coordinates":[[-92.018572,29.588627],[-92.018626,29.588448],[-92.018203,29.588546],[-92.017888,29.588356],[-92.017275,29.588586]]},"properties":{"OBJECTID":14279,"PROGRAM":"STATE","PROJECT":"LOUISIANA BARRIER ISLAND COMPREHENSIVE MONITORING PROGRAM (BICM)","PROJ_ID":"LA-0226","PROD_DATE":"20160926","SHORE_TYPE":"MARSH","SRC_DATE":"19980110","SRC_DATA":"USGS DOQQ","SRC_RES":"1-m pixel","SRC_VECT":"APPLIED COASTAL/UNO","SRC_RAST":"c2909232.nes","DIG_NOTES":" ","REGION":"AB","CONTRACTOR":"APPLIED COASTAL","ORG":"COASTAL PROTECTION AND RESTORATION AUTHORITY OF LOUISIANA (CPRA)","SRC_REG":"USGS","DATAURL":"http://cims.coastal.louisiana.gov/meta_docs/gis_refs/shoreline/BICM2/LA-0226_SHORL_0000000000_1998011019980310_RAC0004.zip","Meta_xml":"http://cims.coastal.louisiana.gov/meta_docs/gis_refs/shoreline/BICM2/Shoreline_Metadata.xml","Meta_html":"http://cims.coastal.louisiana.gov/meta_docs/gis_refs/shoreline/BICM2/Shoreline_Metadata.html","COMMENTS":null,"SHAPE_Length":166.5164541523902,"DSAS_DATE":"01/10/1998","DSAS_UNCER":null,"year":1998}},{"type":"Feature","id":14280,"geometry":{"type":"LineString","coordinates":[[-92.018463,29.58831],[-92.017752,29.588222],[-92.017092,29.588519]]},"properties":{"OBJECTID":14280,"PROGRAM":"STATE","PROJECT":"LOUISIANA BARRIER ISLAND COMPREHENSIVE MONITORING PROGRAM (BICM)","PROJ_ID":"LA-0226","PROD_DATE":"20160926","SHORE_TYPE":"MARSH","SRC_DATE":"19980110","SRC_DATA":"USGS DOQQ","SRC_RES":"1-m pixel","SRC_VECT":"APPLIED COASTAL/UNO","SRC_RAST":"c2909232.nes","DIG_NOTES":" ","REGION":"AB","CONTRACTOR":"APPLIED COASTAL","ORG":"COASTAL PROTECTION AND RESTORATION AUTHORITY OF LOUISIANA (CPRA)","SRC_REG":"USGS","DATAURL":"http://cims.coastal.louisiana.gov/meta_docs/gis_refs/shoreline/BICM2/LA-0226_SHORL_0000000000_1998011019980310_RAC0004.zip","Meta_xml":"http://cims.coastal.louisiana.gov/meta_docs/gis_refs/shoreline/BICM2/Shoreline_Metadata.xml","Meta_html":"http://cims.coastal.louisiana.gov/meta_docs/gis_refs/shoreline/BICM2/Shoreline_Metadata.html","COMMENTS":null,"SHAPE_Length":147.15151863312443,"DSAS_DATE":"01/10/1998","DSAS_UNCER":null,"year":1998}},{"type":"Feature","id":14281,"geometry":{"type":"LineString","coordinates":[[-92.018463,29.58831],[-92.01865,29.58809],[-92.018284,29.587487],[-92.017703,29.587355],[-92.017349,29.587464],[-92.017484,29.587296],[-92.016702,29.586739],[-92.016538,29.586764]]},"properties":{"OBJECTID":14281,"PROGRAM":"STATE","PROJECT":"LOUISIANA BARRIER ISLAND COMPREHENSIVE MONITORING PROGRAM (BICM)","PROJ_ID":"LA-0226","PROD_DATE":"20160926","SHORE_TYPE":"MARSH","SRC_DATE":"19980110","SRC_DATA":"USGS DOQQ","SRC_RES":"1-m pixel","SRC_VECT":"APPLIED COASTAL/UNO","SRC_RAST":"c2909232.nes","DIG_NOTES":" ","REGION":"AB","CONTRACTOR":"APPLIED COASTAL","ORG":"COASTAL PROTECTION AND RESTORATION AUTHORITY OF LOUISIANA (CPRA)","SRC_REG":"USGS","DATAURL":"http://cims.coastal.louisiana.gov/meta_docs/gis_refs/shoreline/BICM2/LA-0226_SHORL_0000000000_1998011019980310_RAC0004.zip","Meta_xml":"http://cims.coastal.louisiana.gov/meta_docs/gis_refs/shoreline/BICM2/Shoreline_Metadata.xml","Meta_html":"http://cims.coastal.louisiana.gov/meta_docs/gis_refs/shoreline/BICM2/Shoreline_Metadata.html","COMMENTS":null,"SHAPE_Length":347.51990459089023,"DSAS_DATE":"01/10/1998","DSAS_UNCER":null,"year":1998}},{"type":"Feature","id":14282,"geometry":{"type":"LineString","coordinates":[[-92.016497,29.58674],[-92.016674,29.586596],[-92.016016,29.586265],[-92.015867,29.586398]]},"properties":{"OBJECTID":14282,"PROGRAM":"STATE","PROJECT":"LOUISIANA BARRIER ISLAND COMPREHENSIVE MONITORING PROGRAM (BICM)","PROJ_ID":"LA-0226","PROD_DATE":"20160926","SHORE_TYPE":"MARSH","SRC_DATE":"19980110","SRC_DATA":"USGS DOQQ","SRC_RES":"1-m pixel","SRC_VECT":"APPLIED COASTAL/UNO","SRC_RAST":"c2909232.nes","DIG_NOTES":" ","REGION":"AB","CONTRACTOR":"APPLIED COASTAL","ORG":"COASTAL PROTECTION AND RESTORATION AUTHORITY OF LOUISIANA (CPRA)","SRC_REG":"USGS","DATAURL":"http://cims.coastal.louisiana.gov/meta_docs/gis_refs/shoreline/BICM2/LA-0226_SHORL_0000000000_1998011019980310_RAC0004.zip","Meta_xml":"http://cims.coastal.louisiana.gov/meta_docs/gis_refs/shoreline/BICM2/Shoreline_Metadata.xml","Meta_html":"http://cims.coastal.louisiana.gov/meta_docs/gis_refs/shoreline/BICM2/Shoreline_Metadata.html","COMMENTS":null,"SHAPE_Length":121.69740305523753,"DSAS_DATE":"01/10/1998","DSAS_UNCER":null,"year":1998}},{"type":"Feature","id":14283,"geometry":{"type":"LineString","coordinates":[[-92.01678,29.586214],[-92.017424,29.586485],[-92.018052,29.586446],[-92.018531,29.586658],[-92.018722,29.586609],[-92.018745,29.585929],[-92.018619,29.585524],[-92.018373,29.585406],[-92.018209,29.585502],[-92.017522,29.584778],[-92.016921,29.584781],[-92.01666,29.584555]]},"properties":{"OBJECTID":14283,"PROGRAM":"STATE","PROJECT":"LOUISIANA BARRIER ISLAND COMPREHENSIVE MONITORING PROGRAM (BICM)","PROJ_ID":"LA-0226","PROD_DATE":"20160926","SHORE_TYPE":"MARSH","SRC_DATE":"19980110","SRC_DATA":"USGS DOQQ","SRC_RES":"1-m pixel","SRC_VECT":"APPLIED COASTAL/UNO","SRC_RAST":"c2909232.nes","DIG_NOTES":" ","REGION":"AB","CONTRACTOR":"APPLIED COASTAL","ORG":"COASTAL PROTECTION AND RESTORATION AUTHORITY OF LOUISIANA (CPRA)","SRC_REG":"USGS","DATAURL":"http://cims.coastal.louisiana.gov/meta_docs/gis_refs/shoreline/BICM2/LA-0226_SHORL_0000000000_1998011019980310_RAC0004.zip","Meta_xml":"http://cims.coastal.louisiana.gov/meta_docs/gis_refs/shoreline/BICM2/Shoreline_Metadata.xml","Meta_html":"http://cims.coastal.louisiana.gov/meta_docs/gis_refs/shoreline/BICM2/Shoreline_Metadata.html","COMMENTS":null,"SHAPE_Length":597.1462997652334,"DSAS_DATE":"01/10/1998","DSAS_UNCER":null,"year":1998}},{"type":"Feature","id":14284,"geometry":{"type":"LineString","coordinates":[[-92.016739,29.584197],[-92.017178,29.584445],[-92.01786,29.584358],[-92.01829,29.58327],[-92.018164,29.5829],[-92.018271,29.582482],[-92.018882,29.582037],[-92.018771,29.581799],[-92.018552,29.581741],[-92.01797,29.582388],[-92.017778,29.58227],[-92.017752,29.582473],[-92.017478,29.582343],[-92.017261,29.582535]]},"properties":{"OBJECTID":14284,"PROGRAM":"STATE","PROJECT":"LOUISIANA BARRIER ISLAND COMPREHENSIVE MONITORING PROGRAM (BICM)","PROJ_ID":"LA-0226","PROD_DATE":"20160926","SHORE_TYPE":"MARSH","SRC_DATE":"19980110","SRC_DATA":"USGS DOQQ","SRC_RES":"1-m pixel","SRC_VECT":"APPLIED COASTAL/UNO","SRC_RAST":"c2909232.nes","DIG_NOTES":" ","REGION":"AB","CONTRACTOR":"APPLIED COASTAL","ORG":"COASTAL PROTECTION AND RESTORATION AUTHORITY OF LOUISIANA (CPRA)","SRC_REG":"USGS","DATAURL":"http://cims.coastal.louisiana.gov/meta_docs/gis_refs/shoreline/BICM2/LA-0226_SHORL_0000000000_1998011019980310_RAC0004.zip","Meta_xml":"http://cims.coastal.louisiana.gov/meta_docs/gis_refs/shoreline/BICM2/Shoreline_Metadata.xml","Meta_html":"http://cims.coastal.louisiana.gov/meta_docs/gis_refs/shoreline/BICM2/Shoreline_Metadata.html","COMMENTS":null,"SHAPE_Length":695.9282990638076,"DSAS_DATE":"01/10/1998","DSAS_UNCER":null,"year":1998}},{"type":"Feature","id":14285,"geometry":{"type":"LineString","coordinates":[[-92.017035,29.581522],[-92.017652,29.581841],[-92.017841,29.581553],[-92.0177,29.580921],[-92.01718,29.580793]]},"properties":{"OBJECTID":14285,"PROGRAM":"STATE","PROJECT":"LOUISIANA BARRIER ISLAND COMPREHENSIVE MONITORING PROGRAM (BICM)","PROJ_ID":"LA-0226","PROD_DATE":"20160926","SHORE_TYPE":"MARSH","SRC_DATE":"19980110","SRC_DATA":"USGS DOQQ","SRC_RES":"1-m pixel","SRC_VECT":"APPLIED COASTAL/UNO","SRC_RAST":"c2909232.nes","DIG_NOTES":" ","REGION":"AB","CONTRACTOR":"APPLIED COASTAL","ORG":"COASTAL PROTECTION AND RESTORATION AUTHORITY OF LOUISIANA (CPRA)","SRC_REG":"USGS","DATAURL":"http://cims.coastal.louisiana.gov/meta_docs/gis_refs/shoreline/BICM2/LA-0226_SHORL_0000000000_1998011019980310_RAC0004.zip","Meta_xml":"http://cims.coastal.louisiana.gov/meta_docs/gis_refs/shoreline/BICM2/Shoreline_Metadata.xml","Meta_html":"http://cims.coastal.louisiana.gov/meta_docs/gis_refs/shoreline/BICM2/Shoreline_Metadata.html","COMMENTS":null,"SHAPE_Length":238.5451961133852,"DSAS_DATE":"01/10/1998","DSAS_UNCER":null,"year":1998}},{"type":"Feature","id":14286,"geometry":{"type":"LineString","coordinates":[[-92.017493,29.580612],[-92.017821,29.580634],[-92.018261,29.581062],[-92.018531,29.580583],[-92.018119,29.580203],[-92.018131,29.580036],[-92.018524,29.579604],[-92.018277,29.579474],[-92.017597,29.579776],[-92.018016,29.579177],[-92.017374,29.579204]]},"properties":{"OBJECTID":14286,"PROGRAM":"STATE","PROJECT":"LOUISIANA BARRIER ISLAND COMPREHENSIVE MONITORING PROGRAM (BICM)","PROJ_ID":"LA-0226","PROD_DATE":"20160926","SHORE_TYPE":"MARSH","SRC_DATE":"19980110","SRC_DATA":"USGS DOQQ","SRC_RES":"1-m pixel","SRC_VECT":"APPLIED COASTAL/UNO","SRC_RAST":"c2909232.nes","DIG_NOTES":" ","REGION":"AB","CONTRACTOR":"APPLIED COASTAL","ORG":"COASTAL PROTECTION AND RESTORATION AUTHORITY OF LOUISIANA (CPRA)","SRC_REG":"USGS","DATAURL":"http://cims.coastal.louisiana.gov/meta_docs/gis_refs/shoreline/BICM2/LA-0226_SHORL_0000000000_1998011019980310_RAC0004.zip","Meta_xml":"http://cims.coastal.louisiana.gov/meta_docs/gis_refs/shoreline/BICM2/Shoreline_Metadata.xml","Meta_html":"http://cims.coastal.louisiana.gov/meta_docs/gis_refs/shoreline/BICM2/Shoreline_Metadata.html","COMMENTS":null,"SHAPE_Length":570.4410757789567,"DSAS_DATE":"01/10/1998","DSAS_UNCER":null,"year":1998}},{"type":"Feature","id":14287,"geometry":{"type":"LineString","coordinates":[[-92.018626,29.57847],[-92.018668,29.578732],[-92.019364,29.578609],[-92.02017,29.5787],[-92.020442,29.578496],[-92.020331,29.578294],[-92.020182,29.578474],[-92.019622,29.578429],[-92.019894,29.578236],[-92.019756,29.578094],[-92.019237,29.578073],[-92.019192,29.577381]]},"properties":{"OBJECTID":14287,"PROGRAM":"STATE","PROJECT":"LOUISIANA BARRIER ISLAND COMPREHENSIVE MONITORING PROGRAM (BICM)","PROJ_ID":"LA-0226","PROD_DATE":"20160926","SHORE_TYPE":"MARSH","SRC_DATE":"19980110","SRC_DATA":"USGS DOQQ","SRC_RES":"1-m pixel","SRC_VECT":"APPLIED COASTAL/UNO","SRC_RAST":"c2909232.nes","DIG_NOTES":" ","REGION":"AB","CONTRACTOR":"APPLIED COASTAL","ORG":"COASTAL PROTECTION AND RESTORATION AUTHORITY OF LOUISIANA (CPRA)","SRC_REG":"USGS","DATAURL":"http://cims.coastal.louisiana.gov/meta_docs/gis_refs/shoreline/BICM2/LA-0226_SHORL_0000000000_1998011019980310_RAC0004.zip","Meta_xml":"http://cims.coastal.louisiana.gov/meta_docs/gis_refs/shoreline/BICM2/Shoreline_Metadata.xml","Meta_html":"http://cims.coastal.louisiana.gov/meta_docs/gis_refs/shoreline/BICM2/Shoreline_Metadata.html","COMMENTS":null,"SHAPE_Length":522.251372429917,"DSAS_DATE":"01/10/1998","DSAS_UNCER":null,"year":1998}},{"type":"Feature","id":14288,"geometry":{"type":"LineString","coordinates":[[-92.019546,29.577295],[-92.019685,29.577617],[-92.020286,29.577602],[-92.02068,29.577397],[-92.020954,29.577586],[-92.021345,29.576749],[-92.020992,29.577061],[-92.020746,29.577015],[-92.020949,29.576834],[-92.020771,29.576644],[-92.020527,29.577028],[-92.020152,29.57701],[-92.020028,29.576725]]},"properties":{"OBJECTID":14288,"PROGRAM":"STATE","PROJECT":"LOUISIANA BARRIER ISLAND COMPREHENSIVE MONITORING PROGRAM (BICM)","PROJ_ID":"LA-0226","PROD_DATE":"20160926","SHORE_TYPE":"MARSH","SRC_DATE":"19980110","SRC_DATA":"USGS DOQQ","SRC_RES":"1-m pixel","SRC_VECT":"APPLIED COASTAL/UNO","SRC_RAST":"c2909232.nes","DIG_NOTES":" ","REGION":"AB","CONTRACTOR":"APPLIED COASTAL","ORG":"COASTAL PROTECTION AND RESTORATION AUTHORITY OF LOUISIANA (CPRA)","SRC_REG":"USGS","DATAURL":"http://cims.coastal.louisiana.gov/meta_docs/gis_refs/shoreline/BICM2/LA-0226_SHORL_0000000000_1998011019980310_RAC0004.zip","Meta_xml":"http://cims.coastal.louisiana.gov/meta_docs/gis_refs/shoreline/BICM2/Shoreline_Metadata.xml","Meta_html":"http://cims.coastal.louisiana.gov/meta_docs/gis_refs/shoreline/BICM2/Shoreline_Metadata.html","COMMENTS":null,"SHAPE_Length":545.4959225380516,"DSAS_DATE":"01/10/1998","DSAS_UNCER":null,"year":1998}},{"type":"Feature","id":14289,"geometry":{"type":"LineString","coordinates":[[-92.02038,29.576317],[-92.020707,29.576303],[-92.020736,29.57647],[-92.020369,29.576771],[-92.02015,29.576724]]},"properties":{"OBJECTID":14289,"PROGRAM":"STATE","PROJECT":"LOUISIANA BARRIER ISLAND COMPREHENSIVE MONITORING PROGRAM (BICM)","PROJ_ID":"LA-0226","PROD_DATE":"20160926","SHORE_TYPE":"MARSH","SRC_DATE":"19980110","SRC_DATA":"USGS DOQQ","SRC_RES":"1-m pixel","SRC_VECT":"APPLIED COASTAL/UNO","SRC_RAST":"c2909232.nes","DIG_NOTES":" ","REGION":"AB","CONTRACTOR":"APPLIED COASTAL","ORG":"COASTAL PROTECTION AND RESTORATION AUTHORITY OF LOUISIANA (CPRA)","SRC_REG":"USGS","DATAURL":"http://cims.coastal.louisiana.gov/meta_docs/gis_refs/shoreline/BICM2/LA-0226_SHORL_0000000000_1998011019980310_RAC0004.zip","Meta_xml":"http://cims.coastal.louisiana.gov/meta_docs/gis_refs/shoreline/BICM2/Shoreline_Metadata.xml","Meta_html":"http://cims.coastal.louisiana.gov/meta_docs/gis_refs/shoreline/BICM2/Shoreline_Metadata.html","COMMENTS":null,"SHAPE_Length":134.16825761533016,"DSAS_DATE":"01/10/1998","DSAS_UNCER":null,"year":1998}},{"type":"Feature","id":14290,"geometry":{"type":"LineString","coordinates":[[-92.018668,29.588627],[-92.018818,29.58865],[-92.01906,29.588033],[-92.019599,29.58857],[-92.019625,29.588814],[-92.018577,29.589585],[-92.017827,29.590768],[-92.017088,29.590691],[-92.015056,29.591124],[-92.014453,29.590631],[-92.014809,29.590418],[-92.014658,29.590228],[-92.014942,29.589904],[-92.014135,29.58967],[-92.013535,29.589744],[-92.013448,29.589088]]},"properties":{"OBJECTID":14290,"PROGRAM":"STATE","PROJECT":"LOUISIANA BARRIER ISLAND COMPREHENSIVE MONITORING PROGRAM (BICM)","PROJ_ID":"LA-0226","PROD_DATE":"20160926","SHORE_TYPE":"MARSH","SRC_DATE":"19980110","SRC_DATA":"USGS DOQQ","SRC_RES":"1-m pixel","SRC_VECT":"APPLIED COASTAL/UNO","SRC_RAST":"c2909232.nes","DIG_NOTES":" ","REGION":"AB","CONTRACTOR":"APPLIED COASTAL","ORG":"COASTAL PROTECTION AND RESTORATION AUTHORITY OF LOUISIANA (CPRA)","SRC_REG":"USGS","DATAURL":"http://cims.coastal.louisiana.gov/meta_docs/gis_refs/shoreline/BICM2/LA-0226_SHORL_0000000000_1998011019980310_RAC0004.zip","Meta_xml":"http://cims.coastal.louisiana.gov/meta_docs/gis_refs/shoreline/BICM2/Shoreline_Metadata.xml","Meta_html":"http://cims.coastal.louisiana.gov/meta_docs/gis_refs/shoreline/BICM2/Shoreline_Metadata.html","COMMENTS":null,"SHAPE_Length":1212.3127021541557,"DSAS_DATE":"01/10/1998","DSAS_UNCER":null,"year":1998}},{"type":"Feature","id":14291,"geometry":{"type":"LineString","coordinates":[[-92.012855,29.590225],[-92.013127,29.589985],[-92.013014,29.589473],[-92.012563,29.589451]]},"properties":{"OBJECTID":14291,"PROGRAM":"STATE","PROJECT":"LOUISIANA BARRIER ISLAND COMPREHENSIVE MONITORING PROGRAM (BICM)","PROJ_ID":"LA-0226","PROD_DATE":"20160926","SHORE_TYPE":"MARSH","SRC_DATE":"19980110","SRC_DATA":"USGS DOQQ","SRC_RES":"1-m pixel","SRC_VECT":"APPLIED COASTAL/UNO","SRC_RAST":"c2909232.nes","DIG_NOTES":" ","REGION":"AB","CONTRACTOR":"APPLIED COASTAL","ORG":"COASTAL PROTECTION AND RESTORATION AUTHORITY OF LOUISIANA (CPRA)","SRC_REG":"USGS","DATAURL":"http://cims.coastal.louisiana.gov/meta_docs/gis_refs/shoreline/BICM2/LA-0226_SHORL_0000000000_1998011019980310_RAC0004.zip","Meta_xml":"http://cims.coastal.louisiana.gov/meta_docs/gis_refs/shoreline/BICM2/Shoreline_Metadata.xml","Meta_html":"http://cims.coastal.louisiana.gov/meta_docs/gis_refs/shoreline/BICM2/Shoreline_Metadata.html","COMMENTS":null,"SHAPE_Length":140.7259802593161,"DSAS_DATE":"01/10/1998","DSAS_UNCER":null,"year":1998}},{"type":"Feature","id":14292,"geometry":{"type":"LineString","coordinates":[[-92.012193,29.590854],[-92.012423,29.590768],[-92.012606,29.591042],[-92.012851,29.591013],[-92.013184,29.59045],[-92.014206,29.590111],[-92.013264,29.590092],[-92.012883,29.590261]]},"properties":{"OBJECTID":14292,"PROGRAM":"STATE","PROJECT":"LOUISIANA BARRIER ISLAND COMPREHENSIVE MONITORING PROGRAM (BICM)","PROJ_ID":"LA-0226","PROD_DATE":"20160926","SHORE_TYPE":"MARSH","SRC_DATE":"19980110","SRC_DATA":"USGS DOQQ","SRC_RES":"1-m pixel","SRC_VECT":"APPLIED COASTAL/UNO","SRC_RAST":"c2909232.nes","DIG_NOTES":" ","REGION":"AB","CONTRACTOR":"APPLIED COASTAL","ORG":"COASTAL PROTECTION AND RESTORATION AUTHORITY OF LOUISIANA (CPRA)","SRC_REG":"USGS","DATAURL":"http://cims.coastal.louisiana.gov/meta_docs/gis_refs/shoreline/BICM2/LA-0226_SHORL_0000000000_1998011019980310_RAC0004.zip","Meta_xml":"http://cims.coastal.louisiana.gov/meta_docs/gis_refs/shoreline/BICM2/Shoreline_Metadata.xml","Meta_html":"http://cims.coastal.louisiana.gov/meta_docs/gis_refs/shoreline/BICM2/Shoreline_Metadata.html","COMMENTS":null,"SHAPE_Length":417.99685797167,"DSAS_DATE":"01/10/1998","DSAS_UNCER":null,"year":1998}},{"type":"Feature","id":14293,"geometry":{"type":"LineString","coordinates":[[-92.01039,29.591289],[-92.011403,29.591653],[-92.01167,29.591495],[-92.011615,29.591228],[-92.012058,29.591278],[-92.012,29.591076],[-92.012193,29.590854]]},"properties":{"OBJECTID":14293,"PROGRAM":"STATE","PROJECT":"LOUISIANA BARRIER ISLAND COMPREHENSIVE MONITORING PROGRAM (BICM)","PROJ_ID":"LA-0226","PROD_DATE":"20160926","SHORE_TYPE":"MARSH","SRC_DATE":"19980110","SRC_DATA":"USGS DOQQ","SRC_RES":"1-m pixel","SRC_VECT":"APPLIED COASTAL/UNO","SRC_RAST":"c2909232.nes","DIG_NOTES":" ","REGION":"AB","CONTRACTOR":"APPLIED COASTAL","ORG":"COASTAL PROTECTION AND RESTORATION AUTHORITY OF LOUISIANA (CPRA)","SRC_REG":"USGS","DATAURL":"http://cims.coastal.louisiana.gov/meta_docs/gis_refs/shoreline/BICM2/LA-0226_SHORL_0000000000_1998011019980310_RAC0004.zip","Meta_xml":"http://cims.coastal.louisiana.gov/meta_docs/gis_refs/shoreline/BICM2/Shoreline_Metadata.xml","Meta_html":"http://cims.coastal.louisiana.gov/meta_docs/gis_refs/shoreline/BICM2/Shoreline_Metadata.html","COMMENTS":null,"SHAPE_Length":296.94396365552456,"DSAS_DATE":"01/10/1998","DSAS_UNCER":null,"year":1998}},{"type":"Feature","id":14294,"geometry":{"type":"LineString","coordinates":[[-92.005585,29.592014],[-92.006701,29.592545]]},"properties":{"OBJECTID":14294,"PROGRAM":"STATE","PROJECT":"LOUISIANA BARRIER ISLAND COMPREHENSIVE MONITORING PROGRAM (BICM)","PROJ_ID":"LA-0226","PROD_DATE":"20160926","SHORE_TYPE":"MARSH","SRC_DATE":"19980110","SRC_DATA":"USGS DOQQ","SRC_RES":"1-m pixel","SRC_VECT":"APPLIED COASTAL/UNO","SRC_RAST":"c2909232.nes","DIG_NOTES":" ","REGION":"AB","CONTRACTOR":"APPLIED COASTAL","ORG":"COASTAL PROTECTION AND RESTORATION AUTHORITY OF LOUISIANA (CPRA)","SRC_REG":"USGS","DATAURL":"http://cims.coastal.louisiana.gov/meta_docs/gis_refs/shoreline/BICM2/LA-0226_SHORL_0000000000_1998011019980310_RAC0004.zip","Meta_xml":"http://cims.coastal.louisiana.gov/meta_docs/gis_refs/shoreline/BICM2/Shoreline_Metadata.xml","Meta_html":"http://cims.coastal.louisiana.gov/meta_docs/gis_refs/shoreline/BICM2/Shoreline_Metadata.html","COMMENTS":null,"SHAPE_Length":130.22607011811616,"DSAS_DATE":"01/10/1998","DSAS_UNCER":null,"year":1998}},{"type":"Feature","id":14295,"geometry":{"type":"LineString","coordinates":[[-92.010103,29.591159],[-92.01055,29.591802],[-92.010314,29.591948],[-92.009834,29.591947],[-92.009423,29.591616],[-92.008986,29.591523],[-92.00897,29.591284]]},"properties":{"OBJECTID":14295,"PROGRAM":"STATE","PROJECT":"LOUISIANA BARRIER ISLAND COMPREHENSIVE MONITORING PROGRAM (BICM)","PROJ_ID":"LA-0226","PROD_DATE":"20160926","SHORE_TYPE":"MARSH","SRC_DATE":"19980110","SRC_DATA":"USGS DOQQ","SRC_RES":"1-m pixel","SRC_VECT":"APPLIED COASTAL/UNO","SRC_RAST":"c2909232.nes","DIG_NOTES":" ","REGION":"AB","CONTRACTOR":"APPLIED COASTAL","ORG":"COASTAL PROTECTION AND RESTORATION AUTHORITY OF LOUISIANA (CPRA)","SRC_REG":"USGS","DATAURL":"http://cims.coastal.louisiana.gov/meta_docs/gis_refs/shoreline/BICM2/LA-0226_SHORL_0000000000_1998011019980310_RAC0004.zip","Meta_xml":"http://cims.coastal.louisiana.gov/meta_docs/gis_refs/shoreline/BICM2/Shoreline_Metadata.xml","Meta_html":"http://cims.coastal.louisiana.gov/meta_docs/gis_refs/shoreline/BICM2/Shoreline_Metadata.html","COMMENTS":null,"SHAPE_Length":299.4607923747251,"DSAS_DATE":"01/10/1998","DSAS_UNCER":null,"year":1998}},{"type":"Feature","id":14296,"geometry":{"type":"LineString","coordinates":[[-92.009089,29.592176],[-92.008963,29.591669]]},"properties":{"OBJECTID":14296,"PROGRAM":"STATE","PROJECT":"LOUISIANA BARRIER ISLAND COMPREHENSIVE MONITORING PROGRAM (BICM)","PROJ_ID":"LA-0226","PROD_DATE":"20160926","SHORE_TYPE":"MARSH","SRC_DATE":"19980110","SRC_DATA":"USGS DOQQ","SRC_RES":"1-m pixel","SRC_VECT":"APPLIED COASTAL/UNO","SRC_RAST":"c2909232.nes","DIG_NOTES":" ","REGION":"AB","CONTRACTOR":"APPLIED COASTAL","ORG":"COASTAL PROTECTION AND RESTORATION AUTHORITY OF LOUISIANA (CPRA)","SRC_REG":"USGS","DATAURL":"http://cims.coastal.louisiana.gov/meta_docs/gis_refs/shoreline/BICM2/LA-0226_SHORL_0000000000_1998011019980310_RAC0004.zip","Meta_xml":"http://cims.coastal.louisiana.gov/meta_docs/gis_refs/shoreline/BICM2/Shoreline_Metadata.xml","Meta_html":"http://cims.coastal.louisiana.gov/meta_docs/gis_refs/shoreline/BICM2/Shoreline_Metadata.html","COMMENTS":null,"SHAPE_Length":60.22034415936533,"DSAS_DATE":"01/10/1998","DSAS_UNCER":null,"year":1998}},{"type":"Feature","id":14297,"geometry":{"type":"LineString","coordinates":[[-92.009089,29.592176],[-92.008873,29.592303],[-92.008624,29.592006],[-92.00859,29.592218],[-92.008389,29.5922],[-92.008114,29.591885]]},"properties":{"OBJECTID":14297,"PROGRAM":"STATE","PROJECT":"LOUISIANA BARRIER ISLAND COMPREHENSIVE MONITORING PROGRAM (BICM)","PROJ_ID":"LA-0226","PROD_DATE":"20160926","SHORE_TYPE":"MARSH","SRC_DATE":"19980110","SRC_DATA":"USGS DOQQ","SRC_RES":"1-m pixel","SRC_VECT":"APPLIED COASTAL/UNO","SRC_RAST":"c2909232.nes","DIG_NOTES":" ","REGION":"AB","CONTRACTOR":"APPLIED COASTAL","ORG":"COASTAL PROTECTION AND RESTORATION AUTHORITY OF LOUISIANA (CPRA)","SRC_REG":"USGS","DATAURL":"http://cims.coastal.louisiana.gov/meta_docs/gis_refs/shoreline/BICM2/LA-0226_SHORL_0000000000_1998011019980310_RAC0004.zip","Meta_xml":"http://cims.coastal.louisiana.gov/meta_docs/gis_refs/shoreline/BICM2/Shoreline_Metadata.xml","Meta_html":"http://cims.coastal.louisiana.gov/meta_docs/gis_refs/shoreline/BICM2/Shoreline_Metadata.html","COMMENTS":null,"SHAPE_Length":158.32119969224735,"DSAS_DATE":"01/10/1998","DSAS_UNCER":null,"year":1998}},{"type":"Feature","id":14298,"geometry":{"type":"LineString","coordinates":[[-92.008005,29.591921],[-92.008213,29.592374],[-92.008064,29.592649],[-92.007819,29.592686],[-92.007297,29.592295],[-92.007669,29.592723],[-92.00715,29.592666],[-92.00708,29.592439],[-92.007081,29.592642],[-92.006701,29.592545]]},"properties":{"OBJECTID":14298,"PROGRAM":"STATE","PROJECT":"LOUISIANA BARRIER ISLAND COMPREHENSIVE MONITORING PROGRAM (BICM)","PROJ_ID":"LA-0226","PROD_DATE":"20160926","SHORE_TYPE":"MARSH","SRC_DATE":"19980110","SRC_DATA":"USGS DOQQ","SRC_RES":"1-m pixel","SRC_VECT":"APPLIED COASTAL/UNO","SRC_RAST":"c2909232.nes","DIG_NOTES":" ","REGION":"AB","CONTRACTOR":"APPLIED COASTAL","ORG":"COASTAL PROTECTION AND RESTORATION AUTHORITY OF LOUISIANA (CPRA)","SRC_REG":"USGS","DATAURL":"http://cims.coastal.louisiana.gov/meta_docs/gis_refs/shoreline/BICM2/LA-0226_SHORL_0000000000_1998011019980310_RAC0004.zip","Meta_xml":"http://cims.coastal.louisiana.gov/meta_docs/gis_refs/shoreline/BICM2/Shoreline_Metadata.xml","Meta_html":"http://cims.coastal.louisiana.gov/meta_docs/gis_refs/shoreline/BICM2/Shoreline_Metadata.html","COMMENTS":null,"SHAPE_Length":393.3360785045382,"DSAS_DATE":"01/10/1998","DSAS_UNCER":null,"year":1998}},{"type":"Feature","id":14299,"geometry":{"type":"LineString","coordinates":[[-92.00846,29.593146],[-92.008657,29.593176]]},"properties":{"OBJECTID":14299,"PROGRAM":"STATE","PROJECT":"LOUISIANA BARRIER ISLAND COMPREHENSIVE MONITORING PROGRAM (BICM)","PROJ_ID":"LA-0226","PROD_DATE":"20160926","SHORE_TYPE":"MARSH","SRC_DATE":"19980110","SRC_DATA":"USGS DOQQ","SRC_RES":"1-m pixel","SRC_VECT":"APPLIED COASTAL/UNO","SRC_RAST":"c2909232.nes","DIG_NOTES":" ","REGION":"AB","CONTRACTOR":"APPLIED COASTAL","ORG":"COASTAL PROTECTION AND RESTORATION AUTHORITY OF LOUISIANA (CPRA)","SRC_REG":"USGS","DATAURL":"http://cims.coastal.louisiana.gov/meta_docs/gis_refs/shoreline/BICM2/LA-0226_SHORL_0000000000_1998011019980310_RAC0004.zip","Meta_xml":"http://cims.coastal.louisiana.gov/meta_docs/gis_refs/shoreline/BICM2/Shoreline_Metadata.xml","Meta_html":"http://cims.coastal.louisiana.gov/meta_docs/gis_refs/shoreline/BICM2/Shoreline_Metadata.html","COMMENTS":null,"SHAPE_Length":19.826720903554765,"DSAS_DATE":"01/10/1998","DSAS_UNCER":null,"year":1998}},{"type":"Feature","id":14300,"geometry":{"type":"LineString","coordinates":[[-92.006458,29.595631],[-92.006575,29.595749],[-92.006474,29.59593],[-92.006092,29.595882],[-92.005848,29.596146],[-92.006084,29.596646],[-92.005977,29.596969],[-92.006267,29.597009]]},"properties":{"OBJECTID":14300,"PROGRAM":"STATE","PROJECT":"LOUISIANA BARRIER ISLAND COMPREHENSIVE MONITORING PROGRAM (BICM)","PROJ_ID":"LA-0226","PROD_DATE":"20160926","SHORE_TYPE":"MARSH","SRC_DATE":"19980110","SRC_DATA":"USGS DOQQ","SRC_RES":"1-m pixel","SRC_VECT":"APPLIED COASTAL/UNO","SRC_RAST":"c2909232.nes","DIG_NOTES":" ","REGION":"AB","CONTRACTOR":"APPLIED COASTAL","ORG":"COASTAL PROTECTION AND RESTORATION AUTHORITY OF LOUISIANA (CPRA)","SRC_REG":"USGS","DATAURL":"http://cims.coastal.louisiana.gov/meta_docs/gis_refs/shoreline/BICM2/LA-0226_SHORL_0000000000_1998011019980310_RAC0004.zip","Meta_xml":"http://cims.coastal.louisiana.gov/meta_docs/gis_refs/shoreline/BICM2/Shoreline_Metadata.xml","Meta_html":"http://cims.coastal.louisiana.gov/meta_docs/gis_refs/shoreline/BICM2/Shoreline_Metadata.html","COMMENTS":null,"SHAPE_Length":259.53248215042544,"DSAS_DATE":"01/10/1998","DSAS_UNCER":null,"year":1998}},{"type":"Feature","id":14302,"geometry":{"type":"LineString","coordinates":[[-92.023357,29.575989],[-92.023118,29.57609],[-92.023357,29.575989]]},"properties":{"OBJECTID":14302,"PROGRAM":"STATE","PROJECT":"LOUISIANA BARRIER ISLAND COMPREHENSIVE MONITORING PROGRAM (BICM)","PROJ_ID":"LA-0226","PROD_DATE":"20160926","SHORE_TYPE":"MARSH","SRC_DATE":"19980110","SRC_DATA":"USGS DOQQ","SRC_RES":"1-m pixel","SRC_VECT":"APPLIED COASTAL/UNO","SRC_RAST":"c2909232.nes","DIG_NOTES":" ","REGION":"AB","CONTRACTOR":"APPLIED COASTAL","ORG":"COASTAL PROTECTION AND RESTORATION AUTHORITY OF LOUISIANA (CPRA)","SRC_REG":"USGS","DATAURL":"http://cims.coastal.louisiana.gov/meta_docs/gis_refs/shoreline/BICM2/LA-0226_SHORL_0000000000_1998011019980310_RAC0004.zip","Meta_xml":"http://cims.coastal.louisiana.gov/meta_docs/gis_refs/shoreline/BICM2/Shoreline_Metadata.xml","Meta_html":"http://cims.coastal.louisiana.gov/meta_docs/gis_refs/shoreline/BICM2/Shoreline_Metadata.html","COMMENTS":null,"SHAPE_Length":67.86377732747836,"DSAS_DATE":"01/10/1998","DSAS_UNCER":null,"year":1998}},{"type":"Feature","id":14325,"geometry":{"type":"LineString","coordinates":[[-92.006267,29.597009],[-92.005979,29.597351],[-92.005956,29.597983],[-92.005494,29.598368],[-92.005879,29.598652],[-92.006047,29.599332],[-92.005937,29.600004],[-92.005752,29.60011],[-92.00592,29.600759],[-92.005595,29.601238],[-92.005664,29.601753],[-92.005381,29.601831],[-92.005051,29.602399],[-92.004989,29.602906],[-92.005154,29.603],[-92.005014,29.603345],[-92.004665,29.603385],[-92.004481,29.603768],[-92.003739,29.603934],[-92.003251,29.604366],[-92.001734,29.604603],[-92.001127,29.605341],[-92.000006,29.605742]]},"properties":{"OBJECTID":14325,"PROGRAM":"STATE","PROJECT":"LOUISIANA BARRIER ISLAND COMPREHENSIVE MONITORING PROGRAM (BICM)","PROJ_ID":"LA-0226","PROD_DATE":"20160926","SHORE_TYPE":"MARSH","SRC_DATE":"19980110","SRC_DATA":"USGS DOQQ","SRC_RES":"1-m pixel","SRC_VECT":"APPLIED COASTAL/UNO","SRC_RAST":"c2909232.nes","DIG_NOTES":" ","REGION":"AB","CONTRACTOR":"APPLIED COASTAL","ORG":"COASTAL PROTECTION AND RESTORATION AUTHORITY OF LOUISIANA (CPRA)","SRC_REG":"USGS","DATAURL":"http://cims.coastal.louisiana.gov/meta_docs/gis_refs/shoreline/BICM2/LA-0226_SHORL_0000000000_1998011019980310_RAC0004.zip","Meta_xml":"http://cims.coastal.louisiana.gov/meta_docs/gis_refs/shoreline/BICM2/Shoreline_Metadata.xml","Meta_html":"http://cims.coastal.louisiana.gov/meta_docs/gis_refs/shoreline/BICM2/Shoreline_Metadata.html","COMMENTS":null,"SHAPE_Length":1475.0524720207054,"DSAS_DATE":"01/10/1998","DSAS_UNCER":null,"year":1998}},{"type":"Feature","id":14326,"geometry":{"type":"LineString","coordinates":[[-92.003365,29.555113],[-92.006684,29.557435],[-92.011216,29.559465]]},"properties":{"OBJECTID":14326,"PROGRAM":"STATE","PROJECT":"LOUISIANA BARRIER ISLAND COMPREHENSIVE MONITORING PROGRAM (BICM)","PROJ_ID":"LA-0226","PROD_DATE":"20160926","SHORE_TYPE":"MIXED","SRC_DATE":"19980110","SRC_DATA":"USGS DOQQ","SRC_RES":"1-m pixel","SRC_VECT":"APPLIED COASTAL/UNO","SRC_RAST":"c2909232.ses","DIG_NOTES":" ","REGION":"AB","CONTRACTOR":"APPLIED COASTAL","ORG":"COASTAL PROTECTION AND RESTORATION AUTHORITY OF LOUISIANA (CPRA)","SRC_REG":"USGS","DATAURL":"http://cims.coastal.louisiana.gov/meta_docs/gis_refs/shoreline/BICM2/LA-0226_SHORL_0000000000_1998011019980310_RAC0004.zip","Meta_xml":"http://cims.coastal.louisiana.gov/meta_docs/gis_refs/shoreline/BICM2/Shoreline_Metadata.xml","Meta_html":"http://cims.coastal.louisiana.gov/meta_docs/gis_refs/shoreline/BICM2/Shoreline_Metadata.html","COMMENTS":null,"SHAPE_Length":907.3431998131576,"DSAS_DATE":"01/10/1998","DSAS_UNCER":null,"year":1998}},{"type":"Feature","id":14329,"geometry":{"type":"LineString","coordinates":[[-91.854999,29.751102],[-91.854999,29.751102]]},"properties":{"OBJECTID":14329,"PROGRAM":"STATE","PROJECT":"LOUISIANA BARRIER ISLAND COMPREHENSIVE MONITORING PROGRAM (BICM)","PROJ_ID":"LA-0226","PROD_DATE":"20160926","SHORE_TYPE":"MARSH","SRC_DATE":"19980110","SRC_DATA":"USGS DOQQ","SRC_RES":"1-m pixel","SRC_VECT":"APPLIED COASTAL/UNO","SRC_RAST":"c2909110.sws","DIG_NOTES":" ","REGION":"AB","CONTRACTOR":"APPLIED COASTAL","ORG":"COASTAL PROTECTION AND RESTORATION AUTHORITY OF LOUISIANA (CPRA)","SRC_REG":"USGS","DATAURL":"http://cims.coastal.louisiana.gov/meta_docs/gis_refs/shoreline/BICM2/LA-0226_SHORL_0000000000_1998011019980310_RAC0004.zip","Meta_xml":"http://cims.coastal.louisiana.gov/meta_docs/gis_refs/shoreline/BICM2/Shoreline_Metadata.xml","Meta_html":"http://cims.coastal.louisiana.gov/meta_docs/gis_refs/shoreline/BICM2/Shoreline_Metadata.html","COMMENTS":null,"SHAPE_Length":5.121618231489032,"DSAS_DATE":"01/10/1998","DSAS_UNCER":null,"year":1998}},{"type":"Feature","id":14330,"geometry":{"type":"LineString","coordinates":[[-91.824442,29.780439],[-91.825003,29.78049],[-91.826345,29.780216],[-91.826719,29.780474],[-91.826714,29.780635],[-91.826142,29.781035],[-91.825728,29.781609],[-91.825535,29.782345],[-91.825122,29.782796]]},"properties":{"OBJECTID":14330,"PROGRAM":"STATE","PROJECT":"LOUISIANA BARRIER ISLAND COMPREHENSIVE MONITORING PROGRAM (BICM)","PROJ_ID":"LA-0226","PROD_DATE":"20160926","SHORE_TYPE":"MARSH","SRC_DATE":"19980110","SRC_DATA":"USGS DOQQ","SRC_RES":"1-m pixel","SRC_VECT":"APPLIED COASTAL/UNO","SRC_RAST":"c2909110.sws","DIG_NOTES":" ","REGION":"AB","CONTRACTOR":"APPLIED COASTAL","ORG":"COASTAL PROTECTION AND RESTORATION AUTHORITY OF LOUISIANA (CPRA)","SRC_REG":"USGS","DATAURL":"http://cims.coastal.louisiana.gov/meta_docs/gis_refs/shoreline/BICM2/LA-0226_SHORL_0000000000_1998011019980310_RAC0004.zip","Meta_xml":"http://cims.coastal.louisiana.gov/meta_docs/gis_refs/shoreline/BICM2/Shoreline_Metadata.xml","Meta_html":"http://cims.coastal.louisiana.gov/meta_docs/gis_refs/shoreline/BICM2/Shoreline_Metadata.html","COMMENTS":null,"SHAPE_Length":559.6074973995712,"DSAS_DATE":"01/10/1998","DSAS_UNCER":null,"year":1998}},{"type":"Feature","id":14331,"geometry":{"type":"LineString","coordinates":[[-91.821638,29.799938],[-91.820384,29.799076],[-91.820303,29.798735],[-91.820438,29.798436],[-91.821095,29.798421],[-91.8212,29.798197],[-91.821484,29.798391],[-91.821572,29.79799],[-91.820468,29.797876],[-91.819954,29.796841],[-91.818285,29.796048],[-91.817806,29.795469],[-91.817478,29.793604],[-91.817646,29.79317],[-91.81812,29.793325],[-91.818569,29.794015],[-91.818981,29.794252],[-91.820856,29.79399],[-91.821718,29.794277],[-91.822229,29.795183],[-91.822288,29.796113],[-91.8227,29.796351],[-91.822907,29.796887],[-91.822694,29.798021],[-91.822368,29.798584],[-91.822357,29.799049],[-91.821771,29.799469],[-91.821745,29.799863],[-91.821952,29.800149],[-91.821638,29.799938]]},"properties":{"OBJECTID":14331,"PROGRAM":"STATE","PROJECT":"LOUISIANA BARRIER ISLAND COMPREHENSIVE MONITORING PROGRAM (BICM)","PROJ_ID":"LA-0226","PROD_DATE":"20160926","SHORE_TYPE":"MARSH","SRC_DATE":"19980110","SRC_DATA":"USGS DOQQ","SRC_RES":"1-m pixel","SRC_VECT":"APPLIED COASTAL/UNO","SRC_RAST":"c2909110.sws","DIG_NOTES":" ","REGION":"AB","CONTRACTOR":"APPLIED COASTAL","ORG":"COASTAL PROTECTION AND RESTORATION AUTHORITY OF LOUISIANA (CPRA)","SRC_REG":"USGS","DATAURL":"http://cims.coastal.louisiana.gov/meta_docs/gis_refs/shoreline/BICM2/LA-0226_SHORL_0000000000_1998011019980310_RAC0004.zip","Meta_xml":"http://cims.coastal.louisiana.gov/meta_docs/gis_refs/shoreline/BICM2/Shoreline_Metadata.xml","Meta_html":"http://cims.coastal.louisiana.gov/meta_docs/gis_refs/shoreline/BICM2/Shoreline_Metadata.html","COMMENTS":null,"SHAPE_Length":2431.565158461256,"DSAS_DATE":"01/10/1998","DSAS_UNCER":null,"year":1998}},{"type":"Feature","id":14332,"geometry":{"type":"LineString","coordinates":[[-91.822862,29.800703],[-91.822727,29.800786],[-91.822586,29.800613],[-91.822743,29.800539],[-91.822862,29.800703]]},"properties":{"OBJECTID":14332,"PROGRAM":"STATE","PROJECT":"LOUISIANA BARRIER ISLAND COMPREHENSIVE MONITORING PROGRAM (BICM)","PROJ_ID":"LA-0226","PROD_DATE":"20160926","SHORE_TYPE":"MARSH","SRC_DATE":"19980110","SRC_DATA":"USGS DOQQ","SRC_RES":"1-m pixel","SRC_VECT":"APPLIED COASTAL/UNO","SRC_RAST":"c2909110.sws","DIG_NOTES":" ","REGION":"AB","CONTRACTOR":"APPLIED COASTAL","ORG":"COASTAL PROTECTION AND RESTORATION AUTHORITY OF LOUISIANA (CPRA)","SRC_REG":"USGS","DATAURL":"http://cims.coastal.louisiana.gov/meta_docs/gis_refs/shoreline/BICM2/LA-0226_SHORL_0000000000_1998011019980310_RAC0004.zip","Meta_xml":"http://cims.coastal.louisiana.gov/meta_docs/gis_refs/shoreline/BICM2/Shoreline_Metadata.xml","Meta_html":"http://cims.coastal.louisiana.gov/meta_docs/gis_refs/shoreline/BICM2/Shoreline_Metadata.html","COMMENTS":null,"SHAPE_Length":85.63588413837053,"DSAS_DATE":"01/10/1998","DSAS_UNCER":null,"year":1998}},{"type":"Feature","id":14333,"geometry":{"type":"LineString","coordinates":[[-91.823031,29.802833],[-91.822883,29.803369],[-91.82306,29.803974],[-91.824119,29.805482],[-91.824617,29.805848],[-91.823997,29.805161],[-91.823719,29.804422],[-91.823114,29.80366],[-91.823031,29.802833]]},"properties":{"OBJECTID":14333,"PROGRAM":"STATE","PROJECT":"LOUISIANA BARRIER ISLAND COMPREHENSIVE MONITORING PROGRAM (BICM)","PROJ_ID":"LA-0226","PROD_DATE":"20160926","SHORE_TYPE":"MARSH","SRC_DATE":"19980110","SRC_DATA":"USGS DOQQ","SRC_RES":"1-m pixel","SRC_VECT":"APPLIED COASTAL/UNO","SRC_RAST":"c2909110.sws","DIG_NOTES":" ","REGION":"AB","CONTRACTOR":"APPLIED COASTAL","ORG":"COASTAL PROTECTION AND RESTORATION AUTHORITY OF LOUISIANA (CPRA)","SRC_REG":"USGS","DATAURL":"http://cims.coastal.louisiana.gov/meta_docs/gis_refs/shoreline/BICM2/LA-0226_SHORL_0000000000_1998011019980310_RAC0004.zip","Meta_xml":"http://cims.coastal.louisiana.gov/meta_docs/gis_refs/shoreline/BICM2/Shoreline_Metadata.xml","Meta_html":"http://cims.coastal.louisiana.gov/meta_docs/gis_refs/shoreline/BICM2/Shoreline_Metadata.html","COMMENTS":null,"SHAPE_Length":787.0245382724944,"DSAS_DATE":"01/10/1998","DSAS_UNCER":null,"year":1998}},{"type":"Feature","id":14334,"geometry":{"type":"LineString","coordinates":[[-91.826164,29.807291],[-91.825928,29.808482],[-91.825421,29.809611],[-91.82512,29.810796],[-91.823913,29.811043],[-91.823391,29.810826],[-91.823256,29.810345],[-91.823385,29.809899],[-91.825268,29.809169],[-91.825371,29.808852],[-91.824964,29.808781],[-91.825507,29.807991],[-91.825477,29.807289],[-91.826003,29.806789],[-91.826164,29.807291]]},"properties":{"OBJECTID":14334,"PROGRAM":"STATE","PROJECT":"LOUISIANA BARRIER ISLAND COMPREHENSIVE MONITORING PROGRAM (BICM)","PROJ_ID":"LA-0226","PROD_DATE":"20160926","SHORE_TYPE":"MARSH","SRC_DATE":"19980110","SRC_DATA":"USGS DOQQ","SRC_RES":"1-m pixel","SRC_VECT":"APPLIED COASTAL/UNO","SRC_RAST":"c2909110.sws","DIG_NOTES":" ","REGION":"AB","CONTRACTOR":"APPLIED COASTAL","ORG":"COASTAL PROTECTION AND RESTORATION AUTHORITY OF LOUISIANA (CPRA)","SRC_REG":"USGS","DATAURL":"http://cims.coastal.louisiana.gov/meta_docs/gis_refs/shoreline/BICM2/LA-0226_SHORL_0000000000_1998011019980310_RAC0004.zip","Meta_xml":"http://cims.coastal.louisiana.gov/meta_docs/gis_refs/shoreline/BICM2/Shoreline_Metadata.xml","Meta_html":"http://cims.coastal.louisiana.gov/meta_docs/gis_refs/shoreline/BICM2/Shoreline_Metadata.html","COMMENTS":null,"SHAPE_Length":1311.600871483284,"DSAS_DATE":"01/10/1998","DSAS_UNCER":null,"year":1998}},{"type":"Feature","id":14335,"geometry":{"type":"LineString","coordinates":[[-91.824092,29.812506],[-91.823927,29.812219],[-91.824116,29.811777],[-91.824788,29.811436],[-91.825019,29.811659],[-91.824924,29.812506]]},"properties":{"OBJECTID":14335,"PROGRAM":"STATE","PROJECT":"LOUISIANA BARRIER ISLAND COMPREHENSIVE MONITORING PROGRAM (BICM)","PROJ_ID":"LA-0226","PROD_DATE":"20160926","SHORE_TYPE":"MARSH","SRC_DATE":"19980110","SRC_DATA":"USGS DOQQ","SRC_RES":"1-m pixel","SRC_VECT":"APPLIED COASTAL/UNO","SRC_RAST":"c2909110.sws","DIG_NOTES":" ","REGION":"AB","CONTRACTOR":"APPLIED COASTAL","ORG":"COASTAL PROTECTION AND RESTORATION AUTHORITY OF LOUISIANA (CPRA)","SRC_REG":"USGS","DATAURL":"http://cims.coastal.louisiana.gov/meta_docs/gis_refs/shoreline/BICM2/LA-0226_SHORL_0000000000_1998011019980310_RAC0004.zip","Meta_xml":"http://cims.coastal.louisiana.gov/meta_docs/gis_refs/shoreline/BICM2/Shoreline_Metadata.xml","Meta_html":"http://cims.coastal.louisiana.gov/meta_docs/gis_refs/shoreline/BICM2/Shoreline_Metadata.html","COMMENTS":null,"SHAPE_Length":296.13811245205335,"DSAS_DATE":"01/10/1998","DSAS_UNCER":null,"year":1998}},{"type":"Feature","id":14336,"geometry":{"type":"LineString","coordinates":[[-91.824124,29.808749],[-91.824579,29.807878],[-91.824502,29.807669],[-91.823189,29.808017],[-91.822915,29.807865],[-91.822881,29.807665],[-91.823679,29.807299],[-91.824368,29.807201],[-91.824046,29.806257],[-91.823082,29.806223],[-91.822994,29.806108],[-91.82296,29.805832],[-91.823769,29.805685],[-91.822843,29.804371],[-91.822012,29.804622],[-91.822033,29.80447],[-91.821847,29.804384],[-91.822601,29.804019],[-91.822225,29.803294],[-91.822262,29.802043],[-91.822075,29.801863],[-91.822283,29.801747],[-91.822203,29.801156],[-91.820125,29.799311],[-91.819086,29.799391],[-91.818919,29.798867],[-91.819358,29.79918],[-91.819621,29.799179],[-91.81997,29.798815],[-91.819765,29.797345],[-91.819468,29.796974],[-91.818141,29.796521]]},"properties":{"OBJECTID":14336,"PROGRAM":"STATE","PROJECT":"LOUISIANA BARRIER ISLAND COMPREHENSIVE MONITORING PROGRAM (BICM)","PROJ_ID":"LA-0226","PROD_DATE":"20160926","SHORE_TYPE":"MARSH","SRC_DATE":"19980110","SRC_DATA":"USGS DOQQ","SRC_RES":"1-m pixel","SRC_VECT":"APPLIED COASTAL/UNO","SRC_RAST":"c2909110.sws","DIG_NOTES":" ","REGION":"AB","CONTRACTOR":"APPLIED COASTAL","ORG":"COASTAL PROTECTION AND RESTORATION AUTHORITY OF LOUISIANA (CPRA)","SRC_REG":"USGS","DATAURL":"http://cims.coastal.louisiana.gov/meta_docs/gis_refs/shoreline/BICM2/LA-0226_SHORL_0000000000_1998011019980310_RAC0004.zip","Meta_xml":"http://cims.coastal.louisiana.gov/meta_docs/gis_refs/shoreline/BICM2/Shoreline_Metadata.xml","Meta_html":"http://cims.coastal.louisiana.gov/meta_docs/gis_refs/shoreline/BICM2/Shoreline_Metadata.html","COMMENTS":null,"SHAPE_Length":2501.1483846205415,"DSAS_DATE":"01/10/1998","DSAS_UNCER":null,"year":1998}},{"type":"Feature","id":14337,"geometry":{"type":"LineString","coordinates":[[-91.822737,29.802229],[-91.822747,29.801442],[-91.822883,29.801238],[-91.822979,29.801381],[-91.822817,29.801728],[-91.823091,29.801787],[-91.82312,29.802145],[-91.822998,29.802479],[-91.822737,29.802229]]},"properties":{"OBJECTID":14337,"PROGRAM":"STATE","PROJECT":"LOUISIANA BARRIER ISLAND COMPREHENSIVE MONITORING PROGRAM (BICM)","PROJ_ID":"LA-0226","PROD_DATE":"20160926","SHORE_TYPE":"MARSH","SRC_DATE":"19980110","SRC_DATA":"USGS DOQQ","SRC_RES":"1-m pixel","SRC_VECT":"APPLIED COASTAL/UNO","SRC_RAST":"c2909110.sws","DIG_NOTES":" ","REGION":"AB","CONTRACTOR":"APPLIED COASTAL","ORG":"COASTAL PROTECTION AND RESTORATION AUTHORITY OF LOUISIANA (CPRA)","SRC_REG":"USGS","DATAURL":"http://cims.coastal.louisiana.gov/meta_docs/gis_refs/shoreline/BICM2/LA-0226_SHORL_0000000000_1998011019980310_RAC0004.zip","Meta_xml":"http://cims.coastal.louisiana.gov/meta_docs/gis_refs/shoreline/BICM2/Shoreline_Metadata.xml","Meta_html":"http://cims.coastal.louisiana.gov/meta_docs/gis_refs/shoreline/BICM2/Shoreline_Metadata.html","COMMENTS":null,"SHAPE_Length":345.16261483834785,"DSAS_DATE":"01/10/1998","DSAS_UNCER":null,"year":1998}},{"type":"Feature","id":14338,"geometry":{"type":"LineString","coordinates":[[-91.822706,29.812506],[-91.820506,29.807773]]},"properties":{"OBJECTID":14338,"PROGRAM":"STATE","PROJECT":"LOUISIANA BARRIER ISLAND COMPREHENSIVE MONITORING PROGRAM (BICM)","PROJ_ID":"LA-0226","PROD_DATE":"20160926","SHORE_TYPE":"MARSH","SRC_DATE":"19980110","SRC_DATA":"USGS DOQQ","SRC_RES":"1-m pixel","SRC_VECT":"APPLIED COASTAL/UNO","SRC_RAST":"c2909110.sws","DIG_NOTES":" ","REGION":"AB","CONTRACTOR":"APPLIED COASTAL","ORG":"COASTAL PROTECTION AND RESTORATION AUTHORITY OF LOUISIANA (CPRA)","SRC_REG":"USGS","DATAURL":"http://cims.coastal.louisiana.gov/meta_docs/gis_refs/shoreline/BICM2/LA-0226_SHORL_0000000000_1998011019980310_RAC0004.zip","Meta_xml":"http://cims.coastal.louisiana.gov/meta_docs/gis_refs/shoreline/BICM2/Shoreline_Metadata.xml","Meta_html":"http://cims.coastal.louisiana.gov/meta_docs/gis_refs/shoreline/BICM2/Shoreline_Metadata.html","COMMENTS":null,"SHAPE_Length":571.9401429844577,"DSAS_DATE":"01/10/1998","DSAS_UNCER":null,"year":1998}},{"type":"Feature","id":14339,"geometry":{"type":"LineString","coordinates":[[-91.81641,29.789022],[-91.817019,29.790344],[-91.816996,29.791263],[-91.817192,29.792241],[-91.817301,29.792098],[-91.817644,29.79218],[-91.81839,29.793224],[-91.818794,29.793263],[-91.818539,29.793366],[-91.81901,29.793969],[-91.821127,29.793549],[-91.821342,29.793448],[-91.821435,29.793153],[-91.821658,29.79342],[-91.822891,29.793469],[-91.822724,29.792603],[-91.823403,29.79187],[-91.823476,29.791662],[-91.823314,29.791256],[-91.824117,29.790571],[-91.824277,29.789953],[-91.82413,29.789472],[-91.823705,29.789123],[-91.823541,29.788259],[-91.822845,29.787892],[-91.822649,29.787979],[-91.822637,29.787846],[-91.8221,29.787752],[-91.822045,29.787628],[-91.822329,29.787598],[-91.822008,29.786836],[-91.820694,29.786621]]},"properties":{"OBJECTID":14339,"PROGRAM":"STATE","PROJECT":"LOUISIANA BARRIER ISLAND COMPREHENSIVE MONITORING PROGRAM (BICM)","PROJ_ID":"LA-0226","PROD_DATE":"20160926","SHORE_TYPE":"MARSH","SRC_DATE":"19980110","SRC_DATA":"USGS DOQQ","SRC_RES":"1-m pixel","SRC_VECT":"APPLIED COASTAL/UNO","SRC_RAST":"c2909110.sws","DIG_NOTES":" ","REGION":"AB","CONTRACTOR":"APPLIED COASTAL","ORG":"COASTAL PROTECTION AND RESTORATION AUTHORITY OF LOUISIANA (CPRA)","SRC_REG":"USGS","DATAURL":"http://cims.coastal.louisiana.gov/meta_docs/gis_refs/shoreline/BICM2/LA-0226_SHORL_0000000000_1998011019980310_RAC0004.zip","Meta_xml":"http://cims.coastal.louisiana.gov/meta_docs/gis_refs/shoreline/BICM2/Shoreline_Metadata.xml","Meta_html":"http://cims.coastal.louisiana.gov/meta_docs/gis_refs/shoreline/BICM2/Shoreline_Metadata.html","COMMENTS":null,"SHAPE_Length":2296.249524341388,"DSAS_DATE":"01/10/1998","DSAS_UNCER":null,"year":1998}},{"type":"Feature","id":14340,"geometry":{"type":"LineString","coordinates":[[-91.820737,29.786459],[-91.822095,29.786673],[-91.822425,29.787006],[-91.823094,29.787223],[-91.823627,29.786572],[-91.823141,29.785781],[-91.822539,29.785755],[-91.822329,29.785345],[-91.821091,29.78513]]},"properties":{"OBJECTID":14340,"PROGRAM":"STATE","PROJECT":"LOUISIANA BARRIER ISLAND COMPREHENSIVE MONITORING PROGRAM (BICM)","PROJ_ID":"LA-0226","PROD_DATE":"20160926","SHORE_TYPE":"MARSH","SRC_DATE":"19980110","SRC_DATA":"USGS DOQQ","SRC_RES":"1-m pixel","SRC_VECT":"APPLIED COASTAL/UNO","SRC_RAST":"c2909110.sws","DIG_NOTES":" ","REGION":"AB","CONTRACTOR":"APPLIED COASTAL","ORG":"COASTAL PROTECTION AND RESTORATION AUTHORITY OF LOUISIANA (CPRA)","SRC_REG":"USGS","DATAURL":"http://cims.coastal.louisiana.gov/meta_docs/gis_refs/shoreline/BICM2/LA-0226_SHORL_0000000000_1998011019980310_RAC0004.zip","Meta_xml":"http://cims.coastal.louisiana.gov/meta_docs/gis_refs/shoreline/BICM2/Shoreline_Metadata.xml","Meta_html":"http://cims.coastal.louisiana.gov/meta_docs/gis_refs/shoreline/BICM2/Shoreline_Metadata.html","COMMENTS":null,"SHAPE_Length":681.7231546958875,"DSAS_DATE":"01/10/1998","DSAS_UNCER":null,"year":1998}},{"type":"Feature","id":14341,"geometry":{"type":"LineString","coordinates":[[-91.821124,29.785034],[-91.821869,29.785232],[-91.821879,29.785022],[-91.822339,29.785068],[-91.822604,29.78559],[-91.823206,29.785576],[-91.823579,29.786207],[-91.824269,29.786319],[-91.824304,29.786834],[-91.825016,29.786908],[-91.825491,29.785617],[-91.825672,29.784547],[-91.825529,29.784366],[-91.825536,29.783583],[-91.824999,29.783404],[-91.824394,29.782833],[-91.822971,29.782734]]},"properties":{"OBJECTID":14341,"PROGRAM":"STATE","PROJECT":"LOUISIANA BARRIER ISLAND COMPREHENSIVE MONITORING PROGRAM (BICM)","PROJ_ID":"LA-0226","PROD_DATE":"20160926","SHORE_TYPE":"MARSH","SRC_DATE":"19980110","SRC_DATA":"USGS DOQQ","SRC_RES":"1-m pixel","SRC_VECT":"APPLIED COASTAL/UNO","SRC_RAST":"c2909110.sws","DIG_NOTES":" ","REGION":"AB","CONTRACTOR":"APPLIED COASTAL","ORG":"COASTAL PROTECTION AND RESTORATION AUTHORITY OF LOUISIANA (CPRA)","SRC_REG":"USGS","DATAURL":"http://cims.coastal.louisiana.gov/meta_docs/gis_refs/shoreline/BICM2/LA-0226_SHORL_0000000000_1998011019980310_RAC0004.zip","Meta_xml":"http://cims.coastal.louisiana.gov/meta_docs/gis_refs/shoreline/BICM2/Shoreline_Metadata.xml","Meta_html":"http://cims.coastal.louisiana.gov/meta_docs/gis_refs/shoreline/BICM2/Shoreline_Metadata.html","COMMENTS":null,"SHAPE_Length":1246.1733706030168,"DSAS_DATE":"01/10/1998","DSAS_UNCER":null,"year":1998}},{"type":"Feature","id":14342,"geometry":{"type":"LineString","coordinates":[[-91.850806,29.795364],[-91.8516,29.794454],[-91.851758,29.793336],[-91.851443,29.79371],[-91.850329,29.794259],[-91.850189,29.794708],[-91.849667,29.79535],[-91.849813,29.796027],[-91.850285,29.796273],[-91.850568,29.796024],[-91.850479,29.795757],[-91.850806,29.795364]]},"properties":{"OBJECTID":14342,"PROGRAM":"STATE","PROJECT":"LOUISIANA BARRIER ISLAND COMPREHENSIVE MONITORING PROGRAM (BICM)","PROJ_ID":"LA-0226","PROD_DATE":"20160926","SHORE_TYPE":"MARSH","SRC_DATE":"19980110","SRC_DATA":"USGS DOQQ","SRC_RES":"1-m pixel","SRC_VECT":"APPLIED COASTAL/UNO","SRC_RAST":"c2909110.sws","DIG_NOTES":" ","REGION":"AB","CONTRACTOR":"APPLIED COASTAL","ORG":"COASTAL PROTECTION AND RESTORATION AUTHORITY OF LOUISIANA (CPRA)","SRC_REG":"USGS","DATAURL":"http://cims.coastal.louisiana.gov/meta_docs/gis_refs/shoreline/BICM2/LA-0226_SHORL_0000000000_1998011019980310_RAC0004.zip","Meta_xml":"http://cims.coastal.louisiana.gov/meta_docs/gis_refs/shoreline/BICM2/Shoreline_Metadata.xml","Meta_html":"http://cims.coastal.louisiana.gov/meta_docs/gis_refs/shoreline/BICM2/Shoreline_Metadata.html","COMMENTS":null,"SHAPE_Length":866.2720345302462,"DSAS_DATE":"01/10/1998","DSAS_UNCER":null,"year":1998}},{"type":"Feature","id":14343,"geometry":{"type":"LineString","coordinates":[[-91.851013,29.79311],[-91.850822,29.792127],[-91.851304,29.792211],[-91.851817,29.791913],[-91.851815,29.791617],[-91.852001,29.791617],[-91.852009,29.79303],[-91.851789,29.793002],[-91.851331,29.793309],[-91.851013,29.79311]]},"properties":{"OBJECTID":14343,"PROGRAM":"STATE","PROJECT":"LOUISIANA BARRIER ISLAND COMPREHENSIVE MONITORING PROGRAM (BICM)","PROJ_ID":"LA-0226","PROD_DATE":"20160926","SHORE_TYPE":"MARSH","SRC_DATE":"19980110","SRC_DATA":"USGS DOQQ","SRC_RES":"1-m pixel","SRC_VECT":"APPLIED COASTAL/UNO","SRC_RAST":"c2909110.sws","DIG_NOTES":" ","REGION":"AB","CONTRACTOR":"APPLIED COASTAL","ORG":"COASTAL PROTECTION AND RESTORATION AUTHORITY OF LOUISIANA (CPRA)","SRC_REG":"USGS","DATAURL":"http://cims.coastal.louisiana.gov/meta_docs/gis_refs/shoreline/BICM2/LA-0226_SHORL_0000000000_1998011019980310_RAC0004.zip","Meta_xml":"http://cims.coastal.louisiana.gov/meta_docs/gis_refs/shoreline/BICM2/Shoreline_Metadata.xml","Meta_html":"http://cims.coastal.louisiana.gov/meta_docs/gis_refs/shoreline/BICM2/Shoreline_Metadata.html","COMMENTS":null,"SHAPE_Length":572.9573795956726,"DSAS_DATE":"01/10/1998","DSAS_UNCER":null,"year":1998}},{"type":"Feature","id":14344,"geometry":{"type":"LineString","coordinates":[[-91.852639,29.789261],[-91.852035,29.788766],[-91.852626,29.788831],[-91.852768,29.788697],[-91.852868,29.789069],[-91.852639,29.789261]]},"properties":{"OBJECTID":14344,"PROGRAM":"STATE","PROJECT":"LOUISIANA BARRIER ISLAND COMPREHENSIVE MONITORING PROGRAM (BICM)","PROJ_ID":"LA-0226","PROD_DATE":"20160926","SHORE_TYPE":"MARSH","SRC_DATE":"19980110","SRC_DATA":"USGS DOQQ","SRC_RES":"1-m pixel","SRC_VECT":"APPLIED COASTAL/UNO","SRC_RAST":"c2909110.sws","DIG_NOTES":" ","REGION":"AB","CONTRACTOR":"APPLIED COASTAL","ORG":"COASTAL PROTECTION AND RESTORATION AUTHORITY OF LOUISIANA (CPRA)","SRC_REG":"USGS","DATAURL":"http://cims.coastal.louisiana.gov/meta_docs/gis_refs/shoreline/BICM2/LA-0226_SHORL_0000000000_1998011019980310_RAC0004.zip","Meta_xml":"http://cims.coastal.louisiana.gov/meta_docs/gis_refs/shoreline/BICM2/Shoreline_Metadata.xml","Meta_html":"http://cims.coastal.louisiana.gov/meta_docs/gis_refs/shoreline/BICM2/Shoreline_Metadata.html","COMMENTS":null,"SHAPE_Length":250.984138899785,"DSAS_DATE":"01/10/1998","DSAS_UNCER":null,"year":1998}},{"type":"Feature","id":14345,"geometry":{"type":"LineString","coordinates":[[-91.849402,29.791937],[-91.849933,29.790942],[-91.849886,29.790293],[-91.849577,29.789798],[-91.849563,29.789263],[-91.84986,29.789405],[-91.850472,29.789231],[-91.851041,29.789305],[-91.851426,29.789571]]},"properties":{"OBJECTID":14345,"PROGRAM":"STATE","PROJECT":"LOUISIANA BARRIER ISLAND COMPREHENSIVE MONITORING PROGRAM (BICM)","PROJ_ID":"LA-0226","PROD_DATE":"20160926","SHORE_TYPE":"MARSH","SRC_DATE":"19980110","SRC_DATA":"USGS DOQQ","SRC_RES":"1-m pixel","SRC_VECT":"APPLIED COASTAL/UNO","SRC_RAST":"c2909110.sws","DIG_NOTES":" ","REGION":"AB","CONTRACTOR":"APPLIED COASTAL","ORG":"COASTAL PROTECTION AND RESTORATION AUTHORITY OF LOUISIANA (CPRA)","SRC_REG":"USGS","DATAURL":"http://cims.coastal.louisiana.gov/meta_docs/gis_refs/shoreline/BICM2/LA-0226_SHORL_0000000000_1998011019980310_RAC0004.zip","Meta_xml":"http://cims.coastal.louisiana.gov/meta_docs/gis_refs/shoreline/BICM2/Shoreline_Metadata.xml","Meta_html":"http://cims.coastal.louisiana.gov/meta_docs/gis_refs/shoreline/BICM2/Shoreline_Metadata.html","COMMENTS":null,"SHAPE_Length":529.2232115236999,"DSAS_DATE":"01/10/1998","DSAS_UNCER":null,"year":1998}},{"type":"Feature","id":14346,"geometry":{"type":"LineString","coordinates":[[-91.851568,29.789513],[-91.851391,29.789218],[-91.851708,29.789006],[-91.852576,29.789776],[-91.852416,29.790522],[-91.852495,29.790932],[-91.851633,29.791489],[-91.851591,29.791824],[-91.85122,29.792035],[-91.85077,29.791836],[-91.850399,29.79201],[-91.850311,29.791924],[-91.850115,29.792126],[-91.849402,29.791937]]},"properties":{"OBJECTID":14346,"PROGRAM":"STATE","PROJECT":"LOUISIANA BARRIER ISLAND COMPREHENSIVE MONITORING PROGRAM (BICM)","PROJ_ID":"LA-0226","PROD_DATE":"20160926","SHORE_TYPE":"MARSH","SRC_DATE":"19980110","SRC_DATA":"USGS DOQQ","SRC_RES":"1-m pixel","SRC_VECT":"APPLIED COASTAL/UNO","SRC_RAST":"c2909110.sws","DIG_NOTES":" ","REGION":"AB","CONTRACTOR":"APPLIED COASTAL","ORG":"COASTAL PROTECTION AND RESTORATION AUTHORITY OF LOUISIANA (CPRA)","SRC_REG":"USGS","DATAURL":"http://cims.coastal.louisiana.gov/meta_docs/gis_refs/shoreline/BICM2/LA-0226_SHORL_0000000000_1998011019980310_RAC0004.zip","Meta_xml":"http://cims.coastal.louisiana.gov/meta_docs/gis_refs/shoreline/BICM2/Shoreline_Metadata.xml","Meta_html":"http://cims.coastal.louisiana.gov/meta_docs/gis_refs/shoreline/BICM2/Shoreline_Metadata.html","COMMENTS":null,"SHAPE_Length":739.3188464967313,"DSAS_DATE":"01/10/1998","DSAS_UNCER":null,"year":1998}},{"type":"Feature","id":14347,"geometry":{"type":"LineString","coordinates":[[-91.851914,29.788624],[-91.851007,29.788952],[-91.850557,29.788782],[-91.851123,29.788159],[-91.851408,29.788244],[-91.85132,29.788044],[-91.851482,29.787709],[-91.851767,29.787727],[-91.851547,29.787651],[-91.851523,29.787222],[-91.852386,29.786922],[-91.852628,29.787007],[-91.852629,29.787217],[-91.852594,29.786855],[-91.853063,29.78649],[-91.853109,29.786939],[-91.852903,29.787321],[-91.852961,29.78797],[-91.852777,29.788372],[-91.852613,29.788373],[-91.852516,29.788669],[-91.852285,29.788536],[-91.85222,29.78867],[-91.851914,29.788624]]},"properties":{"OBJECTID":14347,"PROGRAM":"STATE","PROJECT":"LOUISIANA BARRIER ISLAND COMPREHENSIVE MONITORING PROGRAM (BICM)","PROJ_ID":"LA-0226","PROD_DATE":"20160926","SHORE_TYPE":"MARSH","SRC_DATE":"19980110","SRC_DATA":"USGS DOQQ","SRC_RES":"1-m pixel","SRC_VECT":"APPLIED COASTAL/UNO","SRC_RAST":"c2909110.sws","DIG_NOTES":" ","REGION":"AB","CONTRACTOR":"APPLIED COASTAL","ORG":"COASTAL PROTECTION AND RESTORATION AUTHORITY OF LOUISIANA (CPRA)","SRC_REG":"USGS","DATAURL":"http://cims.coastal.louisiana.gov/meta_docs/gis_refs/shoreline/BICM2/LA-0226_SHORL_0000000000_1998011019980310_RAC0004.zip","Meta_xml":"http://cims.coastal.louisiana.gov/meta_docs/gis_refs/shoreline/BICM2/Shoreline_Metadata.xml","Meta_html":"http://cims.coastal.louisiana.gov/meta_docs/gis_refs/shoreline/BICM2/Shoreline_Metadata.html","COMMENTS":null,"SHAPE_Length":1055.3455992448235,"DSAS_DATE":"01/10/1998","DSAS_UNCER":null,"year":1998}},{"type":"Feature","id":14348,"geometry":{"type":"LineString","coordinates":[[-91.825122,29.782796],[-91.824354,29.782446],[-91.823678,29.782625],[-91.823094,29.782478]]},"properties":{"OBJECTID":14348,"PROGRAM":"STATE","PROJECT":"LOUISIANA BARRIER ISLAND COMPREHENSIVE MONITORING PROGRAM (BICM)","PROJ_ID":"LA-0226","PROD_DATE":"20160926","SHORE_TYPE":"MARSH","SRC_DATE":"19980110","SRC_DATA":"USGS DOQQ","SRC_RES":"1-m pixel","SRC_VECT":"APPLIED COASTAL/UNO","SRC_RAST":"c2909110.sws","DIG_NOTES":" ","REGION":"AB","CONTRACTOR":"APPLIED COASTAL","ORG":"COASTAL PROTECTION AND RESTORATION AUTHORITY OF LOUISIANA (CPRA)","SRC_REG":"USGS","DATAURL":"http://cims.coastal.louisiana.gov/meta_docs/gis_refs/shoreline/BICM2/LA-0226_SHORL_0000000000_1998011019980310_RAC0004.zip","Meta_xml":"http://cims.coastal.louisiana.gov/meta_docs/gis_refs/shoreline/BICM2/Shoreline_Metadata.xml","Meta_html":"http://cims.coastal.louisiana.gov/meta_docs/gis_refs/shoreline/BICM2/Shoreline_Metadata.html","COMMENTS":null,"SHAPE_Length":213.40261370724625,"DSAS_DATE":"01/10/1998","DSAS_UNCER":null,"year":1998}},{"type":"Feature","id":14349,"geometry":{"type":"LineString","coordinates":[[-91.841026,29.776907],[-91.840538,29.777318],[-91.840085,29.777152],[-91.839662,29.776405],[-91.839199,29.774445],[-91.839538,29.773881],[-91.840481,29.773515]]},"properties":{"OBJECTID":14349,"PROGRAM":"STATE","PROJECT":"LOUISIANA BARRIER ISLAND COMPREHENSIVE MONITORING PROGRAM (BICM)","PROJ_ID":"LA-0226","PROD_DATE":"20160926","SHORE_TYPE":"MARSH","SRC_DATE":"19980110","SRC_DATA":"USGS DOQQ","SRC_RES":"1-m pixel","SRC_VECT":"APPLIED COASTAL/UNO","SRC_RAST":"c2909110.sws","DIG_NOTES":" ","REGION":"AB","CONTRACTOR":"APPLIED COASTAL","ORG":"COASTAL PROTECTION AND RESTORATION AUTHORITY OF LOUISIANA (CPRA)","SRC_REG":"USGS","DATAURL":"http://cims.coastal.louisiana.gov/meta_docs/gis_refs/shoreline/BICM2/LA-0226_SHORL_0000000000_1998011019980310_RAC0004.zip","Meta_xml":"http://cims.coastal.louisiana.gov/meta_docs/gis_refs/shoreline/BICM2/Shoreline_Metadata.xml","Meta_html":"http://cims.coastal.louisiana.gov/meta_docs/gis_refs/shoreline/BICM2/Shoreline_Metadata.html","COMMENTS":null,"SHAPE_Length":615.0499339913508,"DSAS_DATE":"01/10/1998","DSAS_UNCER":null,"year":1998}},{"type":"Feature","id":14350,"geometry":{"type":"LineString","coordinates":[[-91.828108,29.776094],[-91.827989,29.776276],[-91.82809,29.776867],[-91.82785,29.776983],[-91.827168,29.776374],[-91.827046,29.775926],[-91.827177,29.77583]]},"properties":{"OBJECTID":14350,"PROGRAM":"STATE","PROJECT":"LOUISIANA BARRIER ISLAND COMPREHENSIVE MONITORING PROGRAM (BICM)","PROJ_ID":"LA-0226","PROD_DATE":"20160926","SHORE_TYPE":"MARSH","SRC_DATE":"19980110","SRC_DATA":"USGS DOQQ","SRC_RES":"1-m pixel","SRC_VECT":"APPLIED COASTAL/UNO","SRC_RAST":"c2909110.sws","DIG_NOTES":" ","REGION":"AB","CONTRACTOR":"APPLIED COASTAL","ORG":"COASTAL PROTECTION AND RESTORATION AUTHORITY OF LOUISIANA (CPRA)","SRC_REG":"USGS","DATAURL":"http://cims.coastal.louisiana.gov/meta_docs/gis_refs/shoreline/BICM2/LA-0226_SHORL_0000000000_1998011019980310_RAC0004.zip","Meta_xml":"http://cims.coastal.louisiana.gov/meta_docs/gis_refs/shoreline/BICM2/Shoreline_Metadata.xml","Meta_html":"http://cims.coastal.louisiana.gov/meta_docs/gis_refs/shoreline/BICM2/Shoreline_Metadata.html","COMMENTS":null,"SHAPE_Length":284.7028850098959,"DSAS_DATE":"01/10/1998","DSAS_UNCER":null,"year":1998}},{"type":"Feature","id":14351,"geometry":{"type":"LineString","coordinates":[[-91.824212,29.779793],[-91.825034,29.779991],[-91.825449,29.779856],[-91.825634,29.779673],[-91.825522,29.779196],[-91.825894,29.779157],[-91.826754,29.778122],[-91.827332,29.777767],[-91.826992,29.777501],[-91.826532,29.777445],[-91.826967,29.776957],[-91.826567,29.776596],[-91.8265,29.776214]]},"properties":{"OBJECTID":14351,"PROGRAM":"STATE","PROJECT":"LOUISIANA BARRIER ISLAND COMPREHENSIVE MONITORING PROGRAM (BICM)","PROJ_ID":"LA-0226","PROD_DATE":"20160926","SHORE_TYPE":"MARSH","SRC_DATE":"19980110","SRC_DATA":"USGS DOQQ","SRC_RES":"1-m pixel","SRC_VECT":"APPLIED COASTAL/UNO","SRC_RAST":"c2909110.sws","DIG_NOTES":" ","REGION":"AB","CONTRACTOR":"APPLIED COASTAL","ORG":"COASTAL PROTECTION AND RESTORATION AUTHORITY OF LOUISIANA (CPRA)","SRC_REG":"USGS","DATAURL":"http://cims.coastal.louisiana.gov/meta_docs/gis_refs/shoreline/BICM2/LA-0226_SHORL_0000000000_1998011019980310_RAC0004.zip","Meta_xml":"http://cims.coastal.louisiana.gov/meta_docs/gis_refs/shoreline/BICM2/Shoreline_Metadata.xml","Meta_html":"http://cims.coastal.louisiana.gov/meta_docs/gis_refs/shoreline/BICM2/Shoreline_Metadata.html","COMMENTS":null,"SHAPE_Length":723.9186423564184,"DSAS_DATE":"01/10/1998","DSAS_UNCER":null,"year":1998}},{"type":"Feature","id":14352,"geometry":{"type":"LineString","coordinates":[[-91.830001,29.777571],[-91.829221,29.777646],[-91.828796,29.777373],[-91.82878,29.777039],[-91.828299,29.776408],[-91.828462,29.776324]]},"properties":{"OBJECTID":14352,"PROGRAM":"STATE","PROJECT":"LOUISIANA BARRIER ISLAND COMPREHENSIVE MONITORING PROGRAM (BICM)","PROJ_ID":"LA-0226","PROD_DATE":"20160926","SHORE_TYPE":"MARSH","SRC_DATE":"19980110","SRC_DATA":"USGS DOQQ","SRC_RES":"1-m pixel","SRC_VECT":"APPLIED COASTAL/UNO","SRC_RAST":"c2909110.sws","DIG_NOTES":" ","REGION":"AB","CONTRACTOR":"APPLIED COASTAL","ORG":"COASTAL PROTECTION AND RESTORATION AUTHORITY OF LOUISIANA (CPRA)","SRC_REG":"USGS","DATAURL":"http://cims.coastal.louisiana.gov/meta_docs/gis_refs/shoreline/BICM2/LA-0226_SHORL_0000000000_1998011019980310_RAC0004.zip","Meta_xml":"http://cims.coastal.louisiana.gov/meta_docs/gis_refs/shoreline/BICM2/Shoreline_Metadata.xml","Meta_html":"http://cims.coastal.louisiana.gov/meta_docs/gis_refs/shoreline/BICM2/Shoreline_Metadata.html","COMMENTS":null,"SHAPE_Length":271.5240819575132,"DSAS_DATE":"01/10/1998","DSAS_UNCER":null,"year":1998}},{"type":"Feature","id":14353,"geometry":{"type":"LineString","coordinates":[[-91.829383,29.778546],[-91.829504,29.778236],[-91.829546,29.778427],[-91.829383,29.778546]]},"properties":{"OBJECTID":14353,"PROGRAM":"STATE","PROJECT":"LOUISIANA BARRIER ISLAND COMPREHENSIVE MONITORING PROGRAM (BICM)","PROJ_ID":"LA-0226","PROD_DATE":"20160926","SHORE_TYPE":"MARSH","SRC_DATE":"19980110","SRC_DATA":"USGS DOQQ","SRC_RES":"1-m pixel","SRC_VECT":"APPLIED COASTAL/UNO","SRC_RAST":"c2909110.sws","DIG_NOTES":" ","REGION":"AB","CONTRACTOR":"APPLIED COASTAL","ORG":"COASTAL PROTECTION AND RESTORATION AUTHORITY OF LOUISIANA (CPRA)","SRC_REG":"USGS","DATAURL":"http://cims.coastal.louisiana.gov/meta_docs/gis_refs/shoreline/BICM2/LA-0226_SHORL_0000000000_1998011019980310_RAC0004.zip","Meta_xml":"http://cims.coastal.louisiana.gov/meta_docs/gis_refs/shoreline/BICM2/Shoreline_Metadata.xml","Meta_html":"http://cims.coastal.louisiana.gov/meta_docs/gis_refs/shoreline/BICM2/Shoreline_Metadata.html","COMMENTS":null,"SHAPE_Length":87.73943400318726,"DSAS_DATE":"01/10/1998","DSAS_UNCER":null,"year":1998}},{"type":"Feature","id":14354,"geometry":{"type":"LineString","coordinates":[[-91.830003,29.777663],[-91.829798,29.77799],[-91.830181,29.778084],[-91.83175,29.777099],[-91.832844,29.777155],[-91.833235,29.77701],[-91.833616,29.776646],[-91.833419,29.776608],[-91.833462,29.776408],[-91.833878,29.776358],[-91.834663,29.775773],[-91.835731,29.775519],[-91.836356,29.774633],[-91.836107,29.774193],[-91.834584,29.773351]]},"properties":{"OBJECTID":14354,"PROGRAM":"STATE","PROJECT":"LOUISIANA BARRIER ISLAND COMPREHENSIVE MONITORING PROGRAM (BICM)","PROJ_ID":"LA-0226","PROD_DATE":"20160926","SHORE_TYPE":"MARSH","SRC_DATE":"19980110","SRC_DATA":"USGS DOQQ","SRC_RES":"1-m pixel","SRC_VECT":"APPLIED COASTAL/UNO","SRC_RAST":"c2909110.sws","DIG_NOTES":" ","REGION":"AB","CONTRACTOR":"APPLIED COASTAL","ORG":"COASTAL PROTECTION AND RESTORATION AUTHORITY OF LOUISIANA (CPRA)","SRC_REG":"USGS","DATAURL":"http://cims.coastal.louisiana.gov/meta_docs/gis_refs/shoreline/BICM2/LA-0226_SHORL_0000000000_1998011019980310_RAC0004.zip","Meta_xml":"http://cims.coastal.louisiana.gov/meta_docs/gis_refs/shoreline/BICM2/Shoreline_Metadata.xml","Meta_html":"http://cims.coastal.louisiana.gov/meta_docs/gis_refs/shoreline/BICM2/Shoreline_Metadata.html","COMMENTS":null,"SHAPE_Length":1144.8685996633658,"DSAS_DATE":"01/10/1998","DSAS_UNCER":null,"year":1998}},{"type":"Feature","id":14355,"geometry":{"type":"LineString","coordinates":[[-91.835942,29.771735],[-91.836099,29.771904],[-91.835924,29.773295],[-91.835282,29.773262],[-91.834729,29.772921]]},"properties":{"OBJECTID":14355,"PROGRAM":"STATE","PROJECT":"LOUISIANA BARRIER ISLAND COMPREHENSIVE MONITORING PROGRAM (BICM)","PROJ_ID":"LA-0226","PROD_DATE":"20160926","SHORE_TYPE":"MARSH","SRC_DATE":"19980110","SRC_DATA":"USGS DOQQ","SRC_RES":"1-m pixel","SRC_VECT":"APPLIED COASTAL/UNO","SRC_RAST":"c2909110.sws","DIG_NOTES":" ","REGION":"AB","CONTRACTOR":"APPLIED COASTAL","ORG":"COASTAL PROTECTION AND RESTORATION AUTHORITY OF LOUISIANA (CPRA)","SRC_REG":"USGS","DATAURL":"http://cims.coastal.louisiana.gov/meta_docs/gis_refs/shoreline/BICM2/LA-0226_SHORL_0000000000_1998011019980310_RAC0004.zip","Meta_xml":"http://cims.coastal.louisiana.gov/meta_docs/gis_refs/shoreline/BICM2/Shoreline_Metadata.xml","Meta_html":"http://cims.coastal.louisiana.gov/meta_docs/gis_refs/shoreline/BICM2/Shoreline_Metadata.html","COMMENTS":null,"SHAPE_Length":314.9735086994763,"DSAS_DATE":"01/10/1998","DSAS_UNCER":null,"year":1998}},{"type":"Feature","id":14356,"geometry":{"type":"LineString","coordinates":[[-91.840429,29.773332],[-91.83912,29.773857],[-91.838241,29.773079],[-91.83745,29.772846],[-91.837172,29.772263],[-91.837135,29.771754]]},"properties":{"OBJECTID":14356,"PROGRAM":"STATE","PROJECT":"LOUISIANA BARRIER ISLAND COMPREHENSIVE MONITORING PROGRAM (BICM)","PROJ_ID":"LA-0226","PROD_DATE":"20160926","SHORE_TYPE":"MARSH","SRC_DATE":"19980110","SRC_DATA":"USGS DOQQ","SRC_RES":"1-m pixel","SRC_VECT":"APPLIED COASTAL/UNO","SRC_RAST":"c2909110.sws","DIG_NOTES":" ","REGION":"AB","CONTRACTOR":"APPLIED COASTAL","ORG":"COASTAL PROTECTION AND RESTORATION AUTHORITY OF LOUISIANA (CPRA)","SRC_REG":"USGS","DATAURL":"http://cims.coastal.louisiana.gov/meta_docs/gis_refs/shoreline/BICM2/LA-0226_SHORL_0000000000_1998011019980310_RAC0004.zip","Meta_xml":"http://cims.coastal.louisiana.gov/meta_docs/gis_refs/shoreline/BICM2/Shoreline_Metadata.xml","Meta_html":"http://cims.coastal.louisiana.gov/meta_docs/gis_refs/shoreline/BICM2/Shoreline_Metadata.html","COMMENTS":null,"SHAPE_Length":471.0322372212351,"DSAS_DATE":"01/10/1998","DSAS_UNCER":null,"year":1998}},{"type":"Feature","id":14357,"geometry":{"type":"LineString","coordinates":[[-91.850351,29.787808],[-91.849769,29.786283],[-91.849287,29.785831],[-91.849363,29.784625],[-91.849528,29.784637]]},"properties":{"OBJECTID":14357,"PROGRAM":"STATE","PROJECT":"LOUISIANA BARRIER ISLAND COMPREHENSIVE MONITORING PROGRAM (BICM)","PROJ_ID":"LA-0226","PROD_DATE":"20160926","SHORE_TYPE":"MARSH","SRC_DATE":"19980110","SRC_DATA":"USGS DOQQ","SRC_RES":"1-m pixel","SRC_VECT":"APPLIED COASTAL/UNO","SRC_RAST":"c2909110.sws","DIG_NOTES":" ","REGION":"AB","CONTRACTOR":"APPLIED COASTAL","ORG":"COASTAL PROTECTION AND RESTORATION AUTHORITY OF LOUISIANA (CPRA)","SRC_REG":"USGS","DATAURL":"http://cims.coastal.louisiana.gov/meta_docs/gis_refs/shoreline/BICM2/LA-0226_SHORL_0000000000_1998011019980310_RAC0004.zip","Meta_xml":"http://cims.coastal.louisiana.gov/meta_docs/gis_refs/shoreline/BICM2/Shoreline_Metadata.xml","Meta_html":"http://cims.coastal.louisiana.gov/meta_docs/gis_refs/shoreline/BICM2/Shoreline_Metadata.html","COMMENTS":null,"SHAPE_Length":405.86450810182527,"DSAS_DATE":"01/10/1998","DSAS_UNCER":null,"year":1998}},{"type":"Feature","id":14358,"geometry":{"type":"LineString","coordinates":[[-91.849377,29.78453],[-91.848897,29.784436],[-91.84836,29.783698],[-91.847976,29.783545],[-91.847932,29.783008],[-91.848123,29.782935],[-91.847986,29.782781],[-91.846147,29.781857],[-91.846037,29.781631],[-91.846516,29.781665],[-91.847103,29.781412]]},"properties":{"OBJECTID":14358,"PROGRAM":"STATE","PROJECT":"LOUISIANA BARRIER ISLAND COMPREHENSIVE MONITORING PROGRAM (BICM)","PROJ_ID":"LA-0226","PROD_DATE":"20160926","SHORE_TYPE":"MARSH","SRC_DATE":"19980110","SRC_DATA":"USGS DOQQ","SRC_RES":"1-m pixel","SRC_VECT":"APPLIED COASTAL/UNO","SRC_RAST":"c2909110.sws","DIG_NOTES":" ","REGION":"AB","CONTRACTOR":"APPLIED COASTAL","ORG":"COASTAL PROTECTION AND RESTORATION AUTHORITY OF LOUISIANA (CPRA)","SRC_REG":"USGS","DATAURL":"http://cims.coastal.louisiana.gov/meta_docs/gis_refs/shoreline/BICM2/LA-0226_SHORL_0000000000_1998011019980310_RAC0004.zip","Meta_xml":"http://cims.coastal.louisiana.gov/meta_docs/gis_refs/shoreline/BICM2/Shoreline_Metadata.xml","Meta_html":"http://cims.coastal.louisiana.gov/meta_docs/gis_refs/shoreline/BICM2/Shoreline_Metadata.html","COMMENTS":null,"SHAPE_Length":648.6766789470624,"DSAS_DATE":"01/10/1998","DSAS_UNCER":null,"year":1998}},{"type":"Feature","id":14359,"geometry":{"type":"LineString","coordinates":[[-91.846869,29.781174],[-91.846583,29.781449],[-91.846432,29.781366],[-91.846358,29.780197],[-91.845987,29.779936],[-91.846396,29.779588],[-91.846474,29.77886]]},"properties":{"OBJECTID":14359,"PROGRAM":"STATE","PROJECT":"LOUISIANA BARRIER ISLAND COMPREHENSIVE MONITORING PROGRAM (BICM)","PROJ_ID":"LA-0226","PROD_DATE":"20160926","SHORE_TYPE":"MARSH","SRC_DATE":"19980110","SRC_DATA":"USGS DOQQ","SRC_RES":"1-m pixel","SRC_VECT":"APPLIED COASTAL/UNO","SRC_RAST":"c2909110.sws","DIG_NOTES":" ","REGION":"AB","CONTRACTOR":"APPLIED COASTAL","ORG":"COASTAL PROTECTION AND RESTORATION AUTHORITY OF LOUISIANA (CPRA)","SRC_REG":"USGS","DATAURL":"http://cims.coastal.louisiana.gov/meta_docs/gis_refs/shoreline/BICM2/LA-0226_SHORL_0000000000_1998011019980310_RAC0004.zip","Meta_xml":"http://cims.coastal.louisiana.gov/meta_docs/gis_refs/shoreline/BICM2/Shoreline_Metadata.xml","Meta_html":"http://cims.coastal.louisiana.gov/meta_docs/gis_refs/shoreline/BICM2/Shoreline_Metadata.html","COMMENTS":null,"SHAPE_Length":380.71019946677023,"DSAS_DATE":"01/10/1998","DSAS_UNCER":null,"year":1998}},{"type":"Feature","id":14360,"geometry":{"type":"LineString","coordinates":[[-91.846337,29.778801],[-91.846163,29.779613],[-91.845328,29.779509],[-91.845272,29.779187],[-91.844768,29.779654],[-91.844123,29.779358],[-91.842906,29.779387],[-91.842587,29.778636],[-91.840411,29.778394],[-91.839971,29.77799],[-91.839873,29.777489],[-91.840748,29.777438],[-91.841197,29.776983]]},"properties":{"OBJECTID":14360,"PROGRAM":"STATE","PROJECT":"LOUISIANA BARRIER ISLAND COMPREHENSIVE MONITORING PROGRAM (BICM)","PROJ_ID":"LA-0226","PROD_DATE":"20160926","SHORE_TYPE":"MARSH","SRC_DATE":"19980110","SRC_DATA":"USGS DOQQ","SRC_RES":"1-m pixel","SRC_VECT":"APPLIED COASTAL/UNO","SRC_RAST":"c2909110.sws","DIG_NOTES":" ","REGION":"AB","CONTRACTOR":"APPLIED COASTAL","ORG":"COASTAL PROTECTION AND RESTORATION AUTHORITY OF LOUISIANA (CPRA)","SRC_REG":"USGS","DATAURL":"http://cims.coastal.louisiana.gov/meta_docs/gis_refs/shoreline/BICM2/LA-0226_SHORL_0000000000_1998011019980310_RAC0004.zip","Meta_xml":"http://cims.coastal.louisiana.gov/meta_docs/gis_refs/shoreline/BICM2/Shoreline_Metadata.xml","Meta_html":"http://cims.coastal.louisiana.gov/meta_docs/gis_refs/shoreline/BICM2/Shoreline_Metadata.html","COMMENTS":null,"SHAPE_Length":1082.403988877528,"DSAS_DATE":"01/10/1998","DSAS_UNCER":null,"year":1998}},{"type":"Feature","id":14361,"geometry":{"type":"LineString","coordinates":[[-91.851104,29.786486],[-91.851323,29.786592],[-91.851324,29.786807],[-91.851052,29.787011],[-91.850958,29.787394],[-91.850672,29.787574],[-91.851027,29.787548],[-91.850823,29.787752],[-91.850351,29.787808]]},"properties":{"OBJECTID":14361,"PROGRAM":"STATE","PROJECT":"LOUISIANA BARRIER ISLAND COMPREHENSIVE MONITORING PROGRAM (BICM)","PROJ_ID":"LA-0226","PROD_DATE":"20160926","SHORE_TYPE":"MARSH","SRC_DATE":"19980110","SRC_DATA":"USGS DOQQ","SRC_RES":"1-m pixel","SRC_VECT":"APPLIED COASTAL/UNO","SRC_RAST":"c2909110.sws","DIG_NOTES":" ","REGION":"AB","CONTRACTOR":"APPLIED COASTAL","ORG":"COASTAL PROTECTION AND RESTORATION AUTHORITY OF LOUISIANA (CPRA)","SRC_REG":"USGS","DATAURL":"http://cims.coastal.louisiana.gov/meta_docs/gis_refs/shoreline/BICM2/LA-0226_SHORL_0000000000_1998011019980310_RAC0004.zip","Meta_xml":"http://cims.coastal.louisiana.gov/meta_docs/gis_refs/shoreline/BICM2/Shoreline_Metadata.xml","Meta_html":"http://cims.coastal.louisiana.gov/meta_docs/gis_refs/shoreline/BICM2/Shoreline_Metadata.html","COMMENTS":null,"SHAPE_Length":285.1702242636763,"DSAS_DATE":"01/10/1998","DSAS_UNCER":null,"year":1998}},{"type":"Feature","id":14362,"geometry":{"type":"LineString","coordinates":[[-91.851487,29.786129],[-91.851746,29.786591],[-91.852296,29.786588],[-91.852538,29.78624],[-91.853296,29.78579],[-91.853943,29.784908],[-91.854129,29.784354],[-91.854464,29.783987],[-91.854382,29.782847],[-91.854665,29.781986],[-91.855415,29.780668],[-91.856003,29.780026],[-91.85611,29.779539],[-91.856274,29.779586],[-91.856437,29.779375],[-91.856511,29.77883],[-91.856369,29.778793]]},"properties":{"OBJECTID":14362,"PROGRAM":"STATE","PROJECT":"LOUISIANA BARRIER ISLAND COMPREHENSIVE MONITORING PROGRAM (BICM)","PROJ_ID":"LA-0226","PROD_DATE":"20160926","SHORE_TYPE":"MARSH","SRC_DATE":"19980110","SRC_DATA":"USGS DOQQ","SRC_RES":"1-m pixel","SRC_VECT":"APPLIED COASTAL/UNO","SRC_RAST":"c2909110.sws","DIG_NOTES":" ","REGION":"AB","CONTRACTOR":"APPLIED COASTAL","ORG":"COASTAL PROTECTION AND RESTORATION AUTHORITY OF LOUISIANA (CPRA)","SRC_REG":"USGS","DATAURL":"http://cims.coastal.louisiana.gov/meta_docs/gis_refs/shoreline/BICM2/LA-0226_SHORL_0000000000_1998011019980310_RAC0004.zip","Meta_xml":"http://cims.coastal.louisiana.gov/meta_docs/gis_refs/shoreline/BICM2/Shoreline_Metadata.xml","Meta_html":"http://cims.coastal.louisiana.gov/meta_docs/gis_refs/shoreline/BICM2/Shoreline_Metadata.html","COMMENTS":null,"SHAPE_Length":1159.9621922525698,"DSAS_DATE":"01/10/1998","DSAS_UNCER":null,"year":1998}},{"type":"Feature","id":14363,"geometry":{"type":"LineString","coordinates":[[-91.85639,29.778764],[-91.856532,29.778716],[-91.85631,29.777972],[-91.855938,29.77805]]},"properties":{"OBJECTID":14363,"PROGRAM":"STATE","PROJECT":"LOUISIANA BARRIER ISLAND COMPREHENSIVE MONITORING PROGRAM (BICM)","PROJ_ID":"LA-0226","PROD_DATE":"20160926","SHORE_TYPE":"MARSH","SRC_DATE":"19980110","SRC_DATA":"USGS DOQQ","SRC_RES":"1-m pixel","SRC_VECT":"APPLIED COASTAL/UNO","SRC_RAST":"c2909110.sws","DIG_NOTES":" ","REGION":"AB","CONTRACTOR":"APPLIED COASTAL","ORG":"COASTAL PROTECTION AND RESTORATION AUTHORITY OF LOUISIANA (CPRA)","SRC_REG":"USGS","DATAURL":"http://cims.coastal.louisiana.gov/meta_docs/gis_refs/shoreline/BICM2/LA-0226_SHORL_0000000000_1998011019980310_RAC0004.zip","Meta_xml":"http://cims.coastal.louisiana.gov/meta_docs/gis_refs/shoreline/BICM2/Shoreline_Metadata.xml","Meta_html":"http://cims.coastal.louisiana.gov/meta_docs/gis_refs/shoreline/BICM2/Shoreline_Metadata.html","COMMENTS":null,"SHAPE_Length":146.265087738886,"DSAS_DATE":"01/10/1998","DSAS_UNCER":null,"year":1998}},{"type":"Feature","id":14364,"geometry":{"type":"LineString","coordinates":[[-91.855949,29.778002],[-91.855671,29.777211],[-91.8559,29.77699]]},"properties":{"OBJECTID":14364,"PROGRAM":"STATE","PROJECT":"LOUISIANA BARRIER ISLAND COMPREHENSIVE MONITORING PROGRAM (BICM)","PROJ_ID":"LA-0226","PROD_DATE":"20160926","SHORE_TYPE":"MARSH","SRC_DATE":"19980110","SRC_DATA":"USGS DOQQ","SRC_RES":"1-m pixel","SRC_VECT":"APPLIED COASTAL/UNO","SRC_RAST":"c2909110.sws","DIG_NOTES":" ","REGION":"AB","CONTRACTOR":"APPLIED COASTAL","ORG":"COASTAL PROTECTION AND RESTORATION AUTHORITY OF LOUISIANA (CPRA)","SRC_REG":"USGS","DATAURL":"http://cims.coastal.louisiana.gov/meta_docs/gis_refs/shoreline/BICM2/LA-0226_SHORL_0000000000_1998011019980310_RAC0004.zip","Meta_xml":"http://cims.coastal.louisiana.gov/meta_docs/gis_refs/shoreline/BICM2/Shoreline_Metadata.xml","Meta_html":"http://cims.coastal.louisiana.gov/meta_docs/gis_refs/shoreline/BICM2/Shoreline_Metadata.html","COMMENTS":null,"SHAPE_Length":129.39061954448684,"DSAS_DATE":"01/10/1998","DSAS_UNCER":null,"year":1998}},{"type":"Feature","id":14365,"geometry":{"type":"LineString","coordinates":[[-91.855967,29.77699],[-91.855995,29.777157],[-91.855764,29.777361],[-91.85604,29.777849],[-91.856492,29.777919],[-91.856701,29.778718],[-91.856621,29.778957],[-91.85684,29.779063],[-91.858052,29.77808],[-91.858395,29.778138],[-91.85843,29.777028],[-91.858266,29.776993],[-91.858292,29.776861],[-91.858607,29.776836],[-91.859602,29.775536]]},"properties":{"OBJECTID":14365,"PROGRAM":"STATE","PROJECT":"LOUISIANA BARRIER ISLAND COMPREHENSIVE MONITORING PROGRAM (BICM)","PROJ_ID":"LA-0226","PROD_DATE":"20160926","SHORE_TYPE":"MARSH","SRC_DATE":"19980110","SRC_DATA":"USGS DOQQ","SRC_RES":"1-m pixel","SRC_VECT":"APPLIED COASTAL/UNO","SRC_RAST":"c2909110.sws","DIG_NOTES":" ","REGION":"AB","CONTRACTOR":"APPLIED COASTAL","ORG":"COASTAL PROTECTION AND RESTORATION AUTHORITY OF LOUISIANA (CPRA)","SRC_REG":"USGS","DATAURL":"http://cims.coastal.louisiana.gov/meta_docs/gis_refs/shoreline/BICM2/LA-0226_SHORL_0000000000_1998011019980310_RAC0004.zip","Meta_xml":"http://cims.coastal.louisiana.gov/meta_docs/gis_refs/shoreline/BICM2/Shoreline_Metadata.xml","Meta_html":"http://cims.coastal.louisiana.gov/meta_docs/gis_refs/shoreline/BICM2/Shoreline_Metadata.html","COMMENTS":null,"SHAPE_Length":891.4084883318048,"DSAS_DATE":"01/10/1998","DSAS_UNCER":null,"year":1998}},{"type":"Feature","id":14366,"geometry":{"type":"LineString","coordinates":[[-91.862842,29.76998],[-91.865388,29.771354],[-91.866631,29.770442],[-91.866674,29.770222],[-91.866421,29.77008]]},"properties":{"OBJECTID":14366,"PROGRAM":"STATE","PROJECT":"LOUISIANA BARRIER ISLAND COMPREHENSIVE MONITORING PROGRAM (BICM)","PROJ_ID":"LA-0226","PROD_DATE":"20160926","SHORE_TYPE":"MARSH","SRC_DATE":"19980110","SRC_DATA":"USGS DOQQ","SRC_RES":"1-m pixel","SRC_VECT":"APPLIED COASTAL/UNO","SRC_RAST":"c2909110.sws","DIG_NOTES":" ","REGION":"AB","CONTRACTOR":"APPLIED COASTAL","ORG":"COASTAL PROTECTION AND RESTORATION AUTHORITY OF LOUISIANA (CPRA)","SRC_REG":"USGS","DATAURL":"http://cims.coastal.louisiana.gov/meta_docs/gis_refs/shoreline/BICM2/LA-0226_SHORL_0000000000_1998011019980310_RAC0004.zip","Meta_xml":"http://cims.coastal.louisiana.gov/meta_docs/gis_refs/shoreline/BICM2/Shoreline_Metadata.xml","Meta_html":"http://cims.coastal.louisiana.gov/meta_docs/gis_refs/shoreline/BICM2/Shoreline_Metadata.html","COMMENTS":null,"SHAPE_Length":507.60372374974816,"DSAS_DATE":"01/10/1998","DSAS_UNCER":null,"year":1998}},{"type":"Feature","id":14367,"geometry":{"type":"LineString","coordinates":[[-91.866552,29.769898],[-91.867263,29.76979],[-91.867392,29.769484]]},"properties":{"OBJECTID":14367,"PROGRAM":"STATE","PROJECT":"LOUISIANA BARRIER ISLAND COMPREHENSIVE MONITORING PROGRAM (BICM)","PROJ_ID":"LA-0226","PROD_DATE":"20160926","SHORE_TYPE":"MARSH","SRC_DATE":"19980110","SRC_DATA":"USGS DOQQ","SRC_RES":"1-m pixel","SRC_VECT":"APPLIED COASTAL/UNO","SRC_RAST":"c2909110.sws","DIG_NOTES":" ","REGION":"AB","CONTRACTOR":"APPLIED COASTAL","ORG":"COASTAL PROTECTION AND RESTORATION AUTHORITY OF LOUISIANA (CPRA)","SRC_REG":"USGS","DATAURL":"http://cims.coastal.louisiana.gov/meta_docs/gis_refs/shoreline/BICM2/LA-0226_SHORL_0000000000_1998011019980310_RAC0004.zip","Meta_xml":"http://cims.coastal.louisiana.gov/meta_docs/gis_refs/shoreline/BICM2/Shoreline_Metadata.xml","Meta_html":"http://cims.coastal.louisiana.gov/meta_docs/gis_refs/shoreline/BICM2/Shoreline_Metadata.html","COMMENTS":null,"SHAPE_Length":112.61142710799032,"DSAS_DATE":"01/10/1998","DSAS_UNCER":null,"year":1998}},{"type":"Feature","id":14368,"geometry":{"type":"LineString","coordinates":[[-91.86846,29.76609],[-91.868954,29.766422],[-91.869481,29.767313],[-91.869198,29.767543],[-91.868929,29.768366],[-91.868953,29.768757],[-91.8683,29.769543],[-91.867471,29.770033],[-91.867099,29.770054],[-91.867361,29.7699],[-91.867545,29.769479]]},"properties":{"OBJECTID":14368,"PROGRAM":"STATE","PROJECT":"LOUISIANA BARRIER ISLAND COMPREHENSIVE MONITORING PROGRAM (BICM)","PROJ_ID":"LA-0226","PROD_DATE":"20160926","SHORE_TYPE":"MARSH","SRC_DATE":"19980110","SRC_DATA":"USGS DOQQ","SRC_RES":"1-m pixel","SRC_VECT":"APPLIED COASTAL/UNO","SRC_RAST":"c2909110.sws","DIG_NOTES":" ","REGION":"AB","CONTRACTOR":"APPLIED COASTAL","ORG":"COASTAL PROTECTION AND RESTORATION AUTHORITY OF LOUISIANA (CPRA)","SRC_REG":"USGS","DATAURL":"http://cims.coastal.louisiana.gov/meta_docs/gis_refs/shoreline/BICM2/LA-0226_SHORL_0000000000_1998011019980310_RAC0004.zip","Meta_xml":"http://cims.coastal.louisiana.gov/meta_docs/gis_refs/shoreline/BICM2/Shoreline_Metadata.xml","Meta_html":"http://cims.coastal.louisiana.gov/meta_docs/gis_refs/shoreline/BICM2/Shoreline_Metadata.html","COMMENTS":null,"SHAPE_Length":690.1325340220493,"DSAS_DATE":"01/10/1998","DSAS_UNCER":null,"year":1998}},{"type":"Feature","id":14369,"geometry":{"type":"LineString","coordinates":[[-91.868501,29.766018],[-91.869076,29.766195],[-91.868883,29.765885],[-91.869368,29.764523],[-91.869216,29.764225],[-91.869365,29.76389],[-91.869254,29.763652],[-91.869578,29.762767],[-91.869439,29.762505],[-91.869208,29.762745],[-91.8693,29.761933],[-91.868982,29.76129],[-91.867969,29.761294],[-91.867996,29.761174],[-91.867544,29.761021],[-91.867176,29.761261],[-91.868317,29.762307],[-91.868618,29.762389],[-91.868484,29.762903],[-91.868072,29.762511],[-91.867785,29.762703],[-91.867798,29.76244],[-91.867593,29.762501],[-91.867633,29.762322],[-91.86721,29.762514],[-91.86684,29.762349],[-91.866416,29.762482],[-91.866059,29.762161],[-91.865034,29.762344]]},"properties":{"OBJECTID":14369,"PROGRAM":"STATE","PROJECT":"LOUISIANA BARRIER ISLAND COMPREHENSIVE MONITORING PROGRAM (BICM)","PROJ_ID":"LA-0226","PROD_DATE":"20160926","SHORE_TYPE":"MARSH","SRC_DATE":"19980110","SRC_DATA":"USGS DOQQ","SRC_RES":"1-m pixel","SRC_VECT":"APPLIED COASTAL/UNO","SRC_RAST":"c2909110.sws","DIG_NOTES":" ","REGION":"AB","CONTRACTOR":"APPLIED COASTAL","ORG":"COASTAL PROTECTION AND RESTORATION AUTHORITY OF LOUISIANA (CPRA)","SRC_REG":"USGS","DATAURL":"http://cims.coastal.louisiana.gov/meta_docs/gis_refs/shoreline/BICM2/LA-0226_SHORL_0000000000_1998011019980310_RAC0004.zip","Meta_xml":"http://cims.coastal.louisiana.gov/meta_docs/gis_refs/shoreline/BICM2/Shoreline_Metadata.xml","Meta_html":"http://cims.coastal.louisiana.gov/meta_docs/gis_refs/shoreline/BICM2/Shoreline_Metadata.html","COMMENTS":null,"SHAPE_Length":1691.5271352347154,"DSAS_DATE":"01/10/1998","DSAS_UNCER":null,"year":1998}},{"type":"Feature","id":14370,"geometry":{"type":"LineString","coordinates":[[-91.868691,29.760159],[-91.86833,29.760266],[-91.868364,29.76038],[-91.868714,29.760455],[-91.868812,29.760264],[-91.868691,29.760159]]},"properties":{"OBJECTID":14370,"PROGRAM":"STATE","PROJECT":"LOUISIANA BARRIER ISLAND COMPREHENSIVE MONITORING PROGRAM (BICM)","PROJ_ID":"LA-0226","PROD_DATE":"20160926","SHORE_TYPE":"MARSH","SRC_DATE":"19980110","SRC_DATA":"USGS DOQQ","SRC_RES":"1-m pixel","SRC_VECT":"APPLIED COASTAL/UNO","SRC_RAST":"c2909110.sws","DIG_NOTES":" ","REGION":"AB","CONTRACTOR":"APPLIED COASTAL","ORG":"COASTAL PROTECTION AND RESTORATION AUTHORITY OF LOUISIANA (CPRA)","SRC_REG":"USGS","DATAURL":"http://cims.coastal.louisiana.gov/meta_docs/gis_refs/shoreline/BICM2/LA-0226_SHORL_0000000000_1998011019980310_RAC0004.zip","Meta_xml":"http://cims.coastal.louisiana.gov/meta_docs/gis_refs/shoreline/BICM2/Shoreline_Metadata.xml","Meta_html":"http://cims.coastal.louisiana.gov/meta_docs/gis_refs/shoreline/BICM2/Shoreline_Metadata.html","COMMENTS":null,"SHAPE_Length":133.24191364764806,"DSAS_DATE":"01/10/1998","DSAS_UNCER":null,"year":1998}},{"type":"Feature","id":14371,"geometry":{"type":"LineString","coordinates":[[-91.86879,29.758923],[-91.86866,29.759095],[-91.868782,29.759305],[-91.869229,29.759112],[-91.869645,29.759187],[-91.869896,29.759014],[-91.870346,29.759222],[-91.87053,29.758811],[-91.870409,29.758668],[-91.871187,29.759009],[-91.871372,29.758817],[-91.871252,29.758741],[-91.871404,29.758549],[-91.871174,29.758512],[-91.871358,29.758215],[-91.871611,29.758415],[-91.87162,29.758081],[-91.871774,29.758204],[-91.872212,29.758164],[-91.871895,29.758309],[-91.87169,29.758816],[-91.871811,29.759035],[-91.872095,29.758776],[-91.872795,29.758868],[-91.872095,29.758928],[-91.872031,29.759081],[-91.872109,29.759444],[-91.872394,29.759605],[-91.872242,29.759806],[-91.872408,29.759997],[-91.872747,29.760033],[-91.873717,29.759275],[-91.875006,29.758777]]},"properties":{"OBJECTID":14371,"PROGRAM":"STATE","PROJECT":"LOUISIANA BARRIER ISLAND COMPREHENSIVE MONITORING PROGRAM (BICM)","PROJ_ID":"LA-0226","PROD_DATE":"20160926","SHORE_TYPE":"MARSH","SRC_DATE":"19980110","SRC_DATA":"USGS DOQQ","SRC_RES":"1-m pixel","SRC_VECT":"APPLIED COASTAL/UNO","SRC_RAST":"c2909110.sws","DIG_NOTES":" ","REGION":"AB","CONTRACTOR":"APPLIED COASTAL","ORG":"COASTAL PROTECTION AND RESTORATION AUTHORITY OF LOUISIANA (CPRA)","SRC_REG":"USGS","DATAURL":"http://cims.coastal.louisiana.gov/meta_docs/gis_refs/shoreline/BICM2/LA-0226_SHORL_0000000000_1998011019980310_RAC0004.zip","Meta_xml":"http://cims.coastal.louisiana.gov/meta_docs/gis_refs/shoreline/BICM2/Shoreline_Metadata.xml","Meta_html":"http://cims.coastal.louisiana.gov/meta_docs/gis_refs/shoreline/BICM2/Shoreline_Metadata.html","COMMENTS":null,"SHAPE_Length":1447.866106322816,"DSAS_DATE":"01/10/1998","DSAS_UNCER":null,"year":1998}},{"type":"Feature","id":14372,"geometry":{"type":"LineString","coordinates":[[-91.87177,29.759464],[-91.871517,29.759294],[-91.870982,29.759458],[-91.871115,29.759801],[-91.870994,29.759611],[-91.870699,29.759822],[-91.870942,29.760213],[-91.870506,29.760396],[-91.870296,29.760129],[-91.870123,29.760483],[-91.869891,29.760045],[-91.869499,29.760495],[-91.869236,29.760391],[-91.869182,29.760535],[-91.870061,29.761267],[-91.870052,29.761467],[-91.870414,29.761657],[-91.872054,29.761497],[-91.871964,29.760877],[-91.872397,29.760111],[-91.87177,29.759464]]},"properties":{"OBJECTID":14372,"PROGRAM":"STATE","PROJECT":"LOUISIANA BARRIER ISLAND COMPREHENSIVE MONITORING PROGRAM (BICM)","PROJ_ID":"LA-0226","PROD_DATE":"20160926","SHORE_TYPE":"MARSH","SRC_DATE":"19980110","SRC_DATA":"USGS DOQQ","SRC_RES":"1-m pixel","SRC_VECT":"APPLIED COASTAL/UNO","SRC_RAST":"c2909110.sws","DIG_NOTES":" ","REGION":"AB","CONTRACTOR":"APPLIED COASTAL","ORG":"COASTAL PROTECTION AND RESTORATION AUTHORITY OF LOUISIANA (CPRA)","SRC_REG":"USGS","DATAURL":"http://cims.coastal.louisiana.gov/meta_docs/gis_refs/shoreline/BICM2/LA-0226_SHORL_0000000000_1998011019980310_RAC0004.zip","Meta_xml":"http://cims.coastal.louisiana.gov/meta_docs/gis_refs/shoreline/BICM2/Shoreline_Metadata.xml","Meta_html":"http://cims.coastal.louisiana.gov/meta_docs/gis_refs/shoreline/BICM2/Shoreline_Metadata.html","COMMENTS":null,"SHAPE_Length":1212.3034413387813,"DSAS_DATE":"01/10/1998","DSAS_UNCER":null,"year":1998}},{"type":"Feature","id":14373,"geometry":{"type":"LineString","coordinates":[[-91.87254,29.76013],[-91.872441,29.760159],[-91.87254,29.76013]]},"properties":{"OBJECTID":14373,"PROGRAM":"STATE","PROJECT":"LOUISIANA BARRIER ISLAND COMPREHENSIVE MONITORING PROGRAM (BICM)","PROJ_ID":"LA-0226","PROD_DATE":"20160926","SHORE_TYPE":"MARSH","SRC_DATE":"19980110","SRC_DATA":"USGS DOQQ","SRC_RES":"1-m pixel","SRC_VECT":"APPLIED COASTAL/UNO","SRC_RAST":"c2909110.sws","DIG_NOTES":" ","REGION":"AB","CONTRACTOR":"APPLIED COASTAL","ORG":"COASTAL PROTECTION AND RESTORATION AUTHORITY OF LOUISIANA (CPRA)","SRC_REG":"USGS","DATAURL":"http://cims.coastal.louisiana.gov/meta_docs/gis_refs/shoreline/BICM2/LA-0226_SHORL_0000000000_1998011019980310_RAC0004.zip","Meta_xml":"http://cims.coastal.louisiana.gov/meta_docs/gis_refs/shoreline/BICM2/Shoreline_Metadata.xml","Meta_html":"http://cims.coastal.louisiana.gov/meta_docs/gis_refs/shoreline/BICM2/Shoreline_Metadata.html","COMMENTS":null,"SHAPE_Length":38.488951135196714,"DSAS_DATE":"01/10/1998","DSAS_UNCER":null,"year":1998}},{"type":"Feature","id":14374,"geometry":{"type":"LineString","coordinates":[[-91.862582,29.77047],[-91.864989,29.771864],[-91.864748,29.771789],[-91.864311,29.771953],[-91.862576,29.773039],[-91.862161,29.773136],[-91.861759,29.773644],[-91.861397,29.773607],[-91.861313,29.774012],[-91.860429,29.774474],[-91.860092,29.774962],[-91.859819,29.775002],[-91.859602,29.775536]]},"properties":{"OBJECTID":14374,"PROGRAM":"STATE","PROJECT":"LOUISIANA BARRIER ISLAND COMPREHENSIVE MONITORING PROGRAM (BICM)","PROJ_ID":"LA-0226","PROD_DATE":"20160926","SHORE_TYPE":"MARSH","SRC_DATE":"19980110","SRC_DATA":"USGS DOQQ","SRC_RES":"1-m pixel","SRC_VECT":"APPLIED COASTAL/UNO","SRC_RAST":"c2909110.sws","DIG_NOTES":" ","REGION":"AB","CONTRACTOR":"APPLIED COASTAL","ORG":"COASTAL PROTECTION AND RESTORATION AUTHORITY OF LOUISIANA (CPRA)","SRC_REG":"USGS","DATAURL":"http://cims.coastal.louisiana.gov/meta_docs/gis_refs/shoreline/BICM2/LA-0226_SHORL_0000000000_1998011019980310_RAC0004.zip","Meta_xml":"http://cims.coastal.louisiana.gov/meta_docs/gis_refs/shoreline/BICM2/Shoreline_Metadata.xml","Meta_html":"http://cims.coastal.louisiana.gov/meta_docs/gis_refs/shoreline/BICM2/Shoreline_Metadata.html","COMMENTS":null,"SHAPE_Length":1066.7347510669422,"DSAS_DATE":"01/10/1998","DSAS_UNCER":null,"year":1998}},{"type":"Feature","id":14377,"geometry":{"type":"LineString","coordinates":[[-91.875006,29.747951],[-91.873084,29.74762],[-91.871307,29.747747],[-91.869595,29.747443],[-91.869033,29.747135],[-91.868445,29.747114],[-91.867307,29.746725],[-91.86605,29.746897],[-91.865199,29.74628],[-91.863028,29.747029],[-91.862467,29.747043],[-91.863579,29.747778]]},"properties":{"OBJECTID":14377,"PROGRAM":"STATE","PROJECT":"LOUISIANA BARRIER ISLAND COMPREHENSIVE MONITORING PROGRAM (BICM)","PROJ_ID":"LA-0226","PROD_DATE":"20160926","SHORE_TYPE":"MARSH","SRC_DATE":"19980110","SRC_DATA":"USGS DOQQ","SRC_RES":"1-m pixel","SRC_VECT":"APPLIED COASTAL/UNO","SRC_RAST":"c2909118.nws","DIG_NOTES":" ","REGION":"AB","CONTRACTOR":"APPLIED COASTAL","ORG":"COASTAL PROTECTION AND RESTORATION AUTHORITY OF LOUISIANA (CPRA)","SRC_REG":"USGS","DATAURL":"http://cims.coastal.louisiana.gov/meta_docs/gis_refs/shoreline/BICM2/LA-0226_SHORL_0000000000_1998011019980310_RAC0004.zip","Meta_xml":"http://cims.coastal.louisiana.gov/meta_docs/gis_refs/shoreline/BICM2/Shoreline_Metadata.xml","Meta_html":"http://cims.coastal.louisiana.gov/meta_docs/gis_refs/shoreline/BICM2/Shoreline_Metadata.html","COMMENTS":null,"SHAPE_Length":1461.6372972952029,"DSAS_DATE":"01/10/1998","DSAS_UNCER":null,"year":1998}},{"type":"Feature","id":14378,"geometry":{"type":"LineString","coordinates":[[-91.852144,29.743285],[-91.852615,29.743214],[-91.852388,29.743753],[-91.851607,29.744258]]},"properties":{"OBJECTID":14378,"PROGRAM":"STATE","PROJECT":"LOUISIANA BARRIER ISLAND COMPREHENSIVE MONITORING PROGRAM (BICM)","PROJ_ID":"LA-0226","PROD_DATE":"20160926","SHORE_TYPE":"MARSH","SRC_DATE":"19980110","SRC_DATA":"USGS DOQQ","SRC_RES":"1-m pixel","SRC_VECT":"APPLIED COASTAL/UNO","SRC_RAST":"c2909118.nws","DIG_NOTES":" ","REGION":"AB","CONTRACTOR":"APPLIED COASTAL","ORG":"COASTAL PROTECTION AND RESTORATION AUTHORITY OF LOUISIANA (CPRA)","SRC_REG":"USGS","DATAURL":"http://cims.coastal.louisiana.gov/meta_docs/gis_refs/shoreline/BICM2/LA-0226_SHORL_0000000000_1998011019980310_RAC0004.zip","Meta_xml":"http://cims.coastal.louisiana.gov/meta_docs/gis_refs/shoreline/BICM2/Shoreline_Metadata.xml","Meta_html":"http://cims.coastal.louisiana.gov/meta_docs/gis_refs/shoreline/BICM2/Shoreline_Metadata.html","COMMENTS":null,"SHAPE_Length":212.2726083612551,"DSAS_DATE":"01/10/1998","DSAS_UNCER":null,"year":1998}},{"type":"Feature","id":14379,"geometry":{"type":"LineString","coordinates":[[-91.860794,29.747466],[-91.861259,29.747476],[-91.860737,29.746977],[-91.860625,29.746464],[-91.860377,29.746262],[-91.860416,29.745904],[-91.859978,29.745703],[-91.859565,29.745179],[-91.859673,29.744928],[-91.85823,29.743621],[-91.857681,29.743373],[-91.857326,29.743458],[-91.85726,29.74378]]},"properties":{"OBJECTID":14379,"PROGRAM":"STATE","PROJECT":"LOUISIANA BARRIER ISLAND COMPREHENSIVE MONITORING PROGRAM (BICM)","PROJ_ID":"LA-0226","PROD_DATE":"20160926","SHORE_TYPE":"MARSH","SRC_DATE":"19980110","SRC_DATA":"USGS DOQQ","SRC_RES":"1-m pixel","SRC_VECT":"APPLIED COASTAL/UNO","SRC_RAST":"c2909118.nws","DIG_NOTES":" ","REGION":"AB","CONTRACTOR":"APPLIED COASTAL","ORG":"COASTAL PROTECTION AND RESTORATION AUTHORITY OF LOUISIANA (CPRA)","SRC_REG":"USGS","DATAURL":"http://cims.coastal.louisiana.gov/meta_docs/gis_refs/shoreline/BICM2/LA-0226_SHORL_0000000000_1998011019980310_RAC0004.zip","Meta_xml":"http://cims.coastal.louisiana.gov/meta_docs/gis_refs/shoreline/BICM2/Shoreline_Metadata.xml","Meta_html":"http://cims.coastal.louisiana.gov/meta_docs/gis_refs/shoreline/BICM2/Shoreline_Metadata.html","COMMENTS":null,"SHAPE_Length":751.8321275007063,"DSAS_DATE":"01/10/1998","DSAS_UNCER":null,"year":1998}},{"type":"Feature","id":14380,"geometry":{"type":"LineString","coordinates":[[-91.857177,29.743745],[-91.857204,29.743554],[-91.856889,29.743567],[-91.856024,29.742902],[-91.855751,29.743058],[-91.855999,29.743344],[-91.85596,29.743797]]},"properties":{"OBJECTID":14380,"PROGRAM":"STATE","PROJECT":"LOUISIANA BARRIER ISLAND COMPREHENSIVE MONITORING PROGRAM (BICM)","PROJ_ID":"LA-0226","PROD_DATE":"20160926","SHORE_TYPE":"MARSH","SRC_DATE":"19980110","SRC_DATA":"USGS DOQQ","SRC_RES":"1-m pixel","SRC_VECT":"APPLIED COASTAL/UNO","SRC_RAST":"c2909118.nws","DIG_NOTES":" ","REGION":"AB","CONTRACTOR":"APPLIED COASTAL","ORG":"COASTAL PROTECTION AND RESTORATION AUTHORITY OF LOUISIANA (CPRA)","SRC_REG":"USGS","DATAURL":"http://cims.coastal.louisiana.gov/meta_docs/gis_refs/shoreline/BICM2/LA-0226_SHORL_0000000000_1998011019980310_RAC0004.zip","Meta_xml":"http://cims.coastal.louisiana.gov/meta_docs/gis_refs/shoreline/BICM2/Shoreline_Metadata.xml","Meta_html":"http://cims.coastal.louisiana.gov/meta_docs/gis_refs/shoreline/BICM2/Shoreline_Metadata.html","COMMENTS":null,"SHAPE_Length":296.51535183216646,"DSAS_DATE":"01/10/1998","DSAS_UNCER":null,"year":1998}},{"type":"Feature","id":14381,"geometry":{"type":"LineString","coordinates":[[-91.855846,29.743621],[-91.855776,29.743287],[-91.85461,29.74254],[-91.854502,29.742922],[-91.853904,29.743688],[-91.853892,29.743879],[-91.854042,29.743831],[-91.853387,29.744227],[-91.853498,29.744466]]},"properties":{"OBJECTID":14381,"PROGRAM":"STATE","PROJECT":"LOUISIANA BARRIER ISLAND COMPREHENSIVE MONITORING PROGRAM (BICM)","PROJ_ID":"LA-0226","PROD_DATE":"20160926","SHORE_TYPE":"MARSH","SRC_DATE":"19980110","SRC_DATA":"USGS DOQQ","SRC_RES":"1-m pixel","SRC_VECT":"APPLIED COASTAL/UNO","SRC_RAST":"c2909118.nws","DIG_NOTES":" ","REGION":"AB","CONTRACTOR":"APPLIED COASTAL","ORG":"COASTAL PROTECTION AND RESTORATION AUTHORITY OF LOUISIANA (CPRA)","SRC_REG":"USGS","DATAURL":"http://cims.coastal.louisiana.gov/meta_docs/gis_refs/shoreline/BICM2/LA-0226_SHORL_0000000000_1998011019980310_RAC0004.zip","Meta_xml":"http://cims.coastal.louisiana.gov/meta_docs/gis_refs/shoreline/BICM2/Shoreline_Metadata.xml","Meta_html":"http://cims.coastal.louisiana.gov/meta_docs/gis_refs/shoreline/BICM2/Shoreline_Metadata.html","COMMENTS":null,"SHAPE_Length":491.24979970601754,"DSAS_DATE":"01/10/1998","DSAS_UNCER":null,"year":1998}},{"type":"Feature","id":14382,"geometry":{"type":"LineString","coordinates":[[-91.854398,29.741152],[-91.853853,29.741415],[-91.85362,29.74132],[-91.853675,29.741487],[-91.853949,29.74151],[-91.854508,29.74121],[-91.855546,29.740955],[-91.855256,29.740299]]},"properties":{"OBJECTID":14382,"PROGRAM":"STATE","PROJECT":"LOUISIANA BARRIER ISLAND COMPREHENSIVE MONITORING PROGRAM (BICM)","PROJ_ID":"LA-0226","PROD_DATE":"20160926","SHORE_TYPE":"BEACH","SRC_DATE":"19980110","SRC_DATA":"USGS DOQQ","SRC_RES":"1-m pixel","SRC_VECT":"APPLIED COASTAL/UNO","SRC_RAST":"c2909118.nws","DIG_NOTES":" ","REGION":"AB","CONTRACTOR":"APPLIED COASTAL","ORG":"COASTAL PROTECTION AND RESTORATION AUTHORITY OF LOUISIANA (CPRA)","SRC_REG":"USGS","DATAURL":"http://cims.coastal.louisiana.gov/meta_docs/gis_refs/shoreline/BICM2/LA-0226_SHORL_0000000000_1998011019980310_RAC0004.zip","Meta_xml":"http://cims.coastal.louisiana.gov/meta_docs/gis_refs/shoreline/BICM2/Shoreline_Metadata.xml","Meta_html":"http://cims.coastal.louisiana.gov/meta_docs/gis_refs/shoreline/BICM2/Shoreline_Metadata.html","COMMENTS":null,"SHAPE_Length":414.02077742524006,"DSAS_DATE":"01/10/1998","DSAS_UNCER":null,"year":1998}},{"type":"Feature","id":14383,"geometry":{"type":"LineString","coordinates":[[-91.853454,29.741078],[-91.853244,29.740221]]},"properties":{"OBJECTID":14383,"PROGRAM":"STATE","PROJECT":"LOUISIANA BARRIER ISLAND COMPREHENSIVE MONITORING PROGRAM (BICM)","PROJ_ID":"LA-0226","PROD_DATE":"20160926","SHORE_TYPE":"MARSH","SRC_DATE":"19980110","SRC_DATA":"USGS DOQQ","SRC_RES":"1-m pixel","SRC_VECT":"APPLIED COASTAL/UNO","SRC_RAST":"c2909118.nws","DIG_NOTES":" ","REGION":"AB","CONTRACTOR":"APPLIED COASTAL","ORG":"COASTAL PROTECTION AND RESTORATION AUTHORITY OF LOUISIANA (CPRA)","SRC_REG":"USGS","DATAURL":"http://cims.coastal.louisiana.gov/meta_docs/gis_refs/shoreline/BICM2/LA-0226_SHORL_0000000000_1998011019980310_RAC0004.zip","Meta_xml":"http://cims.coastal.louisiana.gov/meta_docs/gis_refs/shoreline/BICM2/Shoreline_Metadata.xml","Meta_html":"http://cims.coastal.louisiana.gov/meta_docs/gis_refs/shoreline/BICM2/Shoreline_Metadata.html","COMMENTS":null,"SHAPE_Length":907.2260524320368,"DSAS_DATE":"01/10/1998","DSAS_UNCER":null,"year":1998}},{"type":"Feature","id":14386,"geometry":{"type":"LineString","coordinates":[[-91.852148,29.743131],[-91.85248,29.743008],[-91.852873,29.743307],[-91.853021,29.743221],[-91.853172,29.742003],[-91.853016,29.740307]]},"properties":{"OBJECTID":14386,"PROGRAM":"STATE","PROJECT":"LOUISIANA BARRIER ISLAND COMPREHENSIVE MONITORING PROGRAM (BICM)","PROJ_ID":"LA-0226","PROD_DATE":"20160926","SHORE_TYPE":"MARSH","SRC_DATE":"19980110","SRC_DATA":"USGS DOQQ","SRC_RES":"1-m pixel","SRC_VECT":"APPLIED COASTAL/UNO","SRC_RAST":"c2909118.nws","DIG_NOTES":" ","REGION":"AB","CONTRACTOR":"APPLIED COASTAL","ORG":"COASTAL PROTECTION AND RESTORATION AUTHORITY OF LOUISIANA (CPRA)","SRC_REG":"USGS","DATAURL":"http://cims.coastal.louisiana.gov/meta_docs/gis_refs/shoreline/BICM2/LA-0226_SHORL_0000000000_1998011019980310_RAC0004.zip","Meta_xml":"http://cims.coastal.louisiana.gov/meta_docs/gis_refs/shoreline/BICM2/Shoreline_Metadata.xml","Meta_html":"http://cims.coastal.louisiana.gov/meta_docs/gis_refs/shoreline/BICM2/Shoreline_Metadata.html","COMMENTS":null,"SHAPE_Length":982.6264841992597,"DSAS_DATE":"01/10/1998","DSAS_UNCER":null,"year":1998}},{"type":"Feature","id":14410,"geometry":{"type":"LineString","coordinates":[[-91.875006,29.627036],[-91.874259,29.62798],[-91.874058,29.628733],[-91.872953,29.628952],[-91.872432,29.62862],[-91.871831,29.628623],[-91.871096,29.629187],[-91.870773,29.630083],[-91.869801,29.629717],[-91.869174,29.629899],[-91.868735,29.629543],[-91.868828,29.629101],[-91.868116,29.628889],[-91.868025,29.629593],[-91.867615,29.629571],[-91.86677,29.630088],[-91.866443,29.630173],[-91.865786,29.629937],[-91.865893,29.629626],[-91.866194,29.629636]]},"properties":{"OBJECTID":14410,"PROGRAM":"STATE","PROJECT":"LOUISIANA BARRIER ISLAND COMPREHENSIVE MONITORING PROGRAM (BICM)","PROJ_ID":"LA-0226","PROD_DATE":"20160926","SHORE_TYPE":"MARSH","SRC_DATE":"19980110","SRC_DATA":"USGS DOQQ","SRC_RES":"1-m pixel","SRC_VECT":"APPLIED COASTAL/UNO","SRC_RAST":"c2909118.sws","DIG_NOTES":" ","REGION":"AB","CONTRACTOR":"APPLIED COASTAL","ORG":"COASTAL PROTECTION AND RESTORATION AUTHORITY OF LOUISIANA (CPRA)","SRC_REG":"USGS","DATAURL":"http://cims.coastal.louisiana.gov/meta_docs/gis_refs/shoreline/BICM2/LA-0226_SHORL_0000000000_1998011019980310_RAC0004.zip","Meta_xml":"http://cims.coastal.louisiana.gov/meta_docs/gis_refs/shoreline/BICM2/Shoreline_Metadata.xml","Meta_html":"http://cims.coastal.louisiana.gov/meta_docs/gis_refs/shoreline/BICM2/Shoreline_Metadata.html","COMMENTS":null,"SHAPE_Length":1438.9012248666456,"DSAS_DATE":"01/10/1998","DSAS_UNCER":null,"year":1998}},{"type":"Feature","id":14411,"geometry":{"type":"LineString","coordinates":[[-91.86592,29.62953],[-91.865635,29.629901],[-91.865454,29.629162],[-91.864988,29.628842],[-91.865329,29.628745],[-91.866022,29.628097],[-91.866201,29.628407],[-91.865398,29.628959],[-91.865467,29.629126],[-91.865754,29.629113],[-91.866489,29.628489],[-91.866474,29.628188],[-91.866033,29.62739],[-91.866371,29.626852],[-91.86637,29.626565],[-91.865918,29.626472]]},"properties":{"OBJECTID":14411,"PROGRAM":"STATE","PROJECT":"LOUISIANA BARRIER ISLAND COMPREHENSIVE MONITORING PROGRAM (BICM)","PROJ_ID":"LA-0226","PROD_DATE":"20160926","SHORE_TYPE":"MARSH","SRC_DATE":"19980110","SRC_DATA":"USGS DOQQ","SRC_RES":"1-m pixel","SRC_VECT":"APPLIED COASTAL/UNO","SRC_RAST":"c2909118.sws","DIG_NOTES":" ","REGION":"AB","CONTRACTOR":"APPLIED COASTAL","ORG":"COASTAL PROTECTION AND RESTORATION AUTHORITY OF LOUISIANA (CPRA)","SRC_REG":"USGS","DATAURL":"http://cims.coastal.louisiana.gov/meta_docs/gis_refs/shoreline/BICM2/LA-0226_SHORL_0000000000_1998011019980310_RAC0004.zip","Meta_xml":"http://cims.coastal.louisiana.gov/meta_docs/gis_refs/shoreline/BICM2/Shoreline_Metadata.xml","Meta_html":"http://cims.coastal.louisiana.gov/meta_docs/gis_refs/shoreline/BICM2/Shoreline_Metadata.html","COMMENTS":null,"SHAPE_Length":921.0318281551629,"DSAS_DATE":"01/10/1998","DSAS_UNCER":null,"year":1998}},{"type":"Feature","id":14412,"geometry":{"type":"LineString","coordinates":[[-91.865824,29.626747],[-91.866138,29.626698],[-91.865745,29.627236],[-91.865954,29.627964],[-91.86564,29.62806],[-91.865448,29.627954],[-91.865545,29.628216],[-91.865205,29.62842],[-91.864635,29.628095],[-91.864622,29.627819],[-91.864414,29.627753],[-91.864127,29.62721],[-91.863059,29.626117]]},"properties":{"OBJECTID":14412,"PROGRAM":"STATE","PROJECT":"LOUISIANA BARRIER ISLAND COMPREHENSIVE MONITORING PROGRAM (BICM)","PROJ_ID":"LA-0226","PROD_DATE":"20160926","SHORE_TYPE":"MARSH","SRC_DATE":"19980110","SRC_DATA":"USGS DOQQ","SRC_RES":"1-m pixel","SRC_VECT":"APPLIED COASTAL/UNO","SRC_RAST":"c2909118.sws","DIG_NOTES":" ","REGION":"AB","CONTRACTOR":"APPLIED COASTAL","ORG":"COASTAL PROTECTION AND RESTORATION AUTHORITY OF LOUISIANA (CPRA)","SRC_REG":"USGS","DATAURL":"http://cims.coastal.louisiana.gov/meta_docs/gis_refs/shoreline/BICM2/LA-0226_SHORL_0000000000_1998011019980310_RAC0004.zip","Meta_xml":"http://cims.coastal.louisiana.gov/meta_docs/gis_refs/shoreline/BICM2/Shoreline_Metadata.xml","Meta_html":"http://cims.coastal.louisiana.gov/meta_docs/gis_refs/shoreline/BICM2/Shoreline_Metadata.html","COMMENTS":null,"SHAPE_Length":689.4973036947891,"DSAS_DATE":"01/10/1998","DSAS_UNCER":null,"year":1998}},{"type":"Feature","id":14413,"geometry":{"type":"LineString","coordinates":[[-91.865,29.630968],[-91.864368,29.631438],[-91.864399,29.631076],[-91.864876,29.630281],[-91.865486,29.630002],[-91.865237,29.630385],[-91.865185,29.630872],[-91.865,29.630968]]},"properties":{"OBJECTID":14413,"PROGRAM":"STATE","PROJECT":"LOUISIANA BARRIER ISLAND COMPREHENSIVE MONITORING PROGRAM (BICM)","PROJ_ID":"LA-0226","PROD_DATE":"20160926","SHORE_TYPE":"MARSH","SRC_DATE":"19980110","SRC_DATA":"USGS DOQQ","SRC_RES":"1-m pixel","SRC_VECT":"APPLIED COASTAL/UNO","SRC_RAST":"c2909118.sws","DIG_NOTES":" ","REGION":"AB","CONTRACTOR":"APPLIED COASTAL","ORG":"COASTAL PROTECTION AND RESTORATION AUTHORITY OF LOUISIANA (CPRA)","SRC_REG":"USGS","DATAURL":"http://cims.coastal.louisiana.gov/meta_docs/gis_refs/shoreline/BICM2/LA-0226_SHORL_0000000000_1998011019980310_RAC0004.zip","Meta_xml":"http://cims.coastal.louisiana.gov/meta_docs/gis_refs/shoreline/BICM2/Shoreline_Metadata.xml","Meta_html":"http://cims.coastal.louisiana.gov/meta_docs/gis_refs/shoreline/BICM2/Shoreline_Metadata.html","COMMENTS":null,"SHAPE_Length":431.08182833577706,"DSAS_DATE":"01/10/1998","DSAS_UNCER":null,"year":1998}},{"type":"Feature","id":14414,"geometry":{"type":"LineString","coordinates":[[-91.865651,29.630202],[-91.865487,29.630116],[-91.865705,29.630096],[-91.865651,29.630202]]},"properties":{"OBJECTID":14414,"PROGRAM":"STATE","PROJECT":"LOUISIANA BARRIER ISLAND COMPREHENSIVE MONITORING PROGRAM (BICM)","PROJ_ID":"LA-0226","PROD_DATE":"20160926","SHORE_TYPE":"MARSH","SRC_DATE":"19980110","SRC_DATA":"USGS DOQQ","SRC_RES":"1-m pixel","SRC_VECT":"APPLIED COASTAL/UNO","SRC_RAST":"c2909118.sws","DIG_NOTES":" ","REGION":"AB","CONTRACTOR":"APPLIED COASTAL","ORG":"COASTAL PROTECTION AND RESTORATION AUTHORITY OF LOUISIANA (CPRA)","SRC_REG":"USGS","DATAURL":"http://cims.coastal.louisiana.gov/meta_docs/gis_refs/shoreline/BICM2/LA-0226_SHORL_0000000000_1998011019980310_RAC0004.zip","Meta_xml":"http://cims.coastal.louisiana.gov/meta_docs/gis_refs/shoreline/BICM2/Shoreline_Metadata.xml","Meta_html":"http://cims.coastal.louisiana.gov/meta_docs/gis_refs/shoreline/BICM2/Shoreline_Metadata.html","COMMENTS":null,"SHAPE_Length":67.25496440056757,"DSAS_DATE":"01/10/1998","DSAS_UNCER":null,"year":1998}},{"type":"Feature","id":14415,"geometry":{"type":"LineString","coordinates":[[-91.848741,29.625402],[-91.848862,29.625516],[-91.848732,29.625822],[-91.849071,29.625907],[-91.84893,29.62605],[-91.848754,29.625879],[-91.848514,29.625985],[-91.848426,29.625871],[-91.84835,29.626005],[-91.848526,29.626147],[-91.848257,29.626903],[-91.848324,29.627198],[-91.847802,29.627831],[-91.848155,29.628393],[-91.847643,29.628786],[-91.847653,29.628471],[-91.847882,29.628365],[-91.847619,29.628252],[-91.847478,29.6285],[-91.847379,29.628443],[-91.847607,29.628013],[-91.847409,29.627823]]},"properties":{"OBJECTID":14415,"PROGRAM":"STATE","PROJECT":"LOUISIANA BARRIER ISLAND COMPREHENSIVE MONITORING PROGRAM (BICM)","PROJ_ID":"LA-0226","PROD_DATE":"20160926","SHORE_TYPE":"MARSH","SRC_DATE":"19980110","SRC_DATA":"USGS DOQQ","SRC_RES":"1-m pixel","SRC_VECT":"APPLIED COASTAL/UNO","SRC_RAST":"c2909118.sws","DIG_NOTES":" ","REGION":"AB","CONTRACTOR":"APPLIED COASTAL","ORG":"COASTAL PROTECTION AND RESTORATION AUTHORITY OF LOUISIANA (CPRA)","SRC_REG":"USGS","DATAURL":"http://cims.coastal.louisiana.gov/meta_docs/gis_refs/shoreline/BICM2/LA-0226_SHORL_0000000000_1998011019980310_RAC0004.zip","Meta_xml":"http://cims.coastal.louisiana.gov/meta_docs/gis_refs/shoreline/BICM2/Shoreline_Metadata.xml","Meta_html":"http://cims.coastal.louisiana.gov/meta_docs/gis_refs/shoreline/BICM2/Shoreline_Metadata.html","COMMENTS":null,"SHAPE_Length":834.1142882959579,"DSAS_DATE":"01/10/1998","DSAS_UNCER":null,"year":1998}},{"type":"Feature","id":14416,"geometry":{"type":"LineString","coordinates":[[-91.847157,29.627719],[-91.847279,29.627976],[-91.847073,29.62834],[-91.846723,29.628379],[-91.846503,29.628103]]},"properties":{"OBJECTID":14416,"PROGRAM":"STATE","PROJECT":"LOUISIANA BARRIER ISLAND COMPREHENSIVE MONITORING PROGRAM (BICM)","PROJ_ID":"LA-0226","PROD_DATE":"20160926","SHORE_TYPE":"MARSH","SRC_DATE":"19980110","SRC_DATA":"USGS DOQQ","SRC_RES":"1-m pixel","SRC_VECT":"APPLIED COASTAL/UNO","SRC_RAST":"c2909118.sws","DIG_NOTES":" ","REGION":"AB","CONTRACTOR":"APPLIED COASTAL","ORG":"COASTAL PROTECTION AND RESTORATION AUTHORITY OF LOUISIANA (CPRA)","SRC_REG":"USGS","DATAURL":"http://cims.coastal.louisiana.gov/meta_docs/gis_refs/shoreline/BICM2/LA-0226_SHORL_0000000000_1998011019980310_RAC0004.zip","Meta_xml":"http://cims.coastal.louisiana.gov/meta_docs/gis_refs/shoreline/BICM2/Shoreline_Metadata.xml","Meta_html":"http://cims.coastal.louisiana.gov/meta_docs/gis_refs/shoreline/BICM2/Shoreline_Metadata.html","COMMENTS":null,"SHAPE_Length":152.91548346216476,"DSAS_DATE":"01/10/1998","DSAS_UNCER":null,"year":1998}},{"type":"Feature","id":14417,"geometry":{"type":"LineString","coordinates":[[-91.846811,29.628493],[-91.847019,29.628454],[-91.847282,29.628692],[-91.846955,29.628818]]},"properties":{"OBJECTID":14417,"PROGRAM":"STATE","PROJECT":"LOUISIANA BARRIER ISLAND COMPREHENSIVE MONITORING PROGRAM (BICM)","PROJ_ID":"LA-0226","PROD_DATE":"20160926","SHORE_TYPE":"MARSH","SRC_DATE":"19980110","SRC_DATA":"USGS DOQQ","SRC_RES":"1-m pixel","SRC_VECT":"APPLIED COASTAL/UNO","SRC_RAST":"c2909118.sws","DIG_NOTES":" ","REGION":"AB","CONTRACTOR":"APPLIED COASTAL","ORG":"COASTAL PROTECTION AND RESTORATION AUTHORITY OF LOUISIANA (CPRA)","SRC_REG":"USGS","DATAURL":"http://cims.coastal.louisiana.gov/meta_docs/gis_refs/shoreline/BICM2/LA-0226_SHORL_0000000000_1998011019980310_RAC0004.zip","Meta_xml":"http://cims.coastal.louisiana.gov/meta_docs/gis_refs/shoreline/BICM2/Shoreline_Metadata.xml","Meta_html":"http://cims.coastal.louisiana.gov/meta_docs/gis_refs/shoreline/BICM2/Shoreline_Metadata.html","COMMENTS":null,"SHAPE_Length":106.23994021491944,"DSAS_DATE":"01/10/1998","DSAS_UNCER":null,"year":1998}},{"type":"Feature","id":14517,"geometry":{"type":"LineString","coordinates":[[-91.972213,29.834211],[-91.96946,29.835323],[-91.968432,29.835547],[-91.967961,29.835492],[-91.967174,29.835783],[-91.966248,29.836522],[-91.96486,29.837064]]},"properties":{"OBJECTID":14517,"PROGRAM":"STATE","PROJECT":"LOUISIANA BARRIER ISLAND COMPREHENSIVE MONITORING PROGRAM (BICM)","PROJ_ID":"LA-0226","PROD_DATE":"20160926","SHORE_TYPE":"MARSH","SRC_DATE":"19980301","SRC_DATA":"USGS DOQQ","SRC_RES":"1-m pixel","SRC_VECT":"APPLIED COASTAL/UNO","SRC_RAST":"c2909109.nws","DIG_NOTES":" ","REGION":"AB","CONTRACTOR":"APPLIED COASTAL","ORG":"COASTAL PROTECTION AND RESTORATION AUTHORITY OF LOUISIANA (CPRA)","SRC_REG":"USGS","DATAURL":"http://cims.coastal.louisiana.gov/meta_docs/gis_refs/shoreline/BICM2/LA-0226_SHORL_0000000000_1998011019980310_RAC0004.zip","Meta_xml":"http://cims.coastal.louisiana.gov/meta_docs/gis_refs/shoreline/BICM2/Shoreline_Metadata.xml","Meta_html":"http://cims.coastal.louisiana.gov/meta_docs/gis_refs/shoreline/BICM2/Shoreline_Metadata.html","COMMENTS":null,"SHAPE_Length":1928.8017378169484,"DSAS_DATE":"03/01/1998","DSAS_UNCER":null,"year":1998}},{"type":"Feature","id":14518,"geometry":{"type":"LineString","coordinates":[[-91.962324,29.827041],[-91.962535,29.827234],[-91.962533,29.82746],[-91.964665,29.829109],[-91.965363,29.829967],[-91.966291,29.83058]]},"properties":{"OBJECTID":14518,"PROGRAM":"STATE","PROJECT":"LOUISIANA BARRIER ISLAND COMPREHENSIVE MONITORING PROGRAM (BICM)","PROJ_ID":"LA-0226","PROD_DATE":"20160926","SHORE_TYPE":"MARSH","SRC_DATE":"19980301","SRC_DATA":"USGS DOQQ","SRC_RES":"1-m pixel","SRC_VECT":"APPLIED COASTAL/UNO","SRC_RAST":"c2909109.nws","DIG_NOTES":" ","REGION":"AB","CONTRACTOR":"APPLIED COASTAL","ORG":"COASTAL PROTECTION AND RESTORATION AUTHORITY OF LOUISIANA (CPRA)","SRC_REG":"USGS","DATAURL":"http://cims.coastal.louisiana.gov/meta_docs/gis_refs/shoreline/BICM2/LA-0226_SHORL_0000000000_1998011019980310_RAC0004.zip","Meta_xml":"http://cims.coastal.louisiana.gov/meta_docs/gis_refs/shoreline/BICM2/Shoreline_Metadata.xml","Meta_html":"http://cims.coastal.louisiana.gov/meta_docs/gis_refs/shoreline/BICM2/Shoreline_Metadata.html","COMMENTS":null,"SHAPE_Length":566.6498300119107,"DSAS_DATE":"03/01/1998","DSAS_UNCER":null,"year":1998}},{"type":"Feature","id":14519,"geometry":{"type":"LineString","coordinates":[[-91.966291,29.83058],[-91.967088,29.832508],[-91.966957,29.834077],[-91.965993,29.835013],[-91.965446,29.836312],[-91.96467,29.836632]]},"properties":{"OBJECTID":14519,"PROGRAM":"STATE","PROJECT":"LOUISIANA BARRIER ISLAND COMPREHENSIVE MONITORING PROGRAM (BICM)","PROJ_ID":"LA-0226","PROD_DATE":"20160926","SHORE_TYPE":"MARSH","SRC_DATE":"19980301","SRC_DATA":"USGS DOQQ","SRC_RES":"1-m pixel","SRC_VECT":"APPLIED COASTAL/UNO","SRC_RAST":"c2909109.nws","DIG_NOTES":" ","REGION":"AB","CONTRACTOR":"APPLIED COASTAL","ORG":"COASTAL PROTECTION AND RESTORATION AUTHORITY OF LOUISIANA (CPRA)","SRC_REG":"USGS","DATAURL":"http://cims.coastal.louisiana.gov/meta_docs/gis_refs/shoreline/BICM2/LA-0226_SHORL_0000000000_1998011019980310_RAC0004.zip","Meta_xml":"http://cims.coastal.louisiana.gov/meta_docs/gis_refs/shoreline/BICM2/Shoreline_Metadata.xml","Meta_html":"http://cims.coastal.louisiana.gov/meta_docs/gis_refs/shoreline/BICM2/Shoreline_Metadata.html","COMMENTS":null,"SHAPE_Length":783.7312622103852,"DSAS_DATE":"03/01/1998","DSAS_UNCER":null,"year":1998}},{"type":"Feature","id":14520,"geometry":{"type":"LineString","coordinates":[[-91.943208,29.819933],[-91.941695,29.81901],[-91.940728,29.818754],[-91.940525,29.818442],[-91.938989,29.818051],[-91.938829,29.817863],[-91.93876,29.817279],[-91.938324,29.816743],[-91.937506,29.816611]]},"properties":{"OBJECTID":14520,"PROGRAM":"STATE","PROJECT":"LOUISIANA BARRIER ISLAND COMPREHENSIVE MONITORING PROGRAM (BICM)","PROJ_ID":"LA-0226","PROD_DATE":"20160926","SHORE_TYPE":"MARSH","SRC_DATE":"19980301","SRC_DATA":"USGS DOQQ","SRC_RES":"1-m pixel","SRC_VECT":"APPLIED COASTAL/UNO","SRC_RAST":"c2909109.nws","DIG_NOTES":" ","REGION":"AB","CONTRACTOR":"APPLIED COASTAL","ORG":"COASTAL PROTECTION AND RESTORATION AUTHORITY OF LOUISIANA (CPRA)","SRC_REG":"USGS","DATAURL":"http://cims.coastal.louisiana.gov/meta_docs/gis_refs/shoreline/BICM2/LA-0226_SHORL_0000000000_1998011019980310_RAC0004.zip","Meta_xml":"http://cims.coastal.louisiana.gov/meta_docs/gis_refs/shoreline/BICM2/Shoreline_Metadata.xml","Meta_html":"http://cims.coastal.louisiana.gov/meta_docs/gis_refs/shoreline/BICM2/Shoreline_Metadata.html","COMMENTS":null,"SHAPE_Length":731.3595569577892,"DSAS_DATE":"03/01/1998","DSAS_UNCER":null,"year":1998}},{"type":"Feature","id":14521,"geometry":{"type":"LineString","coordinates":[[-91.962324,29.827041],[-91.960923,29.825892],[-91.960551,29.825989],[-91.960286,29.825571],[-91.959936,29.825696],[-91.959683,29.82544],[-91.957809,29.825296],[-91.957567,29.825125],[-91.956911,29.825224],[-91.95669,29.824977],[-91.956374,29.825121],[-91.956164,29.824922],[-91.955595,29.824915],[-91.95532,29.824735],[-91.95486,29.82468],[-91.954565,29.824824],[-91.954246,29.824549],[-91.954137,29.824731],[-91.953818,29.824494],[-91.953556,29.824543],[-91.952798,29.82426],[-91.952657,29.824366],[-91.952349,29.824176],[-91.951988,29.824225],[-91.951679,29.82394],[-91.951296,29.823971],[-91.951218,29.823771],[-91.950857,29.82383],[-91.95044,29.823574],[-91.949892,29.823538],[-91.949144,29.822988],[-91.948684,29.823057],[-91.948453,29.822781],[-91.94672,29.822407],[-91.945992,29.821561],[-91.945599,29.82161],[-91.945433,29.821373],[-91.944423,29.820995],[-91.944235,29.820643],[-91.943631,29.820455],[-91.943208,29.819933]]},"properties":{"OBJECTID":14521,"PROGRAM":"STATE","PROJECT":"LOUISIANA BARRIER ISLAND COMPREHENSIVE MONITORING PROGRAM (BICM)","PROJ_ID":"LA-0226","PROD_DATE":"20160926","SHORE_TYPE":"MARSH","SRC_DATE":"19980301","SRC_DATA":"USGS DOQQ","SRC_RES":"1-m pixel","SRC_VECT":"APPLIED COASTAL/UNO","SRC_RAST":"c2909109.nws","DIG_NOTES":" ","REGION":"AB","CONTRACTOR":"APPLIED COASTAL","ORG":"COASTAL PROTECTION AND RESTORATION AUTHORITY OF LOUISIANA (CPRA)","SRC_REG":"USGS","DATAURL":"http://cims.coastal.louisiana.gov/meta_docs/gis_refs/shoreline/BICM2/LA-0226_SHORL_0000000000_1998011019980310_RAC0004.zip","Meta_xml":"http://cims.coastal.louisiana.gov/meta_docs/gis_refs/shoreline/BICM2/Shoreline_Metadata.xml","Meta_html":"http://cims.coastal.louisiana.gov/meta_docs/gis_refs/shoreline/BICM2/Shoreline_Metadata.html","COMMENTS":null,"SHAPE_Length":2431.0578291352936,"DSAS_DATE":"03/01/1998","DSAS_UNCER":null,"year":1998}},{"type":"Feature","id":14522,"geometry":{"type":"LineString","coordinates":[[-91.93831,29.609031],[-91.9382,29.609418],[-91.938333,29.609503],[-91.939451,29.609142],[-91.939528,29.60928],[-91.940464,29.609103],[-91.942533,29.609257],[-91.943163,29.609837],[-91.944013,29.610058],[-91.946236,29.609607],[-91.947799,29.609579],[-91.947684,29.608672],[-91.946985,29.608752]]},"properties":{"OBJECTID":14522,"PROGRAM":"STATE","PROJECT":"LOUISIANA BARRIER ISLAND COMPREHENSIVE MONITORING PROGRAM (BICM)","PROJ_ID":"LA-0226","PROD_DATE":"20160926","SHORE_TYPE":"MARSH","SRC_DATE":"19980301","SRC_DATA":"USGS DOQQ","SRC_RES":"1-m pixel","SRC_VECT":"APPLIED COASTAL/UNO","SRC_RAST":"c2909125.nws","DIG_NOTES":" ","REGION":"AB","CONTRACTOR":"APPLIED COASTAL","ORG":"COASTAL PROTECTION AND RESTORATION AUTHORITY OF LOUISIANA (CPRA)","SRC_REG":"APPLIED COASTAL","DATAURL":"http://cims.coastal.louisiana.gov/meta_docs/gis_refs/shoreline/BICM2/LA-0226_SHORL_0000000000_1998011019980310_RAC0004.zip","Meta_xml":"http://cims.coastal.louisiana.gov/meta_docs/gis_refs/shoreline/BICM2/Shoreline_Metadata.xml","Meta_html":"http://cims.coastal.louisiana.gov/meta_docs/gis_refs/shoreline/BICM2/Shoreline_Metadata.html","COMMENTS":null,"SHAPE_Length":1258.0097042402158,"DSAS_DATE":"03/01/1998","DSAS_UNCER":null,"year":1998}},{"type":"Feature","id":14523,"geometry":{"type":"LineString","coordinates":[[-91.937506,29.609945],[-91.937761,29.60997],[-91.9379,29.610352],[-91.938338,29.610481],[-91.938638,29.610456],[-91.938171,29.6101],[-91.939128,29.610155],[-91.939033,29.610275],[-91.939211,29.610369],[-91.937506,29.610793]]},"properties":{"OBJECTID":14523,"PROGRAM":"STATE","PROJECT":"LOUISIANA BARRIER ISLAND COMPREHENSIVE MONITORING PROGRAM (BICM)","PROJ_ID":"LA-0226","PROD_DATE":"20160926","SHORE_TYPE":"MARSH","SRC_DATE":"19980301","SRC_DATA":"USGS DOQQ","SRC_RES":"1-m pixel","SRC_VECT":"APPLIED COASTAL/UNO","SRC_RAST":"c2909125.nws","DIG_NOTES":" ","REGION":"AB","CONTRACTOR":"APPLIED COASTAL","ORG":"COASTAL PROTECTION AND RESTORATION AUTHORITY OF LOUISIANA (CPRA)","SRC_REG":"APPLIED COASTAL","DATAURL":"http://cims.coastal.louisiana.gov/meta_docs/gis_refs/shoreline/BICM2/LA-0226_SHORL_0000000000_1998011019980310_RAC0004.zip","Meta_xml":"http://cims.coastal.louisiana.gov/meta_docs/gis_refs/shoreline/BICM2/Shoreline_Metadata.xml","Meta_html":"http://cims.coastal.louisiana.gov/meta_docs/gis_refs/shoreline/BICM2/Shoreline_Metadata.html","COMMENTS":null,"SHAPE_Length":525.0001742957928,"DSAS_DATE":"03/01/1998","DSAS_UNCER":null,"year":1998}},{"type":"Feature","id":14524,"geometry":{"type":"LineString","coordinates":[[-91.938154,29.610295],[-91.938012,29.610252],[-91.938154,29.610295]]},"properties":{"OBJECTID":14524,"PROGRAM":"STATE","PROJECT":"LOUISIANA BARRIER ISLAND COMPREHENSIVE MONITORING PROGRAM (BICM)","PROJ_ID":"LA-0226","PROD_DATE":"20160926","SHORE_TYPE":"MARSH","SRC_DATE":"19980301","SRC_DATA":"USGS DOQQ","SRC_RES":"1-m pixel","SRC_VECT":"APPLIED COASTAL/UNO","SRC_RAST":"c2909125.nws","DIG_NOTES":" ","REGION":"AB","CONTRACTOR":"APPLIED COASTAL","ORG":"COASTAL PROTECTION AND RESTORATION AUTHORITY OF LOUISIANA (CPRA)","SRC_REG":"APPLIED COASTAL","DATAURL":"http://cims.coastal.louisiana.gov/meta_docs/gis_refs/shoreline/BICM2/LA-0226_SHORL_0000000000_1998011019980310_RAC0004.zip","Meta_xml":"http://cims.coastal.louisiana.gov/meta_docs/gis_refs/shoreline/BICM2/Shoreline_Metadata.xml","Meta_html":"http://cims.coastal.louisiana.gov/meta_docs/gis_refs/shoreline/BICM2/Shoreline_Metadata.html","COMMENTS":null,"SHAPE_Length":33.2672016280536,"DSAS_DATE":"03/01/1998","DSAS_UNCER":null,"year":1998}},{"type":"Feature","id":14525,"geometry":{"type":"LineString","coordinates":[[-92.000006,29.605742],[-91.999188,29.606249],[-91.998292,29.606234],[-91.997922,29.606503],[-91.997804,29.606857],[-91.99751,29.607002],[-91.996898,29.607053],[-91.996503,29.606806]]},"properties":{"OBJECTID":14525,"PROGRAM":"STATE","PROJECT":"LOUISIANA BARRIER ISLAND COMPREHENSIVE MONITORING PROGRAM (BICM)","PROJ_ID":"LA-0226","PROD_DATE":"20160926","SHORE_TYPE":"MARSH","SRC_DATE":"19980301","SRC_DATA":"USGS DOQQ","SRC_RES":"1-m pixel","SRC_VECT":"APPLIED COASTAL/UNO","SRC_RAST":"c2909125.nws","DIG_NOTES":" ","REGION":"AB","CONTRACTOR":"APPLIED COASTAL","ORG":"COASTAL PROTECTION AND RESTORATION AUTHORITY OF LOUISIANA (CPRA)","SRC_REG":"APPLIED COASTAL","DATAURL":"http://cims.coastal.louisiana.gov/meta_docs/gis_refs/shoreline/BICM2/LA-0226_SHORL_0000000000_1998011019980310_RAC0004.zip","Meta_xml":"http://cims.coastal.louisiana.gov/meta_docs/gis_refs/shoreline/BICM2/Shoreline_Metadata.xml","Meta_html":"http://cims.coastal.louisiana.gov/meta_docs/gis_refs/shoreline/BICM2/Shoreline_Metadata.html","COMMENTS":null,"SHAPE_Length":437.3406744647824,"DSAS_DATE":"03/01/1998","DSAS_UNCER":null,"year":1998}},{"type":"Feature","id":14526,"geometry":{"type":"LineString","coordinates":[[-91.996489,29.606938],[-91.997301,29.60743],[-91.996396,29.607788],[-91.995152,29.608014],[-91.993367,29.609083],[-91.990967,29.609754],[-91.99057,29.610844],[-91.988981,29.611855],[-91.988727,29.611436],[-91.989065,29.61131],[-91.989999,29.610418]]},"properties":{"OBJECTID":14526,"PROGRAM":"STATE","PROJECT":"LOUISIANA BARRIER ISLAND COMPREHENSIVE MONITORING PROGRAM (BICM)","PROJ_ID":"LA-0226","PROD_DATE":"20160926","SHORE_TYPE":"MARSH","SRC_DATE":"19980301","SRC_DATA":"USGS DOQQ","SRC_RES":"1-m pixel","SRC_VECT":"APPLIED COASTAL/UNO","SRC_RAST":"c2909125.nws","DIG_NOTES":" ","REGION":"AB","CONTRACTOR":"APPLIED COASTAL","ORG":"COASTAL PROTECTION AND RESTORATION AUTHORITY OF LOUISIANA (CPRA)","SRC_REG":"APPLIED COASTAL","DATAURL":"http://cims.coastal.louisiana.gov/meta_docs/gis_refs/shoreline/BICM2/LA-0226_SHORL_0000000000_1998011019980310_RAC0004.zip","Meta_xml":"http://cims.coastal.louisiana.gov/meta_docs/gis_refs/shoreline/BICM2/Shoreline_Metadata.xml","Meta_html":"http://cims.coastal.louisiana.gov/meta_docs/gis_refs/shoreline/BICM2/Shoreline_Metadata.html","COMMENTS":null,"SHAPE_Length":1378.0283442091343,"DSAS_DATE":"03/01/1998","DSAS_UNCER":null,"year":1998}},{"type":"Feature","id":14527,"geometry":{"type":"LineString","coordinates":[[-91.989507,29.610353],[-91.989541,29.610496],[-91.98889,29.611168],[-91.98866,29.61114],[-91.988388,29.61138],[-91.988555,29.611876],[-91.98812,29.612165],[-91.98827,29.611668],[-91.988168,29.611066],[-91.987728,29.610696],[-91.987595,29.610334],[-91.987636,29.609971],[-91.987844,29.609989]]},"properties":{"OBJECTID":14527,"PROGRAM":"STATE","PROJECT":"LOUISIANA BARRIER ISLAND COMPREHENSIVE MONITORING PROGRAM (BICM)","PROJ_ID":"LA-0226","PROD_DATE":"20160926","SHORE_TYPE":"MARSH","SRC_DATE":"19980301","SRC_DATA":"USGS DOQQ","SRC_RES":"1-m pixel","SRC_VECT":"APPLIED COASTAL/UNO","SRC_RAST":"c2909125.nws","DIG_NOTES":" ","REGION":"AB","CONTRACTOR":"APPLIED COASTAL","ORG":"COASTAL PROTECTION AND RESTORATION AUTHORITY OF LOUISIANA (CPRA)","SRC_REG":"APPLIED COASTAL","DATAURL":"http://cims.coastal.louisiana.gov/meta_docs/gis_refs/shoreline/BICM2/LA-0226_SHORL_0000000000_1998011019980310_RAC0004.zip","Meta_xml":"http://cims.coastal.louisiana.gov/meta_docs/gis_refs/shoreline/BICM2/Shoreline_Metadata.xml","Meta_html":"http://cims.coastal.louisiana.gov/meta_docs/gis_refs/shoreline/BICM2/Shoreline_Metadata.html","COMMENTS":null,"SHAPE_Length":589.3350719383856,"DSAS_DATE":"03/01/1998","DSAS_UNCER":null,"year":1998}},{"type":"Feature","id":14528,"geometry":{"type":"LineString","coordinates":[[-91.986649,29.613001],[-91.986278,29.61308],[-91.986603,29.612715],[-91.986649,29.613001]]},"properties":{"OBJECTID":14528,"PROGRAM":"STATE","PROJECT":"LOUISIANA BARRIER ISLAND COMPREHENSIVE MONITORING PROGRAM (BICM)","PROJ_ID":"LA-0226","PROD_DATE":"20160926","SHORE_TYPE":"MARSH","SRC_DATE":"19980301","SRC_DATA":"USGS DOQQ","SRC_RES":"1-m pixel","SRC_VECT":"APPLIED COASTAL/UNO","SRC_RAST":"c2909125.nws","DIG_NOTES":" ","REGION":"AB","CONTRACTOR":"APPLIED COASTAL","ORG":"COASTAL PROTECTION AND RESTORATION AUTHORITY OF LOUISIANA (CPRA)","SRC_REG":"APPLIED COASTAL","DATAURL":"http://cims.coastal.louisiana.gov/meta_docs/gis_refs/shoreline/BICM2/LA-0226_SHORL_0000000000_1998011019980310_RAC0004.zip","Meta_xml":"http://cims.coastal.louisiana.gov/meta_docs/gis_refs/shoreline/BICM2/Shoreline_Metadata.xml","Meta_html":"http://cims.coastal.louisiana.gov/meta_docs/gis_refs/shoreline/BICM2/Shoreline_Metadata.html","COMMENTS":null,"SHAPE_Length":124.9336855912625,"DSAS_DATE":"03/01/1998","DSAS_UNCER":null,"year":1998}},{"type":"Feature","id":14529,"geometry":{"type":"LineString","coordinates":[[-91.983899,29.612555],[-91.984115,29.612115],[-91.98464,29.612294],[-91.984196,29.612888],[-91.983402,29.613436],[-91.983157,29.614373],[-91.981627,29.614352],[-91.979926,29.613205],[-91.979562,29.612777],[-91.979366,29.612864],[-91.979277,29.612617],[-91.978588,29.612505],[-91.978149,29.612211],[-91.978016,29.611916],[-91.977677,29.611899],[-91.977512,29.611651],[-91.977217,29.611748],[-91.977096,29.611548],[-91.976034,29.611296],[-91.976011,29.611028],[-91.974937,29.610528],[-91.974773,29.610643],[-91.973602,29.610362],[-91.973002,29.610442],[-91.972092,29.609949],[-91.971272,29.609915],[-91.971772,29.609445],[-91.972088,29.609415]]},"properties":{"OBJECTID":14529,"PROGRAM":"STATE","PROJECT":"LOUISIANA BARRIER ISLAND COMPREHENSIVE MONITORING PROGRAM (BICM)","PROJ_ID":"LA-0226","PROD_DATE":"20160926","SHORE_TYPE":"MARSH","SRC_DATE":"19980301","SRC_DATA":"USGS DOQQ","SRC_RES":"1-m pixel","SRC_VECT":"APPLIED COASTAL/UNO","SRC_RAST":"c2909125.nws","DIG_NOTES":" ","REGION":"AB","CONTRACTOR":"APPLIED COASTAL","ORG":"COASTAL PROTECTION AND RESTORATION AUTHORITY OF LOUISIANA (CPRA)","SRC_REG":"APPLIED COASTAL","DATAURL":"http://cims.coastal.louisiana.gov/meta_docs/gis_refs/shoreline/BICM2/LA-0226_SHORL_0000000000_1998011019980310_RAC0004.zip","Meta_xml":"http://cims.coastal.louisiana.gov/meta_docs/gis_refs/shoreline/BICM2/Shoreline_Metadata.xml","Meta_html":"http://cims.coastal.louisiana.gov/meta_docs/gis_refs/shoreline/BICM2/Shoreline_Metadata.html","COMMENTS":null,"SHAPE_Length":2020.4313688846726,"DSAS_DATE":"03/01/1998","DSAS_UNCER":null,"year":1998}},{"type":"Feature","id":14530,"geometry":{"type":"LineString","coordinates":[[-91.971945,29.609196],[-91.971727,29.609331],[-91.971572,29.609016],[-91.971376,29.609094],[-91.971342,29.608836],[-91.970835,29.608218],[-91.97095,29.607329],[-91.971517,29.607241]]},"properties":{"OBJECTID":14530,"PROGRAM":"STATE","PROJECT":"LOUISIANA BARRIER ISLAND COMPREHENSIVE MONITORING PROGRAM (BICM)","PROJ_ID":"LA-0226","PROD_DATE":"20160926","SHORE_TYPE":"MARSH","SRC_DATE":"19980301","SRC_DATA":"USGS DOQQ","SRC_RES":"1-m pixel","SRC_VECT":"APPLIED COASTAL/UNO","SRC_RAST":"c2909125.nws","DIG_NOTES":" ","REGION":"AB","CONTRACTOR":"APPLIED COASTAL","ORG":"COASTAL PROTECTION AND RESTORATION AUTHORITY OF LOUISIANA (CPRA)","SRC_REG":"APPLIED COASTAL","DATAURL":"http://cims.coastal.louisiana.gov/meta_docs/gis_refs/shoreline/BICM2/LA-0226_SHORL_0000000000_1998011019980310_RAC0004.zip","Meta_xml":"http://cims.coastal.louisiana.gov/meta_docs/gis_refs/shoreline/BICM2/Shoreline_Metadata.xml","Meta_html":"http://cims.coastal.louisiana.gov/meta_docs/gis_refs/shoreline/BICM2/Shoreline_Metadata.html","COMMENTS":null,"SHAPE_Length":372.36158040795533,"DSAS_DATE":"03/01/1998","DSAS_UNCER":null,"year":1998}},{"type":"Feature","id":14531,"geometry":{"type":"LineString","coordinates":[[-91.970318,29.607676],[-91.970157,29.608068],[-91.970382,29.609118],[-91.970109,29.609128],[-91.969097,29.608131],[-91.968089,29.607668],[-91.968031,29.6072],[-91.968467,29.606969]]},"properties":{"OBJECTID":14531,"PROGRAM":"STATE","PROJECT":"LOUISIANA BARRIER ISLAND COMPREHENSIVE MONITORING PROGRAM (BICM)","PROJ_ID":"LA-0226","PROD_DATE":"20160926","SHORE_TYPE":"MARSH","SRC_DATE":"19980301","SRC_DATA":"USGS DOQQ","SRC_RES":"1-m pixel","SRC_VECT":"APPLIED COASTAL/UNO","SRC_RAST":"c2909125.nws","DIG_NOTES":" ","REGION":"AB","CONTRACTOR":"APPLIED COASTAL","ORG":"COASTAL PROTECTION AND RESTORATION AUTHORITY OF LOUISIANA (CPRA)","SRC_REG":"APPLIED COASTAL","DATAURL":"http://cims.coastal.louisiana.gov/meta_docs/gis_refs/shoreline/BICM2/LA-0226_SHORL_0000000000_1998011019980310_RAC0004.zip","Meta_xml":"http://cims.coastal.louisiana.gov/meta_docs/gis_refs/shoreline/BICM2/Shoreline_Metadata.xml","Meta_html":"http://cims.coastal.louisiana.gov/meta_docs/gis_refs/shoreline/BICM2/Shoreline_Metadata.html","COMMENTS":null,"SHAPE_Length":568.5228817698581,"DSAS_DATE":"03/01/1998","DSAS_UNCER":null,"year":1998}},{"type":"Feature","id":14532,"geometry":{"type":"LineString","coordinates":[[-91.968423,29.606912],[-91.967432,29.607423],[-91.963699,29.607994],[-91.961332,29.608684],[-91.959124,29.60857],[-91.958465,29.608086],[-91.95794,29.608022],[-91.955483,29.608244],[-91.954466,29.608144],[-91.954238,29.608278],[-91.953099,29.607873],[-91.951637,29.608233],[-91.951287,29.608187],[-91.95145,29.608034],[-91.951254,29.60814],[-91.95098,29.608045],[-91.951042,29.607539]]},"properties":{"OBJECTID":14532,"PROGRAM":"STATE","PROJECT":"LOUISIANA BARRIER ISLAND COMPREHENSIVE MONITORING PROGRAM (BICM)","PROJ_ID":"LA-0226","PROD_DATE":"20160926","SHORE_TYPE":"MARSH","SRC_DATE":"19980301","SRC_DATA":"USGS DOQQ","SRC_RES":"1-m pixel","SRC_VECT":"APPLIED COASTAL/UNO","SRC_RAST":"c2909125.nws","DIG_NOTES":" ","REGION":"AB","CONTRACTOR":"APPLIED COASTAL","ORG":"COASTAL PROTECTION AND RESTORATION AUTHORITY OF LOUISIANA (CPRA)","SRC_REG":"APPLIED COASTAL","DATAURL":"http://cims.coastal.louisiana.gov/meta_docs/gis_refs/shoreline/BICM2/LA-0226_SHORL_0000000000_1998011019980310_RAC0004.zip","Meta_xml":"http://cims.coastal.louisiana.gov/meta_docs/gis_refs/shoreline/BICM2/Shoreline_Metadata.xml","Meta_html":"http://cims.coastal.louisiana.gov/meta_docs/gis_refs/shoreline/BICM2/Shoreline_Metadata.html","COMMENTS":null,"SHAPE_Length":1931.3171095016119,"DSAS_DATE":"03/01/1998","DSAS_UNCER":null,"year":1998}},{"type":"Feature","id":14533,"geometry":{"type":"LineString","coordinates":[[-91.950988,29.607568],[-91.950872,29.608218],[-91.949911,29.608327],[-91.948679,29.60882],[-91.948493,29.608764],[-91.948929,29.608561],[-91.949286,29.608053],[-91.94945,29.608062]]},"properties":{"OBJECTID":14533,"PROGRAM":"STATE","PROJECT":"LOUISIANA BARRIER ISLAND COMPREHENSIVE MONITORING PROGRAM (BICM)","PROJ_ID":"LA-0226","PROD_DATE":"20160926","SHORE_TYPE":"MARSH","SRC_DATE":"19980301","SRC_DATA":"USGS DOQQ","SRC_RES":"1-m pixel","SRC_VECT":"APPLIED COASTAL/UNO","SRC_RAST":"c2909125.nws","DIG_NOTES":" ","REGION":"AB","CONTRACTOR":"APPLIED COASTAL","ORG":"COASTAL PROTECTION AND RESTORATION AUTHORITY OF LOUISIANA (CPRA)","SRC_REG":"APPLIED COASTAL","DATAURL":"http://cims.coastal.louisiana.gov/meta_docs/gis_refs/shoreline/BICM2/LA-0226_SHORL_0000000000_1998011019980310_RAC0004.zip","Meta_xml":"http://cims.coastal.louisiana.gov/meta_docs/gis_refs/shoreline/BICM2/Shoreline_Metadata.xml","Meta_html":"http://cims.coastal.louisiana.gov/meta_docs/gis_refs/shoreline/BICM2/Shoreline_Metadata.html","COMMENTS":null,"SHAPE_Length":458.55125588955116,"DSAS_DATE":"03/01/1998","DSAS_UNCER":null,"year":1998}},{"type":"Feature","id":14534,"geometry":{"type":"LineString","coordinates":[[-91.949067,29.607883],[-91.948993,29.608294],[-91.948623,29.608524],[-91.948142,29.608498],[-91.948085,29.608202]]},"properties":{"OBJECTID":14534,"PROGRAM":"STATE","PROJECT":"LOUISIANA BARRIER ISLAND COMPREHENSIVE MONITORING PROGRAM (BICM)","PROJ_ID":"LA-0226","PROD_DATE":"20160926","SHORE_TYPE":"MARSH","SRC_DATE":"19980301","SRC_DATA":"USGS DOQQ","SRC_RES":"1-m pixel","SRC_VECT":"APPLIED COASTAL/UNO","SRC_RAST":"c2909125.nws","DIG_NOTES":" ","REGION":"AB","CONTRACTOR":"APPLIED COASTAL","ORG":"COASTAL PROTECTION AND RESTORATION AUTHORITY OF LOUISIANA (CPRA)","SRC_REG":"APPLIED COASTAL","DATAURL":"http://cims.coastal.louisiana.gov/meta_docs/gis_refs/shoreline/BICM2/LA-0226_SHORL_0000000000_1998011019980310_RAC0004.zip","Meta_xml":"http://cims.coastal.louisiana.gov/meta_docs/gis_refs/shoreline/BICM2/Shoreline_Metadata.xml","Meta_html":"http://cims.coastal.louisiana.gov/meta_docs/gis_refs/shoreline/BICM2/Shoreline_Metadata.html","COMMENTS":null,"SHAPE_Length":185.8999493102097,"DSAS_DATE":"03/01/1998","DSAS_UNCER":null,"year":1998}},{"type":"Feature","id":14535,"geometry":{"type":"LineString","coordinates":[[-91.948031,29.608203],[-91.946941,29.608656]]},"properties":{"OBJECTID":14535,"PROGRAM":"STATE","PROJECT":"LOUISIANA BARRIER ISLAND COMPREHENSIVE MONITORING PROGRAM (BICM)","PROJ_ID":"LA-0226","PROD_DATE":"20160926","SHORE_TYPE":"MARSH","SRC_DATE":"19980301","SRC_DATA":"USGS DOQQ","SRC_RES":"1-m pixel","SRC_VECT":"APPLIED COASTAL/UNO","SRC_RAST":"c2909125.nws","DIG_NOTES":" ","REGION":"AB","CONTRACTOR":"APPLIED COASTAL","ORG":"COASTAL PROTECTION AND RESTORATION AUTHORITY OF LOUISIANA (CPRA)","SRC_REG":"APPLIED COASTAL","DATAURL":"http://cims.coastal.louisiana.gov/meta_docs/gis_refs/shoreline/BICM2/LA-0226_SHORL_0000000000_1998011019980310_RAC0004.zip","Meta_xml":"http://cims.coastal.louisiana.gov/meta_docs/gis_refs/shoreline/BICM2/Shoreline_Metadata.xml","Meta_html":"http://cims.coastal.louisiana.gov/meta_docs/gis_refs/shoreline/BICM2/Shoreline_Metadata.html","COMMENTS":null,"SHAPE_Length":142.91527739989394,"DSAS_DATE":"03/01/1998","DSAS_UNCER":null,"year":1998}},{"type":"Feature","id":14536,"geometry":{"type":"LineString","coordinates":[[-91.970746,29.541854],[-91.969905,29.540641],[-91.969324,29.539331],[-91.969146,29.539344],[-91.969117,29.538962],[-91.968751,29.538782],[-91.96879,29.538531],[-91.968054,29.537153],[-91.967726,29.537107],[-91.967752,29.536856],[-91.966946,29.536752],[-91.966453,29.536409],[-91.965893,29.536435],[-91.965673,29.53615],[-91.965863,29.536018],[-91.965328,29.535471],[-91.965,29.535437],[-91.965099,29.535614],[-91.964087,29.535668],[-91.963732,29.535622],[-91.963744,29.535467],[-91.963117,29.535553],[-91.9632,29.53566],[-91.962982,29.535828],[-91.962777,29.53577],[-91.962766,29.5362],[-91.962466,29.536165],[-91.96157,29.536981],[-91.961365,29.536922],[-91.961363,29.536696],[-91.961145,29.536756],[-91.960725,29.537116],[-91.960958,29.537259],[-91.960604,29.537439],[-91.960344,29.53744],[-91.960316,29.537226],[-91.96011,29.537107],[-91.959796,29.537109],[-91.957272,29.537717],[-91.956113,29.537818],[-91.956025,29.538028],[-91.954264,29.537989],[-91.954051,29.537745],[-91.953902,29.537924],[-91.953751,29.537758],[-91.953725,29.537925],[-91.953355,29.537676],[-91.953136,29.537701],[-91.953206,29.537868],[-91.952973,29.537833],[-91.952755,29.537763],[-91.95289,29.537655],[-91.952781,29.537572],[-91.952151,29.537312],[-91.951769,29.537218],[-91.951592,29.53735],[-91.951495,29.537052],[-91.951276,29.537065],[-91.951291,29.53728],[-91.950893,29.536948],[-91.950716,29.537008],[-91.950263,29.536473],[-91.950223,29.536677],[-91.949964,29.536737],[-91.949184,29.536443],[-91.948894,29.535919],[-91.949043,29.535668],[-91.948852,29.535692],[-91.948809,29.535418],[-91.948193,29.535111],[-91.948137,29.534753],[-91.947769,29.534886],[-91.947877,29.534647],[-91.947656,29.534356],[-91.947466,29.534489],[-91.947436,29.534071],[-91.947082,29.53418],[-91.947649,29.533199],[-91.947103,29.533118],[-91.946953,29.533202],[-91.946995,29.533405],[-91.946388,29.533502],[-91.945159,29.533317],[-91.94485,29.532913],[-91.943755,29.532465],[-91.943835,29.532178],[-91.943701,29.532561],[-91.943511,29.532657],[-91.941884,29.53233],[-91.940952,29.531678],[-91.941235,29.531068],[-91.940936,29.531153],[-91.940989,29.530902],[-91.940647,29.530904],[-91.940521,29.530272],[-91.940097,29.530107],[-91.940067,29.529737],[-91.939495,29.529954],[-91.93915,29.529323],[-91.93889,29.529217],[-91.938591,29.52935],[-91.938274,29.528934],[-91.937962,29.529209],[-91.937506,29.529213]]},"properties":{"OBJECTID":14536,"PROGRAM":"STATE","PROJECT":"LOUISIANA BARRIER ISLAND COMPREHENSIVE MONITORING PROGRAM (BICM)","PROJ_ID":"LA-0226","PROD_DATE":"20160926","SHORE_TYPE":"MIXED","SRC_DATE":"19980301","SRC_DATA":"USGS DOQQ","SRC_RES":"1-m pixel","SRC_VECT":"APPLIED COASTAL/UNO","SRC_RAST":"c2909125.sws","DIG_NOTES":" ","REGION":"AB","CONTRACTOR":"APPLIED COASTAL","ORG":"COASTAL PROTECTION AND RESTORATION AUTHORITY OF LOUISIANA (CPRA)","SRC_REG":"USGS","DATAURL":"http://cims.coastal.louisiana.gov/meta_docs/gis_refs/shoreline/BICM2/LA-0226_SHORL_0000000000_1998011019980310_RAC0004.zip","Meta_xml":"http://cims.coastal.louisiana.gov/meta_docs/gis_refs/shoreline/BICM2/Shoreline_Metadata.xml","Meta_html":"http://cims.coastal.louisiana.gov/meta_docs/gis_refs/shoreline/BICM2/Shoreline_Metadata.html","COMMENTS":null,"SHAPE_Length":5627.456282343352,"DSAS_DATE":"03/01/1998","DSAS_UNCER":null,"year":1998}},{"type":"Feature","id":14537,"geometry":{"type":"LineString","coordinates":[[-91.970746,29.541854],[-91.971531,29.542513],[-91.974299,29.544206],[-91.978393,29.546108],[-91.981046,29.546918],[-91.983186,29.547361],[-91.98405,29.548058],[-91.985452,29.548484],[-91.986737,29.549284],[-91.990611,29.550546],[-91.991762,29.551249],[-91.993638,29.55194],[-91.998077,29.553185],[-91.999645,29.554189],[-92.003365,29.555113]]},"properties":{"OBJECTID":14537,"PROGRAM":"STATE","PROJECT":"LOUISIANA BARRIER ISLAND COMPREHENSIVE MONITORING PROGRAM (BICM)","PROJ_ID":"LA-0226","PROD_DATE":"20160926","SHORE_TYPE":"MIXED","SRC_DATE":"19980301","SRC_DATA":"USGS DOQQ","SRC_RES":"1-m pixel","SRC_VECT":"APPLIED COASTAL/UNO","SRC_RAST":"c2909125.sws","DIG_NOTES":" ","REGION":"AB","CONTRACTOR":"APPLIED COASTAL","ORG":"COASTAL PROTECTION AND RESTORATION AUTHORITY OF LOUISIANA (CPRA)","SRC_REG":"USGS","DATAURL":"http://cims.coastal.louisiana.gov/meta_docs/gis_refs/shoreline/BICM2/LA-0226_SHORL_0000000000_1998011019980310_RAC0004.zip","Meta_xml":"http://cims.coastal.louisiana.gov/meta_docs/gis_refs/shoreline/BICM2/Shoreline_Metadata.xml","Meta_html":"http://cims.coastal.louisiana.gov/meta_docs/gis_refs/shoreline/BICM2/Shoreline_Metadata.html","COMMENTS":null,"SHAPE_Length":3535.9540216624036,"DSAS_DATE":"03/01/1998","DSAS_UNCER":null,"year":1998}},{"type":"Feature","id":14540,"geometry":{"type":"LineString","coordinates":[[-91.937506,29.816611],[-91.93732,29.816623],[-91.936992,29.817178],[-91.936462,29.817282],[-91.9362,29.817161],[-91.935507,29.817435],[-91.934946,29.818082],[-91.934276,29.818037],[-91.933825,29.818254],[-91.932029,29.817785],[-91.931428,29.817907],[-91.931211,29.818254],[-91.931709,29.819231],[-91.933525,29.820667]]},"properties":{"OBJECTID":14540,"PROGRAM":"STATE","PROJECT":"LOUISIANA BARRIER ISLAND COMPREHENSIVE MONITORING PROGRAM (BICM)","PROJ_ID":"LA-0226","PROD_DATE":"20160926","SHORE_TYPE":"MARSH","SRC_DATE":"19980302","SRC_DATA":"USGS DOQQ","SRC_RES":"1-m pixel","SRC_VECT":"APPLIED COASTAL/UNO","SRC_RAST":"c2909109.nes","DIG_NOTES":" ","REGION":"AB","CONTRACTOR":"APPLIED COASTAL","ORG":"COASTAL PROTECTION AND RESTORATION AUTHORITY OF LOUISIANA (CPRA)","SRC_REG":"USGS","DATAURL":"http://cims.coastal.louisiana.gov/meta_docs/gis_refs/shoreline/BICM2/LA-0226_SHORL_0000000000_1998011019980310_RAC0004.zip","Meta_xml":"http://cims.coastal.louisiana.gov/meta_docs/gis_refs/shoreline/BICM2/Shoreline_Metadata.xml","Meta_html":"http://cims.coastal.louisiana.gov/meta_docs/gis_refs/shoreline/BICM2/Shoreline_Metadata.html","COMMENTS":null,"SHAPE_Length":1115.4653131494088,"DSAS_DATE":"03/02/1998","DSAS_UNCER":null,"year":1998}},{"type":"Feature","id":14541,"geometry":{"type":"LineString","coordinates":[[-91.932518,29.820724],[-91.931609,29.820036],[-91.930728,29.819662],[-91.929819,29.820196],[-91.928822,29.820313],[-91.928186,29.82071],[-91.92684,29.821047],[-91.925518,29.820964],[-91.924655,29.821173],[-91.922922,29.820958],[-91.922208,29.821085],[-91.920936,29.820843],[-91.920202,29.820318],[-91.919019,29.820429],[-91.918337,29.820212],[-91.918192,29.819951],[-91.917448,29.819469],[-91.917106,29.819464],[-91.916691,29.81863],[-91.916716,29.818212],[-91.91633,29.817748],[-91.916003,29.817965],[-91.915842,29.818586],[-91.915392,29.81885],[-91.915517,29.819089],[-91.915203,29.819293],[-91.915329,29.819722],[-91.915096,29.819723],[-91.915003,29.820177],[-91.914675,29.820298],[-91.914585,29.820492]]},"properties":{"OBJECTID":14541,"PROGRAM":"STATE","PROJECT":"LOUISIANA BARRIER ISLAND COMPREHENSIVE MONITORING PROGRAM (BICM)","PROJ_ID":"LA-0226","PROD_DATE":"20160926","SHORE_TYPE":"MARSH","SRC_DATE":"19980302","SRC_DATA":"USGS DOQQ","SRC_RES":"1-m pixel","SRC_VECT":"APPLIED COASTAL/UNO","SRC_RAST":"c2909109.nes","DIG_NOTES":" ","REGION":"AB","CONTRACTOR":"APPLIED COASTAL","ORG":"COASTAL PROTECTION AND RESTORATION AUTHORITY OF LOUISIANA (CPRA)","SRC_REG":"USGS","DATAURL":"http://cims.coastal.louisiana.gov/meta_docs/gis_refs/shoreline/BICM2/LA-0226_SHORL_0000000000_1998011019980310_RAC0004.zip","Meta_xml":"http://cims.coastal.louisiana.gov/meta_docs/gis_refs/shoreline/BICM2/Shoreline_Metadata.xml","Meta_html":"http://cims.coastal.louisiana.gov/meta_docs/gis_refs/shoreline/BICM2/Shoreline_Metadata.html","COMMENTS":null,"SHAPE_Length":2375.261515915553,"DSAS_DATE":"03/02/1998","DSAS_UNCER":null,"year":1998}},{"type":"Feature","id":14542,"geometry":{"type":"LineString","coordinates":[[-91.909732,29.83246],[-91.907306,29.831372],[-91.90678,29.831413],[-91.906704,29.831556],[-91.906386,29.831443],[-91.906321,29.831634],[-91.905424,29.8318],[-91.904594,29.832176],[-91.903716,29.83284],[-91.902691,29.833215],[-91.902173,29.833515],[-91.902298,29.833652],[-91.902146,29.833815],[-91.902025,29.83373],[-91.901632,29.834056],[-91.901346,29.833781],[-91.901282,29.834058],[-91.901161,29.834058],[-91.901182,29.833877],[-91.900963,29.833859],[-91.900646,29.834013],[-91.900801,29.834232],[-91.899554,29.834485],[-91.899406,29.834728]]},"properties":{"OBJECTID":14542,"PROGRAM":"STATE","PROJECT":"LOUISIANA BARRIER ISLAND COMPREHENSIVE MONITORING PROGRAM (BICM)","PROJ_ID":"LA-0226","PROD_DATE":"20160926","SHORE_TYPE":"MARSH","SRC_DATE":"19980302","SRC_DATA":"USGS DOQQ","SRC_RES":"1-m pixel","SRC_VECT":"APPLIED COASTAL/UNO","SRC_RAST":"c2909109.nes","DIG_NOTES":" ","REGION":"AB","CONTRACTOR":"APPLIED COASTAL","ORG":"COASTAL PROTECTION AND RESTORATION AUTHORITY OF LOUISIANA (CPRA)","SRC_REG":"USGS","DATAURL":"http://cims.coastal.louisiana.gov/meta_docs/gis_refs/shoreline/BICM2/LA-0226_SHORL_0000000000_1998011019980310_RAC0004.zip","Meta_xml":"http://cims.coastal.louisiana.gov/meta_docs/gis_refs/shoreline/BICM2/Shoreline_Metadata.xml","Meta_html":"http://cims.coastal.louisiana.gov/meta_docs/gis_refs/shoreline/BICM2/Shoreline_Metadata.html","COMMENTS":null,"SHAPE_Length":1425.6803985719853,"DSAS_DATE":"03/02/1998","DSAS_UNCER":null,"year":1998}},{"type":"Feature","id":14543,"geometry":{"type":"LineString","coordinates":[[-91.910702,29.831701],[-91.909439,29.831048],[-91.908781,29.830907],[-91.907858,29.830253],[-91.907986,29.829689],[-91.908486,29.829123]]},"properties":{"OBJECTID":14543,"PROGRAM":"STATE","PROJECT":"LOUISIANA BARRIER ISLAND COMPREHENSIVE MONITORING PROGRAM (BICM)","PROJ_ID":"LA-0226","PROD_DATE":"20160926","SHORE_TYPE":"MARSH","SRC_DATE":"19980302","SRC_DATA":"USGS DOQQ","SRC_RES":"1-m pixel","SRC_VECT":"APPLIED COASTAL/UNO","SRC_RAST":"c2909109.nes","DIG_NOTES":" ","REGION":"AB","CONTRACTOR":"APPLIED COASTAL","ORG":"COASTAL PROTECTION AND RESTORATION AUTHORITY OF LOUISIANA (CPRA)","SRC_REG":"USGS","DATAURL":"http://cims.coastal.louisiana.gov/meta_docs/gis_refs/shoreline/BICM2/LA-0226_SHORL_0000000000_1998011019980310_RAC0004.zip","Meta_xml":"http://cims.coastal.louisiana.gov/meta_docs/gis_refs/shoreline/BICM2/Shoreline_Metadata.xml","Meta_html":"http://cims.coastal.louisiana.gov/meta_docs/gis_refs/shoreline/BICM2/Shoreline_Metadata.html","COMMENTS":null,"SHAPE_Length":501.059018388585,"DSAS_DATE":"03/02/1998","DSAS_UNCER":null,"year":1998}},{"type":"Feature","id":14544,"geometry":{"type":"LineString","coordinates":[[-91.914585,29.820492],[-91.914433,29.821003],[-91.914323,29.82092],[-91.914064,29.821088],[-91.914053,29.821542],[-91.913534,29.821735],[-91.913482,29.822225],[-91.913112,29.822238],[-91.912991,29.822633],[-91.912759,29.822693],[-91.912679,29.823147],[-91.91235,29.823077],[-91.912119,29.823281],[-91.912067,29.823806],[-91.911602,29.823797],[-91.911576,29.824119],[-91.911466,29.824],[-91.911221,29.824204],[-91.911346,29.824502],[-91.910874,29.824508],[-91.910548,29.824975],[-91.910206,29.824953],[-91.909908,29.825503],[-91.909717,29.825575],[-91.909162,29.827744],[-91.908486,29.829123]]},"properties":{"OBJECTID":14544,"PROGRAM":"STATE","PROJECT":"LOUISIANA BARRIER ISLAND COMPREHENSIVE MONITORING PROGRAM (BICM)","PROJ_ID":"LA-0226","PROD_DATE":"20160926","SHORE_TYPE":"MARSH","SRC_DATE":"19980302","SRC_DATA":"USGS DOQQ","SRC_RES":"1-m pixel","SRC_VECT":"APPLIED COASTAL/UNO","SRC_RAST":"c2909109.nes","DIG_NOTES":" ","REGION":"AB","CONTRACTOR":"APPLIED COASTAL","ORG":"COASTAL PROTECTION AND RESTORATION AUTHORITY OF LOUISIANA (CPRA)","SRC_REG":"USGS","DATAURL":"http://cims.coastal.louisiana.gov/meta_docs/gis_refs/shoreline/BICM2/LA-0226_SHORL_0000000000_1998011019980310_RAC0004.zip","Meta_xml":"http://cims.coastal.louisiana.gov/meta_docs/gis_refs/shoreline/BICM2/Shoreline_Metadata.xml","Meta_html":"http://cims.coastal.louisiana.gov/meta_docs/gis_refs/shoreline/BICM2/Shoreline_Metadata.html","COMMENTS":null,"SHAPE_Length":1472.9905553916333,"DSAS_DATE":"03/02/1998","DSAS_UNCER":null,"year":1998}},{"type":"Feature","id":14545,"geometry":{"type":"LineString","coordinates":[[-91.885912,29.836313],[-91.885593,29.836171],[-91.885375,29.836306],[-91.885275,29.836135],[-91.88465,29.835975],[-91.884487,29.836224],[-91.88418,29.83612],[-91.884277,29.8359],[-91.884124,29.835843],[-91.882205,29.835489],[-91.881602,29.835233],[-91.881141,29.835187],[-91.880978,29.83535],[-91.880933,29.835064],[-91.880626,29.835075],[-91.880474,29.835248],[-91.880384,29.834942],[-91.879904,29.835183],[-91.879782,29.834916],[-91.878048,29.834331],[-91.877663,29.834008],[-91.877215,29.834048],[-91.877126,29.833934],[-91.877257,29.833724],[-91.875006,29.832578]]},"properties":{"OBJECTID":14545,"PROGRAM":"STATE","PROJECT":"LOUISIANA BARRIER ISLAND COMPREHENSIVE MONITORING PROGRAM (BICM)","PROJ_ID":"LA-0226","PROD_DATE":"20160926","SHORE_TYPE":"MARSH","SRC_DATE":"19980302","SRC_DATA":"USGS DOQQ","SRC_RES":"1-m pixel","SRC_VECT":"APPLIED COASTAL/UNO","SRC_RAST":"c2909109.nes","DIG_NOTES":" ","REGION":"AB","CONTRACTOR":"APPLIED COASTAL","ORG":"COASTAL PROTECTION AND RESTORATION AUTHORITY OF LOUISIANA (CPRA)","SRC_REG":"USGS","DATAURL":"http://cims.coastal.louisiana.gov/meta_docs/gis_refs/shoreline/BICM2/LA-0226_SHORL_0000000000_1998011019980310_RAC0004.zip","Meta_xml":"http://cims.coastal.louisiana.gov/meta_docs/gis_refs/shoreline/BICM2/Shoreline_Metadata.xml","Meta_html":"http://cims.coastal.louisiana.gov/meta_docs/gis_refs/shoreline/BICM2/Shoreline_Metadata.html","COMMENTS":null,"SHAPE_Length":1472.0024158173817,"DSAS_DATE":"03/02/1998","DSAS_UNCER":null,"year":1998}},{"type":"Feature","id":14546,"geometry":{"type":"LineString","coordinates":[[-91.899406,29.834728],[-91.898181,29.834915],[-91.898037,29.834715],[-91.897874,29.834849],[-91.897741,29.834697],[-91.896758,29.835035],[-91.896781,29.835226],[-91.896267,29.835439],[-91.895971,29.835373],[-91.895797,29.835603],[-91.89538,29.835519],[-91.895031,29.835797],[-91.894374,29.835771],[-91.894123,29.835906],[-91.894232,29.835753],[-91.894078,29.835658],[-91.893629,29.835765],[-91.894013,29.835782],[-91.893839,29.835993],[-91.893368,29.835957],[-91.893379,29.8361],[-91.89315,29.83613],[-91.892974,29.836016],[-91.892876,29.836169],[-91.892657,29.836094],[-91.892526,29.836276],[-91.89234,29.836191],[-91.892034,29.836354],[-91.891081,29.836291],[-91.890085,29.836458],[-91.889832,29.836325],[-91.889855,29.836535],[-91.889549,29.836565],[-91.888507,29.836341],[-91.888443,29.83657],[-91.887861,29.836305],[-91.8876,29.836574],[-91.886679,29.836463],[-91.886603,29.836635],[-91.886438,29.836445],[-91.886395,29.836569],[-91.886241,29.836426],[-91.886088,29.836561],[-91.885912,29.836313]]},"properties":{"OBJECTID":14546,"PROGRAM":"STATE","PROJECT":"LOUISIANA BARRIER ISLAND COMPREHENSIVE MONITORING PROGRAM (BICM)","PROJ_ID":"LA-0226","PROD_DATE":"20160926","SHORE_TYPE":"MARSH","SRC_DATE":"19980302","SRC_DATA":"USGS DOQQ","SRC_RES":"1-m pixel","SRC_VECT":"APPLIED COASTAL/UNO","SRC_RAST":"c2909109.nes","DIG_NOTES":" ","REGION":"AB","CONTRACTOR":"APPLIED COASTAL","ORG":"COASTAL PROTECTION AND RESTORATION AUTHORITY OF LOUISIANA (CPRA)","SRC_REG":"USGS","DATAURL":"http://cims.coastal.louisiana.gov/meta_docs/gis_refs/shoreline/BICM2/LA-0226_SHORL_0000000000_1998011019980310_RAC0004.zip","Meta_xml":"http://cims.coastal.louisiana.gov/meta_docs/gis_refs/shoreline/BICM2/Shoreline_Metadata.xml","Meta_html":"http://cims.coastal.louisiana.gov/meta_docs/gis_refs/shoreline/BICM2/Shoreline_Metadata.html","COMMENTS":null,"SHAPE_Length":2058.253393043044,"DSAS_DATE":"03/02/1998","DSAS_UNCER":null,"year":1998}},{"type":"Feature","id":14547,"geometry":{"type":"LineString","coordinates":[[-91.899914,29.834322],[-91.8994,29.834362],[-91.900023,29.834159],[-91.900133,29.834235],[-91.899914,29.834322]]},"properties":{"OBJECTID":14547,"PROGRAM":"STATE","PROJECT":"LOUISIANA BARRIER ISLAND COMPREHENSIVE MONITORING PROGRAM (BICM)","PROJ_ID":"LA-0226","PROD_DATE":"20160926","SHORE_TYPE":"MARSH","SRC_DATE":"19980302","SRC_DATA":"USGS DOQQ","SRC_RES":"1-m pixel","SRC_VECT":"APPLIED COASTAL/UNO","SRC_RAST":"c2909109.nes","DIG_NOTES":" ","REGION":"AB","CONTRACTOR":"APPLIED COASTAL","ORG":"COASTAL PROTECTION AND RESTORATION AUTHORITY OF LOUISIANA (CPRA)","SRC_REG":"USGS","DATAURL":"http://cims.coastal.louisiana.gov/meta_docs/gis_refs/shoreline/BICM2/LA-0226_SHORL_0000000000_1998011019980310_RAC0004.zip","Meta_xml":"http://cims.coastal.louisiana.gov/meta_docs/gis_refs/shoreline/BICM2/Shoreline_Metadata.xml","Meta_html":"http://cims.coastal.louisiana.gov/meta_docs/gis_refs/shoreline/BICM2/Shoreline_Metadata.html","COMMENTS":null,"SHAPE_Length":157.79520686940376,"DSAS_DATE":"03/02/1998","DSAS_UNCER":null,"year":1998}},{"type":"Feature","id":14548,"geometry":{"type":"LineString","coordinates":[[-91.750006,29.574039],[-91.748708,29.573828],[-91.748488,29.573507]]},"properties":{"OBJECTID":14548,"PROGRAM":"STATE","PROJECT":"LOUISIANA BARRIER ISLAND COMPREHENSIVE MONITORING PROGRAM (BICM)","PROJ_ID":"LA-0226","PROD_DATE":"20160926","SHORE_TYPE":"MARSH","SRC_DATE":"19980302","SRC_DATA":"USGS DOQQ","SRC_RES":"1-m pixel","SRC_VECT":"APPLIED COASTAL/UNO","SRC_RAST":"c2909127.nws","DIG_NOTES":" ","REGION":"AB","CONTRACTOR":"APPLIED COASTAL","ORG":"COASTAL PROTECTION AND RESTORATION AUTHORITY OF LOUISIANA (CPRA)","SRC_REG":"USGS","DATAURL":"http://cims.coastal.louisiana.gov/meta_docs/gis_refs/shoreline/BICM2/LA-0226_SHORL_0000000000_1998011019980310_RAC0004.zip","Meta_xml":"http://cims.coastal.louisiana.gov/meta_docs/gis_refs/shoreline/BICM2/Shoreline_Metadata.xml","Meta_html":"http://cims.coastal.louisiana.gov/meta_docs/gis_refs/shoreline/BICM2/Shoreline_Metadata.html","COMMENTS":null,"SHAPE_Length":172.95485379428692,"DSAS_DATE":"03/02/1998","DSAS_UNCER":null,"year":1998}},{"type":"Feature","id":14549,"geometry":{"type":"LineString","coordinates":[[-91.748352,29.573782],[-91.747615,29.573736],[-91.748256,29.573472],[-91.748461,29.573722],[-91.748352,29.573782]]},"properties":{"OBJECTID":14549,"PROGRAM":"STATE","PROJECT":"LOUISIANA BARRIER ISLAND COMPREHENSIVE MONITORING PROGRAM (BICM)","PROJ_ID":"LA-0226","PROD_DATE":"20160926","SHORE_TYPE":"MARSH","SRC_DATE":"19980302","SRC_DATA":"USGS DOQQ","SRC_RES":"1-m pixel","SRC_VECT":"APPLIED COASTAL/UNO","SRC_RAST":"c2909127.nws","DIG_NOTES":" ","REGION":"AB","CONTRACTOR":"APPLIED COASTAL","ORG":"COASTAL PROTECTION AND RESTORATION AUTHORITY OF LOUISIANA (CPRA)","SRC_REG":"USGS","DATAURL":"http://cims.coastal.louisiana.gov/meta_docs/gis_refs/shoreline/BICM2/LA-0226_SHORL_0000000000_1998011019980310_RAC0004.zip","Meta_xml":"http://cims.coastal.louisiana.gov/meta_docs/gis_refs/shoreline/BICM2/Shoreline_Metadata.xml","Meta_html":"http://cims.coastal.louisiana.gov/meta_docs/gis_refs/shoreline/BICM2/Shoreline_Metadata.html","COMMENTS":null,"SHAPE_Length":196.3547163445361,"DSAS_DATE":"03/02/1998","DSAS_UNCER":null,"year":1998}},{"type":"Feature","id":14550,"geometry":{"type":"LineString","coordinates":[[-91.748488,29.573507],[-91.750006,29.573013]]},"properties":{"OBJECTID":14550,"PROGRAM":"STATE","PROJECT":"LOUISIANA BARRIER ISLAND COMPREHENSIVE MONITORING PROGRAM (BICM)","PROJ_ID":"LA-0226","PROD_DATE":"20160926","SHORE_TYPE":"MARSH","SRC_DATE":"19980302","SRC_DATA":"USGS DOQQ","SRC_RES":"1-m pixel","SRC_VECT":"APPLIED COASTAL/UNO","SRC_RAST":"c2909127.nws","DIG_NOTES":" ","REGION":"AB","CONTRACTOR":"APPLIED COASTAL","ORG":"COASTAL PROTECTION AND RESTORATION AUTHORITY OF LOUISIANA (CPRA)","SRC_REG":"USGS","DATAURL":"http://cims.coastal.louisiana.gov/meta_docs/gis_refs/shoreline/BICM2/LA-0226_SHORL_0000000000_1998011019980310_RAC0004.zip","Meta_xml":"http://cims.coastal.louisiana.gov/meta_docs/gis_refs/shoreline/BICM2/Shoreline_Metadata.xml","Meta_html":"http://cims.coastal.louisiana.gov/meta_docs/gis_refs/shoreline/BICM2/Shoreline_Metadata.html","COMMENTS":null,"SHAPE_Length":164.57728697467633,"DSAS_DATE":"03/02/1998","DSAS_UNCER":null,"year":1998}},{"type":"Feature","id":14551,"geometry":{"type":"LineString","coordinates":[[-91.737466,29.576186],[-91.737469,29.576711],[-91.737987,29.576543],[-91.738381,29.5761],[-91.739798,29.575343],[-91.740151,29.574841],[-91.740642,29.574684],[-91.740436,29.574339],[-91.740668,29.574517],[-91.741337,29.57442],[-91.741445,29.574228],[-91.741515,29.574431],[-91.741993,29.574525],[-91.742592,29.574237],[-91.743084,29.574271],[-91.743329,29.574043],[-91.744243,29.573933],[-91.744474,29.57361],[-91.744391,29.573348],[-91.74279,29.572458],[-91.742707,29.5721],[-91.742242,29.572018],[-91.741529,29.571352],[-91.740979,29.570291],[-91.740624,29.570376],[-91.740652,29.570495]]},"properties":{"OBJECTID":14551,"PROGRAM":"STATE","PROJECT":"LOUISIANA BARRIER ISLAND COMPREHENSIVE MONITORING PROGRAM (BICM)","PROJ_ID":"LA-0226","PROD_DATE":"20160926","SHORE_TYPE":"MARSH","SRC_DATE":"19980302","SRC_DATA":"USGS DOQQ","SRC_RES":"1-m pixel","SRC_VECT":"APPLIED COASTAL/UNO","SRC_RAST":"c2909127.nws","DIG_NOTES":" ","REGION":"AB","CONTRACTOR":"APPLIED COASTAL","ORG":"COASTAL PROTECTION AND RESTORATION AUTHORITY OF LOUISIANA (CPRA)","SRC_REG":"USGS","DATAURL":"http://cims.coastal.louisiana.gov/meta_docs/gis_refs/shoreline/BICM2/LA-0226_SHORL_0000000000_1998011019980310_RAC0004.zip","Meta_xml":"http://cims.coastal.louisiana.gov/meta_docs/gis_refs/shoreline/BICM2/Shoreline_Metadata.xml","Meta_html":"http://cims.coastal.louisiana.gov/meta_docs/gis_refs/shoreline/BICM2/Shoreline_Metadata.html","COMMENTS":null,"SHAPE_Length":1668.1905147827802,"DSAS_DATE":"03/02/1998","DSAS_UNCER":null,"year":1998}},{"type":"Feature","id":14552,"geometry":{"type":"LineString","coordinates":[[-91.73876,29.568567],[-91.738719,29.568424],[-91.738569,29.568544],[-91.738467,29.570076],[-91.738228,29.570497],[-91.73847,29.570983],[-91.738494,29.571518],[-91.738353,29.5717],[-91.737828,29.571596],[-91.737974,29.572513],[-91.737811,29.57278],[-91.737931,29.572751],[-91.737803,29.573334],[-91.737902,29.573458],[-91.737303,29.574109],[-91.736692,29.574264],[-91.736433,29.575086],[-91.73649,29.575477],[-91.736252,29.576118],[-91.736012,29.576328],[-91.735873,29.576949],[-91.73471,29.578347],[-91.733179,29.579505],[-91.732881,29.580211],[-91.733118,29.581296],[-91.733447,29.581772],[-91.733514,29.581402],[-91.733363,29.581271],[-91.733554,29.581128],[-91.733294,29.580902],[-91.733497,29.580459],[-91.733715,29.580339],[-91.734057,29.580529],[-91.734042,29.580326],[-91.734274,29.580326],[-91.734177,29.579884],[-91.734326,29.57955],[-91.734544,29.579477],[-91.734584,29.579179],[-91.734966,29.579106],[-91.734939,29.579261],[-91.735076,29.579273],[-91.735198,29.579022],[-91.735457,29.579057],[-91.735565,29.578675],[-91.735879,29.578602],[-91.735919,29.578351],[-91.736137,29.578374],[-91.73634,29.577873],[-91.736491,29.578075],[-91.736791,29.577991],[-91.736898,29.577549],[-91.736788,29.577358],[-91.737101,29.577023],[-91.736991,29.576665],[-91.737291,29.576664],[-91.737344,29.576246]]},"properties":{"OBJECTID":14552,"PROGRAM":"STATE","PROJECT":"LOUISIANA BARRIER ISLAND COMPREHENSIVE MONITORING PROGRAM (BICM)","PROJ_ID":"LA-0226","PROD_DATE":"20160926","SHORE_TYPE":"MARSH","SRC_DATE":"19980302","SRC_DATA":"USGS DOQQ","SRC_RES":"1-m pixel","SRC_VECT":"APPLIED COASTAL/UNO","SRC_RAST":"c2909127.nws","DIG_NOTES":" ","REGION":"AB","CONTRACTOR":"APPLIED COASTAL","ORG":"COASTAL PROTECTION AND RESTORATION AUTHORITY OF LOUISIANA (CPRA)","SRC_REG":"USGS","DATAURL":"http://cims.coastal.louisiana.gov/meta_docs/gis_refs/shoreline/BICM2/LA-0226_SHORL_0000000000_1998011019980310_RAC0004.zip","Meta_xml":"http://cims.coastal.louisiana.gov/meta_docs/gis_refs/shoreline/BICM2/Shoreline_Metadata.xml","Meta_html":"http://cims.coastal.louisiana.gov/meta_docs/gis_refs/shoreline/BICM2/Shoreline_Metadata.html","COMMENTS":null,"SHAPE_Length":3001.9742647580115,"DSAS_DATE":"03/02/1998","DSAS_UNCER":null,"year":1998}},{"type":"Feature","id":14553,"geometry":{"type":"LineString","coordinates":[[-91.733654,29.582309],[-91.733369,29.582644],[-91.733462,29.582035],[-91.733763,29.582225],[-91.733654,29.582309]]},"properties":{"OBJECTID":14553,"PROGRAM":"STATE","PROJECT":"LOUISIANA BARRIER ISLAND COMPREHENSIVE MONITORING PROGRAM (BICM)","PROJ_ID":"LA-0226","PROD_DATE":"20160926","SHORE_TYPE":"MARSH","SRC_DATE":"19980302","SRC_DATA":"USGS DOQQ","SRC_RES":"1-m pixel","SRC_VECT":"APPLIED COASTAL/UNO","SRC_RAST":"c2909127.nws","DIG_NOTES":" ","REGION":"AB","CONTRACTOR":"APPLIED COASTAL","ORG":"COASTAL PROTECTION AND RESTORATION AUTHORITY OF LOUISIANA (CPRA)","SRC_REG":"USGS","DATAURL":"http://cims.coastal.louisiana.gov/meta_docs/gis_refs/shoreline/BICM2/LA-0226_SHORL_0000000000_1998011019980310_RAC0004.zip","Meta_xml":"http://cims.coastal.louisiana.gov/meta_docs/gis_refs/shoreline/BICM2/Shoreline_Metadata.xml","Meta_html":"http://cims.coastal.louisiana.gov/meta_docs/gis_refs/shoreline/BICM2/Shoreline_Metadata.html","COMMENTS":null,"SHAPE_Length":179.1985815161379,"DSAS_DATE":"03/02/1998","DSAS_UNCER":null,"year":1998}},{"type":"Feature","id":14554,"geometry":{"type":"LineString","coordinates":[[-91.740597,29.570495],[-91.740542,29.570364],[-91.740937,29.570124],[-91.740588,29.56818],[-91.740846,29.567916],[-91.7388,29.568293],[-91.738815,29.568591]]},"properties":{"OBJECTID":14554,"PROGRAM":"STATE","PROJECT":"LOUISIANA BARRIER ISLAND COMPREHENSIVE MONITORING PROGRAM (BICM)","PROJ_ID":"LA-0226","PROD_DATE":"20160926","SHORE_TYPE":"MARSH","SRC_DATE":"19980302","SRC_DATA":"USGS DOQQ","SRC_RES":"1-m pixel","SRC_VECT":"APPLIED COASTAL/UNO","SRC_RAST":"c2909127.nws","DIG_NOTES":" ","REGION":"AB","CONTRACTOR":"APPLIED COASTAL","ORG":"COASTAL PROTECTION AND RESTORATION AUTHORITY OF LOUISIANA (CPRA)","SRC_REG":"USGS","DATAURL":"http://cims.coastal.louisiana.gov/meta_docs/gis_refs/shoreline/BICM2/LA-0226_SHORL_0000000000_1998011019980310_RAC0004.zip","Meta_xml":"http://cims.coastal.louisiana.gov/meta_docs/gis_refs/shoreline/BICM2/Shoreline_Metadata.xml","Meta_html":"http://cims.coastal.louisiana.gov/meta_docs/gis_refs/shoreline/BICM2/Shoreline_Metadata.html","COMMENTS":null,"SHAPE_Length":587.018822799248,"DSAS_DATE":"03/02/1998","DSAS_UNCER":null,"year":1998}},{"type":"Feature","id":14555,"geometry":{"type":"LineString","coordinates":[[-91.739768,29.564566],[-91.740176,29.56423],[-91.73997,29.564028],[-91.739424,29.564006],[-91.740298,29.564003],[-91.740434,29.563943],[-91.740379,29.563776]]},"properties":{"OBJECTID":14555,"PROGRAM":"STATE","PROJECT":"LOUISIANA BARRIER ISLAND COMPREHENSIVE MONITORING PROGRAM (BICM)","PROJ_ID":"LA-0226","PROD_DATE":"20160926","SHORE_TYPE":"MARSH","SRC_DATE":"19980302","SRC_DATA":"USGS DOQQ","SRC_RES":"1-m pixel","SRC_VECT":"APPLIED COASTAL/UNO","SRC_RAST":"c2909127.nws","DIG_NOTES":" ","REGION":"AB","CONTRACTOR":"APPLIED COASTAL","ORG":"COASTAL PROTECTION AND RESTORATION AUTHORITY OF LOUISIANA (CPRA)","SRC_REG":"USGS","DATAURL":"http://cims.coastal.louisiana.gov/meta_docs/gis_refs/shoreline/BICM2/LA-0226_SHORL_0000000000_1998011019980310_RAC0004.zip","Meta_xml":"http://cims.coastal.louisiana.gov/meta_docs/gis_refs/shoreline/BICM2/Shoreline_Metadata.xml","Meta_html":"http://cims.coastal.louisiana.gov/meta_docs/gis_refs/shoreline/BICM2/Shoreline_Metadata.html","COMMENTS":null,"SHAPE_Length":263.27834967098966,"DSAS_DATE":"03/02/1998","DSAS_UNCER":null,"year":1998}},{"type":"Feature","id":14556,"geometry":{"type":"LineString","coordinates":[[-91.718628,29.562588],[-91.720226,29.562786],[-91.720405,29.563167],[-91.720272,29.564123],[-91.720146,29.563252],[-91.719681,29.562979],[-91.718876,29.563124],[-91.718973,29.563542],[-91.71847,29.56414],[-91.718211,29.564224],[-91.71821,29.564033],[-91.7178,29.563796],[-91.717894,29.563604]]},"properties":{"OBJECTID":14556,"PROGRAM":"STATE","PROJECT":"LOUISIANA BARRIER ISLAND COMPREHENSIVE MONITORING PROGRAM (BICM)","PROJ_ID":"LA-0226","PROD_DATE":"20160926","SHORE_TYPE":"MARSH","SRC_DATE":"19980302","SRC_DATA":"USGS DOQQ","SRC_RES":"1-m pixel","SRC_VECT":"APPLIED COASTAL/UNO","SRC_RAST":"c2909127.nws","DIG_NOTES":" ","REGION":"AB","CONTRACTOR":"APPLIED COASTAL","ORG":"COASTAL PROTECTION AND RESTORATION AUTHORITY OF LOUISIANA (CPRA)","SRC_REG":"USGS","DATAURL":"http://cims.coastal.louisiana.gov/meta_docs/gis_refs/shoreline/BICM2/LA-0226_SHORL_0000000000_1998011019980310_RAC0004.zip","Meta_xml":"http://cims.coastal.louisiana.gov/meta_docs/gis_refs/shoreline/BICM2/Shoreline_Metadata.xml","Meta_html":"http://cims.coastal.louisiana.gov/meta_docs/gis_refs/shoreline/BICM2/Shoreline_Metadata.html","COMMENTS":null,"SHAPE_Length":823.1335787892543,"DSAS_DATE":"03/02/1998","DSAS_UNCER":null,"year":1998}},{"type":"Feature","id":14557,"geometry":{"type":"LineString","coordinates":[[-91.717812,29.563569],[-91.717595,29.563796],[-91.717322,29.563749],[-91.716542,29.563441],[-91.716487,29.563167],[-91.716268,29.563084]]},"properties":{"OBJECTID":14557,"PROGRAM":"STATE","PROJECT":"LOUISIANA BARRIER ISLAND COMPREHENSIVE MONITORING PROGRAM (BICM)","PROJ_ID":"LA-0226","PROD_DATE":"20160926","SHORE_TYPE":"MARSH","SRC_DATE":"19980302","SRC_DATA":"USGS DOQQ","SRC_RES":"1-m pixel","SRC_VECT":"APPLIED COASTAL/UNO","SRC_RAST":"c2909127.nws","DIG_NOTES":" ","REGION":"AB","CONTRACTOR":"APPLIED COASTAL","ORG":"COASTAL PROTECTION AND RESTORATION AUTHORITY OF LOUISIANA (CPRA)","SRC_REG":"USGS","DATAURL":"http://cims.coastal.louisiana.gov/meta_docs/gis_refs/shoreline/BICM2/LA-0226_SHORL_0000000000_1998011019980310_RAC0004.zip","Meta_xml":"http://cims.coastal.louisiana.gov/meta_docs/gis_refs/shoreline/BICM2/Shoreline_Metadata.xml","Meta_html":"http://cims.coastal.louisiana.gov/meta_docs/gis_refs/shoreline/BICM2/Shoreline_Metadata.html","COMMENTS":null,"SHAPE_Length":197.14293468180276,"DSAS_DATE":"03/02/1998","DSAS_UNCER":null,"year":1998}},{"type":"Feature","id":14558,"geometry":{"type":"LineString","coordinates":[[-91.71631,29.563299],[-91.716433,29.563537],[-91.717896,29.564118],[-91.717501,29.564178],[-91.717365,29.56437],[-91.716942,29.564371],[-91.717066,29.564669],[-91.716944,29.564872],[-91.716191,29.564481],[-91.716026,29.564016]]},"properties":{"OBJECTID":14558,"PROGRAM":"STATE","PROJECT":"LOUISIANA BARRIER ISLAND COMPREHENSIVE MONITORING PROGRAM (BICM)","PROJ_ID":"LA-0226","PROD_DATE":"20160926","SHORE_TYPE":"MARSH","SRC_DATE":"19980302","SRC_DATA":"USGS DOQQ","SRC_RES":"1-m pixel","SRC_VECT":"APPLIED COASTAL/UNO","SRC_RAST":"c2909127.nws","DIG_NOTES":" ","REGION":"AB","CONTRACTOR":"APPLIED COASTAL","ORG":"COASTAL PROTECTION AND RESTORATION AUTHORITY OF LOUISIANA (CPRA)","SRC_REG":"USGS","DATAURL":"http://cims.coastal.louisiana.gov/meta_docs/gis_refs/shoreline/BICM2/LA-0226_SHORL_0000000000_1998011019980310_RAC0004.zip","Meta_xml":"http://cims.coastal.louisiana.gov/meta_docs/gis_refs/shoreline/BICM2/Shoreline_Metadata.xml","Meta_html":"http://cims.coastal.louisiana.gov/meta_docs/gis_refs/shoreline/BICM2/Shoreline_Metadata.html","COMMENTS":null,"SHAPE_Length":531.4543241917249,"DSAS_DATE":"03/02/1998","DSAS_UNCER":null,"year":1998}},{"type":"Feature","id":14559,"geometry":{"type":"LineString","coordinates":[[-91.716013,29.564326],[-91.716206,29.564695],[-91.716124,29.564815],[-91.715702,29.56496],[-91.715578,29.564781],[-91.715687,29.564709]]},"properties":{"OBJECTID":14559,"PROGRAM":"STATE","PROJECT":"LOUISIANA BARRIER ISLAND COMPREHENSIVE MONITORING PROGRAM (BICM)","PROJ_ID":"LA-0226","PROD_DATE":"20160926","SHORE_TYPE":"MARSH","SRC_DATE":"19980302","SRC_DATA":"USGS DOQQ","SRC_RES":"1-m pixel","SRC_VECT":"APPLIED COASTAL/UNO","SRC_RAST":"c2909127.nws","DIG_NOTES":" ","REGION":"AB","CONTRACTOR":"APPLIED COASTAL","ORG":"COASTAL PROTECTION AND RESTORATION AUTHORITY OF LOUISIANA (CPRA)","SRC_REG":"USGS","DATAURL":"http://cims.coastal.louisiana.gov/meta_docs/gis_refs/shoreline/BICM2/LA-0226_SHORL_0000000000_1998011019980310_RAC0004.zip","Meta_xml":"http://cims.coastal.louisiana.gov/meta_docs/gis_refs/shoreline/BICM2/Shoreline_Metadata.xml","Meta_html":"http://cims.coastal.louisiana.gov/meta_docs/gis_refs/shoreline/BICM2/Shoreline_Metadata.html","COMMENTS":null,"SHAPE_Length":154.4374060254414,"DSAS_DATE":"03/02/1998","DSAS_UNCER":null,"year":1998}},{"type":"Feature","id":14560,"geometry":{"type":"LineString","coordinates":[[-91.715428,29.56471],[-91.715552,29.564984],[-91.715839,29.56509],[-91.714858,29.565583],[-91.714516,29.565608],[-91.713945,29.56611],[-91.713468,29.566291],[-91.713428,29.566542],[-91.713634,29.566899],[-91.713948,29.56697],[-91.714438,29.56667],[-91.714698,29.566681],[-91.714987,29.567432],[-91.714674,29.567529],[-91.714471,29.568066],[-91.714063,29.568076],[-91.713871,29.56785],[-91.71338,29.568067],[-91.712956,29.567853],[-91.712533,29.567878],[-91.712273,29.567759],[-91.712337,29.567523]]},"properties":{"OBJECTID":14560,"PROGRAM":"STATE","PROJECT":"LOUISIANA BARRIER ISLAND COMPREHENSIVE MONITORING PROGRAM (BICM)","PROJ_ID":"LA-0226","PROD_DATE":"20160926","SHORE_TYPE":"MARSH","SRC_DATE":"19980302","SRC_DATA":"USGS DOQQ","SRC_RES":"1-m pixel","SRC_VECT":"APPLIED COASTAL/UNO","SRC_RAST":"c2909127.nws","DIG_NOTES":" ","REGION":"AB","CONTRACTOR":"APPLIED COASTAL","ORG":"COASTAL PROTECTION AND RESTORATION AUTHORITY OF LOUISIANA (CPRA)","SRC_REG":"USGS","DATAURL":"http://cims.coastal.louisiana.gov/meta_docs/gis_refs/shoreline/BICM2/LA-0226_SHORL_0000000000_1998011019980310_RAC0004.zip","Meta_xml":"http://cims.coastal.louisiana.gov/meta_docs/gis_refs/shoreline/BICM2/Shoreline_Metadata.xml","Meta_html":"http://cims.coastal.louisiana.gov/meta_docs/gis_refs/shoreline/BICM2/Shoreline_Metadata.html","COMMENTS":null,"SHAPE_Length":1034.3323668016717,"DSAS_DATE":"03/02/1998","DSAS_UNCER":null,"year":1998}},{"type":"Feature","id":14561,"geometry":{"type":"LineString","coordinates":[[-91.712294,29.567523],[-91.712152,29.567657],[-91.712285,29.568067],[-91.711511,29.568404],[-91.71138,29.568614],[-91.710703,29.568645],[-91.710148,29.569086],[-91.70934,29.569117],[-91.708763,29.56972],[-91.708446,29.569492],[-91.708499,29.569167],[-91.708114,29.568414],[-91.707622,29.56831],[-91.70736,29.568377],[-91.707035,29.569037],[-91.706665,29.569353],[-91.706515,29.57028],[-91.705959,29.570549],[-91.705521,29.570245],[-91.705498,29.569939],[-91.705607,29.569939],[-91.705464,29.569519],[-91.705583,29.569366],[-91.705835,29.569585]]},"properties":{"OBJECTID":14561,"PROGRAM":"STATE","PROJECT":"LOUISIANA BARRIER ISLAND COMPREHENSIVE MONITORING PROGRAM (BICM)","PROJ_ID":"LA-0226","PROD_DATE":"20160926","SHORE_TYPE":"MARSH","SRC_DATE":"19980302","SRC_DATA":"USGS DOQQ","SRC_RES":"1-m pixel","SRC_VECT":"APPLIED COASTAL/UNO","SRC_RAST":"c2909127.nws","DIG_NOTES":" ","REGION":"AB","CONTRACTOR":"APPLIED COASTAL","ORG":"COASTAL PROTECTION AND RESTORATION AUTHORITY OF LOUISIANA (CPRA)","SRC_REG":"USGS","DATAURL":"http://cims.coastal.louisiana.gov/meta_docs/gis_refs/shoreline/BICM2/LA-0226_SHORL_0000000000_1998011019980310_RAC0004.zip","Meta_xml":"http://cims.coastal.louisiana.gov/meta_docs/gis_refs/shoreline/BICM2/Shoreline_Metadata.xml","Meta_html":"http://cims.coastal.louisiana.gov/meta_docs/gis_refs/shoreline/BICM2/Shoreline_Metadata.html","COMMENTS":null,"SHAPE_Length":1334.9287125569315,"DSAS_DATE":"03/02/1998","DSAS_UNCER":null,"year":1998}},{"type":"Feature","id":14562,"geometry":{"type":"LineString","coordinates":[[-91.745438,29.559145],[-91.745477,29.559376],[-91.738169,29.562506]]},"properties":{"OBJECTID":14562,"PROGRAM":"STATE","PROJECT":"LOUISIANA BARRIER ISLAND COMPREHENSIVE MONITORING PROGRAM (BICM)","PROJ_ID":"LA-0226","PROD_DATE":"20160926","SHORE_TYPE":"MARSH","SRC_DATE":"19980302","SRC_DATA":"USGS DOQQ","SRC_RES":"1-m pixel","SRC_VECT":"APPLIED COASTAL/UNO","SRC_RAST":"c2909127.sws","DIG_NOTES":" ","REGION":"AB","CONTRACTOR":"APPLIED COASTAL","ORG":"COASTAL PROTECTION AND RESTORATION AUTHORITY OF LOUISIANA (CPRA)","SRC_REG":"USGS","DATAURL":"http://cims.coastal.louisiana.gov/meta_docs/gis_refs/shoreline/BICM2/LA-0226_SHORL_0000000000_1998011019980310_RAC0004.zip","Meta_xml":"http://cims.coastal.louisiana.gov/meta_docs/gis_refs/shoreline/BICM2/Shoreline_Metadata.xml","Meta_html":"http://cims.coastal.louisiana.gov/meta_docs/gis_refs/shoreline/BICM2/Shoreline_Metadata.html","COMMENTS":null,"SHAPE_Length":832.199139994897,"DSAS_DATE":"03/02/1998","DSAS_UNCER":null,"year":1998}},{"type":"Feature","id":14563,"geometry":{"type":"LineString","coordinates":[[-91.736674,29.562506],[-91.736363,29.562479],[-91.736313,29.562278],[-91.735821,29.562294],[-91.735214,29.562053],[-91.734984,29.561767],[-91.735047,29.561165],[-91.735243,29.560993],[-91.735931,29.560962]]},"properties":{"OBJECTID":14563,"PROGRAM":"STATE","PROJECT":"LOUISIANA BARRIER ISLAND COMPREHENSIVE MONITORING PROGRAM (BICM)","PROJ_ID":"LA-0226","PROD_DATE":"20160926","SHORE_TYPE":"MARSH","SRC_DATE":"19980302","SRC_DATA":"USGS DOQQ","SRC_RES":"1-m pixel","SRC_VECT":"APPLIED COASTAL/UNO","SRC_RAST":"c2909127.sws","DIG_NOTES":" ","REGION":"AB","CONTRACTOR":"APPLIED COASTAL","ORG":"COASTAL PROTECTION AND RESTORATION AUTHORITY OF LOUISIANA (CPRA)","SRC_REG":"USGS","DATAURL":"http://cims.coastal.louisiana.gov/meta_docs/gis_refs/shoreline/BICM2/LA-0226_SHORL_0000000000_1998011019980310_RAC0004.zip","Meta_xml":"http://cims.coastal.louisiana.gov/meta_docs/gis_refs/shoreline/BICM2/Shoreline_Metadata.xml","Meta_html":"http://cims.coastal.louisiana.gov/meta_docs/gis_refs/shoreline/BICM2/Shoreline_Metadata.html","COMMENTS":null,"SHAPE_Length":375.3546808315735,"DSAS_DATE":"03/02/1998","DSAS_UNCER":null,"year":1998}},{"type":"Feature","id":14564,"geometry":{"type":"LineString","coordinates":[[-91.739806,29.562358],[-91.743442,29.560693]]},"properties":{"OBJECTID":14564,"PROGRAM":"STATE","PROJECT":"LOUISIANA BARRIER ISLAND COMPREHENSIVE MONITORING PROGRAM (BICM)","PROJ_ID":"LA-0226","PROD_DATE":"20160926","SHORE_TYPE":"MARSH","SRC_DATE":"19980302","SRC_DATA":"USGS DOQQ","SRC_RES":"1-m pixel","SRC_VECT":"APPLIED COASTAL/UNO","SRC_RAST":"c2909127.sws","DIG_NOTES":" ","REGION":"AB","CONTRACTOR":"APPLIED COASTAL","ORG":"COASTAL PROTECTION AND RESTORATION AUTHORITY OF LOUISIANA (CPRA)","SRC_REG":"USGS","DATAURL":"http://cims.coastal.louisiana.gov/meta_docs/gis_refs/shoreline/BICM2/LA-0226_SHORL_0000000000_1998011019980310_RAC0004.zip","Meta_xml":"http://cims.coastal.louisiana.gov/meta_docs/gis_refs/shoreline/BICM2/Shoreline_Metadata.xml","Meta_html":"http://cims.coastal.louisiana.gov/meta_docs/gis_refs/shoreline/BICM2/Shoreline_Metadata.html","COMMENTS":null,"SHAPE_Length":401.228938329674,"DSAS_DATE":"03/02/1998","DSAS_UNCER":null,"year":1998}},{"type":"Feature","id":14565,"geometry":{"type":"LineString","coordinates":[[-91.739872,29.562506],[-91.739806,29.562358]]},"properties":{"OBJECTID":14565,"PROGRAM":"STATE","PROJECT":"LOUISIANA BARRIER ISLAND COMPREHENSIVE MONITORING PROGRAM (BICM)","PROJ_ID":"LA-0226","PROD_DATE":"20160926","SHORE_TYPE":"MARSH","SRC_DATE":"19980302","SRC_DATA":"USGS DOQQ","SRC_RES":"1-m pixel","SRC_VECT":"APPLIED COASTAL/UNO","SRC_RAST":"c2909127.sws","DIG_NOTES":" ","REGION":"AB","CONTRACTOR":"APPLIED COASTAL","ORG":"COASTAL PROTECTION AND RESTORATION AUTHORITY OF LOUISIANA (CPRA)","SRC_REG":"USGS","DATAURL":"http://cims.coastal.louisiana.gov/meta_docs/gis_refs/shoreline/BICM2/LA-0226_SHORL_0000000000_1998011019980310_RAC0004.zip","Meta_xml":"http://cims.coastal.louisiana.gov/meta_docs/gis_refs/shoreline/BICM2/Shoreline_Metadata.xml","Meta_html":"http://cims.coastal.louisiana.gov/meta_docs/gis_refs/shoreline/BICM2/Shoreline_Metadata.html","COMMENTS":null,"SHAPE_Length":17.69134680574378,"DSAS_DATE":"03/02/1998","DSAS_UNCER":null,"year":1998}},{"type":"Feature","id":14566,"geometry":{"type":"LineString","coordinates":[[-91.740837,29.562506],[-91.741288,29.56227],[-91.741477,29.561792],[-91.742308,29.561383],[-91.744216,29.560637],[-91.74554,29.560442],[-91.746616,29.559913],[-91.746983,29.559483],[-91.746791,29.55928],[-91.746803,29.558863],[-91.746538,29.558809],[-91.746015,29.559326],[-91.745772,29.559886],[-91.743442,29.560693]]},"properties":{"OBJECTID":14566,"PROGRAM":"STATE","PROJECT":"LOUISIANA BARRIER ISLAND COMPREHENSIVE MONITORING PROGRAM (BICM)","PROJ_ID":"LA-0226","PROD_DATE":"20160926","SHORE_TYPE":"MARSH","SRC_DATE":"19980302","SRC_DATA":"USGS DOQQ","SRC_RES":"1-m pixel","SRC_VECT":"APPLIED COASTAL/UNO","SRC_RAST":"c2909127.sws","DIG_NOTES":" ","REGION":"AB","CONTRACTOR":"APPLIED COASTAL","ORG":"COASTAL PROTECTION AND RESTORATION AUTHORITY OF LOUISIANA (CPRA)","SRC_REG":"USGS","DATAURL":"http://cims.coastal.louisiana.gov/meta_docs/gis_refs/shoreline/BICM2/LA-0226_SHORL_0000000000_1998011019980310_RAC0004.zip","Meta_xml":"http://cims.coastal.louisiana.gov/meta_docs/gis_refs/shoreline/BICM2/Shoreline_Metadata.xml","Meta_html":"http://cims.coastal.louisiana.gov/meta_docs/gis_refs/shoreline/BICM2/Shoreline_Metadata.html","COMMENTS":null,"SHAPE_Length":1246.8668217811003,"DSAS_DATE":"03/02/1998","DSAS_UNCER":null,"year":1998}},{"type":"Feature","id":14567,"geometry":{"type":"LineString","coordinates":[[-91.734546,29.560566],[-91.733963,29.561546],[-91.733964,29.561821],[-91.734168,29.561808],[-91.734101,29.561976],[-91.734503,29.562506]]},"properties":{"OBJECTID":14567,"PROGRAM":"STATE","PROJECT":"LOUISIANA BARRIER ISLAND COMPREHENSIVE MONITORING PROGRAM (BICM)","PROJ_ID":"LA-0226","PROD_DATE":"20160926","SHORE_TYPE":"MARSH","SRC_DATE":"19980302","SRC_DATA":"USGS DOQQ","SRC_RES":"1-m pixel","SRC_VECT":"APPLIED COASTAL/UNO","SRC_RAST":"c2909127.sws","DIG_NOTES":" ","REGION":"AB","CONTRACTOR":"APPLIED COASTAL","ORG":"COASTAL PROTECTION AND RESTORATION AUTHORITY OF LOUISIANA (CPRA)","SRC_REG":"USGS","DATAURL":"http://cims.coastal.louisiana.gov/meta_docs/gis_refs/shoreline/BICM2/LA-0226_SHORL_0000000000_1998011019980310_RAC0004.zip","Meta_xml":"http://cims.coastal.louisiana.gov/meta_docs/gis_refs/shoreline/BICM2/Shoreline_Metadata.xml","Meta_html":"http://cims.coastal.louisiana.gov/meta_docs/gis_refs/shoreline/BICM2/Shoreline_Metadata.html","COMMENTS":null,"SHAPE_Length":274.53073380754194,"DSAS_DATE":"03/02/1998","DSAS_UNCER":null,"year":1998}},{"type":"Feature","id":14568,"geometry":{"type":"LineString","coordinates":[[-91.731589,29.562506],[-91.731468,29.562378],[-91.731835,29.562042]]},"properties":{"OBJECTID":14568,"PROGRAM":"STATE","PROJECT":"LOUISIANA BARRIER ISLAND COMPREHENSIVE MONITORING PROGRAM (BICM)","PROJ_ID":"LA-0226","PROD_DATE":"20160926","SHORE_TYPE":"MARSH","SRC_DATE":"19980302","SRC_DATA":"USGS DOQQ","SRC_RES":"1-m pixel","SRC_VECT":"APPLIED COASTAL/UNO","SRC_RAST":"c2909127.sws","DIG_NOTES":" ","REGION":"AB","CONTRACTOR":"APPLIED COASTAL","ORG":"COASTAL PROTECTION AND RESTORATION AUTHORITY OF LOUISIANA (CPRA)","SRC_REG":"USGS","DATAURL":"http://cims.coastal.louisiana.gov/meta_docs/gis_refs/shoreline/BICM2/LA-0226_SHORL_0000000000_1998011019980310_RAC0004.zip","Meta_xml":"http://cims.coastal.louisiana.gov/meta_docs/gis_refs/shoreline/BICM2/Shoreline_Metadata.xml","Meta_html":"http://cims.coastal.louisiana.gov/meta_docs/gis_refs/shoreline/BICM2/Shoreline_Metadata.html","COMMENTS":null,"SHAPE_Length":81.1012707064356,"DSAS_DATE":"03/02/1998","DSAS_UNCER":null,"year":1998}},{"type":"Feature","id":14569,"geometry":{"type":"LineString","coordinates":[[-91.73403,29.562506],[-91.733255,29.562217],[-91.732696,29.562231],[-91.73213,29.562506]]},"properties":{"OBJECTID":14569,"PROGRAM":"STATE","PROJECT":"LOUISIANA BARRIER ISLAND COMPREHENSIVE MONITORING PROGRAM (BICM)","PROJ_ID":"LA-0226","PROD_DATE":"20160926","SHORE_TYPE":"MARSH","SRC_DATE":"19980302","SRC_DATA":"USGS DOQQ","SRC_RES":"1-m pixel","SRC_VECT":"APPLIED COASTAL/UNO","SRC_RAST":"c2909127.sws","DIG_NOTES":" ","REGION":"AB","CONTRACTOR":"APPLIED COASTAL","ORG":"COASTAL PROTECTION AND RESTORATION AUTHORITY OF LOUISIANA (CPRA)","SRC_REG":"USGS","DATAURL":"http://cims.coastal.louisiana.gov/meta_docs/gis_refs/shoreline/BICM2/LA-0226_SHORL_0000000000_1998011019980310_RAC0004.zip","Meta_xml":"http://cims.coastal.louisiana.gov/meta_docs/gis_refs/shoreline/BICM2/Shoreline_Metadata.xml","Meta_html":"http://cims.coastal.louisiana.gov/meta_docs/gis_refs/shoreline/BICM2/Shoreline_Metadata.html","COMMENTS":null,"SHAPE_Length":217.2520120021643,"DSAS_DATE":"03/02/1998","DSAS_UNCER":null,"year":1998}},{"type":"Feature","id":14570,"geometry":{"type":"LineString","coordinates":[[-91.731794,29.561995],[-91.731453,29.562043],[-91.73096,29.561735],[-91.730373,29.561832],[-91.729895,29.561702],[-91.729798,29.56138],[-91.729826,29.561535],[-91.72958,29.561595],[-91.728978,29.561227],[-91.728036,29.561075],[-91.727721,29.560825],[-91.728033,29.560466]]},"properties":{"OBJECTID":14570,"PROGRAM":"STATE","PROJECT":"LOUISIANA BARRIER ISLAND COMPREHENSIVE MONITORING PROGRAM (BICM)","PROJ_ID":"LA-0226","PROD_DATE":"20160926","SHORE_TYPE":"MARSH","SRC_DATE":"19980302","SRC_DATA":"USGS DOQQ","SRC_RES":"1-m pixel","SRC_VECT":"APPLIED COASTAL/UNO","SRC_RAST":"c2909127.sws","DIG_NOTES":" ","REGION":"AB","CONTRACTOR":"APPLIED COASTAL","ORG":"COASTAL PROTECTION AND RESTORATION AUTHORITY OF LOUISIANA (CPRA)","SRC_REG":"USGS","DATAURL":"http://cims.coastal.louisiana.gov/meta_docs/gis_refs/shoreline/BICM2/LA-0226_SHORL_0000000000_1998011019980310_RAC0004.zip","Meta_xml":"http://cims.coastal.louisiana.gov/meta_docs/gis_refs/shoreline/BICM2/Shoreline_Metadata.xml","Meta_html":"http://cims.coastal.louisiana.gov/meta_docs/gis_refs/shoreline/BICM2/Shoreline_Metadata.html","COMMENTS":null,"SHAPE_Length":572.2766243946396,"DSAS_DATE":"03/02/1998","DSAS_UNCER":null,"year":1998}},{"type":"Feature","id":14571,"geometry":{"type":"LineString","coordinates":[[-91.727965,29.560466],[-91.727802,29.560634],[-91.727461,29.56063],[-91.727213,29.560034]]},"properties":{"OBJECTID":14571,"PROGRAM":"STATE","PROJECT":"LOUISIANA BARRIER ISLAND COMPREHENSIVE MONITORING PROGRAM (BICM)","PROJ_ID":"LA-0226","PROD_DATE":"20160926","SHORE_TYPE":"MARSH","SRC_DATE":"19980302","SRC_DATA":"USGS DOQQ","SRC_RES":"1-m pixel","SRC_VECT":"APPLIED COASTAL/UNO","SRC_RAST":"c2909127.sws","DIG_NOTES":" ","REGION":"AB","CONTRACTOR":"APPLIED COASTAL","ORG":"COASTAL PROTECTION AND RESTORATION AUTHORITY OF LOUISIANA (CPRA)","SRC_REG":"USGS","DATAURL":"http://cims.coastal.louisiana.gov/meta_docs/gis_refs/shoreline/BICM2/LA-0226_SHORL_0000000000_1998011019980310_RAC0004.zip","Meta_xml":"http://cims.coastal.louisiana.gov/meta_docs/gis_refs/shoreline/BICM2/Shoreline_Metadata.xml","Meta_html":"http://cims.coastal.louisiana.gov/meta_docs/gis_refs/shoreline/BICM2/Shoreline_Metadata.html","COMMENTS":null,"SHAPE_Length":129.79743861670602,"DSAS_DATE":"03/02/1998","DSAS_UNCER":null,"year":1998}},{"type":"Feature","id":14572,"geometry":{"type":"LineString","coordinates":[[-91.726886,29.560047],[-91.727106,29.560464],[-91.726943,29.560835],[-91.726616,29.560943],[-91.726029,29.560814]]},"properties":{"OBJECTID":14572,"PROGRAM":"STATE","PROJECT":"LOUISIANA BARRIER ISLAND COMPREHENSIVE MONITORING PROGRAM (BICM)","PROJ_ID":"LA-0226","PROD_DATE":"20160926","SHORE_TYPE":"MARSH","SRC_DATE":"19980302","SRC_DATA":"USGS DOQQ","SRC_RES":"1-m pixel","SRC_VECT":"APPLIED COASTAL/UNO","SRC_RAST":"c2909127.sws","DIG_NOTES":" ","REGION":"AB","CONTRACTOR":"APPLIED COASTAL","ORG":"COASTAL PROTECTION AND RESTORATION AUTHORITY OF LOUISIANA (CPRA)","SRC_REG":"USGS","DATAURL":"http://cims.coastal.louisiana.gov/meta_docs/gis_refs/shoreline/BICM2/LA-0226_SHORL_0000000000_1998011019980310_RAC0004.zip","Meta_xml":"http://cims.coastal.louisiana.gov/meta_docs/gis_refs/shoreline/BICM2/Shoreline_Metadata.xml","Meta_html":"http://cims.coastal.louisiana.gov/meta_docs/gis_refs/shoreline/BICM2/Shoreline_Metadata.html","COMMENTS":null,"SHAPE_Length":190.30565732928136,"DSAS_DATE":"03/02/1998","DSAS_UNCER":null,"year":1998}},{"type":"Feature","id":14573,"geometry":{"type":"LineString","coordinates":[[-91.725961,29.560921],[-91.726945,29.561145],[-91.727451,29.561394],[-91.727438,29.561538],[-91.727261,29.561896],[-91.726853,29.562112],[-91.725424,29.562506]]},"properties":{"OBJECTID":14573,"PROGRAM":"STATE","PROJECT":"LOUISIANA BARRIER ISLAND COMPREHENSIVE MONITORING PROGRAM (BICM)","PROJ_ID":"LA-0226","PROD_DATE":"20160926","SHORE_TYPE":"MARSH","SRC_DATE":"19980302","SRC_DATA":"USGS DOQQ","SRC_RES":"1-m pixel","SRC_VECT":"APPLIED COASTAL/UNO","SRC_RAST":"c2909127.sws","DIG_NOTES":" ","REGION":"AB","CONTRACTOR":"APPLIED COASTAL","ORG":"COASTAL PROTECTION AND RESTORATION AUTHORITY OF LOUISIANA (CPRA)","SRC_REG":"USGS","DATAURL":"http://cims.coastal.louisiana.gov/meta_docs/gis_refs/shoreline/BICM2/LA-0226_SHORL_0000000000_1998011019980310_RAC0004.zip","Meta_xml":"http://cims.coastal.louisiana.gov/meta_docs/gis_refs/shoreline/BICM2/Shoreline_Metadata.xml","Meta_html":"http://cims.coastal.louisiana.gov/meta_docs/gis_refs/shoreline/BICM2/Shoreline_Metadata.html","COMMENTS":null,"SHAPE_Length":420.79401202693856,"DSAS_DATE":"03/02/1998","DSAS_UNCER":null,"year":1998}},{"type":"Feature","id":14574,"geometry":{"type":"LineString","coordinates":[[-91.725228,29.562506],[-91.725392,29.562152],[-91.725323,29.561938]]},"properties":{"OBJECTID":14574,"PROGRAM":"STATE","PROJECT":"LOUISIANA BARRIER ISLAND COMPREHENSIVE MONITORING PROGRAM (BICM)","PROJ_ID":"LA-0226","PROD_DATE":"20160926","SHORE_TYPE":"MARSH","SRC_DATE":"19980302","SRC_DATA":"USGS DOQQ","SRC_RES":"1-m pixel","SRC_VECT":"APPLIED COASTAL/UNO","SRC_RAST":"c2909127.sws","DIG_NOTES":" ","REGION":"AB","CONTRACTOR":"APPLIED COASTAL","ORG":"COASTAL PROTECTION AND RESTORATION AUTHORITY OF LOUISIANA (CPRA)","SRC_REG":"USGS","DATAURL":"http://cims.coastal.louisiana.gov/meta_docs/gis_refs/shoreline/BICM2/LA-0226_SHORL_0000000000_1998011019980310_RAC0004.zip","Meta_xml":"http://cims.coastal.louisiana.gov/meta_docs/gis_refs/shoreline/BICM2/Shoreline_Metadata.xml","Meta_html":"http://cims.coastal.louisiana.gov/meta_docs/gis_refs/shoreline/BICM2/Shoreline_Metadata.html","COMMENTS":null,"SHAPE_Length":69.56823430754416,"DSAS_DATE":"03/02/1998","DSAS_UNCER":null,"year":1998}},{"type":"Feature","id":14575,"geometry":{"type":"LineString","coordinates":[[-91.725323,29.562045],[-91.725049,29.562506]]},"properties":{"OBJECTID":14575,"PROGRAM":"STATE","PROJECT":"LOUISIANA BARRIER ISLAND COMPREHENSIVE MONITORING PROGRAM (BICM)","PROJ_ID":"LA-0226","PROD_DATE":"20160926","SHORE_TYPE":"MARSH","SRC_DATE":"19980302","SRC_DATA":"USGS DOQQ","SRC_RES":"1-m pixel","SRC_VECT":"APPLIED COASTAL/UNO","SRC_RAST":"c2909127.sws","DIG_NOTES":" ","REGION":"AB","CONTRACTOR":"APPLIED COASTAL","ORG":"COASTAL PROTECTION AND RESTORATION AUTHORITY OF LOUISIANA (CPRA)","SRC_REG":"USGS","DATAURL":"http://cims.coastal.louisiana.gov/meta_docs/gis_refs/shoreline/BICM2/LA-0226_SHORL_0000000000_1998011019980310_RAC0004.zip","Meta_xml":"http://cims.coastal.louisiana.gov/meta_docs/gis_refs/shoreline/BICM2/Shoreline_Metadata.xml","Meta_html":"http://cims.coastal.louisiana.gov/meta_docs/gis_refs/shoreline/BICM2/Shoreline_Metadata.html","COMMENTS":null,"SHAPE_Length":65.33651809573038,"DSAS_DATE":"03/02/1998","DSAS_UNCER":null,"year":1998}},{"type":"Feature","id":14576,"geometry":{"type":"LineString","coordinates":[[-91.721091,29.562506],[-91.721807,29.560039]]},"properties":{"OBJECTID":14576,"PROGRAM":"STATE","PROJECT":"LOUISIANA BARRIER ISLAND COMPREHENSIVE MONITORING PROGRAM (BICM)","PROJ_ID":"LA-0226","PROD_DATE":"20160926","SHORE_TYPE":"MARSH","SRC_DATE":"19980302","SRC_DATA":"USGS DOQQ","SRC_RES":"1-m pixel","SRC_VECT":"APPLIED COASTAL/UNO","SRC_RAST":"c2909127.sws","DIG_NOTES":" ","REGION":"AB","CONTRACTOR":"APPLIED COASTAL","ORG":"COASTAL PROTECTION AND RESTORATION AUTHORITY OF LOUISIANA (CPRA)","SRC_REG":"USGS","DATAURL":"http://cims.coastal.louisiana.gov/meta_docs/gis_refs/shoreline/BICM2/LA-0226_SHORL_0000000000_1998011019980310_RAC0004.zip","Meta_xml":"http://cims.coastal.louisiana.gov/meta_docs/gis_refs/shoreline/BICM2/Shoreline_Metadata.xml","Meta_html":"http://cims.coastal.louisiana.gov/meta_docs/gis_refs/shoreline/BICM2/Shoreline_Metadata.html","COMMENTS":null,"SHAPE_Length":283.3922090973638,"DSAS_DATE":"03/02/1998","DSAS_UNCER":null,"year":1998}},{"type":"Feature","id":14577,"geometry":{"type":"LineString","coordinates":[[-91.721275,29.559945],[-91.720497,29.562236],[-91.718681,29.56217]]},"properties":{"OBJECTID":14577,"PROGRAM":"STATE","PROJECT":"LOUISIANA BARRIER ISLAND COMPREHENSIVE MONITORING PROGRAM (BICM)","PROJ_ID":"LA-0226","PROD_DATE":"20160926","SHORE_TYPE":"MARSH","SRC_DATE":"19980302","SRC_DATA":"USGS DOQQ","SRC_RES":"1-m pixel","SRC_VECT":"APPLIED COASTAL/UNO","SRC_RAST":"c2909127.sws","DIG_NOTES":" ","REGION":"AB","CONTRACTOR":"APPLIED COASTAL","ORG":"COASTAL PROTECTION AND RESTORATION AUTHORITY OF LOUISIANA (CPRA)","SRC_REG":"USGS","DATAURL":"http://cims.coastal.louisiana.gov/meta_docs/gis_refs/shoreline/BICM2/LA-0226_SHORL_0000000000_1998011019980310_RAC0004.zip","Meta_xml":"http://cims.coastal.louisiana.gov/meta_docs/gis_refs/shoreline/BICM2/Shoreline_Metadata.xml","Meta_html":"http://cims.coastal.louisiana.gov/meta_docs/gis_refs/shoreline/BICM2/Shoreline_Metadata.html","COMMENTS":null,"SHAPE_Length":442.3594929749126,"DSAS_DATE":"03/02/1998","DSAS_UNCER":null,"year":1998}},{"type":"Feature","id":14578,"geometry":{"type":"LineString","coordinates":[[-91.709222,29.562506],[-91.708934,29.562055],[-91.708986,29.56131],[-91.709215,29.561185],[-91.709431,29.560669],[-91.709715,29.560544],[-91.71004,29.55998],[-91.709985,29.559818],[-91.71043,29.559196],[-91.710463,29.559014],[-91.71021,29.558738],[-91.710615,29.55888],[-91.710594,29.559023],[-91.711326,29.559155],[-91.711272,29.559365],[-91.711588,29.559502]]},"properties":{"OBJECTID":14578,"PROGRAM":"STATE","PROJECT":"LOUISIANA BARRIER ISLAND COMPREHENSIVE MONITORING PROGRAM (BICM)","PROJ_ID":"LA-0226","PROD_DATE":"20160926","SHORE_TYPE":"MARSH","SRC_DATE":"19980302","SRC_DATA":"USGS DOQQ","SRC_RES":"1-m pixel","SRC_VECT":"APPLIED COASTAL/UNO","SRC_RAST":"c2909127.sws","DIG_NOTES":" ","REGION":"AB","CONTRACTOR":"APPLIED COASTAL","ORG":"COASTAL PROTECTION AND RESTORATION AUTHORITY OF LOUISIANA (CPRA)","SRC_REG":"USGS","DATAURL":"http://cims.coastal.louisiana.gov/meta_docs/gis_refs/shoreline/BICM2/LA-0226_SHORL_0000000000_1998011019980310_RAC0004.zip","Meta_xml":"http://cims.coastal.louisiana.gov/meta_docs/gis_refs/shoreline/BICM2/Shoreline_Metadata.xml","Meta_html":"http://cims.coastal.louisiana.gov/meta_docs/gis_refs/shoreline/BICM2/Shoreline_Metadata.html","COMMENTS":null,"SHAPE_Length":713.5227759982354,"DSAS_DATE":"03/02/1998","DSAS_UNCER":null,"year":1998}},{"type":"Feature","id":14579,"geometry":{"type":"LineString","coordinates":[[-91.709404,29.562506],[-91.709392,29.562506]]},"properties":{"OBJECTID":14579,"PROGRAM":"STATE","PROJECT":"LOUISIANA BARRIER ISLAND COMPREHENSIVE MONITORING PROGRAM (BICM)","PROJ_ID":"LA-0226","PROD_DATE":"20160926","SHORE_TYPE":"MARSH","SRC_DATE":"19980302","SRC_DATA":"USGS DOQQ","SRC_RES":"1-m pixel","SRC_VECT":"APPLIED COASTAL/UNO","SRC_RAST":"c2909127.sws","DIG_NOTES":" ","REGION":"AB","CONTRACTOR":"APPLIED COASTAL","ORG":"COASTAL PROTECTION AND RESTORATION AUTHORITY OF LOUISIANA (CPRA)","SRC_REG":"USGS","DATAURL":"http://cims.coastal.louisiana.gov/meta_docs/gis_refs/shoreline/BICM2/LA-0226_SHORL_0000000000_1998011019980310_RAC0004.zip","Meta_xml":"http://cims.coastal.louisiana.gov/meta_docs/gis_refs/shoreline/BICM2/Shoreline_Metadata.xml","Meta_html":"http://cims.coastal.louisiana.gov/meta_docs/gis_refs/shoreline/BICM2/Shoreline_Metadata.html","COMMENTS":null,"SHAPE_Length":1.4848667300852894,"DSAS_DATE":"03/02/1998","DSAS_UNCER":null,"year":1998}},{"type":"Feature","id":14580,"geometry":{"type":"LineString","coordinates":[[-91.714536,29.556176],[-91.713935,29.556063],[-91.713674,29.556274],[-91.712866,29.556439],[-91.712943,29.556572],[-91.713216,29.556505],[-91.713589,29.557029],[-91.713494,29.557678],[-91.712298,29.559152],[-91.711588,29.559502]]},"properties":{"OBJECTID":14580,"PROGRAM":"STATE","PROJECT":"LOUISIANA BARRIER ISLAND COMPREHENSIVE MONITORING PROGRAM (BICM)","PROJ_ID":"LA-0226","PROD_DATE":"20160926","SHORE_TYPE":"MARSH","SRC_DATE":"19980302","SRC_DATA":"USGS DOQQ","SRC_RES":"1-m pixel","SRC_VECT":"APPLIED COASTAL/UNO","SRC_RAST":"c2909127.sws","DIG_NOTES":" ","REGION":"AB","CONTRACTOR":"APPLIED COASTAL","ORG":"COASTAL PROTECTION AND RESTORATION AUTHORITY OF LOUISIANA (CPRA)","SRC_REG":"USGS","DATAURL":"http://cims.coastal.louisiana.gov/meta_docs/gis_refs/shoreline/BICM2/LA-0226_SHORL_0000000000_1998011019980310_RAC0004.zip","Meta_xml":"http://cims.coastal.louisiana.gov/meta_docs/gis_refs/shoreline/BICM2/Shoreline_Metadata.xml","Meta_html":"http://cims.coastal.louisiana.gov/meta_docs/gis_refs/shoreline/BICM2/Shoreline_Metadata.html","COMMENTS":null,"SHAPE_Length":671.3649134221193,"DSAS_DATE":"03/02/1998","DSAS_UNCER":null,"year":1998}},{"type":"Feature","id":14581,"geometry":{"type":"LineString","coordinates":[[-91.714569,29.556052],[-91.713978,29.555939],[-91.713488,29.556208],[-91.712909,29.556104],[-91.713104,29.555846],[-91.712971,29.555102],[-91.71273,29.555026],[-91.712806,29.554816],[-91.713472,29.554766],[-91.713918,29.554402],[-91.713785,29.553925],[-91.714059,29.55421],[-91.714201,29.554019],[-91.714408,29.554028],[-91.714691,29.55376],[-91.714482,29.553474],[-91.714679,29.553454],[-91.714811,29.553635],[-91.714886,29.553444],[-91.715094,29.553472],[-91.715584,29.553137],[-91.715584,29.552984],[-91.716183,29.552552],[-91.716106,29.552457],[-91.716717,29.552293],[-91.716792,29.552121],[-91.716574,29.552036],[-91.71666,29.551844],[-91.7169,29.551739],[-91.717273,29.552015],[-91.717523,29.551957],[-91.717643,29.551689],[-91.718329,29.551362],[-91.718479,29.550617],[-91.718622,29.550779],[-91.718851,29.550664],[-91.718631,29.550397],[-91.719167,29.550615],[-91.720105,29.550307],[-91.720356,29.550096],[-91.720333,29.549819],[-91.721107,29.549626],[-91.721379,29.549281],[-91.721793,29.549079],[-91.721749,29.548822],[-91.722207,29.548687],[-91.722326,29.548505],[-91.722053,29.548372],[-91.72215,29.548248],[-91.722621,29.548428],[-91.722685,29.548112],[-91.724287,29.547372],[-91.724396,29.547229],[-91.724264,29.546962],[-91.724405,29.546885],[-91.724614,29.547095],[-91.724613,29.546884],[-91.724788,29.547056],[-91.72517,29.54695],[-91.725147,29.546692],[-91.726194,29.546307],[-91.726116,29.545896],[-91.726412,29.546106],[-91.727663,29.545071],[-91.72798,29.545108],[-91.728372,29.544763],[-91.728185,29.544534],[-91.728426,29.544667],[-91.729103,29.544513],[-91.729124,29.544283],[-91.729331,29.544149],[-91.729582,29.544196],[-91.729669,29.544014],[-91.730039,29.543927],[-91.729984,29.543603],[-91.730389,29.54385],[-91.73077,29.543562],[-91.73067,29.543286],[-91.731401,29.543083],[-91.731598,29.543168],[-91.731891,29.542776],[-91.731781,29.542642],[-91.732098,29.54268],[-91.731977,29.542489],[-91.732338,29.542631],[-91.732468,29.542354],[-91.732828,29.542315],[-91.733068,29.542152],[-91.733013,29.542028],[-91.733874,29.541605],[-91.733862,29.541404],[-91.734178,29.541251],[-91.734928,29.540408],[-91.735735,29.540081],[-91.735353,29.54012],[-91.735298,29.539977],[-91.736192,29.539564],[-91.736421,29.539592],[-91.736431,29.53941],[-91.736508,29.539592],[-91.735909,29.53988],[-91.736029,29.539985],[-91.736782,29.539667]]},"properties":{"OBJECTID":14581,"PROGRAM":"STATE","PROJECT":"LOUISIANA BARRIER ISLAND COMPREHENSIVE MONITORING PROGRAM (BICM)","PROJ_ID":"LA-0226","PROD_DATE":"20160926","SHORE_TYPE":"MARSH","SRC_DATE":"19980302","SRC_DATA":"USGS DOQQ","SRC_RES":"1-m pixel","SRC_VECT":"APPLIED COASTAL/UNO","SRC_RAST":"c2909127.sws","DIG_NOTES":" ","REGION":"AB","CONTRACTOR":"APPLIED COASTAL","ORG":"COASTAL PROTECTION AND RESTORATION AUTHORITY OF LOUISIANA (CPRA)","SRC_REG":"USGS","DATAURL":"http://cims.coastal.louisiana.gov/meta_docs/gis_refs/shoreline/BICM2/LA-0226_SHORL_0000000000_1998011019980310_RAC0004.zip","Meta_xml":"http://cims.coastal.louisiana.gov/meta_docs/gis_refs/shoreline/BICM2/Shoreline_Metadata.xml","Meta_html":"http://cims.coastal.louisiana.gov/meta_docs/gis_refs/shoreline/BICM2/Shoreline_Metadata.html","COMMENTS":null,"SHAPE_Length":5012.334785613459,"DSAS_DATE":"03/02/1998","DSAS_UNCER":null,"year":1998}},{"type":"Feature","id":14582,"geometry":{"type":"LineString","coordinates":[[-91.750006,29.534909],[-91.749668,29.535065],[-91.749647,29.535266],[-91.749112,29.535325],[-91.749189,29.535487],[-91.749037,29.535592],[-91.748808,29.535612],[-91.74861,29.535403],[-91.748545,29.535536],[-91.748152,29.53548],[-91.74812,29.535719],[-91.748284,29.535709],[-91.748165,29.535948],[-91.747717,29.536026],[-91.747782,29.535873],[-91.747465,29.53574],[-91.747303,29.536085],[-91.747478,29.536189],[-91.747337,29.536361],[-91.746943,29.536286],[-91.746914,29.536539],[-91.745348,29.537237],[-91.744911,29.537393],[-91.744665,29.537286],[-91.744842,29.537155],[-91.744692,29.537131],[-91.743983,29.537336],[-91.743888,29.537456],[-91.743998,29.537551],[-91.744243,29.537538],[-91.743944,29.537802],[-91.743235,29.5379],[-91.742704,29.538391],[-91.740686,29.538755],[-91.740534,29.538445],[-91.740413,29.538708],[-91.739812,29.538626],[-91.739744,29.53883],[-91.738845,29.539178],[-91.738558,29.539024],[-91.738639,29.538928],[-91.738366,29.538905],[-91.738436,29.539239],[-91.738191,29.539371],[-91.737576,29.539194],[-91.73748,29.539254],[-91.737604,29.539409],[-91.736782,29.539667]]},"properties":{"OBJECTID":14582,"PROGRAM":"STATE","PROJECT":"LOUISIANA BARRIER ISLAND COMPREHENSIVE MONITORING PROGRAM (BICM)","PROJ_ID":"LA-0226","PROD_DATE":"20160926","SHORE_TYPE":"MARSH","SRC_DATE":"19980302","SRC_DATA":"USGS DOQQ","SRC_RES":"1-m pixel","SRC_VECT":"APPLIED COASTAL/UNO","SRC_RAST":"c2909127.sws","DIG_NOTES":" ","REGION":"AB","CONTRACTOR":"APPLIED COASTAL","ORG":"COASTAL PROTECTION AND RESTORATION AUTHORITY OF LOUISIANA (CPRA)","SRC_REG":"USGS","DATAURL":"http://cims.coastal.louisiana.gov/meta_docs/gis_refs/shoreline/BICM2/LA-0226_SHORL_0000000000_1998011019980310_RAC0004.zip","Meta_xml":"http://cims.coastal.louisiana.gov/meta_docs/gis_refs/shoreline/BICM2/Shoreline_Metadata.xml","Meta_html":"http://cims.coastal.louisiana.gov/meta_docs/gis_refs/shoreline/BICM2/Shoreline_Metadata.html","COMMENTS":null,"SHAPE_Length":2122.7766448631996,"DSAS_DATE":"03/02/1998","DSAS_UNCER":null,"year":1998}},{"type":"Feature","id":14583,"geometry":{"type":"LineString","coordinates":[[-91.750006,29.559351],[-91.747226,29.558974],[-91.747126,29.558583],[-91.747332,29.55821],[-91.747888,29.557912],[-91.748009,29.558093]]},"properties":{"OBJECTID":14583,"PROGRAM":"STATE","PROJECT":"LOUISIANA BARRIER ISLAND COMPREHENSIVE MONITORING PROGRAM (BICM)","PROJ_ID":"LA-0226","PROD_DATE":"20160926","SHORE_TYPE":"MARSH","SRC_DATE":"19980302","SRC_DATA":"USGS DOQQ","SRC_RES":"1-m pixel","SRC_VECT":"APPLIED COASTAL/UNO","SRC_RAST":"c2909127.sws","DIG_NOTES":" ","REGION":"AB","CONTRACTOR":"APPLIED COASTAL","ORG":"COASTAL PROTECTION AND RESTORATION AUTHORITY OF LOUISIANA (CPRA)","SRC_REG":"USGS","DATAURL":"http://cims.coastal.louisiana.gov/meta_docs/gis_refs/shoreline/BICM2/LA-0226_SHORL_0000000000_1998011019980310_RAC0004.zip","Meta_xml":"http://cims.coastal.louisiana.gov/meta_docs/gis_refs/shoreline/BICM2/Shoreline_Metadata.xml","Meta_html":"http://cims.coastal.louisiana.gov/meta_docs/gis_refs/shoreline/BICM2/Shoreline_Metadata.html","COMMENTS":null,"SHAPE_Length":501.13311505928357,"DSAS_DATE":"03/02/1998","DSAS_UNCER":null,"year":1998}},{"type":"Feature","id":14584,"geometry":{"type":"LineString","coordinates":[[-91.937488,29.609948],[-91.937506,29.609945]]},"properties":{"OBJECTID":14584,"PROGRAM":"STATE","PROJECT":"LOUISIANA BARRIER ISLAND COMPREHENSIVE MONITORING PROGRAM (BICM)","PROJ_ID":"LA-0226","PROD_DATE":"20160926","SHORE_TYPE":"MARSH","SRC_DATE":"19980302","SRC_DATA":"USGS DOQQ","SRC_RES":"1-m pixel","SRC_VECT":"APPLIED COASTAL/UNO","SRC_RAST":"c2909125.nes","DIG_NOTES":" ","REGION":"AB","CONTRACTOR":"APPLIED COASTAL","ORG":"COASTAL PROTECTION AND RESTORATION AUTHORITY OF LOUISIANA (CPRA)","SRC_REG":"USGS","DATAURL":"http://cims.coastal.louisiana.gov/meta_docs/gis_refs/shoreline/BICM2/LA-0226_SHORL_0000000000_1998011019980310_RAC0004.zip","Meta_xml":"http://cims.coastal.louisiana.gov/meta_docs/gis_refs/shoreline/BICM2/Shoreline_Metadata.xml","Meta_html":"http://cims.coastal.louisiana.gov/meta_docs/gis_refs/shoreline/BICM2/Shoreline_Metadata.html","COMMENTS":null,"SHAPE_Length":1.8156750169911955,"DSAS_DATE":"03/02/1998","DSAS_UNCER":null,"year":1998}},{"type":"Feature","id":14585,"geometry":{"type":"LineString","coordinates":[[-91.937506,29.610793],[-91.935466,29.611262],[-91.934467,29.611813],[-91.933799,29.611825],[-91.93333,29.612374],[-91.932672,29.612603],[-91.93194,29.614358],[-91.93033,29.615969],[-91.92937,29.617187],[-91.928493,29.618739],[-91.928135,29.619003],[-91.926988,29.619233],[-91.926154,29.619681],[-91.926047,29.620121],[-91.925856,29.620158],[-91.925953,29.620325],[-91.925695,29.620636],[-91.925819,29.620826],[-91.925671,29.620942]]},"properties":{"OBJECTID":14585,"PROGRAM":"STATE","PROJECT":"LOUISIANA BARRIER ISLAND COMPREHENSIVE MONITORING PROGRAM (BICM)","PROJ_ID":"LA-0226","PROD_DATE":"20160926","SHORE_TYPE":"MARSH","SRC_DATE":"19980302","SRC_DATA":"USGS DOQQ","SRC_RES":"1-m pixel","SRC_VECT":"APPLIED COASTAL/UNO","SRC_RAST":"c2909125.nes","DIG_NOTES":" ","REGION":"AB","CONTRACTOR":"APPLIED COASTAL","ORG":"COASTAL PROTECTION AND RESTORATION AUTHORITY OF LOUISIANA (CPRA)","SRC_REG":"USGS","DATAURL":"http://cims.coastal.louisiana.gov/meta_docs/gis_refs/shoreline/BICM2/LA-0226_SHORL_0000000000_1998011019980310_RAC0004.zip","Meta_xml":"http://cims.coastal.louisiana.gov/meta_docs/gis_refs/shoreline/BICM2/Shoreline_Metadata.xml","Meta_html":"http://cims.coastal.louisiana.gov/meta_docs/gis_refs/shoreline/BICM2/Shoreline_Metadata.html","COMMENTS":null,"SHAPE_Length":1801.5631753255343,"DSAS_DATE":"03/02/1998","DSAS_UNCER":null,"year":1998}},{"type":"Feature","id":14586,"geometry":{"type":"LineString","coordinates":[[-91.919246,29.622163],[-91.919193,29.622371],[-91.918401,29.622423]]},"properties":{"OBJECTID":14586,"PROGRAM":"STATE","PROJECT":"LOUISIANA BARRIER ISLAND COMPREHENSIVE MONITORING PROGRAM (BICM)","PROJ_ID":"LA-0226","PROD_DATE":"20160926","SHORE_TYPE":"MARSH","SRC_DATE":"19980302","SRC_DATA":"USGS DOQQ","SRC_RES":"1-m pixel","SRC_VECT":"APPLIED COASTAL/UNO","SRC_RAST":"c2909125.nes","DIG_NOTES":" ","REGION":"AB","CONTRACTOR":"APPLIED COASTAL","ORG":"COASTAL PROTECTION AND RESTORATION AUTHORITY OF LOUISIANA (CPRA)","SRC_REG":"USGS","DATAURL":"http://cims.coastal.louisiana.gov/meta_docs/gis_refs/shoreline/BICM2/LA-0226_SHORL_0000000000_1998011019980310_RAC0004.zip","Meta_xml":"http://cims.coastal.louisiana.gov/meta_docs/gis_refs/shoreline/BICM2/Shoreline_Metadata.xml","Meta_html":"http://cims.coastal.louisiana.gov/meta_docs/gis_refs/shoreline/BICM2/Shoreline_Metadata.html","COMMENTS":null,"SHAPE_Length":100.97814895005703,"DSAS_DATE":"03/02/1998","DSAS_UNCER":null,"year":1998}},{"type":"Feature","id":14587,"geometry":{"type":"LineString","coordinates":[[-91.918885,29.621072],[-91.919283,29.621547],[-91.919381,29.621941],[-91.919246,29.622163]]},"properties":{"OBJECTID":14587,"PROGRAM":"STATE","PROJECT":"LOUISIANA BARRIER ISLAND COMPREHENSIVE MONITORING PROGRAM (BICM)","PROJ_ID":"LA-0226","PROD_DATE":"20160926","SHORE_TYPE":"MARSH","SRC_DATE":"19980302","SRC_DATA":"USGS DOQQ","SRC_RES":"1-m pixel","SRC_VECT":"APPLIED COASTAL/UNO","SRC_RAST":"c2909125.nes","DIG_NOTES":" ","REGION":"AB","CONTRACTOR":"APPLIED COASTAL","ORG":"COASTAL PROTECTION AND RESTORATION AUTHORITY OF LOUISIANA (CPRA)","SRC_REG":"USGS","DATAURL":"http://cims.coastal.louisiana.gov/meta_docs/gis_refs/shoreline/BICM2/LA-0226_SHORL_0000000000_1998011019980310_RAC0004.zip","Meta_xml":"http://cims.coastal.louisiana.gov/meta_docs/gis_refs/shoreline/BICM2/Shoreline_Metadata.xml","Meta_html":"http://cims.coastal.louisiana.gov/meta_docs/gis_refs/shoreline/BICM2/Shoreline_Metadata.html","COMMENTS":null,"SHAPE_Length":139.79660894903733,"DSAS_DATE":"03/02/1998","DSAS_UNCER":null,"year":1998}},{"type":"Feature","id":14588,"geometry":{"type":"LineString","coordinates":[[-91.918416,29.622781],[-91.919863,29.622547],[-91.919933,29.62275]]},"properties":{"OBJECTID":14588,"PROGRAM":"STATE","PROJECT":"LOUISIANA BARRIER ISLAND COMPREHENSIVE MONITORING PROGRAM (BICM)","PROJ_ID":"LA-0226","PROD_DATE":"20160926","SHORE_TYPE":"MARSH","SRC_DATE":"19980302","SRC_DATA":"USGS DOQQ","SRC_RES":"1-m pixel","SRC_VECT":"APPLIED COASTAL/UNO","SRC_RAST":"c2909125.nes","DIG_NOTES":" ","REGION":"AB","CONTRACTOR":"APPLIED COASTAL","ORG":"COASTAL PROTECTION AND RESTORATION AUTHORITY OF LOUISIANA (CPRA)","SRC_REG":"USGS","DATAURL":"http://cims.coastal.louisiana.gov/meta_docs/gis_refs/shoreline/BICM2/LA-0226_SHORL_0000000000_1998011019980310_RAC0004.zip","Meta_xml":"http://cims.coastal.louisiana.gov/meta_docs/gis_refs/shoreline/BICM2/Shoreline_Metadata.xml","Meta_html":"http://cims.coastal.louisiana.gov/meta_docs/gis_refs/shoreline/BICM2/Shoreline_Metadata.html","COMMENTS":null,"SHAPE_Length":172.50477273376725,"DSAS_DATE":"03/02/1998","DSAS_UNCER":null,"year":1998}},{"type":"Feature","id":14589,"geometry":{"type":"LineString","coordinates":[[-91.920001,29.62269],[-91.920437,29.622521],[-91.920642,29.62258],[-91.920657,29.622771]]},"properties":{"OBJECTID":14589,"PROGRAM":"STATE","PROJECT":"LOUISIANA BARRIER ISLAND COMPREHENSIVE MONITORING PROGRAM (BICM)","PROJ_ID":"LA-0226","PROD_DATE":"20160926","SHORE_TYPE":"MARSH","SRC_DATE":"19980302","SRC_DATA":"USGS DOQQ","SRC_RES":"1-m pixel","SRC_VECT":"APPLIED COASTAL/UNO","SRC_RAST":"c2909125.nes","DIG_NOTES":" ","REGION":"AB","CONTRACTOR":"APPLIED COASTAL","ORG":"COASTAL PROTECTION AND RESTORATION AUTHORITY OF LOUISIANA (CPRA)","SRC_REG":"USGS","DATAURL":"http://cims.coastal.louisiana.gov/meta_docs/gis_refs/shoreline/BICM2/LA-0226_SHORL_0000000000_1998011019980310_RAC0004.zip","Meta_xml":"http://cims.coastal.louisiana.gov/meta_docs/gis_refs/shoreline/BICM2/Shoreline_Metadata.xml","Meta_html":"http://cims.coastal.louisiana.gov/meta_docs/gis_refs/shoreline/BICM2/Shoreline_Metadata.html","COMMENTS":null,"SHAPE_Length":95.20517483846153,"DSAS_DATE":"03/02/1998","DSAS_UNCER":null,"year":1998}},{"type":"Feature","id":14590,"geometry":{"type":"LineString","coordinates":[[-91.920847,29.622674],[-91.920751,29.622472],[-91.921106,29.62253],[-91.921378,29.62235],[-91.922078,29.622919]]},"properties":{"OBJECTID":14590,"PROGRAM":"STATE","PROJECT":"LOUISIANA BARRIER ISLAND COMPREHENSIVE MONITORING PROGRAM (BICM)","PROJ_ID":"LA-0226","PROD_DATE":"20160926","SHORE_TYPE":"MARSH","SRC_DATE":"19980302","SRC_DATA":"USGS DOQQ","SRC_RES":"1-m pixel","SRC_VECT":"APPLIED COASTAL/UNO","SRC_RAST":"c2909125.nes","DIG_NOTES":" ","REGION":"AB","CONTRACTOR":"APPLIED COASTAL","ORG":"COASTAL PROTECTION AND RESTORATION AUTHORITY OF LOUISIANA (CPRA)","SRC_REG":"USGS","DATAURL":"http://cims.coastal.louisiana.gov/meta_docs/gis_refs/shoreline/BICM2/LA-0226_SHORL_0000000000_1998011019980310_RAC0004.zip","Meta_xml":"http://cims.coastal.louisiana.gov/meta_docs/gis_refs/shoreline/BICM2/Shoreline_Metadata.xml","Meta_html":"http://cims.coastal.louisiana.gov/meta_docs/gis_refs/shoreline/BICM2/Shoreline_Metadata.html","COMMENTS":null,"SHAPE_Length":200.8386896216603,"DSAS_DATE":"03/02/1998","DSAS_UNCER":null,"year":1998}},{"type":"Feature","id":14591,"geometry":{"type":"LineString","coordinates":[[-91.922146,29.622895],[-91.922186,29.622644],[-91.923294,29.622842],[-91.923733,29.62321],[-91.923502,29.623414]]},"properties":{"OBJECTID":14591,"PROGRAM":"STATE","PROJECT":"LOUISIANA BARRIER ISLAND COMPREHENSIVE MONITORING PROGRAM (BICM)","PROJ_ID":"LA-0226","PROD_DATE":"20160926","SHORE_TYPE":"MARSH","SRC_DATE":"19980302","SRC_DATA":"USGS DOQQ","SRC_RES":"1-m pixel","SRC_VECT":"APPLIED COASTAL/UNO","SRC_RAST":"c2909125.nes","DIG_NOTES":" ","REGION":"AB","CONTRACTOR":"APPLIED COASTAL","ORG":"COASTAL PROTECTION AND RESTORATION AUTHORITY OF LOUISIANA (CPRA)","SRC_REG":"USGS","DATAURL":"http://cims.coastal.louisiana.gov/meta_docs/gis_refs/shoreline/BICM2/LA-0226_SHORL_0000000000_1998011019980310_RAC0004.zip","Meta_xml":"http://cims.coastal.louisiana.gov/meta_docs/gis_refs/shoreline/BICM2/Shoreline_Metadata.xml","Meta_html":"http://cims.coastal.louisiana.gov/meta_docs/gis_refs/shoreline/BICM2/Shoreline_Metadata.html","COMMENTS":null,"SHAPE_Length":238.5591899141972,"DSAS_DATE":"03/02/1998","DSAS_UNCER":null,"year":1998}},{"type":"Feature","id":14592,"geometry":{"type":"LineString","coordinates":[[-91.924226,29.623387],[-91.924075,29.623316],[-91.924073,29.622958],[-91.924565,29.622956],[-91.925291,29.623418],[-91.925743,29.6235],[-91.926183,29.624059],[-91.925978,29.624036],[-91.926075,29.624202],[-91.925816,29.624335],[-91.925777,29.624681]]},"properties":{"OBJECTID":14592,"PROGRAM":"STATE","PROJECT":"LOUISIANA BARRIER ISLAND COMPREHENSIVE MONITORING PROGRAM (BICM)","PROJ_ID":"LA-0226","PROD_DATE":"20160926","SHORE_TYPE":"MARSH","SRC_DATE":"19980302","SRC_DATA":"USGS DOQQ","SRC_RES":"1-m pixel","SRC_VECT":"APPLIED COASTAL/UNO","SRC_RAST":"c2909125.nes","DIG_NOTES":" ","REGION":"AB","CONTRACTOR":"APPLIED COASTAL","ORG":"COASTAL PROTECTION AND RESTORATION AUTHORITY OF LOUISIANA (CPRA)","SRC_REG":"USGS","DATAURL":"http://cims.coastal.louisiana.gov/meta_docs/gis_refs/shoreline/BICM2/LA-0226_SHORL_0000000000_1998011019980310_RAC0004.zip","Meta_xml":"http://cims.coastal.louisiana.gov/meta_docs/gis_refs/shoreline/BICM2/Shoreline_Metadata.xml","Meta_html":"http://cims.coastal.louisiana.gov/meta_docs/gis_refs/shoreline/BICM2/Shoreline_Metadata.html","COMMENTS":null,"SHAPE_Length":437.80390555125626,"DSAS_DATE":"03/02/1998","DSAS_UNCER":null,"year":1998}},{"type":"Feature","id":14593,"geometry":{"type":"LineString","coordinates":[[-91.925969,29.624847],[-91.926376,29.62438],[-91.926541,29.624499],[-91.92645,29.625006]]},"properties":{"OBJECTID":14593,"PROGRAM":"STATE","PROJECT":"LOUISIANA BARRIER ISLAND COMPREHENSIVE MONITORING PROGRAM (BICM)","PROJ_ID":"LA-0226","PROD_DATE":"20160926","SHORE_TYPE":"MARSH","SRC_DATE":"19980302","SRC_DATA":"USGS DOQQ","SRC_RES":"1-m pixel","SRC_VECT":"APPLIED COASTAL/UNO","SRC_RAST":"c2909125.nes","DIG_NOTES":" ","REGION":"AB","CONTRACTOR":"APPLIED COASTAL","ORG":"COASTAL PROTECTION AND RESTORATION AUTHORITY OF LOUISIANA (CPRA)","SRC_REG":"USGS","DATAURL":"http://cims.coastal.louisiana.gov/meta_docs/gis_refs/shoreline/BICM2/LA-0226_SHORL_0000000000_1998011019980310_RAC0004.zip","Meta_xml":"http://cims.coastal.louisiana.gov/meta_docs/gis_refs/shoreline/BICM2/Shoreline_Metadata.xml","Meta_html":"http://cims.coastal.louisiana.gov/meta_docs/gis_refs/shoreline/BICM2/Shoreline_Metadata.html","COMMENTS":null,"SHAPE_Length":151.97642456166508,"DSAS_DATE":"03/02/1998","DSAS_UNCER":null,"year":1998}},{"type":"Feature","id":14594,"geometry":{"type":"LineString","coordinates":[[-91.926847,29.623208],[-91.926521,29.623496],[-91.926509,29.623747],[-91.926687,29.623865],[-91.926847,29.623208]]},"properties":{"OBJECTID":14594,"PROGRAM":"STATE","PROJECT":"LOUISIANA BARRIER ISLAND COMPREHENSIVE MONITORING PROGRAM (BICM)","PROJ_ID":"LA-0226","PROD_DATE":"20160926","SHORE_TYPE":"MARSH","SRC_DATE":"19980302","SRC_DATA":"USGS DOQQ","SRC_RES":"1-m pixel","SRC_VECT":"APPLIED COASTAL/UNO","SRC_RAST":"c2909125.nes","DIG_NOTES":" ","REGION":"AB","CONTRACTOR":"APPLIED COASTAL","ORG":"COASTAL PROTECTION AND RESTORATION AUTHORITY OF LOUISIANA (CPRA)","SRC_REG":"USGS","DATAURL":"http://cims.coastal.louisiana.gov/meta_docs/gis_refs/shoreline/BICM2/LA-0226_SHORL_0000000000_1998011019980310_RAC0004.zip","Meta_xml":"http://cims.coastal.louisiana.gov/meta_docs/gis_refs/shoreline/BICM2/Shoreline_Metadata.xml","Meta_html":"http://cims.coastal.louisiana.gov/meta_docs/gis_refs/shoreline/BICM2/Shoreline_Metadata.html","COMMENTS":null,"SHAPE_Length":176.12049922387376,"DSAS_DATE":"03/02/1998","DSAS_UNCER":null,"year":1998}},{"type":"Feature","id":14595,"geometry":{"type":"LineString","coordinates":[[-91.919776,29.620941],[-91.920233,29.621389],[-91.920393,29.621256],[-91.920237,29.621653],[-91.921024,29.621447],[-91.921794,29.621523],[-91.921908,29.621379],[-91.921932,29.621585],[-91.922183,29.621673],[-91.92282,29.621526],[-91.923936,29.621571],[-91.924841,29.620941],[-91.924736,29.620819],[-91.925022,29.620677],[-91.924892,29.620556],[-91.924994,29.620293],[-91.92513,29.620677],[-91.925463,29.62053],[-91.925053,29.620811],[-91.925115,29.621157],[-91.925671,29.620942]]},"properties":{"OBJECTID":14595,"PROGRAM":"STATE","PROJECT":"LOUISIANA BARRIER ISLAND COMPREHENSIVE MONITORING PROGRAM (BICM)","PROJ_ID":"LA-0226","PROD_DATE":"20160926","SHORE_TYPE":"MARSH","SRC_DATE":"19980302","SRC_DATA":"USGS DOQQ","SRC_RES":"1-m pixel","SRC_VECT":"APPLIED COASTAL/UNO","SRC_RAST":"c2909125.nes","DIG_NOTES":" ","REGION":"AB","CONTRACTOR":"APPLIED COASTAL","ORG":"COASTAL PROTECTION AND RESTORATION AUTHORITY OF LOUISIANA (CPRA)","SRC_REG":"USGS","DATAURL":"http://cims.coastal.louisiana.gov/meta_docs/gis_refs/shoreline/BICM2/LA-0226_SHORL_0000000000_1998011019980310_RAC0004.zip","Meta_xml":"http://cims.coastal.louisiana.gov/meta_docs/gis_refs/shoreline/BICM2/Shoreline_Metadata.xml","Meta_html":"http://cims.coastal.louisiana.gov/meta_docs/gis_refs/shoreline/BICM2/Shoreline_Metadata.html","COMMENTS":null,"SHAPE_Length":1031.147592129831,"DSAS_DATE":"03/02/1998","DSAS_UNCER":null,"year":1998}},{"type":"Feature","id":14596,"geometry":{"type":"LineString","coordinates":[[-91.917015,29.519785],[-91.916987,29.519582],[-91.916783,29.519762],[-91.91651,29.519644],[-91.916727,29.519476],[-91.916671,29.519249],[-91.916025,29.518488],[-91.915328,29.518264],[-91.913978,29.51839],[-91.913815,29.518546],[-91.913898,29.518736],[-91.913188,29.518739],[-91.913189,29.518942],[-91.912917,29.519039],[-91.912657,29.518861],[-91.912467,29.519089],[-91.912234,29.518958],[-91.912058,29.519198],[-91.91188,29.518996],[-91.911526,29.519272],[-91.911335,29.519141],[-91.911144,29.519226],[-91.911129,29.519059],[-91.91068,29.51918],[-91.910569,29.518918],[-91.910502,29.519145],[-91.910406,29.518966],[-91.910189,29.519194],[-91.910023,29.518944],[-91.909806,29.519184],[-91.909654,29.518779],[-91.909574,29.519125],[-91.90922,29.519175],[-91.908823,29.519009],[-91.908822,29.518782],[-91.908535,29.518748],[-91.908249,29.518892],[-91.908454,29.518963],[-91.9084,29.519107],[-91.907773,29.519229],[-91.907527,29.519063],[-91.907296,29.519183],[-91.907144,29.518873],[-91.906872,29.519113],[-91.906748,29.518875],[-91.906502,29.518805],[-91.906558,29.518995],[-91.906353,29.519044],[-91.906243,29.518818],[-91.905888,29.518867],[-91.905914,29.518604],[-91.905655,29.518725],[-91.905668,29.518546],[-91.904998,29.518358],[-91.904917,29.518453],[-91.904491,29.518002],[-91.90442,29.517429],[-91.904159,29.517215],[-91.903832,29.517193],[-91.903926,29.517002],[-91.903584,29.516836],[-91.903393,29.516897],[-91.903422,29.517099],[-91.903187,29.516683],[-91.902269,29.515994],[-91.901601,29.516021],[-91.901668,29.515866],[-91.900779,29.515499],[-91.900186,29.51444],[-91.899695,29.514502],[-91.899763,29.514322],[-91.899476,29.514264],[-91.899298,29.514288],[-91.899368,29.514443],[-91.899066,29.514266],[-91.898876,29.514362],[-91.898436,29.513839],[-91.898191,29.513899],[-91.898231,29.513732],[-91.897875,29.513578],[-91.897408,29.512972],[-91.897231,29.513068],[-91.897312,29.512948],[-91.897106,29.512758],[-91.897405,29.512423],[-91.897213,29.512268],[-91.896859,29.512497],[-91.896666,29.512044],[-91.89642,29.512057],[-91.896485,29.511376],[-91.895992,29.511044],[-91.895468,29.510139],[-91.894637,29.51037],[-91.894434,29.510609],[-91.893983,29.51048],[-91.894213,29.51024],[-91.893748,29.509968],[-91.893584,29.510016],[-91.893477,29.510434],[-91.89334,29.510328],[-91.893041,29.510424],[-91.892711,29.510056],[-91.892572,29.509543],[-91.892258,29.509544],[-91.892079,29.509235],[-91.891112,29.509514],[-91.890579,29.509385],[-91.890427,29.509051],[-91.890277,29.509171],[-91.890017,29.508909],[-91.889895,29.509041],[-91.889526,29.509007],[-91.889362,29.508888],[-91.889402,29.508697],[-91.889115,29.508782],[-91.888718,29.508533],[-91.888498,29.508104],[-91.88817,29.507986],[-91.888018,29.507701],[-91.88769,29.507654],[-91.887453,29.5067],[-91.887043,29.506595],[-91.886724,29.505689],[-91.886027,29.505405],[-91.88593,29.505131],[-91.885725,29.505096],[-91.885805,29.504869],[-91.885559,29.504632],[-91.885585,29.504452],[-91.885326,29.504489],[-91.885243,29.504263],[-91.884929,29.504228],[-91.884707,29.503692],[-91.88423,29.503646],[-91.884323,29.50324],[-91.883954,29.503182],[-91.884034,29.502824],[-91.883842,29.50261],[-91.88359,29.501513],[-91.883153,29.5013],[-91.882702,29.501206],[-91.881804,29.501783],[-91.881599,29.501712],[-91.881192,29.50206],[-91.881398,29.502226],[-91.881208,29.502442],[-91.880528,29.502838],[-91.880445,29.502624],[-91.880254,29.502625],[-91.879764,29.502937],[-91.879779,29.50308],[-91.879492,29.503141],[-91.879521,29.503416],[-91.879153,29.503405],[-91.878814,29.503789],[-91.877668,29.503948],[-91.877709,29.503841],[-91.877422,29.50377],[-91.877041,29.503975],[-91.876603,29.50375],[-91.876509,29.503977],[-91.875948,29.503717],[-91.875855,29.504099],[-91.875664,29.504136],[-91.875512,29.503826],[-91.875391,29.504185],[-91.875006,29.50406]]},"properties":{"OBJECTID":14596,"PROGRAM":"STATE","PROJECT":"LOUISIANA BARRIER ISLAND COMPREHENSIVE MONITORING PROGRAM (BICM)","PROJ_ID":"LA-0226","PROD_DATE":"20160926","SHORE_TYPE":"MIXED","SRC_DATE":"19980302","SRC_DATA":"USGS DOQQ","SRC_RES":"1-m pixel","SRC_VECT":"APPLIED COASTAL/UNO","SRC_RAST":"c2909125.ses","DIG_NOTES":" ","REGION":"AB","CONTRACTOR":"APPLIED COASTAL","ORG":"COASTAL PROTECTION AND RESTORATION AUTHORITY OF LOUISIANA (CPRA)","SRC_REG":"USGS","DATAURL":"http://cims.coastal.louisiana.gov/meta_docs/gis_refs/shoreline/BICM2/LA-0226_SHORL_0000000000_1998011019980310_RAC0004.zip","Meta_xml":"http://cims.coastal.louisiana.gov/meta_docs/gis_refs/shoreline/BICM2/Shoreline_Metadata.xml","Meta_html":"http://cims.coastal.louisiana.gov/meta_docs/gis_refs/shoreline/BICM2/Shoreline_Metadata.html","COMMENTS":null,"SHAPE_Length":7590.733875312967,"DSAS_DATE":"03/02/1998","DSAS_UNCER":null,"year":1998}},{"type":"Feature","id":14597,"geometry":{"type":"LineString","coordinates":[[-91.910845,29.518839],[-91.910748,29.518708],[-91.911021,29.518599],[-91.910845,29.518839]]},"properties":{"OBJECTID":14597,"PROGRAM":"STATE","PROJECT":"LOUISIANA BARRIER ISLAND COMPREHENSIVE MONITORING PROGRAM (BICM)","PROJ_ID":"LA-0226","PROD_DATE":"20160926","SHORE_TYPE":"MIXED","SRC_DATE":"19980302","SRC_DATA":"USGS DOQQ","SRC_RES":"1-m pixel","SRC_VECT":"APPLIED COASTAL/UNO","SRC_RAST":"c2909125.ses","DIG_NOTES":" ","REGION":"AB","CONTRACTOR":"APPLIED COASTAL","ORG":"COASTAL PROTECTION AND RESTORATION AUTHORITY OF LOUISIANA (CPRA)","SRC_REG":"USGS","DATAURL":"http://cims.coastal.louisiana.gov/meta_docs/gis_refs/shoreline/BICM2/LA-0226_SHORL_0000000000_1998011019980310_RAC0004.zip","Meta_xml":"http://cims.coastal.louisiana.gov/meta_docs/gis_refs/shoreline/BICM2/Shoreline_Metadata.xml","Meta_html":"http://cims.coastal.louisiana.gov/meta_docs/gis_refs/shoreline/BICM2/Shoreline_Metadata.html","COMMENTS":null,"SHAPE_Length":103.47116983747057,"DSAS_DATE":"03/02/1998","DSAS_UNCER":null,"year":1998}},{"type":"Feature","id":14598,"geometry":{"type":"LineString","coordinates":[[-91.937506,29.529213],[-91.936653,29.529287],[-91.936282,29.529026],[-91.936052,29.529218],[-91.936092,29.529087],[-91.93549,29.528851],[-91.934726,29.528854],[-91.934738,29.528699],[-91.933381,29.527691],[-91.932186,29.526324],[-91.931842,29.525908],[-91.931716,29.525311],[-91.931101,29.52529],[-91.930252,29.524829],[-91.92885,29.52314],[-91.928154,29.523108],[-91.927718,29.523253],[-91.926241,29.522615],[-91.924443,29.523268],[-91.923406,29.523284],[-91.922504,29.523002],[-91.921942,29.522575],[-91.921723,29.522576],[-91.921479,29.522827],[-91.921314,29.522554],[-91.921449,29.522362],[-91.920736,29.521721],[-91.918779,29.520763],[-91.918575,29.520955],[-91.918587,29.520608],[-91.918259,29.520502],[-91.9176,29.519825],[-91.917354,29.51979],[-91.917436,29.519897],[-91.917218,29.519958],[-91.917015,29.519785]]},"properties":{"OBJECTID":14598,"PROGRAM":"STATE","PROJECT":"LOUISIANA BARRIER ISLAND COMPREHENSIVE MONITORING PROGRAM (BICM)","PROJ_ID":"LA-0226","PROD_DATE":"20160926","SHORE_TYPE":"MIXED","SRC_DATE":"19980302","SRC_DATA":"USGS DOQQ","SRC_RES":"1-m pixel","SRC_VECT":"APPLIED COASTAL/UNO","SRC_RAST":"c2909125.ses","DIG_NOTES":" ","REGION":"AB","CONTRACTOR":"APPLIED COASTAL","ORG":"COASTAL PROTECTION AND RESTORATION AUTHORITY OF LOUISIANA (CPRA)","SRC_REG":"USGS","DATAURL":"http://cims.coastal.louisiana.gov/meta_docs/gis_refs/shoreline/BICM2/LA-0226_SHORL_0000000000_1998011019980310_RAC0004.zip","Meta_xml":"http://cims.coastal.louisiana.gov/meta_docs/gis_refs/shoreline/BICM2/Shoreline_Metadata.xml","Meta_html":"http://cims.coastal.louisiana.gov/meta_docs/gis_refs/shoreline/BICM2/Shoreline_Metadata.html","COMMENTS":null,"SHAPE_Length":2738.752529823283,"DSAS_DATE":"03/02/1998","DSAS_UNCER":null,"year":1998}},{"type":"Feature","id":14599,"geometry":{"type":"LineString","coordinates":[[-91.875006,29.758777],[-91.875537,29.75865],[-91.875796,29.758422],[-91.875563,29.758364],[-91.875904,29.7581]]},"properties":{"OBJECTID":14599,"PROGRAM":"STATE","PROJECT":"LOUISIANA BARRIER ISLAND COMPREHENSIVE MONITORING PROGRAM (BICM)","PROJ_ID":"LA-0226","PROD_DATE":"20160926","SHORE_TYPE":"MARSH","SRC_DATE":"19980302","SRC_DATA":"USGS DOQQ","SRC_RES":"1-m pixel","SRC_VECT":"APPLIED COASTAL/UNO","SRC_RAST":"c2909109.ses","DIG_NOTES":" ","REGION":"AB","CONTRACTOR":"APPLIED COASTAL","ORG":"COASTAL PROTECTION AND RESTORATION AUTHORITY OF LOUISIANA (CPRA)","SRC_REG":"USGS","DATAURL":"http://cims.coastal.louisiana.gov/meta_docs/gis_refs/shoreline/BICM2/LA-0226_SHORL_0000000000_1998011019980310_RAC0004.zip","Meta_xml":"http://cims.coastal.louisiana.gov/meta_docs/gis_refs/shoreline/BICM2/Shoreline_Metadata.xml","Meta_html":"http://cims.coastal.louisiana.gov/meta_docs/gis_refs/shoreline/BICM2/Shoreline_Metadata.html","COMMENTS":null,"SHAPE_Length":163.22563453011486,"DSAS_DATE":"03/02/1998","DSAS_UNCER":null,"year":1998}},{"type":"Feature","id":14600,"geometry":{"type":"LineString","coordinates":[[-91.876273,29.758086],[-91.876096,29.758242],[-91.876589,29.758348],[-91.877587,29.758284],[-91.877826,29.75815],[-91.877939,29.757638],[-91.878252,29.75735],[-91.879154,29.75712],[-91.879382,29.756223],[-91.879803,29.75572],[-91.879608,29.755101],[-91.879019,29.755031],[-91.878966,29.75527],[-91.87853,29.755594],[-91.878134,29.755727],[-91.877764,29.755645]]},"properties":{"OBJECTID":14600,"PROGRAM":"STATE","PROJECT":"LOUISIANA BARRIER ISLAND COMPREHENSIVE MONITORING PROGRAM (BICM)","PROJ_ID":"LA-0226","PROD_DATE":"20160926","SHORE_TYPE":"MARSH","SRC_DATE":"19980302","SRC_DATA":"USGS DOQQ","SRC_RES":"1-m pixel","SRC_VECT":"APPLIED COASTAL/UNO","SRC_RAST":"c2909109.ses","DIG_NOTES":" ","REGION":"AB","CONTRACTOR":"APPLIED COASTAL","ORG":"COASTAL PROTECTION AND RESTORATION AUTHORITY OF LOUISIANA (CPRA)","SRC_REG":"USGS","DATAURL":"http://cims.coastal.louisiana.gov/meta_docs/gis_refs/shoreline/BICM2/LA-0226_SHORL_0000000000_1998011019980310_RAC0004.zip","Meta_xml":"http://cims.coastal.louisiana.gov/meta_docs/gis_refs/shoreline/BICM2/Shoreline_Metadata.xml","Meta_html":"http://cims.coastal.louisiana.gov/meta_docs/gis_refs/shoreline/BICM2/Shoreline_Metadata.html","COMMENTS":null,"SHAPE_Length":877.7024657412915,"DSAS_DATE":"03/02/1998","DSAS_UNCER":null,"year":1998}},{"type":"Feature","id":14601,"geometry":{"type":"LineString","coordinates":[[-91.877626,29.755419],[-91.878242,29.755405],[-91.879044,29.754458],[-91.879482,29.754552],[-91.878875,29.753636],[-91.878122,29.753436],[-91.878133,29.752994],[-91.877614,29.753235]]},"properties":{"OBJECTID":14601,"PROGRAM":"STATE","PROJECT":"LOUISIANA BARRIER ISLAND COMPREHENSIVE MONITORING PROGRAM (BICM)","PROJ_ID":"LA-0226","PROD_DATE":"20160926","SHORE_TYPE":"MARSH","SRC_DATE":"19980302","SRC_DATA":"USGS DOQQ","SRC_RES":"1-m pixel","SRC_VECT":"APPLIED COASTAL/UNO","SRC_RAST":"c2909109.ses","DIG_NOTES":" ","REGION":"AB","CONTRACTOR":"APPLIED COASTAL","ORG":"COASTAL PROTECTION AND RESTORATION AUTHORITY OF LOUISIANA (CPRA)","SRC_REG":"USGS","DATAURL":"http://cims.coastal.louisiana.gov/meta_docs/gis_refs/shoreline/BICM2/LA-0226_SHORL_0000000000_1998011019980310_RAC0004.zip","Meta_xml":"http://cims.coastal.louisiana.gov/meta_docs/gis_refs/shoreline/BICM2/Shoreline_Metadata.xml","Meta_html":"http://cims.coastal.louisiana.gov/meta_docs/gis_refs/shoreline/BICM2/Shoreline_Metadata.html","COMMENTS":null,"SHAPE_Length":580.4471651080479,"DSAS_DATE":"03/02/1998","DSAS_UNCER":null,"year":1998}},{"type":"Feature","id":14602,"geometry":{"type":"LineString","coordinates":[[-91.87916,29.753229],[-91.879172,29.752894],[-91.87884,29.752239],[-91.878293,29.752313],[-91.878035,29.752613],[-91.878351,29.752886],[-91.878299,29.753363],[-91.878751,29.753397],[-91.87916,29.753229]]},"properties":{"OBJECTID":14602,"PROGRAM":"STATE","PROJECT":"LOUISIANA BARRIER ISLAND COMPREHENSIVE MONITORING PROGRAM (BICM)","PROJ_ID":"LA-0226","PROD_DATE":"20160926","SHORE_TYPE":"MARSH","SRC_DATE":"19980302","SRC_DATA":"USGS DOQQ","SRC_RES":"1-m pixel","SRC_VECT":"APPLIED COASTAL/UNO","SRC_RAST":"c2909109.ses","DIG_NOTES":" ","REGION":"AB","CONTRACTOR":"APPLIED COASTAL","ORG":"COASTAL PROTECTION AND RESTORATION AUTHORITY OF LOUISIANA (CPRA)","SRC_REG":"USGS","DATAURL":"http://cims.coastal.louisiana.gov/meta_docs/gis_refs/shoreline/BICM2/LA-0226_SHORL_0000000000_1998011019980310_RAC0004.zip","Meta_xml":"http://cims.coastal.louisiana.gov/meta_docs/gis_refs/shoreline/BICM2/Shoreline_Metadata.xml","Meta_html":"http://cims.coastal.louisiana.gov/meta_docs/gis_refs/shoreline/BICM2/Shoreline_Metadata.html","COMMENTS":null,"SHAPE_Length":418.92747069528656,"DSAS_DATE":"03/02/1998","DSAS_UNCER":null,"year":1998}},{"type":"Feature","id":14603,"geometry":{"type":"LineString","coordinates":[[-91.877935,29.750006],[-91.877463,29.748044],[-91.875006,29.747951]]},"properties":{"OBJECTID":14603,"PROGRAM":"STATE","PROJECT":"LOUISIANA BARRIER ISLAND COMPREHENSIVE MONITORING PROGRAM (BICM)","PROJ_ID":"LA-0226","PROD_DATE":"20160926","SHORE_TYPE":"MARSH","SRC_DATE":"19980302","SRC_DATA":"USGS DOQQ","SRC_RES":"1-m pixel","SRC_VECT":"APPLIED COASTAL/UNO","SRC_RAST":"c2909117.nes","DIG_NOTES":" ","REGION":"AB","CONTRACTOR":"APPLIED COASTAL","ORG":"COASTAL PROTECTION AND RESTORATION AUTHORITY OF LOUISIANA (CPRA)","SRC_REG":"USGS","DATAURL":"http://cims.coastal.louisiana.gov/meta_docs/gis_refs/shoreline/BICM2/LA-0226_SHORL_0000000000_1998011019980310_RAC0004.zip","Meta_xml":"http://cims.coastal.louisiana.gov/meta_docs/gis_refs/shoreline/BICM2/Shoreline_Metadata.xml","Meta_html":"http://cims.coastal.louisiana.gov/meta_docs/gis_refs/shoreline/BICM2/Shoreline_Metadata.html","COMMENTS":null,"SHAPE_Length":471.48921566862504,"DSAS_DATE":"03/02/1998","DSAS_UNCER":null,"year":1998}},{"type":"Feature","id":14604,"geometry":{"type":"LineString","coordinates":[[-91.925559,29.627045],[-91.925465,29.627297],[-91.924784,29.627765],[-91.92447,29.627766]]},"properties":{"OBJECTID":14604,"PROGRAM":"STATE","PROJECT":"LOUISIANA BARRIER ISLAND COMPREHENSIVE MONITORING PROGRAM (BICM)","PROJ_ID":"LA-0226","PROD_DATE":"20160926","SHORE_TYPE":"MARSH","SRC_DATE":"19980302","SRC_DATA":"USGS DOQQ","SRC_RES":"1-m pixel","SRC_VECT":"APPLIED COASTAL/UNO","SRC_RAST":"c2909117.ses","DIG_NOTES":" ","REGION":"AB","CONTRACTOR":"APPLIED COASTAL","ORG":"COASTAL PROTECTION AND RESTORATION AUTHORITY OF LOUISIANA (CPRA)","SRC_REG":"USGS","DATAURL":"http://cims.coastal.louisiana.gov/meta_docs/gis_refs/shoreline/BICM2/LA-0226_SHORL_0000000000_1998011019980310_RAC0004.zip","Meta_xml":"http://cims.coastal.louisiana.gov/meta_docs/gis_refs/shoreline/BICM2/Shoreline_Metadata.xml","Meta_html":"http://cims.coastal.louisiana.gov/meta_docs/gis_refs/shoreline/BICM2/Shoreline_Metadata.html","COMMENTS":null,"SHAPE_Length":150.6490222466189,"DSAS_DATE":"03/02/1998","DSAS_UNCER":null,"year":1998}},{"type":"Feature","id":14605,"geometry":{"type":"LineString","coordinates":[[-91.924498,29.62785],[-91.924758,29.627968],[-91.924843,29.628445],[-91.925664,29.628728],[-91.925788,29.628918]]},"properties":{"OBJECTID":14605,"PROGRAM":"STATE","PROJECT":"LOUISIANA BARRIER ISLAND COMPREHENSIVE MONITORING PROGRAM (BICM)","PROJ_ID":"LA-0226","PROD_DATE":"20160926","SHORE_TYPE":"MARSH","SRC_DATE":"19980302","SRC_DATA":"USGS DOQQ","SRC_RES":"1-m pixel","SRC_VECT":"APPLIED COASTAL/UNO","SRC_RAST":"c2909117.ses","DIG_NOTES":" ","REGION":"AB","CONTRACTOR":"APPLIED COASTAL","ORG":"COASTAL PROTECTION AND RESTORATION AUTHORITY OF LOUISIANA (CPRA)","SRC_REG":"USGS","DATAURL":"http://cims.coastal.louisiana.gov/meta_docs/gis_refs/shoreline/BICM2/LA-0226_SHORL_0000000000_1998011019980310_RAC0004.zip","Meta_xml":"http://cims.coastal.louisiana.gov/meta_docs/gis_refs/shoreline/BICM2/Shoreline_Metadata.xml","Meta_html":"http://cims.coastal.louisiana.gov/meta_docs/gis_refs/shoreline/BICM2/Shoreline_Metadata.html","COMMENTS":null,"SHAPE_Length":205.22198886021138,"DSAS_DATE":"03/02/1998","DSAS_UNCER":null,"year":1998}},{"type":"Feature","id":14606,"geometry":{"type":"LineString","coordinates":[[-91.925843,29.628882],[-91.925896,29.628596],[-91.926087,29.628523],[-91.92661,29.629261],[-91.926727,29.630585],[-91.927101,29.631419],[-91.928631,29.633632],[-91.928012,29.635306],[-91.927829,29.635384],[-91.9275,29.635135],[-91.927254,29.635207],[-91.926924,29.634791],[-91.926542,29.634876],[-91.926018,29.634067],[-91.925676,29.634069],[-91.925249,29.633474],[-91.92496,29.633479]]},"properties":{"OBJECTID":14606,"PROGRAM":"STATE","PROJECT":"LOUISIANA BARRIER ISLAND COMPREHENSIVE MONITORING PROGRAM (BICM)","PROJ_ID":"LA-0226","PROD_DATE":"20160926","SHORE_TYPE":"MARSH","SRC_DATE":"19980302","SRC_DATA":"USGS DOQQ","SRC_RES":"1-m pixel","SRC_VECT":"APPLIED COASTAL/UNO","SRC_RAST":"c2909117.ses","DIG_NOTES":" ","REGION":"AB","CONTRACTOR":"APPLIED COASTAL","ORG":"COASTAL PROTECTION AND RESTORATION AUTHORITY OF LOUISIANA (CPRA)","SRC_REG":"USGS","DATAURL":"http://cims.coastal.louisiana.gov/meta_docs/gis_refs/shoreline/BICM2/LA-0226_SHORL_0000000000_1998011019980310_RAC0004.zip","Meta_xml":"http://cims.coastal.louisiana.gov/meta_docs/gis_refs/shoreline/BICM2/Shoreline_Metadata.xml","Meta_html":"http://cims.coastal.louisiana.gov/meta_docs/gis_refs/shoreline/BICM2/Shoreline_Metadata.html","COMMENTS":null,"SHAPE_Length":1332.7159953838852,"DSAS_DATE":"03/02/1998","DSAS_UNCER":null,"year":1998}},{"type":"Feature","id":14607,"geometry":{"type":"LineString","coordinates":[[-91.92496,29.633479],[-91.923324,29.632406],[-91.921837,29.632148],[-91.919903,29.632257],[-91.919123,29.632009],[-91.917816,29.632898],[-91.917828,29.632492],[-91.91751,29.631909]]},"properties":{"OBJECTID":14607,"PROGRAM":"STATE","PROJECT":"LOUISIANA BARRIER ISLAND COMPREHENSIVE MONITORING PROGRAM (BICM)","PROJ_ID":"LA-0226","PROD_DATE":"20160926","SHORE_TYPE":"MARSH","SRC_DATE":"19980302","SRC_DATA":"USGS DOQQ","SRC_RES":"1-m pixel","SRC_VECT":"APPLIED COASTAL/UNO","SRC_RAST":"c2909117.ses","DIG_NOTES":" ","REGION":"AB","CONTRACTOR":"APPLIED COASTAL","ORG":"COASTAL PROTECTION AND RESTORATION AUTHORITY OF LOUISIANA (CPRA)","SRC_REG":"USGS","DATAURL":"http://cims.coastal.louisiana.gov/meta_docs/gis_refs/shoreline/BICM2/LA-0226_SHORL_0000000000_1998011019980310_RAC0004.zip","Meta_xml":"http://cims.coastal.louisiana.gov/meta_docs/gis_refs/shoreline/BICM2/Shoreline_Metadata.xml","Meta_html":"http://cims.coastal.louisiana.gov/meta_docs/gis_refs/shoreline/BICM2/Shoreline_Metadata.html","COMMENTS":null,"SHAPE_Length":928.6075283817029,"DSAS_DATE":"03/02/1998","DSAS_UNCER":null,"year":1998}},{"type":"Feature","id":14608,"geometry":{"type":"LineString","coordinates":[[-91.917387,29.631933],[-91.917293,29.632196],[-91.916891,29.631243],[-91.916138,29.630924],[-91.916326,29.630386],[-91.915872,29.629827]]},"properties":{"OBJECTID":14608,"PROGRAM":"STATE","PROJECT":"LOUISIANA BARRIER ISLAND COMPREHENSIVE MONITORING PROGRAM (BICM)","PROJ_ID":"LA-0226","PROD_DATE":"20160926","SHORE_TYPE":"MARSH","SRC_DATE":"19980302","SRC_DATA":"USGS DOQQ","SRC_RES":"1-m pixel","SRC_VECT":"APPLIED COASTAL/UNO","SRC_RAST":"c2909117.ses","DIG_NOTES":" ","REGION":"AB","CONTRACTOR":"APPLIED COASTAL","ORG":"COASTAL PROTECTION AND RESTORATION AUTHORITY OF LOUISIANA (CPRA)","SRC_REG":"USGS","DATAURL":"http://cims.coastal.louisiana.gov/meta_docs/gis_refs/shoreline/BICM2/LA-0226_SHORL_0000000000_1998011019980310_RAC0004.zip","Meta_xml":"http://cims.coastal.louisiana.gov/meta_docs/gis_refs/shoreline/BICM2/Shoreline_Metadata.xml","Meta_html":"http://cims.coastal.louisiana.gov/meta_docs/gis_refs/shoreline/BICM2/Shoreline_Metadata.html","COMMENTS":null,"SHAPE_Length":374.1388299419877,"DSAS_DATE":"03/02/1998","DSAS_UNCER":null,"year":1998}},{"type":"Feature","id":14609,"geometry":{"type":"LineString","coordinates":[[-91.915216,29.62977],[-91.915028,29.630356],[-91.914729,29.630596]]},"properties":{"OBJECTID":14609,"PROGRAM":"STATE","PROJECT":"LOUISIANA BARRIER ISLAND COMPREHENSIVE MONITORING PROGRAM (BICM)","PROJ_ID":"LA-0226","PROD_DATE":"20160926","SHORE_TYPE":"MARSH","SRC_DATE":"19980302","SRC_DATA":"USGS DOQQ","SRC_RES":"1-m pixel","SRC_VECT":"APPLIED COASTAL/UNO","SRC_RAST":"c2909117.ses","DIG_NOTES":" ","REGION":"AB","CONTRACTOR":"APPLIED COASTAL","ORG":"COASTAL PROTECTION AND RESTORATION AUTHORITY OF LOUISIANA (CPRA)","SRC_REG":"USGS","DATAURL":"http://cims.coastal.louisiana.gov/meta_docs/gis_refs/shoreline/BICM2/LA-0226_SHORL_0000000000_1998011019980310_RAC0004.zip","Meta_xml":"http://cims.coastal.louisiana.gov/meta_docs/gis_refs/shoreline/BICM2/Shoreline_Metadata.xml","Meta_html":"http://cims.coastal.louisiana.gov/meta_docs/gis_refs/shoreline/BICM2/Shoreline_Metadata.html","COMMENTS":null,"SHAPE_Length":108.208276066434,"DSAS_DATE":"03/02/1998","DSAS_UNCER":null,"year":1998}},{"type":"Feature","id":14610,"geometry":{"type":"LineString","coordinates":[[-91.914784,29.630632],[-91.915056,29.630451],[-91.915507,29.630533],[-91.914951,29.631132],[-91.914845,29.631729],[-91.913862,29.631877],[-91.913141,29.632334],[-91.912715,29.631894]]},"properties":{"OBJECTID":14610,"PROGRAM":"STATE","PROJECT":"LOUISIANA BARRIER ISLAND COMPREHENSIVE MONITORING PROGRAM (BICM)","PROJ_ID":"LA-0226","PROD_DATE":"20160926","SHORE_TYPE":"MARSH","SRC_DATE":"19980302","SRC_DATA":"USGS DOQQ","SRC_RES":"1-m pixel","SRC_VECT":"APPLIED COASTAL/UNO","SRC_RAST":"c2909117.ses","DIG_NOTES":" ","REGION":"AB","CONTRACTOR":"APPLIED COASTAL","ORG":"COASTAL PROTECTION AND RESTORATION AUTHORITY OF LOUISIANA (CPRA)","SRC_REG":"USGS","DATAURL":"http://cims.coastal.louisiana.gov/meta_docs/gis_refs/shoreline/BICM2/LA-0226_SHORL_0000000000_1998011019980310_RAC0004.zip","Meta_xml":"http://cims.coastal.louisiana.gov/meta_docs/gis_refs/shoreline/BICM2/Shoreline_Metadata.xml","Meta_html":"http://cims.coastal.louisiana.gov/meta_docs/gis_refs/shoreline/BICM2/Shoreline_Metadata.html","COMMENTS":null,"SHAPE_Length":487.7539193560306,"DSAS_DATE":"03/02/1998","DSAS_UNCER":null,"year":1998}},{"type":"Feature","id":14611,"geometry":{"type":"LineString","coordinates":[[-91.912402,29.632074],[-91.912965,29.632681],[-91.913308,29.632834],[-91.91343,29.632726]]},"properties":{"OBJECTID":14611,"PROGRAM":"STATE","PROJECT":"LOUISIANA BARRIER ISLAND COMPREHENSIVE MONITORING PROGRAM (BICM)","PROJ_ID":"LA-0226","PROD_DATE":"20160926","SHORE_TYPE":"MARSH","SRC_DATE":"19980302","SRC_DATA":"USGS DOQQ","SRC_RES":"1-m pixel","SRC_VECT":"APPLIED COASTAL/UNO","SRC_RAST":"c2909117.ses","DIG_NOTES":" ","REGION":"AB","CONTRACTOR":"APPLIED COASTAL","ORG":"COASTAL PROTECTION AND RESTORATION AUTHORITY OF LOUISIANA (CPRA)","SRC_REG":"USGS","DATAURL":"http://cims.coastal.louisiana.gov/meta_docs/gis_refs/shoreline/BICM2/LA-0226_SHORL_0000000000_1998011019980310_RAC0004.zip","Meta_xml":"http://cims.coastal.louisiana.gov/meta_docs/gis_refs/shoreline/BICM2/Shoreline_Metadata.xml","Meta_html":"http://cims.coastal.louisiana.gov/meta_docs/gis_refs/shoreline/BICM2/Shoreline_Metadata.html","COMMENTS":null,"SHAPE_Length":144.3101394566643,"DSAS_DATE":"03/02/1998","DSAS_UNCER":null,"year":1998}},{"type":"Feature","id":14612,"geometry":{"type":"LineString","coordinates":[[-91.91343,29.632726],[-91.913629,29.63292],[-91.913016,29.633245],[-91.912339,29.634071],[-91.911525,29.634316],[-91.910683,29.634804],[-91.910088,29.634863],[-91.909827,29.63453]]},"properties":{"OBJECTID":14612,"PROGRAM":"STATE","PROJECT":"LOUISIANA BARRIER ISLAND COMPREHENSIVE MONITORING PROGRAM (BICM)","PROJ_ID":"LA-0226","PROD_DATE":"20160926","SHORE_TYPE":"MARSH","SRC_DATE":"19980302","SRC_DATA":"USGS DOQQ","SRC_RES":"1-m pixel","SRC_VECT":"APPLIED COASTAL/UNO","SRC_RAST":"c2909117.ses","DIG_NOTES":" ","REGION":"AB","CONTRACTOR":"APPLIED COASTAL","ORG":"COASTAL PROTECTION AND RESTORATION AUTHORITY OF LOUISIANA (CPRA)","SRC_REG":"USGS","DATAURL":"http://cims.coastal.louisiana.gov/meta_docs/gis_refs/shoreline/BICM2/LA-0226_SHORL_0000000000_1998011019980310_RAC0004.zip","Meta_xml":"http://cims.coastal.louisiana.gov/meta_docs/gis_refs/shoreline/BICM2/Shoreline_Metadata.xml","Meta_html":"http://cims.coastal.louisiana.gov/meta_docs/gis_refs/shoreline/BICM2/Shoreline_Metadata.html","COMMENTS":null,"SHAPE_Length":506.5716784057584,"DSAS_DATE":"03/02/1998","DSAS_UNCER":null,"year":1998}},{"type":"Feature","id":14613,"geometry":{"type":"LineString","coordinates":[[-91.909772,29.634506],[-91.909773,29.634614],[-91.90939,29.63452],[-91.909186,29.634628],[-91.909049,29.634605],[-91.90913,29.634438]]},"properties":{"OBJECTID":14613,"PROGRAM":"STATE","PROJECT":"LOUISIANA BARRIER ISLAND COMPREHENSIVE MONITORING PROGRAM (BICM)","PROJ_ID":"LA-0226","PROD_DATE":"20160926","SHORE_TYPE":"MARSH","SRC_DATE":"19980302","SRC_DATA":"USGS DOQQ","SRC_RES":"1-m pixel","SRC_VECT":"APPLIED COASTAL/UNO","SRC_RAST":"c2909117.ses","DIG_NOTES":" ","REGION":"AB","CONTRACTOR":"APPLIED COASTAL","ORG":"COASTAL PROTECTION AND RESTORATION AUTHORITY OF LOUISIANA (CPRA)","SRC_REG":"USGS","DATAURL":"http://cims.coastal.louisiana.gov/meta_docs/gis_refs/shoreline/BICM2/LA-0226_SHORL_0000000000_1998011019980310_RAC0004.zip","Meta_xml":"http://cims.coastal.louisiana.gov/meta_docs/gis_refs/shoreline/BICM2/Shoreline_Metadata.xml","Meta_html":"http://cims.coastal.louisiana.gov/meta_docs/gis_refs/shoreline/BICM2/Shoreline_Metadata.html","COMMENTS":null,"SHAPE_Length":110.31235038034738,"DSAS_DATE":"03/02/1998","DSAS_UNCER":null,"year":1998}},{"type":"Feature","id":14614,"geometry":{"type":"LineString","coordinates":[[-91.909061,29.63439],[-91.90849,29.634858],[-91.908285,29.634811],[-91.908395,29.634954],[-91.908191,29.635098],[-91.908301,29.635193],[-91.906843,29.635951],[-91.905737,29.6361],[-91.905561,29.636363],[-91.905356,29.63628],[-91.904389,29.636738],[-91.903883,29.63674],[-91.904144,29.636954],[-91.903666,29.637087],[-91.903001,29.637747],[-91.902496,29.637928],[-91.902035,29.638598],[-91.901155,29.637468],[-91.901482,29.637347],[-91.901701,29.637478],[-91.902352,29.636675],[-91.90247,29.63566],[-91.902124,29.634886],[-91.902135,29.63454],[-91.902559,29.634526],[-91.902601,29.634657]]},"properties":{"OBJECTID":14614,"PROGRAM":"STATE","PROJECT":"LOUISIANA BARRIER ISLAND COMPREHENSIVE MONITORING PROGRAM (BICM)","PROJ_ID":"LA-0226","PROD_DATE":"20160926","SHORE_TYPE":"MARSH","SRC_DATE":"19980302","SRC_DATA":"USGS DOQQ","SRC_RES":"1-m pixel","SRC_VECT":"APPLIED COASTAL/UNO","SRC_RAST":"c2909117.ses","DIG_NOTES":" ","REGION":"AB","CONTRACTOR":"APPLIED COASTAL","ORG":"COASTAL PROTECTION AND RESTORATION AUTHORITY OF LOUISIANA (CPRA)","SRC_REG":"USGS","DATAURL":"http://cims.coastal.louisiana.gov/meta_docs/gis_refs/shoreline/BICM2/LA-0226_SHORL_0000000000_1998011019980310_RAC0004.zip","Meta_xml":"http://cims.coastal.louisiana.gov/meta_docs/gis_refs/shoreline/BICM2/Shoreline_Metadata.xml","Meta_html":"http://cims.coastal.louisiana.gov/meta_docs/gis_refs/shoreline/BICM2/Shoreline_Metadata.html","COMMENTS":null,"SHAPE_Length":1646.5898368022274,"DSAS_DATE":"03/02/1998","DSAS_UNCER":null,"year":1998}},{"type":"Feature","id":14615,"geometry":{"type":"LineString","coordinates":[[-91.90135,29.633253],[-91.901772,29.633528],[-91.90112,29.634199],[-91.900961,29.635023],[-91.900342,29.634334],[-91.899232,29.633623],[-91.897931,29.633222],[-91.897235,29.633189],[-91.897233,29.632915],[-91.896918,29.632701],[-91.896628,29.632166],[-91.896327,29.632095],[-91.895158,29.630716],[-91.894447,29.630588],[-91.892537,29.631133],[-91.891376,29.631233],[-91.891141,29.630697],[-91.890909,29.630638],[-91.890809,29.629923],[-91.891299,29.629682],[-91.891574,29.629955],[-91.892677,29.629378],[-91.892962,29.628935],[-91.892887,29.627694],[-91.893268,29.627573],[-91.893825,29.626878],[-91.894121,29.626089]]},"properties":{"OBJECTID":14615,"PROGRAM":"STATE","PROJECT":"LOUISIANA BARRIER ISLAND COMPREHENSIVE MONITORING PROGRAM (BICM)","PROJ_ID":"LA-0226","PROD_DATE":"20160926","SHORE_TYPE":"MARSH","SRC_DATE":"19980302","SRC_DATA":"USGS DOQQ","SRC_RES":"1-m pixel","SRC_VECT":"APPLIED COASTAL/UNO","SRC_RAST":"c2909117.ses","DIG_NOTES":" ","REGION":"AB","CONTRACTOR":"APPLIED COASTAL","ORG":"COASTAL PROTECTION AND RESTORATION AUTHORITY OF LOUISIANA (CPRA)","SRC_REG":"USGS","DATAURL":"http://cims.coastal.louisiana.gov/meta_docs/gis_refs/shoreline/BICM2/LA-0226_SHORL_0000000000_1998011019980310_RAC0004.zip","Meta_xml":"http://cims.coastal.louisiana.gov/meta_docs/gis_refs/shoreline/BICM2/Shoreline_Metadata.xml","Meta_html":"http://cims.coastal.louisiana.gov/meta_docs/gis_refs/shoreline/BICM2/Shoreline_Metadata.html","COMMENTS":null,"SHAPE_Length":2324.883864824584,"DSAS_DATE":"03/02/1998","DSAS_UNCER":null,"year":1998}},{"type":"Feature","id":14616,"geometry":{"type":"LineString","coordinates":[[-91.892863,29.625916],[-91.892757,29.626525],[-91.892063,29.627017],[-91.891752,29.627544],[-91.89137,29.627581],[-91.89167,29.627616],[-91.891796,29.62814],[-91.890238,29.627992],[-91.889747,29.628077],[-91.888461,29.627796],[-91.887261,29.628124],[-91.885761,29.628774],[-91.885486,29.628441],[-91.884871,29.628337],[-91.884322,29.627921],[-91.882791,29.627665],[-91.881016,29.627851],[-91.880308,29.628284],[-91.879816,29.628334],[-91.879436,29.628717],[-91.879202,29.628408],[-91.878271,29.627934],[-91.878516,29.627778],[-91.878962,29.626977],[-91.879495,29.626927]]},"properties":{"OBJECTID":14616,"PROGRAM":"STATE","PROJECT":"LOUISIANA BARRIER ISLAND COMPREHENSIVE MONITORING PROGRAM (BICM)","PROJ_ID":"LA-0226","PROD_DATE":"20160926","SHORE_TYPE":"MARSH","SRC_DATE":"19980302","SRC_DATA":"USGS DOQQ","SRC_RES":"1-m pixel","SRC_VECT":"APPLIED COASTAL/UNO","SRC_RAST":"c2909117.ses","DIG_NOTES":" ","REGION":"AB","CONTRACTOR":"APPLIED COASTAL","ORG":"COASTAL PROTECTION AND RESTORATION AUTHORITY OF LOUISIANA (CPRA)","SRC_REG":"USGS","DATAURL":"http://cims.coastal.louisiana.gov/meta_docs/gis_refs/shoreline/BICM2/LA-0226_SHORL_0000000000_1998011019980310_RAC0004.zip","Meta_xml":"http://cims.coastal.louisiana.gov/meta_docs/gis_refs/shoreline/BICM2/Shoreline_Metadata.xml","Meta_html":"http://cims.coastal.louisiana.gov/meta_docs/gis_refs/shoreline/BICM2/Shoreline_Metadata.html","COMMENTS":null,"SHAPE_Length":2045.9322446237186,"DSAS_DATE":"03/02/1998","DSAS_UNCER":null,"year":1998}},{"type":"Feature","id":14651,"geometry":{"type":"LineString","coordinates":[[-91.877545,29.753128],[-91.877832,29.752995],[-91.878279,29.752194],[-91.878634,29.752121],[-91.87895,29.752263],[-91.879127,29.752107],[-91.878617,29.751417],[-91.878489,29.750629],[-91.877935,29.750006]]},"properties":{"OBJECTID":14651,"PROGRAM":"STATE","PROJECT":"LOUISIANA BARRIER ISLAND COMPREHENSIVE MONITORING PROGRAM (BICM)","PROJ_ID":"LA-0226","PROD_DATE":"20160926","SHORE_TYPE":"MARSH","SRC_DATE":"19980302","SRC_DATA":"USGS DOQQ","SRC_RES":"1-m pixel","SRC_VECT":"APPLIED COASTAL/UNO","SRC_RAST":"c2909109.ses","DIG_NOTES":" ","REGION":"AB","CONTRACTOR":"APPLIED COASTAL","ORG":"COASTAL PROTECTION AND RESTORATION AUTHORITY OF LOUISIANA (CPRA)","SRC_REG":"USGS","DATAURL":"http://cims.coastal.louisiana.gov/meta_docs/gis_refs/shoreline/BICM2/LA-0226_SHORL_0000000000_1998011019980310_RAC0004.zip","Meta_xml":"http://cims.coastal.louisiana.gov/meta_docs/gis_refs/shoreline/BICM2/Shoreline_Metadata.xml","Meta_html":"http://cims.coastal.louisiana.gov/meta_docs/gis_refs/shoreline/BICM2/Shoreline_Metadata.html","COMMENTS":null,"SHAPE_Length":507.3014211092305,"DSAS_DATE":"03/02/1998","DSAS_UNCER":null,"year":1998}},{"type":"Feature","id":14652,"geometry":{"type":"LineString","coordinates":[[-91.824924,29.812506],[-91.824893,29.812642],[-91.824616,29.812671],[-91.824092,29.812506]]},"properties":{"OBJECTID":14652,"PROGRAM":"STATE","PROJECT":"LOUISIANA BARRIER ISLAND COMPREHENSIVE MONITORING PROGRAM (BICM)","PROJ_ID":"LA-0226","PROD_DATE":"20160926","SHORE_TYPE":"MARSH","SRC_DATE":"19980110","SRC_DATA":"USGS DOQQ","SRC_RES":"1-m pixel","SRC_VECT":"APPLIED COASTAL/UNO","SRC_RAST":"c2909110.nws","DIG_NOTES":" ","REGION":"AB","CONTRACTOR":"APPLIED COASTAL","ORG":"COASTAL PROTECTION AND RESTORATION AUTHORITY OF LOUISIANA (CPRA)","SRC_REG":"USGS","DATAURL":"http://cims.coastal.louisiana.gov/meta_docs/gis_refs/shoreline/BICM2/LA-0226_SHORL_0000000000_1998011019980310_RAC0004.zip","Meta_xml":"http://cims.coastal.louisiana.gov/meta_docs/gis_refs/shoreline/BICM2/Shoreline_Metadata.xml","Meta_html":"http://cims.coastal.louisiana.gov/meta_docs/gis_refs/shoreline/BICM2/Shoreline_Metadata.html","COMMENTS":null,"SHAPE_Length":99.751422414614,"DSAS_DATE":"01/10/1998","DSAS_UNCER":null,"year":1998}},{"type":"Feature","id":14653,"geometry":{"type":"LineString","coordinates":[[-91.822996,29.8134],[-91.822706,29.812506]]},"properties":{"OBJECTID":14653,"PROGRAM":"STATE","PROJECT":"LOUISIANA BARRIER ISLAND COMPREHENSIVE MONITORING PROGRAM (BICM)","PROJ_ID":"LA-0226","PROD_DATE":"20160926","SHORE_TYPE":"MARSH","SRC_DATE":"19980110","SRC_DATA":"USGS DOQQ","SRC_RES":"1-m pixel","SRC_VECT":"APPLIED COASTAL/UNO","SRC_RAST":"c2909110.nws","DIG_NOTES":" ","REGION":"AB","CONTRACTOR":"APPLIED COASTAL","ORG":"COASTAL PROTECTION AND RESTORATION AUTHORITY OF LOUISIANA (CPRA)","SRC_REG":"USGS","DATAURL":"http://cims.coastal.louisiana.gov/meta_docs/gis_refs/shoreline/BICM2/LA-0226_SHORL_0000000000_1998011019980310_RAC0004.zip","Meta_xml":"http://cims.coastal.louisiana.gov/meta_docs/gis_refs/shoreline/BICM2/Shoreline_Metadata.xml","Meta_html":"http://cims.coastal.louisiana.gov/meta_docs/gis_refs/shoreline/BICM2/Shoreline_Metadata.html","COMMENTS":null,"SHAPE_Length":107.34671469726186,"DSAS_DATE":"01/10/1998","DSAS_UNCER":null,"year":1998}},{"type":"Feature","id":14659,"geometry":{"type":"LineString","coordinates":[[-91.92645,29.625006],[-91.926286,29.625323],[-91.926161,29.627234],[-91.925766,29.62751],[-91.925846,29.627092],[-91.925736,29.626961]]},"properties":{"OBJECTID":14659,"PROGRAM":"STATE","PROJECT":"LOUISIANA BARRIER ISLAND COMPREHENSIVE MONITORING PROGRAM (BICM)","PROJ_ID":"LA-0226","PROD_DATE":"20160926","SHORE_TYPE":"MARSH","SRC_DATE":"19980302","SRC_DATA":"USGS DOQQ","SRC_RES":"1-m pixel","SRC_VECT":"APPLIED COASTAL/UNO","SRC_RAST":"c2909117.ses","DIG_NOTES":" ","REGION":"AB","CONTRACTOR":"APPLIED COASTAL","ORG":"COASTAL PROTECTION AND RESTORATION AUTHORITY OF LOUISIANA (CPRA)","SRC_REG":"USGS","DATAURL":"http://cims.coastal.louisiana.gov/meta_docs/gis_refs/shoreline/BICM2/LA-0226_SHORL_0000000000_1998011019980310_RAC0004.zip","Meta_xml":"http://cims.coastal.louisiana.gov/meta_docs/gis_refs/shoreline/BICM2/Shoreline_Metadata.xml","Meta_html":"http://cims.coastal.louisiana.gov/meta_docs/gis_refs/shoreline/BICM2/Shoreline_Metadata.html","COMMENTS":null,"SHAPE_Length":370.72283859568455,"DSAS_DATE":"03/02/1998","DSAS_UNCER":null,"year":1998}},{"type":"Feature","id":14660,"geometry":{"type":"LineString","coordinates":[[-91.879481,29.626879],[-91.879112,29.62694],[-91.879015,29.626762],[-91.879189,29.626105],[-91.8789,29.6257],[-91.879091,29.625544]]},"properties":{"OBJECTID":14660,"PROGRAM":"STATE","PROJECT":"LOUISIANA BARRIER ISLAND COMPREHENSIVE MONITORING PROGRAM (BICM)","PROJ_ID":"LA-0226","PROD_DATE":"20160926","SHORE_TYPE":"MARSH","SRC_DATE":"19980302","SRC_DATA":"USGS DOQQ","SRC_RES":"1-m pixel","SRC_VECT":"APPLIED COASTAL/UNO","SRC_RAST":"c2909117.ses","DIG_NOTES":" ","REGION":"AB","CONTRACTOR":"APPLIED COASTAL","ORG":"COASTAL PROTECTION AND RESTORATION AUTHORITY OF LOUISIANA (CPRA)","SRC_REG":"USGS","DATAURL":"http://cims.coastal.louisiana.gov/meta_docs/gis_refs/shoreline/BICM2/LA-0226_SHORL_0000000000_1998011019980310_RAC0004.zip","Meta_xml":"http://cims.coastal.louisiana.gov/meta_docs/gis_refs/shoreline/BICM2/Shoreline_Metadata.xml","Meta_html":"http://cims.coastal.louisiana.gov/meta_docs/gis_refs/shoreline/BICM2/Shoreline_Metadata.html","COMMENTS":null,"SHAPE_Length":215.1551925456419,"DSAS_DATE":"03/02/1998","DSAS_UNCER":null,"year":1998}},{"type":"Feature","id":14661,"geometry":{"type":"LineString","coordinates":[[-91.877523,29.625341],[-91.877772,29.625877],[-91.877706,29.626223],[-91.877229,29.626452],[-91.875453,29.626507],[-91.875006,29.627036]]},"properties":{"OBJECTID":14661,"PROGRAM":"STATE","PROJECT":"LOUISIANA BARRIER ISLAND COMPREHENSIVE MONITORING PROGRAM (BICM)","PROJ_ID":"LA-0226","PROD_DATE":"20160926","SHORE_TYPE":"MARSH","SRC_DATE":"19980302","SRC_DATA":"USGS DOQQ","SRC_RES":"1-m pixel","SRC_VECT":"APPLIED COASTAL/UNO","SRC_RAST":"c2909117.ses","DIG_NOTES":" ","REGION":"AB","CONTRACTOR":"APPLIED COASTAL","ORG":"COASTAL PROTECTION AND RESTORATION AUTHORITY OF LOUISIANA (CPRA)","SRC_REG":"USGS","DATAURL":"http://cims.coastal.louisiana.gov/meta_docs/gis_refs/shoreline/BICM2/LA-0226_SHORL_0000000000_1998011019980310_RAC0004.zip","Meta_xml":"http://cims.coastal.louisiana.gov/meta_docs/gis_refs/shoreline/BICM2/Shoreline_Metadata.xml","Meta_html":"http://cims.coastal.louisiana.gov/meta_docs/gis_refs/shoreline/BICM2/Shoreline_Metadata.html","COMMENTS":null,"SHAPE_Length":419.18056711102366,"DSAS_DATE":"03/02/1998","DSAS_UNCER":null,"year":1998}},{"type":"Feature","id":14667,"geometry":{"type":"LineString","coordinates":[[-91.863059,29.626117],[-91.86237,29.625542],[-91.861202,29.625006]]},"properties":{"OBJECTID":14667,"PROGRAM":"STATE","PROJECT":"LOUISIANA BARRIER ISLAND COMPREHENSIVE MONITORING PROGRAM (BICM)","PROJ_ID":"LA-0226","PROD_DATE":"20160926","SHORE_TYPE":"MARSH","SRC_DATE":"19980110","SRC_DATA":"USGS DOQQ","SRC_RES":"1-m pixel","SRC_VECT":"APPLIED COASTAL/UNO","SRC_RAST":"c2909118.sws","DIG_NOTES":" ","REGION":"AB","CONTRACTOR":"APPLIED COASTAL","ORG":"COASTAL PROTECTION AND RESTORATION AUTHORITY OF LOUISIANA (CPRA)","SRC_REG":"USGS","DATAURL":"http://cims.coastal.louisiana.gov/meta_docs/gis_refs/shoreline/BICM2/LA-0226_SHORL_0000000000_1998011019980310_RAC0004.zip","Meta_xml":"http://cims.coastal.louisiana.gov/meta_docs/gis_refs/shoreline/BICM2/Shoreline_Metadata.xml","Meta_html":"http://cims.coastal.louisiana.gov/meta_docs/gis_refs/shoreline/BICM2/Shoreline_Metadata.html","COMMENTS":null,"SHAPE_Length":227.51244495705035,"DSAS_DATE":"01/10/1998","DSAS_UNCER":null,"year":1998}},{"type":"Feature","id":14668,"geometry":{"type":"LineString","coordinates":[[-91.849362,29.625006],[-91.848971,29.625515],[-91.84907,29.625725],[-91.84894,29.62585],[-91.848753,29.625726],[-91.848927,29.625516],[-91.848763,29.625383]]},"properties":{"OBJECTID":14668,"PROGRAM":"STATE","PROJECT":"LOUISIANA BARRIER ISLAND COMPREHENSIVE MONITORING PROGRAM (BICM)","PROJ_ID":"LA-0226","PROD_DATE":"20160926","SHORE_TYPE":"MARSH","SRC_DATE":"19980110","SRC_DATA":"USGS DOQQ","SRC_RES":"1-m pixel","SRC_VECT":"APPLIED COASTAL/UNO","SRC_RAST":"c2909118.sws","DIG_NOTES":" ","REGION":"AB","CONTRACTOR":"APPLIED COASTAL","ORG":"COASTAL PROTECTION AND RESTORATION AUTHORITY OF LOUISIANA (CPRA)","SRC_REG":"USGS","DATAURL":"http://cims.coastal.louisiana.gov/meta_docs/gis_refs/shoreline/BICM2/LA-0226_SHORL_0000000000_1998011019980310_RAC0004.zip","Meta_xml":"http://cims.coastal.louisiana.gov/meta_docs/gis_refs/shoreline/BICM2/Shoreline_Metadata.xml","Meta_html":"http://cims.coastal.louisiana.gov/meta_docs/gis_refs/shoreline/BICM2/Shoreline_Metadata.html","COMMENTS":null,"SHAPE_Length":191.48982146812187,"DSAS_DATE":"01/10/1998","DSAS_UNCER":null,"year":1998}},{"type":"Feature","id":14669,"geometry":{"type":"LineString","coordinates":[[-91.846966,29.628837],[-91.847163,29.628874],[-91.846848,29.629152],[-91.847262,29.628912],[-91.847929,29.628976],[-91.848135,29.628698],[-91.848147,29.628985],[-91.848418,29.628535],[-91.848405,29.628105],[-91.849603,29.62937],[-91.849343,29.629801],[-91.848476,29.629174],[-91.847437,29.629083],[-91.846226,29.629479],[-91.845743,29.629023],[-91.845316,29.628862],[-91.84477,29.62895],[-91.844397,29.628703],[-91.843128,29.62847],[-91.842755,29.628156],[-91.84262,29.627364],[-91.842411,29.627078],[-91.841884,29.626756],[-91.841543,29.626232],[-91.841226,29.626138],[-91.841125,29.625699],[-91.841265,29.625288],[-91.841142,29.625006]]},"properties":{"OBJECTID":14669,"PROGRAM":"STATE","PROJECT":"LOUISIANA BARRIER ISLAND COMPREHENSIVE MONITORING PROGRAM (BICM)","PROJ_ID":"LA-0226","PROD_DATE":"20160926","SHORE_TYPE":"MARSH","SRC_DATE":"19980110","SRC_DATA":"USGS DOQQ","SRC_RES":"1-m pixel","SRC_VECT":"APPLIED COASTAL/UNO","SRC_RAST":"c2909118.sws","DIG_NOTES":" ","REGION":"AB","CONTRACTOR":"APPLIED COASTAL","ORG":"COASTAL PROTECTION AND RESTORATION AUTHORITY OF LOUISIANA (CPRA)","SRC_REG":"USGS","DATAURL":"http://cims.coastal.louisiana.gov/meta_docs/gis_refs/shoreline/BICM2/LA-0226_SHORL_0000000000_1998011019980310_RAC0004.zip","Meta_xml":"http://cims.coastal.louisiana.gov/meta_docs/gis_refs/shoreline/BICM2/Shoreline_Metadata.xml","Meta_html":"http://cims.coastal.louisiana.gov/meta_docs/gis_refs/shoreline/BICM2/Shoreline_Metadata.html","COMMENTS":null,"SHAPE_Length":1825.974173365214,"DSAS_DATE":"01/10/1998","DSAS_UNCER":null,"year":1998}},{"type":"Feature","id":14675,"geometry":{"type":"LineString","coordinates":[[-91.812506,29.595731],[-91.811826,29.595643],[-91.811458,29.595799],[-91.809819,29.595625],[-91.809614,29.595842],[-91.809576,29.59645]]},"properties":{"OBJECTID":14675,"PROGRAM":"STATE","PROJECT":"LOUISIANA BARRIER ISLAND COMPREHENSIVE MONITORING PROGRAM (BICM)","PROJ_ID":"LA-0226","PROD_DATE":"20160926","SHORE_TYPE":"MARSH","SRC_DATE":"19980110","SRC_DATA":"USGS DOQQ","SRC_RES":"1-m pixel","SRC_VECT":"APPLIED COASTAL/UNO","SRC_RAST":"c2909126.nes","DIG_NOTES":" ","REGION":"AB","CONTRACTOR":"APPLIED COASTAL","ORG":"COASTAL PROTECTION AND RESTORATION AUTHORITY OF LOUISIANA (CPRA)","SRC_REG":"USGS","DATAURL":"http://cims.coastal.louisiana.gov/meta_docs/gis_refs/shoreline/BICM2/LA-0226_SHORL_0000000000_1998011019980310_RAC0004.zip","Meta_xml":"http://cims.coastal.louisiana.gov/meta_docs/gis_refs/shoreline/BICM2/Shoreline_Metadata.xml","Meta_html":"http://cims.coastal.louisiana.gov/meta_docs/gis_refs/shoreline/BICM2/Shoreline_Metadata.html","COMMENTS":null,"SHAPE_Length":374.14213072351066,"DSAS_DATE":"01/10/1998","DSAS_UNCER":null,"year":1998}},{"type":"Feature","id":14676,"geometry":{"type":"LineString","coordinates":[[-91.812506,29.601451],[-91.81219,29.601249],[-91.811521,29.601216],[-91.811178,29.600979],[-91.810605,29.601088],[-91.810167,29.600887],[-91.810014,29.600279],[-91.80952,29.599887],[-91.808977,29.5997],[-91.806455,29.599971],[-91.806183,29.600087],[-91.806021,29.600441],[-91.805911,29.600336],[-91.806168,29.599247],[-91.80588,29.598512],[-91.806387,29.59704],[-91.806973,29.596265],[-91.80701,29.594842],[-91.806425,29.593469],[-91.804413,29.590784],[-91.804377,29.590249],[-91.804896,29.589082],[-91.804541,29.587775],[-91.803969,29.587033],[-91.803993,29.585218],[-91.804121,29.584588],[-91.804415,29.584243],[-91.804622,29.584242],[-91.805294,29.585424],[-91.80649,29.586517],[-91.806569,29.586928],[-91.80635,29.586957],[-91.806362,29.587244]]},"properties":{"OBJECTID":14676,"PROGRAM":"STATE","PROJECT":"LOUISIANA BARRIER ISLAND COMPREHENSIVE MONITORING PROGRAM (BICM)","PROJ_ID":"LA-0226","PROD_DATE":"20160926","SHORE_TYPE":"MARSH","SRC_DATE":"19980110","SRC_DATA":"USGS DOQQ","SRC_RES":"1-m pixel","SRC_VECT":"APPLIED COASTAL/UNO","SRC_RAST":"c2909126.nes","DIG_NOTES":" ","REGION":"AB","CONTRACTOR":"APPLIED COASTAL","ORG":"COASTAL PROTECTION AND RESTORATION AUTHORITY OF LOUISIANA (CPRA)","SRC_REG":"USGS","DATAURL":"http://cims.coastal.louisiana.gov/meta_docs/gis_refs/shoreline/BICM2/LA-0226_SHORL_0000000000_1998011019980310_RAC0004.zip","Meta_xml":"http://cims.coastal.louisiana.gov/meta_docs/gis_refs/shoreline/BICM2/Shoreline_Metadata.xml","Meta_html":"http://cims.coastal.louisiana.gov/meta_docs/gis_refs/shoreline/BICM2/Shoreline_Metadata.html","COMMENTS":null,"SHAPE_Length":3254.250184981281,"DSAS_DATE":"01/10/1998","DSAS_UNCER":null,"year":1998}},{"type":"Feature","id":14677,"geometry":{"type":"LineString","coordinates":[[-91.806374,29.587301],[-91.806526,29.587186],[-91.806988,29.587795],[-91.807099,29.588205],[-91.807058,29.58875],[-91.806862,29.588903],[-91.806556,29.588809]]},"properties":{"OBJECTID":14677,"PROGRAM":"STATE","PROJECT":"LOUISIANA BARRIER ISLAND COMPREHENSIVE MONITORING PROGRAM (BICM)","PROJ_ID":"LA-0226","PROD_DATE":"20160926","SHORE_TYPE":"MARSH","SRC_DATE":"19980110","SRC_DATA":"USGS DOQQ","SRC_RES":"1-m pixel","SRC_VECT":"APPLIED COASTAL/UNO","SRC_RAST":"c2909126.nes","DIG_NOTES":" ","REGION":"AB","CONTRACTOR":"APPLIED COASTAL","ORG":"COASTAL PROTECTION AND RESTORATION AUTHORITY OF LOUISIANA (CPRA)","SRC_REG":"USGS","DATAURL":"http://cims.coastal.louisiana.gov/meta_docs/gis_refs/shoreline/BICM2/LA-0226_SHORL_0000000000_1998011019980310_RAC0004.zip","Meta_xml":"http://cims.coastal.louisiana.gov/meta_docs/gis_refs/shoreline/BICM2/Shoreline_Metadata.xml","Meta_html":"http://cims.coastal.louisiana.gov/meta_docs/gis_refs/shoreline/BICM2/Shoreline_Metadata.html","COMMENTS":null,"SHAPE_Length":282.41261148024347,"DSAS_DATE":"01/10/1998","DSAS_UNCER":null,"year":1998}},{"type":"Feature","id":14678,"geometry":{"type":"LineString","coordinates":[[-91.809476,29.59638],[-91.809474,29.59594],[-91.809211,29.595836],[-91.80946,29.595492],[-91.807918,29.594963],[-91.807347,29.594516],[-91.806632,29.593525],[-91.806694,29.592761],[-91.806288,29.592285],[-91.806386,29.592199],[-91.806077,29.591656],[-91.806263,29.591569],[-91.806119,29.591131],[-91.806294,29.591168],[-91.806302,29.590548],[-91.806595,29.590279],[-91.80705,29.58939],[-91.806941,29.58939],[-91.806961,29.589122],[-91.806567,29.588847]]},"properties":{"OBJECTID":14678,"PROGRAM":"STATE","PROJECT":"LOUISIANA BARRIER ISLAND COMPREHENSIVE MONITORING PROGRAM (BICM)","PROJ_ID":"LA-0226","PROD_DATE":"20160926","SHORE_TYPE":"MARSH","SRC_DATE":"19980110","SRC_DATA":"USGS DOQQ","SRC_RES":"1-m pixel","SRC_VECT":"APPLIED COASTAL/UNO","SRC_RAST":"c2909126.nes","DIG_NOTES":" ","REGION":"AB","CONTRACTOR":"APPLIED COASTAL","ORG":"COASTAL PROTECTION AND RESTORATION AUTHORITY OF LOUISIANA (CPRA)","SRC_REG":"USGS","DATAURL":"http://cims.coastal.louisiana.gov/meta_docs/gis_refs/shoreline/BICM2/LA-0226_SHORL_0000000000_1998011019980310_RAC0004.zip","Meta_xml":"http://cims.coastal.louisiana.gov/meta_docs/gis_refs/shoreline/BICM2/Shoreline_Metadata.xml","Meta_html":"http://cims.coastal.louisiana.gov/meta_docs/gis_refs/shoreline/BICM2/Shoreline_Metadata.html","COMMENTS":null,"SHAPE_Length":1180.6206590655538,"DSAS_DATE":"01/10/1998","DSAS_UNCER":null,"year":1998}},{"type":"Feature","id":14679,"geometry":{"type":"LineString","coordinates":[[-91.777479,29.579806],[-91.777356,29.579807],[-91.776995,29.578499],[-91.776857,29.578678],[-91.77668,29.578366],[-91.776117,29.576674],[-91.776248,29.575358],[-91.776101,29.574565],[-91.775856,29.57384],[-91.775313,29.572963],[-91.775653,29.571694],[-91.775414,29.571077],[-91.77571,29.570265],[-91.7755,29.569618],[-91.775622,29.56892],[-91.775406,29.567854],[-91.774583,29.567153],[-91.77278,29.566765],[-91.770349,29.566678],[-91.769655,29.567289],[-91.769317,29.566588]]},"properties":{"OBJECTID":14679,"PROGRAM":"STATE","PROJECT":"LOUISIANA BARRIER ISLAND COMPREHENSIVE MONITORING PROGRAM (BICM)","PROJ_ID":"LA-0226","PROD_DATE":"20160926","SHORE_TYPE":"MARSH","SRC_DATE":"19980110","SRC_DATA":"USGS DOQQ","SRC_RES":"1-m pixel","SRC_VECT":"APPLIED COASTAL/UNO","SRC_RAST":"c2909126.nes","DIG_NOTES":" ","REGION":"AB","CONTRACTOR":"APPLIED COASTAL","ORG":"COASTAL PROTECTION AND RESTORATION AUTHORITY OF LOUISIANA (CPRA)","SRC_REG":"USGS","DATAURL":"http://cims.coastal.louisiana.gov/meta_docs/gis_refs/shoreline/BICM2/LA-0226_SHORL_0000000000_1998011019980310_RAC0004.zip","Meta_xml":"http://cims.coastal.louisiana.gov/meta_docs/gis_refs/shoreline/BICM2/Shoreline_Metadata.xml","Meta_html":"http://cims.coastal.louisiana.gov/meta_docs/gis_refs/shoreline/BICM2/Shoreline_Metadata.html","COMMENTS":null,"SHAPE_Length":2160.526113886803,"DSAS_DATE":"01/10/1998","DSAS_UNCER":null,"year":1998}},{"type":"Feature","id":14680,"geometry":{"type":"LineString","coordinates":[[-91.800169,29.58545],[-91.801307,29.58658],[-91.801377,29.586914],[-91.80198,29.587341],[-91.801927,29.587604],[-91.802733,29.587733],[-91.802967,29.588161],[-91.80282,29.588747],[-91.80151,29.589098],[-91.800198,29.588804],[-91.798873,29.588749],[-91.798218,29.588894],[-91.797275,29.588695],[-91.795609,29.588629],[-91.794722,29.588752],[-91.794164,29.589159],[-91.793631,29.589209],[-91.793807,29.588767]]},"properties":{"OBJECTID":14680,"PROGRAM":"STATE","PROJECT":"LOUISIANA BARRIER ISLAND COMPREHENSIVE MONITORING PROGRAM (BICM)","PROJ_ID":"LA-0226","PROD_DATE":"20160926","SHORE_TYPE":"MARSH","SRC_DATE":"19980110","SRC_DATA":"USGS DOQQ","SRC_RES":"1-m pixel","SRC_VECT":"APPLIED COASTAL/UNO","SRC_RAST":"c2909126.nes","DIG_NOTES":" ","REGION":"AB","CONTRACTOR":"APPLIED COASTAL","ORG":"COASTAL PROTECTION AND RESTORATION AUTHORITY OF LOUISIANA (CPRA)","SRC_REG":"USGS","DATAURL":"http://cims.coastal.louisiana.gov/meta_docs/gis_refs/shoreline/BICM2/LA-0226_SHORL_0000000000_1998011019980310_RAC0004.zip","Meta_xml":"http://cims.coastal.louisiana.gov/meta_docs/gis_refs/shoreline/BICM2/Shoreline_Metadata.xml","Meta_html":"http://cims.coastal.louisiana.gov/meta_docs/gis_refs/shoreline/BICM2/Shoreline_Metadata.html","COMMENTS":null,"SHAPE_Length":1514.1745064113325,"DSAS_DATE":"01/10/1998","DSAS_UNCER":null,"year":1998}},{"type":"Feature","id":14681,"geometry":{"type":"LineString","coordinates":[[-91.793739,29.588779],[-91.793658,29.589054],[-91.793385,29.589079],[-91.792991,29.589498]]},"properties":{"OBJECTID":14681,"PROGRAM":"STATE","PROJECT":"LOUISIANA BARRIER ISLAND COMPREHENSIVE MONITORING PROGRAM (BICM)","PROJ_ID":"LA-0226","PROD_DATE":"20160926","SHORE_TYPE":"MARSH","SRC_DATE":"19980110","SRC_DATA":"USGS DOQQ","SRC_RES":"1-m pixel","SRC_VECT":"APPLIED COASTAL/UNO","SRC_RAST":"c2909126.nes","DIG_NOTES":" ","REGION":"AB","CONTRACTOR":"APPLIED COASTAL","ORG":"COASTAL PROTECTION AND RESTORATION AUTHORITY OF LOUISIANA (CPRA)","SRC_REG":"USGS","DATAURL":"http://cims.coastal.louisiana.gov/meta_docs/gis_refs/shoreline/BICM2/LA-0226_SHORL_0000000000_1998011019980310_RAC0004.zip","Meta_xml":"http://cims.coastal.louisiana.gov/meta_docs/gis_refs/shoreline/BICM2/Shoreline_Metadata.xml","Meta_html":"http://cims.coastal.louisiana.gov/meta_docs/gis_refs/shoreline/BICM2/Shoreline_Metadata.html","COMMENTS":null,"SHAPE_Length":123.36492533040804,"DSAS_DATE":"01/10/1998","DSAS_UNCER":null,"year":1998}},{"type":"Feature","id":14682,"geometry":{"type":"LineString","coordinates":[[-91.793127,29.589485],[-91.793386,29.589305],[-91.793606,29.589579],[-91.793525,29.58989],[-91.793171,29.590106],[-91.793472,29.590069],[-91.793554,29.590224],[-91.793311,29.590738],[-91.792764,29.590656],[-91.791209,29.591008],[-91.790635,29.590902],[-91.790456,29.59064],[-91.790481,29.590115],[-91.790862,29.589804],[-91.791204,29.589934]]},"properties":{"OBJECTID":14682,"PROGRAM":"STATE","PROJECT":"LOUISIANA BARRIER ISLAND COMPREHENSIVE MONITORING PROGRAM (BICM)","PROJ_ID":"LA-0226","PROD_DATE":"20160926","SHORE_TYPE":"MARSH","SRC_DATE":"19980110","SRC_DATA":"USGS DOQQ","SRC_RES":"1-m pixel","SRC_VECT":"APPLIED COASTAL/UNO","SRC_RAST":"c2909126.nes","DIG_NOTES":" ","REGION":"AB","CONTRACTOR":"APPLIED COASTAL","ORG":"COASTAL PROTECTION AND RESTORATION AUTHORITY OF LOUISIANA (CPRA)","SRC_REG":"USGS","DATAURL":"http://cims.coastal.louisiana.gov/meta_docs/gis_refs/shoreline/BICM2/LA-0226_SHORL_0000000000_1998011019980310_RAC0004.zip","Meta_xml":"http://cims.coastal.louisiana.gov/meta_docs/gis_refs/shoreline/BICM2/Shoreline_Metadata.xml","Meta_html":"http://cims.coastal.louisiana.gov/meta_docs/gis_refs/shoreline/BICM2/Shoreline_Metadata.html","COMMENTS":null,"SHAPE_Length":737.9780005610288,"DSAS_DATE":"01/10/1998","DSAS_UNCER":null,"year":1998}},{"type":"Feature","id":14683,"geometry":{"type":"LineString","coordinates":[[-91.791108,29.589755],[-91.790752,29.589577],[-91.790603,29.589876],[-91.790098,29.590033]]},"properties":{"OBJECTID":14683,"PROGRAM":"STATE","PROJECT":"LOUISIANA BARRIER ISLAND COMPREHENSIVE MONITORING PROGRAM (BICM)","PROJ_ID":"LA-0226","PROD_DATE":"20160926","SHORE_TYPE":"MARSH","SRC_DATE":"19980110","SRC_DATA":"USGS DOQQ","SRC_RES":"1-m pixel","SRC_VECT":"APPLIED COASTAL/UNO","SRC_RAST":"c2909126.nes","DIG_NOTES":" ","REGION":"AB","CONTRACTOR":"APPLIED COASTAL","ORG":"COASTAL PROTECTION AND RESTORATION AUTHORITY OF LOUISIANA (CPRA)","SRC_REG":"USGS","DATAURL":"http://cims.coastal.louisiana.gov/meta_docs/gis_refs/shoreline/BICM2/LA-0226_SHORL_0000000000_1998011019980310_RAC0004.zip","Meta_xml":"http://cims.coastal.louisiana.gov/meta_docs/gis_refs/shoreline/BICM2/Shoreline_Metadata.xml","Meta_html":"http://cims.coastal.louisiana.gov/meta_docs/gis_refs/shoreline/BICM2/Shoreline_Metadata.html","COMMENTS":null,"SHAPE_Length":130.74872924526198,"DSAS_DATE":"01/10/1998","DSAS_UNCER":null,"year":1998}},{"type":"Feature","id":14684,"geometry":{"type":"LineString","coordinates":[[-91.790112,29.590069],[-91.79025,29.590402],[-91.789486,29.590572],[-91.788083,29.591341],[-91.787797,29.591545],[-91.78769,29.592011],[-91.787486,29.592202],[-91.7862,29.59167],[-91.786075,29.591097]]},"properties":{"OBJECTID":14684,"PROGRAM":"STATE","PROJECT":"LOUISIANA BARRIER ISLAND COMPREHENSIVE MONITORING PROGRAM (BICM)","PROJ_ID":"LA-0226","PROD_DATE":"20160926","SHORE_TYPE":"MARSH","SRC_DATE":"19980110","SRC_DATA":"USGS DOQQ","SRC_RES":"1-m pixel","SRC_VECT":"APPLIED COASTAL/UNO","SRC_RAST":"c2909126.nes","DIG_NOTES":" ","REGION":"AB","CONTRACTOR":"APPLIED COASTAL","ORG":"COASTAL PROTECTION AND RESTORATION AUTHORITY OF LOUISIANA (CPRA)","SRC_REG":"USGS","DATAURL":"http://cims.coastal.louisiana.gov/meta_docs/gis_refs/shoreline/BICM2/LA-0226_SHORL_0000000000_1998011019980310_RAC0004.zip","Meta_xml":"http://cims.coastal.louisiana.gov/meta_docs/gis_refs/shoreline/BICM2/Shoreline_Metadata.xml","Meta_html":"http://cims.coastal.louisiana.gov/meta_docs/gis_refs/shoreline/BICM2/Shoreline_Metadata.html","COMMENTS":null,"SHAPE_Length":612.2104823481353,"DSAS_DATE":"01/10/1998","DSAS_UNCER":null,"year":1998}},{"type":"Feature","id":14685,"geometry":{"type":"LineString","coordinates":[[-91.790444,29.590951],[-91.790252,29.590749],[-91.790308,29.591035],[-91.790444,29.590951]]},"properties":{"OBJECTID":14685,"PROGRAM":"STATE","PROJECT":"LOUISIANA BARRIER ISLAND COMPREHENSIVE MONITORING PROGRAM (BICM)","PROJ_ID":"LA-0226","PROD_DATE":"20160926","SHORE_TYPE":"MARSH","SRC_DATE":"19980110","SRC_DATA":"USGS DOQQ","SRC_RES":"1-m pixel","SRC_VECT":"APPLIED COASTAL/UNO","SRC_RAST":"c2909126.nes","DIG_NOTES":" ","REGION":"AB","CONTRACTOR":"APPLIED COASTAL","ORG":"COASTAL PROTECTION AND RESTORATION AUTHORITY OF LOUISIANA (CPRA)","SRC_REG":"USGS","DATAURL":"http://cims.coastal.louisiana.gov/meta_docs/gis_refs/shoreline/BICM2/LA-0226_SHORL_0000000000_1998011019980310_RAC0004.zip","Meta_xml":"http://cims.coastal.louisiana.gov/meta_docs/gis_refs/shoreline/BICM2/Shoreline_Metadata.xml","Meta_html":"http://cims.coastal.louisiana.gov/meta_docs/gis_refs/shoreline/BICM2/Shoreline_Metadata.html","COMMENTS":null,"SHAPE_Length":89.81677681335097,"DSAS_DATE":"01/10/1998","DSAS_UNCER":null,"year":1998}},{"type":"Feature","id":14686,"geometry":{"type":"LineString","coordinates":[[-91.783203,29.596227],[-91.782941,29.595834],[-91.783104,29.595512],[-91.782652,29.595275],[-91.783044,29.594378],[-91.783279,29.594914],[-91.783061,29.595058],[-91.783267,29.59532],[-91.783131,29.595428],[-91.783473,29.595666],[-91.783203,29.596227]]},"properties":{"OBJECTID":14686,"PROGRAM":"STATE","PROJECT":"LOUISIANA BARRIER ISLAND COMPREHENSIVE MONITORING PROGRAM (BICM)","PROJ_ID":"LA-0226","PROD_DATE":"20160926","SHORE_TYPE":"MARSH","SRC_DATE":"19980110","SRC_DATA":"USGS DOQQ","SRC_RES":"1-m pixel","SRC_VECT":"APPLIED COASTAL/UNO","SRC_RAST":"c2909126.nes","DIG_NOTES":" ","REGION":"AB","CONTRACTOR":"APPLIED COASTAL","ORG":"COASTAL PROTECTION AND RESTORATION AUTHORITY OF LOUISIANA (CPRA)","SRC_REG":"USGS","DATAURL":"http://cims.coastal.louisiana.gov/meta_docs/gis_refs/shoreline/BICM2/LA-0226_SHORL_0000000000_1998011019980310_RAC0004.zip","Meta_xml":"http://cims.coastal.louisiana.gov/meta_docs/gis_refs/shoreline/BICM2/Shoreline_Metadata.xml","Meta_html":"http://cims.coastal.louisiana.gov/meta_docs/gis_refs/shoreline/BICM2/Shoreline_Metadata.html","COMMENTS":null,"SHAPE_Length":526.3011772050397,"DSAS_DATE":"01/10/1998","DSAS_UNCER":null,"year":1998}},{"type":"Feature","id":14687,"geometry":{"type":"LineString","coordinates":[[-91.785979,29.59111],[-91.786105,29.591754],[-91.787268,29.592358],[-91.78664,29.592337],[-91.786232,29.592756],[-91.786068,29.592721],[-91.78558,29.593438],[-91.785063,29.593786],[-91.78453,29.593884],[-91.784474,29.593597],[-91.784299,29.59398],[-91.783971,29.594017],[-91.783396,29.593601],[-91.783449,29.59329],[-91.783993,29.59274],[-91.783851,29.591594],[-91.782643,29.59019],[-91.782367,29.589582],[-91.782892,29.588931]]},"properties":{"OBJECTID":14687,"PROGRAM":"STATE","PROJECT":"LOUISIANA BARRIER ISLAND COMPREHENSIVE MONITORING PROGRAM (BICM)","PROJ_ID":"LA-0226","PROD_DATE":"20160926","SHORE_TYPE":"MARSH","SRC_DATE":"19980110","SRC_DATA":"USGS DOQQ","SRC_RES":"1-m pixel","SRC_VECT":"APPLIED COASTAL/UNO","SRC_RAST":"c2909126.nes","DIG_NOTES":" ","REGION":"AB","CONTRACTOR":"APPLIED COASTAL","ORG":"COASTAL PROTECTION AND RESTORATION AUTHORITY OF LOUISIANA (CPRA)","SRC_REG":"USGS","DATAURL":"http://cims.coastal.louisiana.gov/meta_docs/gis_refs/shoreline/BICM2/LA-0226_SHORL_0000000000_1998011019980310_RAC0004.zip","Meta_xml":"http://cims.coastal.louisiana.gov/meta_docs/gis_refs/shoreline/BICM2/Shoreline_Metadata.xml","Meta_html":"http://cims.coastal.louisiana.gov/meta_docs/gis_refs/shoreline/BICM2/Shoreline_Metadata.html","COMMENTS":null,"SHAPE_Length":1386.3532772915964,"DSAS_DATE":"01/10/1998","DSAS_UNCER":null,"year":1998}},{"type":"Feature","id":14688,"geometry":{"type":"LineString","coordinates":[[-91.784176,29.594123],[-91.783712,29.594089],[-91.784054,29.594219],[-91.784176,29.594123]]},"properties":{"OBJECTID":14688,"PROGRAM":"STATE","PROJECT":"LOUISIANA BARRIER ISLAND COMPREHENSIVE MONITORING PROGRAM (BICM)","PROJ_ID":"LA-0226","PROD_DATE":"20160926","SHORE_TYPE":"MARSH","SRC_DATE":"19980110","SRC_DATA":"USGS DOQQ","SRC_RES":"1-m pixel","SRC_VECT":"APPLIED COASTAL/UNO","SRC_RAST":"c2909126.nes","DIG_NOTES":" ","REGION":"AB","CONTRACTOR":"APPLIED COASTAL","ORG":"COASTAL PROTECTION AND RESTORATION AUTHORITY OF LOUISIANA (CPRA)","SRC_REG":"USGS","DATAURL":"http://cims.coastal.louisiana.gov/meta_docs/gis_refs/shoreline/BICM2/LA-0226_SHORL_0000000000_1998011019980310_RAC0004.zip","Meta_xml":"http://cims.coastal.louisiana.gov/meta_docs/gis_refs/shoreline/BICM2/Shoreline_Metadata.xml","Meta_html":"http://cims.coastal.louisiana.gov/meta_docs/gis_refs/shoreline/BICM2/Shoreline_Metadata.html","COMMENTS":null,"SHAPE_Length":106.06878193202891,"DSAS_DATE":"01/10/1998","DSAS_UNCER":null,"year":1998}},{"type":"Feature","id":14689,"geometry":{"type":"LineString","coordinates":[[-91.782528,29.589009],[-91.782067,29.589691],[-91.782191,29.589989],[-91.782057,29.590586],[-91.779809,29.588696],[-91.778825,29.588329],[-91.777664,29.588345],[-91.777335,29.588072],[-91.777731,29.588094]]},"properties":{"OBJECTID":14689,"PROGRAM":"STATE","PROJECT":"LOUISIANA BARRIER ISLAND COMPREHENSIVE MONITORING PROGRAM (BICM)","PROJ_ID":"LA-0226","PROD_DATE":"20160926","SHORE_TYPE":"MARSH","SRC_DATE":"19980110","SRC_DATA":"USGS DOQQ","SRC_RES":"1-m pixel","SRC_VECT":"APPLIED COASTAL/UNO","SRC_RAST":"c2909126.nes","DIG_NOTES":" ","REGION":"AB","CONTRACTOR":"APPLIED COASTAL","ORG":"COASTAL PROTECTION AND RESTORATION AUTHORITY OF LOUISIANA (CPRA)","SRC_REG":"USGS","DATAURL":"http://cims.coastal.louisiana.gov/meta_docs/gis_refs/shoreline/BICM2/LA-0226_SHORL_0000000000_1998011019980310_RAC0004.zip","Meta_xml":"http://cims.coastal.louisiana.gov/meta_docs/gis_refs/shoreline/BICM2/Shoreline_Metadata.xml","Meta_html":"http://cims.coastal.louisiana.gov/meta_docs/gis_refs/shoreline/BICM2/Shoreline_Metadata.html","COMMENTS":null,"SHAPE_Length":831.8944406090325,"DSAS_DATE":"01/10/1998","DSAS_UNCER":null,"year":1998}},{"type":"Feature","id":14690,"geometry":{"type":"LineString","coordinates":[[-91.777649,29.587951],[-91.777581,29.588059],[-91.776965,29.587751]]},"properties":{"OBJECTID":14690,"PROGRAM":"STATE","PROJECT":"LOUISIANA BARRIER ISLAND COMPREHENSIVE MONITORING PROGRAM (BICM)","PROJ_ID":"LA-0226","PROD_DATE":"20160926","SHORE_TYPE":"MARSH","SRC_DATE":"19980110","SRC_DATA":"USGS DOQQ","SRC_RES":"1-m pixel","SRC_VECT":"APPLIED COASTAL/UNO","SRC_RAST":"c2909126.nes","DIG_NOTES":" ","REGION":"AB","CONTRACTOR":"APPLIED COASTAL","ORG":"COASTAL PROTECTION AND RESTORATION AUTHORITY OF LOUISIANA (CPRA)","SRC_REG":"USGS","DATAURL":"http://cims.coastal.louisiana.gov/meta_docs/gis_refs/shoreline/BICM2/LA-0226_SHORL_0000000000_1998011019980310_RAC0004.zip","Meta_xml":"http://cims.coastal.louisiana.gov/meta_docs/gis_refs/shoreline/BICM2/Shoreline_Metadata.xml","Meta_html":"http://cims.coastal.louisiana.gov/meta_docs/gis_refs/shoreline/BICM2/Shoreline_Metadata.html","COMMENTS":null,"SHAPE_Length":91.00875903492529,"DSAS_DATE":"01/10/1998","DSAS_UNCER":null,"year":1998}},{"type":"Feature","id":14691,"geometry":{"type":"LineString","coordinates":[[-91.776924,29.58781],[-91.776734,29.588002],[-91.77601,29.587897],[-91.775751,29.588053],[-91.775654,29.587815],[-91.775773,29.586871]]},"properties":{"OBJECTID":14691,"PROGRAM":"STATE","PROJECT":"LOUISIANA BARRIER ISLAND COMPREHENSIVE MONITORING PROGRAM (BICM)","PROJ_ID":"LA-0226","PROD_DATE":"20160926","SHORE_TYPE":"MARSH","SRC_DATE":"19980110","SRC_DATA":"USGS DOQQ","SRC_RES":"1-m pixel","SRC_VECT":"APPLIED COASTAL/UNO","SRC_RAST":"c2909126.nes","DIG_NOTES":" ","REGION":"AB","CONTRACTOR":"APPLIED COASTAL","ORG":"COASTAL PROTECTION AND RESTORATION AUTHORITY OF LOUISIANA (CPRA)","SRC_REG":"USGS","DATAURL":"http://cims.coastal.louisiana.gov/meta_docs/gis_refs/shoreline/BICM2/LA-0226_SHORL_0000000000_1998011019980310_RAC0004.zip","Meta_xml":"http://cims.coastal.louisiana.gov/meta_docs/gis_refs/shoreline/BICM2/Shoreline_Metadata.xml","Meta_html":"http://cims.coastal.louisiana.gov/meta_docs/gis_refs/shoreline/BICM2/Shoreline_Metadata.html","COMMENTS":null,"SHAPE_Length":276.25956707475694,"DSAS_DATE":"01/10/1998","DSAS_UNCER":null,"year":1998}},{"type":"Feature","id":14692,"geometry":{"type":"LineString","coordinates":[[-91.775677,29.586872],[-91.775477,29.587959],[-91.775902,29.588327],[-91.775726,29.588543],[-91.774975,29.588641],[-91.77495,29.589118],[-91.774716,29.588749],[-91.774783,29.588379],[-91.774027,29.587391],[-91.773888,29.58683],[-91.774036,29.586161],[-91.774361,29.585587],[-91.775178,29.585012],[-91.776306,29.583826],[-91.778232,29.584082],[-91.778806,29.584247],[-91.778917,29.584474],[-91.779162,29.584401],[-91.780188,29.584732]]},"properties":{"OBJECTID":14692,"PROGRAM":"STATE","PROJECT":"LOUISIANA BARRIER ISLAND COMPREHENSIVE MONITORING PROGRAM (BICM)","PROJ_ID":"LA-0226","PROD_DATE":"20160926","SHORE_TYPE":"MARSH","SRC_DATE":"19980110","SRC_DATA":"USGS DOQQ","SRC_RES":"1-m pixel","SRC_VECT":"APPLIED COASTAL/UNO","SRC_RAST":"c2909126.nes","DIG_NOTES":" ","REGION":"AB","CONTRACTOR":"APPLIED COASTAL","ORG":"COASTAL PROTECTION AND RESTORATION AUTHORITY OF LOUISIANA (CPRA)","SRC_REG":"USGS","DATAURL":"http://cims.coastal.louisiana.gov/meta_docs/gis_refs/shoreline/BICM2/LA-0226_SHORL_0000000000_1998011019980310_RAC0004.zip","Meta_xml":"http://cims.coastal.louisiana.gov/meta_docs/gis_refs/shoreline/BICM2/Shoreline_Metadata.xml","Meta_html":"http://cims.coastal.louisiana.gov/meta_docs/gis_refs/shoreline/BICM2/Shoreline_Metadata.html","COMMENTS":null,"SHAPE_Length":1483.2886005147734,"DSAS_DATE":"01/10/1998","DSAS_UNCER":null,"year":1998}},{"type":"Feature","id":14693,"geometry":{"type":"LineString","coordinates":[[-91.78031,29.584493],[-91.777178,29.583561],[-91.776626,29.582893]]},"properties":{"OBJECTID":14693,"PROGRAM":"STATE","PROJECT":"LOUISIANA BARRIER ISLAND COMPREHENSIVE MONITORING PROGRAM (BICM)","PROJ_ID":"LA-0226","PROD_DATE":"20160926","SHORE_TYPE":"MARSH","SRC_DATE":"19980110","SRC_DATA":"USGS DOQQ","SRC_RES":"1-m pixel","SRC_VECT":"APPLIED COASTAL/UNO","SRC_RAST":"c2909126.nes","DIG_NOTES":" ","REGION":"AB","CONTRACTOR":"APPLIED COASTAL","ORG":"COASTAL PROTECTION AND RESTORATION AUTHORITY OF LOUISIANA (CPRA)","SRC_REG":"USGS","DATAURL":"http://cims.coastal.louisiana.gov/meta_docs/gis_refs/shoreline/BICM2/LA-0226_SHORL_0000000000_1998011019980310_RAC0004.zip","Meta_xml":"http://cims.coastal.louisiana.gov/meta_docs/gis_refs/shoreline/BICM2/Shoreline_Metadata.xml","Meta_html":"http://cims.coastal.louisiana.gov/meta_docs/gis_refs/shoreline/BICM2/Shoreline_Metadata.html","COMMENTS":null,"SHAPE_Length":414.5302811345206,"DSAS_DATE":"01/10/1998","DSAS_UNCER":null,"year":1998}},{"type":"Feature","id":14694,"geometry":{"type":"LineString","coordinates":[[-91.776626,29.582893],[-91.776333,29.582373],[-91.776329,29.580908],[-91.776798,29.580215],[-91.776689,29.580167],[-91.77677,29.579976],[-91.776989,29.580083],[-91.777452,29.579878]]},"properties":{"OBJECTID":14694,"PROGRAM":"STATE","PROJECT":"LOUISIANA BARRIER ISLAND COMPREHENSIVE MONITORING PROGRAM (BICM)","PROJ_ID":"LA-0226","PROD_DATE":"20160926","SHORE_TYPE":"MARSH","SRC_DATE":"19980110","SRC_DATA":"USGS DOQQ","SRC_RES":"1-m pixel","SRC_VECT":"APPLIED COASTAL/UNO","SRC_RAST":"c2909126.nes","DIG_NOTES":" ","REGION":"AB","CONTRACTOR":"APPLIED COASTAL","ORG":"COASTAL PROTECTION AND RESTORATION AUTHORITY OF LOUISIANA (CPRA)","SRC_REG":"USGS","DATAURL":"http://cims.coastal.louisiana.gov/meta_docs/gis_refs/shoreline/BICM2/LA-0226_SHORL_0000000000_1998011019980310_RAC0004.zip","Meta_xml":"http://cims.coastal.louisiana.gov/meta_docs/gis_refs/shoreline/BICM2/Shoreline_Metadata.xml","Meta_html":"http://cims.coastal.louisiana.gov/meta_docs/gis_refs/shoreline/BICM2/Shoreline_Metadata.html","COMMENTS":null,"SHAPE_Length":448.83427900540823,"DSAS_DATE":"01/10/1998","DSAS_UNCER":null,"year":1998}},{"type":"Feature","id":14695,"geometry":{"type":"LineString","coordinates":[[-91.769317,29.566588],[-91.769044,29.566021],[-91.769869,29.565645],[-91.76997,29.565243]]},"properties":{"OBJECTID":14695,"PROGRAM":"STATE","PROJECT":"LOUISIANA BARRIER ISLAND COMPREHENSIVE MONITORING PROGRAM (BICM)","PROJ_ID":"LA-0226","PROD_DATE":"20160926","SHORE_TYPE":"MARSH","SRC_DATE":"19980110","SRC_DATA":"USGS DOQQ","SRC_RES":"1-m pixel","SRC_VECT":"APPLIED COASTAL/UNO","SRC_RAST":"c2909126.nes","DIG_NOTES":" ","REGION":"AB","CONTRACTOR":"APPLIED COASTAL","ORG":"COASTAL PROTECTION AND RESTORATION AUTHORITY OF LOUISIANA (CPRA)","SRC_REG":"USGS","DATAURL":"http://cims.coastal.louisiana.gov/meta_docs/gis_refs/shoreline/BICM2/LA-0226_SHORL_0000000000_1998011019980310_RAC0004.zip","Meta_xml":"http://cims.coastal.louisiana.gov/meta_docs/gis_refs/shoreline/BICM2/Shoreline_Metadata.xml","Meta_html":"http://cims.coastal.louisiana.gov/meta_docs/gis_refs/shoreline/BICM2/Shoreline_Metadata.html","COMMENTS":null,"SHAPE_Length":207.79343440723943,"DSAS_DATE":"01/10/1998","DSAS_UNCER":null,"year":1998}},{"type":"Feature","id":14696,"geometry":{"type":"LineString","coordinates":[[-91.76004,29.573283],[-91.759723,29.572874],[-91.759825,29.572381],[-91.759664,29.571685],[-91.75945,29.571629],[-91.75902,29.571844],[-91.759052,29.572948],[-91.758019,29.57381],[-91.757869,29.573692],[-91.75746,29.573896],[-91.756859,29.573826],[-91.756546,29.574054],[-91.756395,29.573947],[-91.755959,29.574044],[-91.755318,29.574392],[-91.755195,29.574369],[-91.755304,29.574189],[-91.755085,29.574178],[-91.754691,29.574478],[-91.754744,29.574227],[-91.755058,29.574083],[-91.755395,29.573067],[-91.755353,29.572793],[-91.754901,29.572627],[-91.754145,29.574539],[-91.753271,29.574458],[-91.752996,29.574173],[-91.753132,29.573862],[-91.752193,29.574629],[-91.751413,29.574273],[-91.750785,29.574371],[-91.750006,29.574039]]},"properties":{"OBJECTID":14696,"PROGRAM":"STATE","PROJECT":"LOUISIANA BARRIER ISLAND COMPREHENSIVE MONITORING PROGRAM (BICM)","PROJ_ID":"LA-0226","PROD_DATE":"20160926","SHORE_TYPE":"MARSH","SRC_DATE":"19980110","SRC_DATA":"USGS DOQQ","SRC_RES":"1-m pixel","SRC_VECT":"APPLIED COASTAL/UNO","SRC_RAST":"c2909126.nes","DIG_NOTES":" ","REGION":"AB","CONTRACTOR":"APPLIED COASTAL","ORG":"COASTAL PROTECTION AND RESTORATION AUTHORITY OF LOUISIANA (CPRA)","SRC_REG":"USGS","DATAURL":"http://cims.coastal.louisiana.gov/meta_docs/gis_refs/shoreline/BICM2/LA-0226_SHORL_0000000000_1998011019980310_RAC0004.zip","Meta_xml":"http://cims.coastal.louisiana.gov/meta_docs/gis_refs/shoreline/BICM2/Shoreline_Metadata.xml","Meta_html":"http://cims.coastal.louisiana.gov/meta_docs/gis_refs/shoreline/BICM2/Shoreline_Metadata.html","COMMENTS":null,"SHAPE_Length":2021.6533324358936,"DSAS_DATE":"01/10/1998","DSAS_UNCER":null,"year":1998}},{"type":"Feature","id":14697,"geometry":{"type":"LineString","coordinates":[[-91.769756,29.565244],[-91.769676,29.56553],[-91.768989,29.565762],[-91.76845,29.566236],[-91.769029,29.56748],[-91.767836,29.568201],[-91.767364,29.56889],[-91.767138,29.569606],[-91.766909,29.569736],[-91.766927,29.570094],[-91.767239,29.570308],[-91.767422,29.570995],[-91.767193,29.571067],[-91.76721,29.571282],[-91.766785,29.571369],[-91.766586,29.57084],[-91.766274,29.570641]]},"properties":{"OBJECTID":14697,"PROGRAM":"STATE","PROJECT":"LOUISIANA BARRIER ISLAND COMPREHENSIVE MONITORING PROGRAM (BICM)","PROJ_ID":"LA-0226","PROD_DATE":"20160926","SHORE_TYPE":"MARSH","SRC_DATE":"19980110","SRC_DATA":"USGS DOQQ","SRC_RES":"1-m pixel","SRC_VECT":"APPLIED COASTAL/UNO","SRC_RAST":"c2909126.nes","DIG_NOTES":" ","REGION":"AB","CONTRACTOR":"APPLIED COASTAL","ORG":"COASTAL PROTECTION AND RESTORATION AUTHORITY OF LOUISIANA (CPRA)","SRC_REG":"USGS","DATAURL":"http://cims.coastal.louisiana.gov/meta_docs/gis_refs/shoreline/BICM2/LA-0226_SHORL_0000000000_1998011019980310_RAC0004.zip","Meta_xml":"http://cims.coastal.louisiana.gov/meta_docs/gis_refs/shoreline/BICM2/Shoreline_Metadata.xml","Meta_html":"http://cims.coastal.louisiana.gov/meta_docs/gis_refs/shoreline/BICM2/Shoreline_Metadata.html","COMMENTS":null,"SHAPE_Length":1037.4029613347723,"DSAS_DATE":"01/10/1998","DSAS_UNCER":null,"year":1998}},{"type":"Feature","id":14698,"geometry":{"type":"LineString","coordinates":[[-91.766241,29.570727],[-91.766537,29.570983],[-91.766736,29.571556],[-91.767359,29.571453],[-91.767556,29.571582],[-91.767067,29.572156]]},"properties":{"OBJECTID":14698,"PROGRAM":"STATE","PROJECT":"LOUISIANA BARRIER ISLAND COMPREHENSIVE MONITORING PROGRAM (BICM)","PROJ_ID":"LA-0226","PROD_DATE":"20160926","SHORE_TYPE":"MARSH","SRC_DATE":"19980110","SRC_DATA":"USGS DOQQ","SRC_RES":"1-m pixel","SRC_VECT":"APPLIED COASTAL/UNO","SRC_RAST":"c2909126.nes","DIG_NOTES":" ","REGION":"AB","CONTRACTOR":"APPLIED COASTAL","ORG":"COASTAL PROTECTION AND RESTORATION AUTHORITY OF LOUISIANA (CPRA)","SRC_REG":"USGS","DATAURL":"http://cims.coastal.louisiana.gov/meta_docs/gis_refs/shoreline/BICM2/LA-0226_SHORL_0000000000_1998011019980310_RAC0004.zip","Meta_xml":"http://cims.coastal.louisiana.gov/meta_docs/gis_refs/shoreline/BICM2/Shoreline_Metadata.xml","Meta_html":"http://cims.coastal.louisiana.gov/meta_docs/gis_refs/shoreline/BICM2/Shoreline_Metadata.html","COMMENTS":null,"SHAPE_Length":284.42338361042175,"DSAS_DATE":"01/10/1998","DSAS_UNCER":null,"year":1998}},{"type":"Feature","id":14699,"geometry":{"type":"LineString","coordinates":[[-91.767148,29.572127],[-91.767475,29.571754],[-91.767951,29.572053],[-91.768132,29.572324],[-91.767773,29.572626],[-91.768084,29.572539],[-91.768495,29.572839],[-91.768333,29.573355]]},"properties":{"OBJECTID":14699,"PROGRAM":"STATE","PROJECT":"LOUISIANA BARRIER ISLAND COMPREHENSIVE MONITORING PROGRAM (BICM)","PROJ_ID":"LA-0226","PROD_DATE":"20160926","SHORE_TYPE":"MARSH","SRC_DATE":"19980110","SRC_DATA":"USGS DOQQ","SRC_RES":"1-m pixel","SRC_VECT":"APPLIED COASTAL/UNO","SRC_RAST":"c2909126.nes","DIG_NOTES":" ","REGION":"AB","CONTRACTOR":"APPLIED COASTAL","ORG":"COASTAL PROTECTION AND RESTORATION AUTHORITY OF LOUISIANA (CPRA)","SRC_REG":"USGS","DATAURL":"http://cims.coastal.louisiana.gov/meta_docs/gis_refs/shoreline/BICM2/LA-0226_SHORL_0000000000_1998011019980310_RAC0004.zip","Meta_xml":"http://cims.coastal.louisiana.gov/meta_docs/gis_refs/shoreline/BICM2/Shoreline_Metadata.xml","Meta_html":"http://cims.coastal.louisiana.gov/meta_docs/gis_refs/shoreline/BICM2/Shoreline_Metadata.html","COMMENTS":null,"SHAPE_Length":354.41556323708636,"DSAS_DATE":"01/10/1998","DSAS_UNCER":null,"year":1998}},{"type":"Feature","id":14700,"geometry":{"type":"LineString","coordinates":[[-91.768399,29.57334],[-91.768562,29.573211],[-91.768874,29.573439]]},"properties":{"OBJECTID":14700,"PROGRAM":"STATE","PROJECT":"LOUISIANA BARRIER ISLAND COMPREHENSIVE MONITORING PROGRAM (BICM)","PROJ_ID":"LA-0226","PROD_DATE":"20160926","SHORE_TYPE":"MARSH","SRC_DATE":"19980110","SRC_DATA":"USGS DOQQ","SRC_RES":"1-m pixel","SRC_VECT":"APPLIED COASTAL/UNO","SRC_RAST":"c2909126.nes","DIG_NOTES":" ","REGION":"AB","CONTRACTOR":"APPLIED COASTAL","ORG":"COASTAL PROTECTION AND RESTORATION AUTHORITY OF LOUISIANA (CPRA)","SRC_REG":"USGS","DATAURL":"http://cims.coastal.louisiana.gov/meta_docs/gis_refs/shoreline/BICM2/LA-0226_SHORL_0000000000_1998011019980310_RAC0004.zip","Meta_xml":"http://cims.coastal.louisiana.gov/meta_docs/gis_refs/shoreline/BICM2/Shoreline_Metadata.xml","Meta_html":"http://cims.coastal.louisiana.gov/meta_docs/gis_refs/shoreline/BICM2/Shoreline_Metadata.html","COMMENTS":null,"SHAPE_Length":63.45326977269366,"DSAS_DATE":"01/10/1998","DSAS_UNCER":null,"year":1998}},{"type":"Feature","id":14701,"geometry":{"type":"LineString","coordinates":[[-91.76889,29.573325],[-91.768742,29.57311],[-91.768922,29.573081],[-91.76958,29.573566],[-91.769993,29.574481],[-91.76873,29.574156],[-91.767665,29.574202],[-91.767664,29.573801]]},"properties":{"OBJECTID":14701,"PROGRAM":"STATE","PROJECT":"LOUISIANA BARRIER ISLAND COMPREHENSIVE MONITORING PROGRAM (BICM)","PROJ_ID":"LA-0226","PROD_DATE":"20160926","SHORE_TYPE":"MARSH","SRC_DATE":"19980110","SRC_DATA":"USGS DOQQ","SRC_RES":"1-m pixel","SRC_VECT":"APPLIED COASTAL/UNO","SRC_RAST":"c2909126.nes","DIG_NOTES":" ","REGION":"AB","CONTRACTOR":"APPLIED COASTAL","ORG":"COASTAL PROTECTION AND RESTORATION AUTHORITY OF LOUISIANA (CPRA)","SRC_REG":"USGS","DATAURL":"http://cims.coastal.louisiana.gov/meta_docs/gis_refs/shoreline/BICM2/LA-0226_SHORL_0000000000_1998011019980310_RAC0004.zip","Meta_xml":"http://cims.coastal.louisiana.gov/meta_docs/gis_refs/shoreline/BICM2/Shoreline_Metadata.xml","Meta_html":"http://cims.coastal.louisiana.gov/meta_docs/gis_refs/shoreline/BICM2/Shoreline_Metadata.html","COMMENTS":null,"SHAPE_Length":529.8098821270321,"DSAS_DATE":"01/10/1998","DSAS_UNCER":null,"year":1998}},{"type":"Feature","id":14702,"geometry":{"type":"LineString","coordinates":[[-91.767549,29.573802],[-91.767402,29.574031],[-91.767155,29.573688],[-91.766992,29.573746],[-91.767207,29.574204],[-91.765865,29.574609],[-91.765637,29.575011],[-91.765195,29.575098],[-91.765524,29.575326],[-91.765262,29.575514],[-91.76464,29.575573],[-91.764574,29.57533],[-91.764311,29.575359],[-91.763687,29.574974],[-91.763261,29.575033],[-91.76267,29.574706],[-91.762212,29.574807],[-91.761588,29.574537],[-91.76167,29.574451],[-91.761505,29.574208],[-91.760241,29.573697],[-91.76004,29.573283]]},"properties":{"OBJECTID":14702,"PROGRAM":"STATE","PROJECT":"LOUISIANA BARRIER ISLAND COMPREHENSIVE MONITORING PROGRAM (BICM)","PROJ_ID":"LA-0226","PROD_DATE":"20160926","SHORE_TYPE":"MARSH","SRC_DATE":"19980110","SRC_DATA":"USGS DOQQ","SRC_RES":"1-m pixel","SRC_VECT":"APPLIED COASTAL/UNO","SRC_RAST":"c2909126.nes","DIG_NOTES":" ","REGION":"AB","CONTRACTOR":"APPLIED COASTAL","ORG":"COASTAL PROTECTION AND RESTORATION AUTHORITY OF LOUISIANA (CPRA)","SRC_REG":"USGS","DATAURL":"http://cims.coastal.louisiana.gov/meta_docs/gis_refs/shoreline/BICM2/LA-0226_SHORL_0000000000_1998011019980310_RAC0004.zip","Meta_xml":"http://cims.coastal.louisiana.gov/meta_docs/gis_refs/shoreline/BICM2/Shoreline_Metadata.xml","Meta_html":"http://cims.coastal.louisiana.gov/meta_docs/gis_refs/shoreline/BICM2/Shoreline_Metadata.html","COMMENTS":null,"SHAPE_Length":1153.3631341039193,"DSAS_DATE":"01/10/1998","DSAS_UNCER":null,"year":1998}},{"type":"Feature","id":14703,"geometry":{"type":"LineString","coordinates":[[-91.750006,29.573013],[-91.751178,29.572485],[-91.752774,29.572217],[-91.75422,29.572589],[-91.756053,29.572144],[-91.756543,29.571808],[-91.757732,29.571413],[-91.759681,29.569946],[-91.761615,29.567409],[-91.762025,29.566329],[-91.762042,29.565069],[-91.761763,29.563819],[-91.7614,29.563209],[-91.761419,29.562506]]},"properties":{"OBJECTID":14703,"PROGRAM":"STATE","PROJECT":"LOUISIANA BARRIER ISLAND COMPREHENSIVE MONITORING PROGRAM (BICM)","PROJ_ID":"LA-0226","PROD_DATE":"20160926","SHORE_TYPE":"MARSH","SRC_DATE":"19980110","SRC_DATA":"USGS DOQQ","SRC_RES":"1-m pixel","SRC_VECT":"APPLIED COASTAL/UNO","SRC_RAST":"c2909126.nes","DIG_NOTES":" ","REGION":"AB","CONTRACTOR":"APPLIED COASTAL","ORG":"COASTAL PROTECTION AND RESTORATION AUTHORITY OF LOUISIANA (CPRA)","SRC_REG":"USGS","DATAURL":"http://cims.coastal.louisiana.gov/meta_docs/gis_refs/shoreline/BICM2/LA-0226_SHORL_0000000000_1998011019980310_RAC0004.zip","Meta_xml":"http://cims.coastal.louisiana.gov/meta_docs/gis_refs/shoreline/BICM2/Shoreline_Metadata.xml","Meta_html":"http://cims.coastal.louisiana.gov/meta_docs/gis_refs/shoreline/BICM2/Shoreline_Metadata.html","COMMENTS":null,"SHAPE_Length":2013.4758142341052,"DSAS_DATE":"01/10/1998","DSAS_UNCER":null,"year":1998}},{"type":"Feature","id":14704,"geometry":{"type":"LineString","coordinates":[[-91.875006,29.50406],[-91.874423,29.504296],[-91.874258,29.504154],[-91.873536,29.504336],[-91.873248,29.50405],[-91.872704,29.504255],[-91.871773,29.50383],[-91.871488,29.503998],[-91.871036,29.503761],[-91.870941,29.503893],[-91.870653,29.503476],[-91.87019,29.503705],[-91.869903,29.503646],[-91.869523,29.503934],[-91.867926,29.503941],[-91.867354,29.504122],[-91.866481,29.504114],[-91.865961,29.503889],[-91.865539,29.504034],[-91.864678,29.503703],[-91.864487,29.5038],[-91.864063,29.503598],[-91.863763,29.503671],[-91.863203,29.503399],[-91.862999,29.503603],[-91.862834,29.503377],[-91.862329,29.503415],[-91.861673,29.503035],[-91.861441,29.503144],[-91.861086,29.503014],[-91.860661,29.502622],[-91.860292,29.502539],[-91.860236,29.502229],[-91.859909,29.50229],[-91.859321,29.502102],[-91.859293,29.501935],[-91.858924,29.501853],[-91.858841,29.501602],[-91.858581,29.501568],[-91.858635,29.501376],[-91.858403,29.501342],[-91.857977,29.500902],[-91.857976,29.500711],[-91.857745,29.500747],[-91.857552,29.500378],[-91.857197,29.500392],[-91.857073,29.500082],[-91.856711,29.500006]]},"properties":{"OBJECTID":14704,"PROGRAM":"STATE","PROJECT":"LOUISIANA BARRIER ISLAND COMPREHENSIVE MONITORING PROGRAM (BICM)","PROJ_ID":"LA-0226","PROD_DATE":"20160926","SHORE_TYPE":"MIXED","SRC_DATE":"19980110","SRC_DATA":"USGS DOQQ","SRC_RES":"1-m pixel","SRC_VECT":"APPLIED COASTAL/UNO","SRC_RAST":"c2909126.sws","DIG_NOTES":" ","REGION":"AB","CONTRACTOR":"APPLIED COASTAL","ORG":"COASTAL PROTECTION AND RESTORATION AUTHORITY OF LOUISIANA (CPRA)","SRC_REG":"USGS","DATAURL":"http://cims.coastal.louisiana.gov/meta_docs/gis_refs/shoreline/BICM2/LA-0226_SHORL_0000000000_1998011019980310_RAC0004.zip","Meta_xml":"http://cims.coastal.louisiana.gov/meta_docs/gis_refs/shoreline/BICM2/Shoreline_Metadata.xml","Meta_html":"http://cims.coastal.louisiana.gov/meta_docs/gis_refs/shoreline/BICM2/Shoreline_Metadata.html","COMMENTS":null,"SHAPE_Length":2392.311194263928,"DSAS_DATE":"01/10/1998","DSAS_UNCER":null,"year":1998}},{"type":"Feature","id":14705,"geometry":{"type":"LineString","coordinates":[[-91.775809,29.5054],[-91.775068,29.504388],[-91.774224,29.504485],[-91.773573,29.504901],[-91.773447,29.505911],[-91.773285,29.506047],[-91.773406,29.506399],[-91.772832,29.507526],[-91.772554,29.508881],[-91.771539,29.510924],[-91.770995,29.51161],[-91.77056,29.512804],[-91.770246,29.513146],[-91.770344,29.513409],[-91.77008,29.514068],[-91.770216,29.514388],[-91.769999,29.514542],[-91.769663,29.515365],[-91.769208,29.515436],[-91.769386,29.515567],[-91.769278,29.515842],[-91.769456,29.515901],[-91.769511,29.516151],[-91.76935,29.516641],[-91.768967,29.516607],[-91.769037,29.516821],[-91.768778,29.517037],[-91.768929,29.517192],[-91.768875,29.517371],[-91.76874,29.517574],[-91.76833,29.517564],[-91.768319,29.518005],[-91.768168,29.517946],[-91.767993,29.518448],[-91.767748,29.518491],[-91.767709,29.518909],[-91.767478,29.519005],[-91.767547,29.519304],[-91.767126,29.519627],[-91.767072,29.519914],[-91.767249,29.520309]]},"properties":{"OBJECTID":14705,"PROGRAM":"STATE","PROJECT":"LOUISIANA BARRIER ISLAND COMPREHENSIVE MONITORING PROGRAM (BICM)","PROJ_ID":"LA-0226","PROD_DATE":"20160926","SHORE_TYPE":"MARSH","SRC_DATE":"19980110","SRC_DATA":"USGS DOQQ","SRC_RES":"1-m pixel","SRC_VECT":"APPLIED COASTAL/UNO","SRC_RAST":"c2909126.ses","DIG_NOTES":" ","REGION":"AB","CONTRACTOR":"APPLIED COASTAL","ORG":"COASTAL PROTECTION AND RESTORATION AUTHORITY OF LOUISIANA (CPRA)","SRC_REG":"USGS","DATAURL":"http://cims.coastal.louisiana.gov/meta_docs/gis_refs/shoreline/BICM2/LA-0226_SHORL_0000000000_1998011019980310_RAC0004.zip","Meta_xml":"http://cims.coastal.louisiana.gov/meta_docs/gis_refs/shoreline/BICM2/Shoreline_Metadata.xml","Meta_html":"http://cims.coastal.louisiana.gov/meta_docs/gis_refs/shoreline/BICM2/Shoreline_Metadata.html","COMMENTS":null,"SHAPE_Length":2473.637048945253,"DSAS_DATE":"01/10/1998","DSAS_UNCER":null,"year":1998}},{"type":"Feature","id":14706,"geometry":{"type":"LineString","coordinates":[[-91.761419,29.562506],[-91.761415,29.561547],[-91.761774,29.561279]]},"properties":{"OBJECTID":14706,"PROGRAM":"STATE","PROJECT":"LOUISIANA BARRIER ISLAND COMPREHENSIVE MONITORING PROGRAM (BICM)","PROJ_ID":"LA-0226","PROD_DATE":"20160926","SHORE_TYPE":"MARSH","SRC_DATE":"19980110","SRC_DATA":"USGS DOQQ","SRC_RES":"1-m pixel","SRC_VECT":"APPLIED COASTAL/UNO","SRC_RAST":"c2909126.ses","DIG_NOTES":" ","REGION":"AB","CONTRACTOR":"APPLIED COASTAL","ORG":"COASTAL PROTECTION AND RESTORATION AUTHORITY OF LOUISIANA (CPRA)","SRC_REG":"USGS","DATAURL":"http://cims.coastal.louisiana.gov/meta_docs/gis_refs/shoreline/BICM2/LA-0226_SHORL_0000000000_1998011019980310_RAC0004.zip","Meta_xml":"http://cims.coastal.louisiana.gov/meta_docs/gis_refs/shoreline/BICM2/Shoreline_Metadata.xml","Meta_html":"http://cims.coastal.louisiana.gov/meta_docs/gis_refs/shoreline/BICM2/Shoreline_Metadata.html","COMMENTS":null,"SHAPE_Length":160.80739592550046,"DSAS_DATE":"01/10/1998","DSAS_UNCER":null,"year":1998}},{"type":"Feature","id":14707,"geometry":{"type":"LineString","coordinates":[[-91.767708,29.525487],[-91.766814,29.525852],[-91.766819,29.527036],[-91.766147,29.52806],[-91.765874,29.528157],[-91.765743,29.528004],[-91.765427,29.528215],[-91.765536,29.528292],[-91.76522,29.528264],[-91.765144,29.528493],[-91.764914,29.52836],[-91.764762,29.528514],[-91.764883,29.528609],[-91.764664,29.528533],[-91.764293,29.528687],[-91.764589,29.528743],[-91.764185,29.528917],[-91.763496,29.528585],[-91.763399,29.528948],[-91.762864,29.528816],[-91.762176,29.528866],[-91.76222,29.52898]]},"properties":{"OBJECTID":14707,"PROGRAM":"STATE","PROJECT":"LOUISIANA BARRIER ISLAND COMPREHENSIVE MONITORING PROGRAM (BICM)","PROJ_ID":"LA-0226","PROD_DATE":"20160926","SHORE_TYPE":"MARSH","SRC_DATE":"19980110","SRC_DATA":"USGS DOQQ","SRC_RES":"1-m pixel","SRC_VECT":"APPLIED COASTAL/UNO","SRC_RAST":"c2909126.ses","DIG_NOTES":" ","REGION":"AB","CONTRACTOR":"APPLIED COASTAL","ORG":"COASTAL PROTECTION AND RESTORATION AUTHORITY OF LOUISIANA (CPRA)","SRC_REG":"USGS","DATAURL":"http://cims.coastal.louisiana.gov/meta_docs/gis_refs/shoreline/BICM2/LA-0226_SHORL_0000000000_1998011019980310_RAC0004.zip","Meta_xml":"http://cims.coastal.louisiana.gov/meta_docs/gis_refs/shoreline/BICM2/Shoreline_Metadata.xml","Meta_html":"http://cims.coastal.louisiana.gov/meta_docs/gis_refs/shoreline/BICM2/Shoreline_Metadata.html","COMMENTS":null,"SHAPE_Length":1121.2923904724103,"DSAS_DATE":"01/10/1998","DSAS_UNCER":null,"year":1998}},{"type":"Feature","id":14708,"geometry":{"type":"LineString","coordinates":[[-91.762177,29.52899],[-91.761597,29.528782],[-91.761532,29.528983],[-91.761303,29.528964]]},"properties":{"OBJECTID":14708,"PROGRAM":"STATE","PROJECT":"LOUISIANA BARRIER ISLAND COMPREHENSIVE MONITORING PROGRAM (BICM)","PROJ_ID":"LA-0226","PROD_DATE":"20160926","SHORE_TYPE":"MARSH","SRC_DATE":"19980110","SRC_DATA":"USGS DOQQ","SRC_RES":"1-m pixel","SRC_VECT":"APPLIED COASTAL/UNO","SRC_RAST":"c2909126.ses","DIG_NOTES":" ","REGION":"AB","CONTRACTOR":"APPLIED COASTAL","ORG":"COASTAL PROTECTION AND RESTORATION AUTHORITY OF LOUISIANA (CPRA)","SRC_REG":"USGS","DATAURL":"http://cims.coastal.louisiana.gov/meta_docs/gis_refs/shoreline/BICM2/LA-0226_SHORL_0000000000_1998011019980310_RAC0004.zip","Meta_xml":"http://cims.coastal.louisiana.gov/meta_docs/gis_refs/shoreline/BICM2/Shoreline_Metadata.xml","Meta_html":"http://cims.coastal.louisiana.gov/meta_docs/gis_refs/shoreline/BICM2/Shoreline_Metadata.html","COMMENTS":null,"SHAPE_Length":106.75300855242243,"DSAS_DATE":"01/10/1998","DSAS_UNCER":null,"year":1998}},{"type":"Feature","id":14709,"geometry":{"type":"LineString","coordinates":[[-91.761237,29.528898],[-91.76151,29.528916],[-91.76152,29.528706],[-91.761651,29.528686],[-91.761727,29.528438],[-91.761507,29.528162],[-91.760414,29.527888],[-91.759943,29.527527],[-91.759791,29.527585],[-91.758834,29.528648],[-91.758234,29.52865],[-91.757811,29.529443],[-91.75694,29.529933],[-91.756092,29.530881],[-91.755798,29.531045],[-91.755678,29.530959],[-91.755439,29.53138],[-91.75521,29.531371],[-91.754918,29.531926],[-91.753145,29.533612],[-91.752393,29.53391],[-91.751588,29.534553],[-91.751315,29.53462],[-91.750909,29.534249],[-91.750615,29.534441],[-91.750779,29.534479],[-91.750802,29.534699],[-91.750257,29.534987],[-91.750006,29.534909]]},"properties":{"OBJECTID":14709,"PROGRAM":"STATE","PROJECT":"LOUISIANA BARRIER ISLAND COMPREHENSIVE MONITORING PROGRAM (BICM)","PROJ_ID":"LA-0226","PROD_DATE":"20160926","SHORE_TYPE":"MARSH","SRC_DATE":"19980110","SRC_DATA":"USGS DOQQ","SRC_RES":"1-m pixel","SRC_VECT":"APPLIED COASTAL/UNO","SRC_RAST":"c2909126.ses","DIG_NOTES":" ","REGION":"AB","CONTRACTOR":"APPLIED COASTAL","ORG":"COASTAL PROTECTION AND RESTORATION AUTHORITY OF LOUISIANA (CPRA)","SRC_REG":"USGS","DATAURL":"http://cims.coastal.louisiana.gov/meta_docs/gis_refs/shoreline/BICM2/LA-0226_SHORL_0000000000_1998011019980310_RAC0004.zip","Meta_xml":"http://cims.coastal.louisiana.gov/meta_docs/gis_refs/shoreline/BICM2/Shoreline_Metadata.xml","Meta_html":"http://cims.coastal.louisiana.gov/meta_docs/gis_refs/shoreline/BICM2/Shoreline_Metadata.html","COMMENTS":null,"SHAPE_Length":1857.409854330869,"DSAS_DATE":"01/10/1998","DSAS_UNCER":null,"year":1998}},{"type":"Feature","id":14710,"geometry":{"type":"LineString","coordinates":[[-91.76731,29.52449],[-91.766807,29.525017],[-91.76586,29.525565]]},"properties":{"OBJECTID":14710,"PROGRAM":"STATE","PROJECT":"LOUISIANA BARRIER ISLAND COMPREHENSIVE MONITORING PROGRAM (BICM)","PROJ_ID":"LA-0226","PROD_DATE":"20160926","SHORE_TYPE":"MARSH","SRC_DATE":"19980110","SRC_DATA":"USGS DOQQ","SRC_RES":"1-m pixel","SRC_VECT":"APPLIED COASTAL/UNO","SRC_RAST":"c2909126.ses","DIG_NOTES":" ","REGION":"AB","CONTRACTOR":"APPLIED COASTAL","ORG":"COASTAL PROTECTION AND RESTORATION AUTHORITY OF LOUISIANA (CPRA)","SRC_REG":"USGS","DATAURL":"http://cims.coastal.louisiana.gov/meta_docs/gis_refs/shoreline/BICM2/LA-0226_SHORL_0000000000_1998011019980310_RAC0004.zip","Meta_xml":"http://cims.coastal.louisiana.gov/meta_docs/gis_refs/shoreline/BICM2/Shoreline_Metadata.xml","Meta_html":"http://cims.coastal.louisiana.gov/meta_docs/gis_refs/shoreline/BICM2/Shoreline_Metadata.html","COMMENTS":null,"SHAPE_Length":189.02799972243454,"DSAS_DATE":"01/10/1998","DSAS_UNCER":null,"year":1998}},{"type":"Feature","id":14711,"geometry":{"type":"LineString","coordinates":[[-91.76586,29.525565],[-91.76525,29.525682],[-91.764858,29.52544],[-91.764828,29.525076],[-91.764619,29.524943],[-91.764833,29.524764],[-91.764691,29.524161],[-91.765192,29.523422],[-91.765428,29.523316],[-91.765435,29.522903],[-91.765828,29.522582],[-91.766276,29.521631],[-91.766575,29.521514],[-91.766627,29.520854],[-91.766985,29.520786],[-91.767249,29.520309]]},"properties":{"OBJECTID":14711,"PROGRAM":"STATE","PROJECT":"LOUISIANA BARRIER ISLAND COMPREHENSIVE MONITORING PROGRAM (BICM)","PROJ_ID":"LA-0226","PROD_DATE":"20160926","SHORE_TYPE":"MARSH","SRC_DATE":"19980110","SRC_DATA":"USGS DOQQ","SRC_RES":"1-m pixel","SRC_VECT":"APPLIED COASTAL/UNO","SRC_RAST":"c2909126.ses","DIG_NOTES":" ","REGION":"AB","CONTRACTOR":"APPLIED COASTAL","ORG":"COASTAL PROTECTION AND RESTORATION AUTHORITY OF LOUISIANA (CPRA)","SRC_REG":"USGS","DATAURL":"http://cims.coastal.louisiana.gov/meta_docs/gis_refs/shoreline/BICM2/LA-0226_SHORL_0000000000_1998011019980310_RAC0004.zip","Meta_xml":"http://cims.coastal.louisiana.gov/meta_docs/gis_refs/shoreline/BICM2/Shoreline_Metadata.xml","Meta_html":"http://cims.coastal.louisiana.gov/meta_docs/gis_refs/shoreline/BICM2/Shoreline_Metadata.html","COMMENTS":null,"SHAPE_Length":837.4935219536684,"DSAS_DATE":"01/10/1998","DSAS_UNCER":null,"year":1998}},{"type":"Feature","id":14712,"geometry":{"type":"LineString","coordinates":[[-91.775596,29.503503],[-91.775381,29.504172],[-91.775148,29.504054],[-91.774453,29.504104],[-91.773715,29.503624],[-91.773547,29.50162],[-91.773633,29.500006]]},"properties":{"OBJECTID":14712,"PROGRAM":"STATE","PROJECT":"LOUISIANA BARRIER ISLAND COMPREHENSIVE MONITORING PROGRAM (BICM)","PROJ_ID":"LA-0226","PROD_DATE":"20160926","SHORE_TYPE":"MARSH","SRC_DATE":"19980110","SRC_DATA":"USGS DOQQ","SRC_RES":"1-m pixel","SRC_VECT":"APPLIED COASTAL/UNO","SRC_RAST":"c2909126.ses","DIG_NOTES":" ","REGION":"AB","CONTRACTOR":"APPLIED COASTAL","ORG":"COASTAL PROTECTION AND RESTORATION AUTHORITY OF LOUISIANA (CPRA)","SRC_REG":"USGS","DATAURL":"http://cims.coastal.louisiana.gov/meta_docs/gis_refs/shoreline/BICM2/LA-0226_SHORL_0000000000_1998011019980310_RAC0004.zip","Meta_xml":"http://cims.coastal.louisiana.gov/meta_docs/gis_refs/shoreline/BICM2/Shoreline_Metadata.xml","Meta_html":"http://cims.coastal.louisiana.gov/meta_docs/gis_refs/shoreline/BICM2/Shoreline_Metadata.html","COMMENTS":null,"SHAPE_Length":675.5742186918366,"DSAS_DATE":"01/10/1998","DSAS_UNCER":null,"year":1998}},{"type":"Feature","id":14713,"geometry":{"type":"LineString","coordinates":[[-91.761698,29.561279],[-91.760955,29.561234],[-91.759497,29.559968],[-91.76012,29.560129],[-91.761016,29.560107],[-91.761801,29.559808],[-91.762236,29.559377]]},"properties":{"OBJECTID":14713,"PROGRAM":"STATE","PROJECT":"LOUISIANA BARRIER ISLAND COMPREHENSIVE MONITORING PROGRAM (BICM)","PROJ_ID":"LA-0226","PROD_DATE":"20160926","SHORE_TYPE":"MARSH","SRC_DATE":"19980110","SRC_DATA":"USGS DOQQ","SRC_RES":"1-m pixel","SRC_VECT":"APPLIED COASTAL/UNO","SRC_RAST":"c2909126.ses","DIG_NOTES":" ","REGION":"AB","CONTRACTOR":"APPLIED COASTAL","ORG":"COASTAL PROTECTION AND RESTORATION AUTHORITY OF LOUISIANA (CPRA)","SRC_REG":"USGS","DATAURL":"http://cims.coastal.louisiana.gov/meta_docs/gis_refs/shoreline/BICM2/LA-0226_SHORL_0000000000_1998011019980310_RAC0004.zip","Meta_xml":"http://cims.coastal.louisiana.gov/meta_docs/gis_refs/shoreline/BICM2/Shoreline_Metadata.xml","Meta_html":"http://cims.coastal.louisiana.gov/meta_docs/gis_refs/shoreline/BICM2/Shoreline_Metadata.html","COMMENTS":null,"SHAPE_Length":578.2538715169725,"DSAS_DATE":"01/10/1998","DSAS_UNCER":null,"year":1998}},{"type":"Feature","id":14714,"geometry":{"type":"LineString","coordinates":[[-91.761731,29.559357],[-91.761033,29.559617],[-91.759929,29.559324],[-91.759138,29.558181],[-91.759148,29.557933],[-91.758501,29.557372],[-91.756177,29.557799],[-91.75511,29.558767],[-91.75416,29.558646],[-91.754093,29.558303],[-91.753699,29.558199],[-91.753468,29.557827]]},"properties":{"OBJECTID":14714,"PROGRAM":"STATE","PROJECT":"LOUISIANA BARRIER ISLAND COMPREHENSIVE MONITORING PROGRAM (BICM)","PROJ_ID":"LA-0226","PROD_DATE":"20160926","SHORE_TYPE":"MARSH","SRC_DATE":"19980110","SRC_DATA":"USGS DOQQ","SRC_RES":"1-m pixel","SRC_VECT":"APPLIED COASTAL/UNO","SRC_RAST":"c2909126.ses","DIG_NOTES":" ","REGION":"AB","CONTRACTOR":"APPLIED COASTAL","ORG":"COASTAL PROTECTION AND RESTORATION AUTHORITY OF LOUISIANA (CPRA)","SRC_REG":"USGS","DATAURL":"http://cims.coastal.louisiana.gov/meta_docs/gis_refs/shoreline/BICM2/LA-0226_SHORL_0000000000_1998011019980310_RAC0004.zip","Meta_xml":"http://cims.coastal.louisiana.gov/meta_docs/gis_refs/shoreline/BICM2/Shoreline_Metadata.xml","Meta_html":"http://cims.coastal.louisiana.gov/meta_docs/gis_refs/shoreline/BICM2/Shoreline_Metadata.html","COMMENTS":null,"SHAPE_Length":1102.336499301126,"DSAS_DATE":"01/10/1998","DSAS_UNCER":null,"year":1998}},{"type":"Feature","id":14715,"geometry":{"type":"LineString","coordinates":[[-91.753403,29.557827],[-91.753404,29.558037],[-91.753776,29.558361],[-91.753591,29.558467],[-91.753582,29.55881],[-91.753113,29.55906],[-91.753201,29.559174],[-91.752644,29.559253],[-91.751791,29.559017],[-91.751911,29.558825],[-91.751812,29.558778],[-91.751235,29.559104],[-91.750732,29.559087],[-91.750559,29.559307],[-91.750006,29.559351]]},"properties":{"OBJECTID":14715,"PROGRAM":"STATE","PROJECT":"LOUISIANA BARRIER ISLAND COMPREHENSIVE MONITORING PROGRAM (BICM)","PROJ_ID":"LA-0226","PROD_DATE":"20160926","SHORE_TYPE":"MARSH","SRC_DATE":"19980110","SRC_DATA":"USGS DOQQ","SRC_RES":"1-m pixel","SRC_VECT":"APPLIED COASTAL/UNO","SRC_RAST":"c2909126.ses","DIG_NOTES":" ","REGION":"AB","CONTRACTOR":"APPLIED COASTAL","ORG":"COASTAL PROTECTION AND RESTORATION AUTHORITY OF LOUISIANA (CPRA)","SRC_REG":"USGS","DATAURL":"http://cims.coastal.louisiana.gov/meta_docs/gis_refs/shoreline/BICM2/LA-0226_SHORL_0000000000_1998011019980310_RAC0004.zip","Meta_xml":"http://cims.coastal.louisiana.gov/meta_docs/gis_refs/shoreline/BICM2/Shoreline_Metadata.xml","Meta_html":"http://cims.coastal.louisiana.gov/meta_docs/gis_refs/shoreline/BICM2/Shoreline_Metadata.html","COMMENTS":null,"SHAPE_Length":622.435220839857,"DSAS_DATE":"01/10/1998","DSAS_UNCER":null,"year":1998}},{"type":"Feature","id":14716,"geometry":{"type":"LineString","coordinates":[[-91.738169,29.562506],[-91.737085,29.562792],[-91.736674,29.562506]]},"properties":{"OBJECTID":14716,"PROGRAM":"STATE","PROJECT":"LOUISIANA BARRIER ISLAND COMPREHENSIVE MONITORING PROGRAM (BICM)","PROJ_ID":"LA-0226","PROD_DATE":"20160926","SHORE_TYPE":"MARSH","SRC_DATE":"19980302","SRC_DATA":"USGS DOQQ","SRC_RES":"1-m pixel","SRC_VECT":"APPLIED COASTAL/UNO","SRC_RAST":"c2909127.nws","DIG_NOTES":" ","REGION":"AB","CONTRACTOR":"APPLIED COASTAL","ORG":"COASTAL PROTECTION AND RESTORATION AUTHORITY OF LOUISIANA (CPRA)","SRC_REG":"USGS","DATAURL":"http://cims.coastal.louisiana.gov/meta_docs/gis_refs/shoreline/BICM2/LA-0226_SHORL_0000000000_1998011019980310_RAC0004.zip","Meta_xml":"http://cims.coastal.louisiana.gov/meta_docs/gis_refs/shoreline/BICM2/Shoreline_Metadata.xml","Meta_html":"http://cims.coastal.louisiana.gov/meta_docs/gis_refs/shoreline/BICM2/Shoreline_Metadata.html","COMMENTS":null,"SHAPE_Length":164.15165428784644,"DSAS_DATE":"03/02/1998","DSAS_UNCER":null,"year":1998}},{"type":"Feature","id":14717,"geometry":{"type":"LineString","coordinates":[[-91.739823,29.564602],[-91.74004,29.564362],[-91.740491,29.564576],[-91.740562,29.565017],[-91.740385,29.565197],[-91.740633,29.565757],[-91.740483,29.565817],[-91.740485,29.566318],[-91.74024,29.566462],[-91.740527,29.566533],[-91.740761,29.567045],[-91.740298,29.567417],[-91.739643,29.567371],[-91.738877,29.567194],[-91.73863,29.566837],[-91.738276,29.566934],[-91.738056,29.566648],[-91.737778,29.565431],[-91.737119,29.564455],[-91.737076,29.564025],[-91.737252,29.563631],[-91.738014,29.563044],[-91.739091,29.562599],[-91.739655,29.563611],[-91.740173,29.56355],[-91.740295,29.563287],[-91.739872,29.562506]]},"properties":{"OBJECTID":14717,"PROGRAM":"STATE","PROJECT":"LOUISIANA BARRIER ISLAND COMPREHENSIVE MONITORING PROGRAM (BICM)","PROJ_ID":"LA-0226","PROD_DATE":"20160926","SHORE_TYPE":"MARSH","SRC_DATE":"19980302","SRC_DATA":"USGS DOQQ","SRC_RES":"1-m pixel","SRC_VECT":"APPLIED COASTAL/UNO","SRC_RAST":"c2909127.nws","DIG_NOTES":" ","REGION":"AB","CONTRACTOR":"APPLIED COASTAL","ORG":"COASTAL PROTECTION AND RESTORATION AUTHORITY OF LOUISIANA (CPRA)","SRC_REG":"USGS","DATAURL":"http://cims.coastal.louisiana.gov/meta_docs/gis_refs/shoreline/BICM2/LA-0226_SHORL_0000000000_1998011019980310_RAC0004.zip","Meta_xml":"http://cims.coastal.louisiana.gov/meta_docs/gis_refs/shoreline/BICM2/Shoreline_Metadata.xml","Meta_html":"http://cims.coastal.louisiana.gov/meta_docs/gis_refs/shoreline/BICM2/Shoreline_Metadata.html","COMMENTS":null,"SHAPE_Length":1700.054885911475,"DSAS_DATE":"03/02/1998","DSAS_UNCER":null,"year":1998}},{"type":"Feature","id":14718,"geometry":{"type":"LineString","coordinates":[[-91.740379,29.563776],[-91.740528,29.563477],[-91.740538,29.56269],[-91.740837,29.562506]]},"properties":{"OBJECTID":14718,"PROGRAM":"STATE","PROJECT":"LOUISIANA BARRIER ISLAND COMPREHENSIVE MONITORING PROGRAM (BICM)","PROJ_ID":"LA-0226","PROD_DATE":"20160926","SHORE_TYPE":"MARSH","SRC_DATE":"19980302","SRC_DATA":"USGS DOQQ","SRC_RES":"1-m pixel","SRC_VECT":"APPLIED COASTAL/UNO","SRC_RAST":"c2909127.nws","DIG_NOTES":" ","REGION":"AB","CONTRACTOR":"APPLIED COASTAL","ORG":"COASTAL PROTECTION AND RESTORATION AUTHORITY OF LOUISIANA (CPRA)","SRC_REG":"USGS","DATAURL":"http://cims.coastal.louisiana.gov/meta_docs/gis_refs/shoreline/BICM2/LA-0226_SHORL_0000000000_1998011019980310_RAC0004.zip","Meta_xml":"http://cims.coastal.louisiana.gov/meta_docs/gis_refs/shoreline/BICM2/Shoreline_Metadata.xml","Meta_html":"http://cims.coastal.louisiana.gov/meta_docs/gis_refs/shoreline/BICM2/Shoreline_Metadata.html","COMMENTS":null,"SHAPE_Length":161.28281975997032,"DSAS_DATE":"03/02/1998","DSAS_UNCER":null,"year":1998}},{"type":"Feature","id":14719,"geometry":{"type":"LineString","coordinates":[[-91.73213,29.562506],[-91.731878,29.562687],[-91.731496,29.562676],[-91.731589,29.562506]]},"properties":{"OBJECTID":14719,"PROGRAM":"STATE","PROJECT":"LOUISIANA BARRIER ISLAND COMPREHENSIVE MONITORING PROGRAM (BICM)","PROJ_ID":"LA-0226","PROD_DATE":"20160926","SHORE_TYPE":"MARSH","SRC_DATE":"19980302","SRC_DATA":"USGS DOQQ","SRC_RES":"1-m pixel","SRC_VECT":"APPLIED COASTAL/UNO","SRC_RAST":"c2909127.nws","DIG_NOTES":" ","REGION":"AB","CONTRACTOR":"APPLIED COASTAL","ORG":"COASTAL PROTECTION AND RESTORATION AUTHORITY OF LOUISIANA (CPRA)","SRC_REG":"USGS","DATAURL":"http://cims.coastal.louisiana.gov/meta_docs/gis_refs/shoreline/BICM2/LA-0226_SHORL_0000000000_1998011019980310_RAC0004.zip","Meta_xml":"http://cims.coastal.louisiana.gov/meta_docs/gis_refs/shoreline/BICM2/Shoreline_Metadata.xml","Meta_html":"http://cims.coastal.louisiana.gov/meta_docs/gis_refs/shoreline/BICM2/Shoreline_Metadata.html","COMMENTS":null,"SHAPE_Length":101.63880250176989,"DSAS_DATE":"03/02/1998","DSAS_UNCER":null,"year":1998}},{"type":"Feature","id":14720,"geometry":{"type":"LineString","coordinates":[[-91.734503,29.562506],[-91.734527,29.562679],[-91.73403,29.562506]]},"properties":{"OBJECTID":14720,"PROGRAM":"STATE","PROJECT":"LOUISIANA BARRIER ISLAND COMPREHENSIVE MONITORING PROGRAM (BICM)","PROJ_ID":"LA-0226","PROD_DATE":"20160926","SHORE_TYPE":"MARSH","SRC_DATE":"19980302","SRC_DATA":"USGS DOQQ","SRC_RES":"1-m pixel","SRC_VECT":"APPLIED COASTAL/UNO","SRC_RAST":"c2909127.nws","DIG_NOTES":" ","REGION":"AB","CONTRACTOR":"APPLIED COASTAL","ORG":"COASTAL PROTECTION AND RESTORATION AUTHORITY OF LOUISIANA (CPRA)","SRC_REG":"USGS","DATAURL":"http://cims.coastal.louisiana.gov/meta_docs/gis_refs/shoreline/BICM2/LA-0226_SHORL_0000000000_1998011019980310_RAC0004.zip","Meta_xml":"http://cims.coastal.louisiana.gov/meta_docs/gis_refs/shoreline/BICM2/Shoreline_Metadata.xml","Meta_html":"http://cims.coastal.louisiana.gov/meta_docs/gis_refs/shoreline/BICM2/Shoreline_Metadata.html","COMMENTS":null,"SHAPE_Length":78.30049996989119,"DSAS_DATE":"03/02/1998","DSAS_UNCER":null,"year":1998}},{"type":"Feature","id":14721,"geometry":{"type":"LineString","coordinates":[[-91.725424,29.562506],[-91.725228,29.562506]]},"properties":{"OBJECTID":14721,"PROGRAM":"STATE","PROJECT":"LOUISIANA BARRIER ISLAND COMPREHENSIVE MONITORING PROGRAM (BICM)","PROJ_ID":"LA-0226","PROD_DATE":"20160926","SHORE_TYPE":"MARSH","SRC_DATE":"19980302","SRC_DATA":"USGS DOQQ","SRC_RES":"1-m pixel","SRC_VECT":"APPLIED COASTAL/UNO","SRC_RAST":"c2909127.nws","DIG_NOTES":" ","REGION":"AB","CONTRACTOR":"APPLIED COASTAL","ORG":"COASTAL PROTECTION AND RESTORATION AUTHORITY OF LOUISIANA (CPRA)","SRC_REG":"USGS","DATAURL":"http://cims.coastal.louisiana.gov/meta_docs/gis_refs/shoreline/BICM2/LA-0226_SHORL_0000000000_1998011019980310_RAC0004.zip","Meta_xml":"http://cims.coastal.louisiana.gov/meta_docs/gis_refs/shoreline/BICM2/Shoreline_Metadata.xml","Meta_html":"http://cims.coastal.louisiana.gov/meta_docs/gis_refs/shoreline/BICM2/Shoreline_Metadata.html","COMMENTS":null,"SHAPE_Length":23.248418676554767,"DSAS_DATE":"03/02/1998","DSAS_UNCER":null,"year":1998}},{"type":"Feature","id":14722,"geometry":{"type":"LineString","coordinates":[[-91.725049,29.562506],[-91.72492,29.563622],[-91.724375,29.563874],[-91.724335,29.564125],[-91.724048,29.563959],[-91.723981,29.564341],[-91.724187,29.564639],[-91.723435,29.564414],[-91.72263,29.564416],[-91.722325,29.563403],[-91.722666,29.563175],[-91.722749,29.563449]]},"properties":{"OBJECTID":14722,"PROGRAM":"STATE","PROJECT":"LOUISIANA BARRIER ISLAND COMPREHENSIVE MONITORING PROGRAM (BICM)","PROJ_ID":"LA-0226","PROD_DATE":"20160926","SHORE_TYPE":"MARSH","SRC_DATE":"19980302","SRC_DATA":"USGS DOQQ","SRC_RES":"1-m pixel","SRC_VECT":"APPLIED COASTAL/UNO","SRC_RAST":"c2909127.nws","DIG_NOTES":" ","REGION":"AB","CONTRACTOR":"APPLIED COASTAL","ORG":"COASTAL PROTECTION AND RESTORATION AUTHORITY OF LOUISIANA (CPRA)","SRC_REG":"USGS","DATAURL":"http://cims.coastal.louisiana.gov/meta_docs/gis_refs/shoreline/BICM2/LA-0226_SHORL_0000000000_1998011019980310_RAC0004.zip","Meta_xml":"http://cims.coastal.louisiana.gov/meta_docs/gis_refs/shoreline/BICM2/Shoreline_Metadata.xml","Meta_html":"http://cims.coastal.louisiana.gov/meta_docs/gis_refs/shoreline/BICM2/Shoreline_Metadata.html","COMMENTS":null,"SHAPE_Length":730.0755861481148,"DSAS_DATE":"03/02/1998","DSAS_UNCER":null,"year":1998}},{"type":"Feature","id":14723,"geometry":{"type":"LineString","coordinates":[[-91.721737,29.563023],[-91.721944,29.563738],[-91.721385,29.563835],[-91.721091,29.562506]]},"properties":{"OBJECTID":14723,"PROGRAM":"STATE","PROJECT":"LOUISIANA BARRIER ISLAND COMPREHENSIVE MONITORING PROGRAM (BICM)","PROJ_ID":"LA-0226","PROD_DATE":"20160926","SHORE_TYPE":"MARSH","SRC_DATE":"19980302","SRC_DATA":"USGS DOQQ","SRC_RES":"1-m pixel","SRC_VECT":"APPLIED COASTAL/UNO","SRC_RAST":"c2909127.nws","DIG_NOTES":" ","REGION":"AB","CONTRACTOR":"APPLIED COASTAL","ORG":"COASTAL PROTECTION AND RESTORATION AUTHORITY OF LOUISIANA (CPRA)","SRC_REG":"USGS","DATAURL":"http://cims.coastal.louisiana.gov/meta_docs/gis_refs/shoreline/BICM2/LA-0226_SHORL_0000000000_1998011019980310_RAC0004.zip","Meta_xml":"http://cims.coastal.louisiana.gov/meta_docs/gis_refs/shoreline/BICM2/Shoreline_Metadata.xml","Meta_html":"http://cims.coastal.louisiana.gov/meta_docs/gis_refs/shoreline/BICM2/Shoreline_Metadata.html","COMMENTS":null,"SHAPE_Length":301.5481769957689,"DSAS_DATE":"03/02/1998","DSAS_UNCER":null,"year":1998}},{"type":"Feature","id":14724,"geometry":{"type":"LineString","coordinates":[[-91.709392,29.562506],[-91.709222,29.562506]]},"properties":{"OBJECTID":14724,"PROGRAM":"STATE","PROJECT":"LOUISIANA BARRIER ISLAND COMPREHENSIVE MONITORING PROGRAM (BICM)","PROJ_ID":"LA-0226","PROD_DATE":"20160926","SHORE_TYPE":"MARSH","SRC_DATE":"19980302","SRC_DATA":"USGS DOQQ","SRC_RES":"1-m pixel","SRC_VECT":"APPLIED COASTAL/UNO","SRC_RAST":"c2909127.nws","DIG_NOTES":" ","REGION":"AB","CONTRACTOR":"APPLIED COASTAL","ORG":"COASTAL PROTECTION AND RESTORATION AUTHORITY OF LOUISIANA (CPRA)","SRC_REG":"USGS","DATAURL":"http://cims.coastal.louisiana.gov/meta_docs/gis_refs/shoreline/BICM2/LA-0226_SHORL_0000000000_1998011019980310_RAC0004.zip","Meta_xml":"http://cims.coastal.louisiana.gov/meta_docs/gis_refs/shoreline/BICM2/Shoreline_Metadata.xml","Meta_html":"http://cims.coastal.louisiana.gov/meta_docs/gis_refs/shoreline/BICM2/Shoreline_Metadata.html","COMMENTS":null,"SHAPE_Length":24.81500642266944,"DSAS_DATE":"03/02/1998","DSAS_UNCER":null,"year":1998}},{"type":"Feature","id":14725,"geometry":{"type":"LineString","coordinates":[[-91.706034,29.569244],[-91.705794,29.569244],[-91.705868,29.568642],[-91.706478,29.568163],[-91.706564,29.567896],[-91.707154,29.56798],[-91.707405,29.567874],[-91.707426,29.567655],[-91.707863,29.567692],[-91.70832,29.567337],[-91.708888,29.56723],[-91.709618,29.566818],[-91.710063,29.566043],[-91.710289,29.56524],[-91.710474,29.565068],[-91.710516,29.564495],[-91.710284,29.563703],[-91.709834,29.563141],[-91.710008,29.563112],[-91.709942,29.562988],[-91.709404,29.562506]]},"properties":{"OBJECTID":14725,"PROGRAM":"STATE","PROJECT":"LOUISIANA BARRIER ISLAND COMPREHENSIVE MONITORING PROGRAM (BICM)","PROJ_ID":"LA-0226","PROD_DATE":"20160926","SHORE_TYPE":"MARSH","SRC_DATE":"19980302","SRC_DATA":"USGS DOQQ","SRC_RES":"1-m pixel","SRC_VECT":"APPLIED COASTAL/UNO","SRC_RAST":"c2909127.nws","DIG_NOTES":" ","REGION":"AB","CONTRACTOR":"APPLIED COASTAL","ORG":"COASTAL PROTECTION AND RESTORATION AUTHORITY OF LOUISIANA (CPRA)","SRC_REG":"USGS","DATAURL":"http://cims.coastal.louisiana.gov/meta_docs/gis_refs/shoreline/BICM2/LA-0226_SHORL_0000000000_1998011019980310_RAC0004.zip","Meta_xml":"http://cims.coastal.louisiana.gov/meta_docs/gis_refs/shoreline/BICM2/Shoreline_Metadata.xml","Meta_html":"http://cims.coastal.louisiana.gov/meta_docs/gis_refs/shoreline/BICM2/Shoreline_Metadata.html","COMMENTS":null,"SHAPE_Length":1157.9119797946678,"DSAS_DATE":"03/02/1998","DSAS_UNCER":null,"year":1998}},{"type":"Feature","id":14729,"geometry":{"type":"LineString","coordinates":[[-91.772587,29.496083],[-91.77122,29.494756],[-91.771268,29.494522],[-91.77153,29.494406],[-91.772571,29.494621],[-91.773181,29.494085]]},"properties":{"OBJECTID":14729,"PROGRAM":"STATE","PROJECT":"LOUISIANA BARRIER ISLAND COMPREHENSIVE MONITORING PROGRAM (BICM)","PROJ_ID":"LA-0226","PROD_DATE":"20160926","SHORE_TYPE":"MARSH","SRC_DATE":"19980110","SRC_DATA":"USGS DOQQ","SRC_RES":"1-m pixel","SRC_VECT":"APPLIED COASTAL/UNO","SRC_RAST":"c2909134.nes","DIG_NOTES":" ","REGION":"AB","CONTRACTOR":"APPLIED COASTAL","ORG":"COASTAL PROTECTION AND RESTORATION AUTHORITY OF LOUISIANA (CPRA)","SRC_REG":"USGS","DATAURL":"http://cims.coastal.louisiana.gov/meta_docs/gis_refs/shoreline/BICM2/LA-0226_SHORL_0000000000_1998011019980310_RAC0004.zip","Meta_xml":"http://cims.coastal.louisiana.gov/meta_docs/gis_refs/shoreline/BICM2/Shoreline_Metadata.xml","Meta_html":"http://cims.coastal.louisiana.gov/meta_docs/gis_refs/shoreline/BICM2/Shoreline_Metadata.html","COMMENTS":null,"SHAPE_Length":456.8467385931145,"DSAS_DATE":"01/10/1998","DSAS_UNCER":null,"year":1998}},{"type":"Feature","id":14730,"geometry":{"type":"LineString","coordinates":[[-91.772587,29.496083],[-91.772951,29.496742]]},"properties":{"OBJECTID":14730,"PROGRAM":"STATE","PROJECT":"LOUISIANA BARRIER ISLAND COMPREHENSIVE MONITORING PROGRAM (BICM)","PROJ_ID":"LA-0226","PROD_DATE":"20160926","SHORE_TYPE":"MARSH","SRC_DATE":"19980110","SRC_DATA":"USGS DOQQ","SRC_RES":"1-m pixel","SRC_VECT":"APPLIED COASTAL/UNO","SRC_RAST":"c2909134.nes","DIG_NOTES":" ","REGION":"AB","CONTRACTOR":"APPLIED COASTAL","ORG":"COASTAL PROTECTION AND RESTORATION AUTHORITY OF LOUISIANA (CPRA)","SRC_REG":"USGS","DATAURL":"http://cims.coastal.louisiana.gov/meta_docs/gis_refs/shoreline/BICM2/LA-0226_SHORL_0000000000_1998011019980310_RAC0004.zip","Meta_xml":"http://cims.coastal.louisiana.gov/meta_docs/gis_refs/shoreline/BICM2/Shoreline_Metadata.xml","Meta_html":"http://cims.coastal.louisiana.gov/meta_docs/gis_refs/shoreline/BICM2/Shoreline_Metadata.html","COMMENTS":null,"SHAPE_Length":81.11129458800144,"DSAS_DATE":"01/10/1998","DSAS_UNCER":null,"year":1998}},{"type":"Feature","id":14731,"geometry":{"type":"LineString","coordinates":[[-91.773633,29.500006],[-91.772951,29.496742]]},"properties":{"OBJECTID":14731,"PROGRAM":"STATE","PROJECT":"LOUISIANA BARRIER ISLAND COMPREHENSIVE MONITORING PROGRAM (BICM)","PROJ_ID":"LA-0226","PROD_DATE":"20160926","SHORE_TYPE":"MARSH","SRC_DATE":"19980110","SRC_DATA":"USGS DOQQ","SRC_RES":"1-m pixel","SRC_VECT":"APPLIED COASTAL/UNO","SRC_RAST":"c2909134.nes","DIG_NOTES":" ","REGION":"AB","CONTRACTOR":"APPLIED COASTAL","ORG":"COASTAL PROTECTION AND RESTORATION AUTHORITY OF LOUISIANA (CPRA)","SRC_REG":"USGS","DATAURL":"http://cims.coastal.louisiana.gov/meta_docs/gis_refs/shoreline/BICM2/LA-0226_SHORL_0000000000_1998011019980310_RAC0004.zip","Meta_xml":"http://cims.coastal.louisiana.gov/meta_docs/gis_refs/shoreline/BICM2/Shoreline_Metadata.xml","Meta_html":"http://cims.coastal.louisiana.gov/meta_docs/gis_refs/shoreline/BICM2/Shoreline_Metadata.html","COMMENTS":null,"SHAPE_Length":370.0828349431162,"DSAS_DATE":"01/10/1998","DSAS_UNCER":null,"year":1998}},{"type":"Feature","id":14732,"geometry":{"type":"LineString","coordinates":[[-91.773134,29.493719],[-91.772645,29.494138],[-91.771744,29.494093],[-91.77114,29.493117],[-91.77047,29.49294],[-91.769484,29.491965],[-91.76835,29.491598],[-91.767731,29.49055],[-91.767103,29.490266],[-91.76804,29.489367],[-91.769514,29.489446],[-91.770836,29.489179]]},"properties":{"OBJECTID":14732,"PROGRAM":"STATE","PROJECT":"LOUISIANA BARRIER ISLAND COMPREHENSIVE MONITORING PROGRAM (BICM)","PROJ_ID":"LA-0226","PROD_DATE":"20160926","SHORE_TYPE":"MIXED","SRC_DATE":"19980110","SRC_DATA":"USGS DOQQ","SRC_RES":"1-m pixel","SRC_VECT":"APPLIED COASTAL/UNO","SRC_RAST":"c2909134.nes","DIG_NOTES":" ","REGION":"AB","CONTRACTOR":"APPLIED COASTAL","ORG":"COASTAL PROTECTION AND RESTORATION AUTHORITY OF LOUISIANA (CPRA)","SRC_REG":"USGS","DATAURL":"http://cims.coastal.louisiana.gov/meta_docs/gis_refs/shoreline/BICM2/LA-0226_SHORL_0000000000_1998011019980310_RAC0004.zip","Meta_xml":"http://cims.coastal.louisiana.gov/meta_docs/gis_refs/shoreline/BICM2/Shoreline_Metadata.xml","Meta_html":"http://cims.coastal.louisiana.gov/meta_docs/gis_refs/shoreline/BICM2/Shoreline_Metadata.html","COMMENTS":null,"SHAPE_Length":1243.6385733388142,"DSAS_DATE":"01/10/1998","DSAS_UNCER":null,"year":1998}},{"type":"Feature","id":14733,"geometry":{"type":"LineString","coordinates":[[-91.770836,29.489179],[-91.772293,29.488625],[-91.772469,29.488147],[-91.772863,29.487788],[-91.773517,29.487678],[-91.773789,29.487462],[-91.773964,29.486984],[-91.7744,29.486923],[-91.77493,29.486384],[-91.776034,29.486261],[-91.777061,29.486352],[-91.777833,29.48579],[-91.778317,29.485099],[-91.778735,29.485031],[-91.77922,29.485255],[-91.779384,29.485046],[-91.779669,29.485017],[-91.779707,29.484795]]},"properties":{"OBJECTID":14733,"PROGRAM":"STATE","PROJECT":"LOUISIANA BARRIER ISLAND COMPREHENSIVE MONITORING PROGRAM (BICM)","PROJ_ID":"LA-0226","PROD_DATE":"20160926","SHORE_TYPE":"MIXED","SRC_DATE":"19980110","SRC_DATA":"USGS DOQQ","SRC_RES":"1-m pixel","SRC_VECT":"APPLIED COASTAL/UNO","SRC_RAST":"c2909134.nes","DIG_NOTES":" ","REGION":"AB","CONTRACTOR":"APPLIED COASTAL","ORG":"COASTAL PROTECTION AND RESTORATION AUTHORITY OF LOUISIANA (CPRA)","SRC_REG":"USGS","DATAURL":"http://cims.coastal.louisiana.gov/meta_docs/gis_refs/shoreline/BICM2/LA-0226_SHORL_0000000000_1998011019980310_RAC0004.zip","Meta_xml":"http://cims.coastal.louisiana.gov/meta_docs/gis_refs/shoreline/BICM2/Shoreline_Metadata.xml","Meta_html":"http://cims.coastal.louisiana.gov/meta_docs/gis_refs/shoreline/BICM2/Shoreline_Metadata.html","COMMENTS":null,"SHAPE_Length":1174.7361524703242,"DSAS_DATE":"01/10/1998","DSAS_UNCER":null,"year":1998}},{"type":"Feature","id":14734,"geometry":{"type":"LineString","coordinates":[[-91.788541,29.483062],[-91.789081,29.484295],[-91.789682,29.484555],[-91.790026,29.485127]]},"properties":{"OBJECTID":14734,"PROGRAM":"STATE","PROJECT":"LOUISIANA BARRIER ISLAND COMPREHENSIVE MONITORING PROGRAM (BICM)","PROJ_ID":"LA-0226","PROD_DATE":"20160926","SHORE_TYPE":"MIXED","SRC_DATE":"19980110","SRC_DATA":"USGS DOQQ","SRC_RES":"1-m pixel","SRC_VECT":"APPLIED COASTAL/UNO","SRC_RAST":"c2909134.nes","DIG_NOTES":" ","REGION":"AB","CONTRACTOR":"APPLIED COASTAL","ORG":"COASTAL PROTECTION AND RESTORATION AUTHORITY OF LOUISIANA (CPRA)","SRC_REG":"USGS","DATAURL":"http://cims.coastal.louisiana.gov/meta_docs/gis_refs/shoreline/BICM2/LA-0226_SHORL_0000000000_1998011019980310_RAC0004.zip","Meta_xml":"http://cims.coastal.louisiana.gov/meta_docs/gis_refs/shoreline/BICM2/Shoreline_Metadata.xml","Meta_html":"http://cims.coastal.louisiana.gov/meta_docs/gis_refs/shoreline/BICM2/Shoreline_Metadata.html","COMMENTS":null,"SHAPE_Length":290.4777465566776,"DSAS_DATE":"01/10/1998","DSAS_UNCER":null,"year":1998}},{"type":"Feature","id":14735,"geometry":{"type":"LineString","coordinates":[[-91.788541,29.483062],[-91.788938,29.482923],[-91.789335,29.48316],[-91.79007,29.482776],[-91.791123,29.483476],[-91.792569,29.483492],[-91.792852,29.48397],[-91.79329,29.48414],[-91.79363,29.48455],[-91.796322,29.486221],[-91.797181,29.486483],[-91.797522,29.48641],[-91.799681,29.487202],[-91.79983,29.486998],[-91.800377,29.487271],[-91.800691,29.48721],[-91.801019,29.487424],[-91.801865,29.487516],[-91.804701,29.487124],[-91.807779,29.486015],[-91.808963,29.485414]]},"properties":{"OBJECTID":14735,"PROGRAM":"STATE","PROJECT":"LOUISIANA BARRIER ISLAND COMPREHENSIVE MONITORING PROGRAM (BICM)","PROJ_ID":"LA-0226","PROD_DATE":"20160926","SHORE_TYPE":"MIXED","SRC_DATE":"19980110","SRC_DATA":"USGS DOQQ","SRC_RES":"1-m pixel","SRC_VECT":"APPLIED COASTAL/UNO","SRC_RAST":"c2909134.nes","DIG_NOTES":" ","REGION":"AB","CONTRACTOR":"APPLIED COASTAL","ORG":"COASTAL PROTECTION AND RESTORATION AUTHORITY OF LOUISIANA (CPRA)","SRC_REG":"USGS","DATAURL":"http://cims.coastal.louisiana.gov/meta_docs/gis_refs/shoreline/BICM2/LA-0226_SHORL_0000000000_1998011019980310_RAC0004.zip","Meta_xml":"http://cims.coastal.louisiana.gov/meta_docs/gis_refs/shoreline/BICM2/Shoreline_Metadata.xml","Meta_html":"http://cims.coastal.louisiana.gov/meta_docs/gis_refs/shoreline/BICM2/Shoreline_Metadata.html","COMMENTS":null,"SHAPE_Length":2316.5659047774693,"DSAS_DATE":"01/10/1998","DSAS_UNCER":null,"year":1998}},{"type":"Feature","id":14736,"geometry":{"type":"LineString","coordinates":[[-91.789876,29.485152],[-91.789491,29.484592],[-91.788904,29.484331],[-91.788806,29.483807],[-91.788314,29.483116],[-91.788472,29.48228],[-91.787922,29.481967],[-91.786379,29.48281],[-91.785593,29.48277],[-91.785127,29.482929],[-91.785087,29.483137],[-91.784891,29.483209],[-91.783965,29.482947],[-91.783541,29.483149],[-91.782779,29.483102],[-91.78211,29.483469],[-91.781997,29.483849],[-91.782096,29.484078],[-91.781925,29.484265],[-91.781073,29.484046],[-91.780699,29.484691],[-91.779994,29.484479],[-91.779757,29.484587],[-91.779707,29.484795]]},"properties":{"OBJECTID":14736,"PROGRAM":"STATE","PROJECT":"LOUISIANA BARRIER ISLAND COMPREHENSIVE MONITORING PROGRAM (BICM)","PROJ_ID":"LA-0226","PROD_DATE":"20160926","SHORE_TYPE":"MIXED","SRC_DATE":"19980110","SRC_DATA":"USGS DOQQ","SRC_RES":"1-m pixel","SRC_VECT":"APPLIED COASTAL/UNO","SRC_RAST":"c2909134.nes","DIG_NOTES":" ","REGION":"AB","CONTRACTOR":"APPLIED COASTAL","ORG":"COASTAL PROTECTION AND RESTORATION AUTHORITY OF LOUISIANA (CPRA)","SRC_REG":"USGS","DATAURL":"http://cims.coastal.louisiana.gov/meta_docs/gis_refs/shoreline/BICM2/LA-0226_SHORL_0000000000_1998011019980310_RAC0004.zip","Meta_xml":"http://cims.coastal.louisiana.gov/meta_docs/gis_refs/shoreline/BICM2/Shoreline_Metadata.xml","Meta_html":"http://cims.coastal.louisiana.gov/meta_docs/gis_refs/shoreline/BICM2/Shoreline_Metadata.html","COMMENTS":null,"SHAPE_Length":1532.8271231713247,"DSAS_DATE":"01/10/1998","DSAS_UNCER":null,"year":1998}},{"type":"Feature","id":14816,"geometry":{"type":"LineString","coordinates":[[-92.029886,29.57709],[-92.031191,29.577395],[-92.032219,29.577974],[-92.032711,29.578079],[-92.033161,29.577862],[-92.032484,29.576851],[-92.031797,29.576222],[-92.031642,29.575471],[-92.030802,29.574496],[-92.030758,29.574043],[-92.030934,29.573875]]},"properties":{"OBJECTID":14816,"PROGRAM":"STATE","PROJECT":"LOUISIANA BARRIER ISLAND COMPREHENSIVE MONITORING PROGRAM (BICM)","PROJ_ID":"LA-0226","PROD_DATE":"20160926","SHORE_TYPE":"MIXED","SRC_DATE":"19980110","SRC_DATA":"USGS DOQQ","SRC_RES":"1-m pixel","SRC_VECT":"APPLIED COASTAL/UNO","SRC_RAST":"c2909232.nes","DIG_NOTES":" ","REGION":"AB","CONTRACTOR":"APPLIED COASTAL","ORG":"COASTAL PROTECTION AND RESTORATION AUTHORITY OF LOUISIANA (CPRA)","SRC_REG":"USGS","DATAURL":"http://cims.coastal.louisiana.gov/meta_docs/gis_refs/shoreline/BICM2/LA-0226_SHORL_0000000000_1998011019980310_RAC0004.zip","Meta_xml":"http://cims.coastal.louisiana.gov/meta_docs/gis_refs/shoreline/BICM2/Shoreline_Metadata.xml","Meta_html":"http://cims.coastal.louisiana.gov/meta_docs/gis_refs/shoreline/BICM2/Shoreline_Metadata.html","COMMENTS":null,"SHAPE_Length":893.9618034423171,"DSAS_DATE":"01/10/1998","DSAS_UNCER":null,"year":1998}},{"type":"Feature","id":14817,"geometry":{"type":"LineString","coordinates":[[-92.030934,29.573875],[-92.030961,29.573708],[-92.030464,29.57303],[-92.029501,29.572021],[-92.02928,29.571592],[-92.029333,29.571329],[-92.028824,29.570795],[-92.028697,29.570151],[-92.028367,29.569902],[-92.027979,29.569105],[-92.026401,29.567919],[-92.026427,29.567693],[-92.025864,29.567194],[-92.024865,29.566865],[-92.016931,29.56261],[-92.015847,29.56184],[-92.014788,29.560747],[-92.011216,29.559465]]},"properties":{"OBJECTID":14817,"PROGRAM":"STATE","PROJECT":"LOUISIANA BARRIER ISLAND COMPREHENSIVE MONITORING PROGRAM (BICM)","PROJ_ID":"LA-0226","PROD_DATE":"20160926","SHORE_TYPE":"MIXED","SRC_DATE":"19980110","SRC_DATA":"USGS DOQQ","SRC_RES":"1-m pixel","SRC_VECT":"APPLIED COASTAL/UNO","SRC_RAST":"c2909232.nes","DIG_NOTES":" ","REGION":"AB","CONTRACTOR":"APPLIED COASTAL","ORG":"COASTAL PROTECTION AND RESTORATION AUTHORITY OF LOUISIANA (CPRA)","SRC_REG":"USGS","DATAURL":"http://cims.coastal.louisiana.gov/meta_docs/gis_refs/shoreline/BICM2/LA-0226_SHORL_0000000000_1998011019980310_RAC0004.zip","Meta_xml":"http://cims.coastal.louisiana.gov/meta_docs/gis_refs/shoreline/BICM2/Shoreline_Metadata.xml","Meta_html":"http://cims.coastal.louisiana.gov/meta_docs/gis_refs/shoreline/BICM2/Shoreline_Metadata.html","COMMENTS":null,"SHAPE_Length":2625.9220707941577,"DSAS_DATE":"01/10/1998","DSAS_UNCER":null,"year":1998}},{"type":"Feature","id":14818,"geometry":{"type":"LineString","coordinates":[[-91.822913,29.479335],[-91.821626,29.478061],[-91.820404,29.476443],[-91.81973,29.476988],[-91.818615,29.478826],[-91.816405,29.481269],[-91.813236,29.483214],[-91.811861,29.483888],[-91.811588,29.483865],[-91.808963,29.485414]]},"properties":{"OBJECTID":14818,"PROGRAM":"STATE","PROJECT":"LOUISIANA BARRIER ISLAND COMPREHENSIVE MONITORING PROGRAM (BICM)","PROJ_ID":"LA-0226","PROD_DATE":"20160926","SHORE_TYPE":"MIXED","SRC_DATE":"19980110","SRC_DATA":"USGS DOQQ","SRC_RES":"1-m pixel","SRC_VECT":"APPLIED COASTAL/UNO","SRC_RAST":"c2909134.nws","DIG_NOTES":" ","REGION":"AB","CONTRACTOR":"APPLIED COASTAL","ORG":"COASTAL PROTECTION AND RESTORATION AUTHORITY OF LOUISIANA (CPRA)","SRC_REG":"USGS","DATAURL":"http://cims.coastal.louisiana.gov/meta_docs/gis_refs/shoreline/BICM2/LA-0226_SHORL_0000000000_1998011019980310_RAC0004.zip","Meta_xml":"http://cims.coastal.louisiana.gov/meta_docs/gis_refs/shoreline/BICM2/Shoreline_Metadata.xml","Meta_html":"http://cims.coastal.louisiana.gov/meta_docs/gis_refs/shoreline/BICM2/Shoreline_Metadata.html","COMMENTS":null,"SHAPE_Length":1960.263468486101,"DSAS_DATE":"01/10/1998","DSAS_UNCER":null,"year":1998}},{"type":"Feature","id":14841,"geometry":{"type":"LineString","coordinates":[[-91.853454,29.741078],[-91.853674,29.741225],[-91.854398,29.741152]]},"properties":{"OBJECTID":14841,"PROGRAM":"STATE","PROJECT":"LOUISIANA BARRIER ISLAND COMPREHENSIVE MONITORING PROGRAM (BICM)","PROJ_ID":"LA-0226","PROD_DATE":"20160926","SHORE_TYPE":"MARSH","SRC_DATE":"19980110","SRC_DATA":"USGS DOQQ","SRC_RES":"1-m pixel","SRC_VECT":"APPLIED COASTAL/UNO","SRC_RAST":"c2909118.nws","DIG_NOTES":" ","REGION":"AB","CONTRACTOR":"APPLIED COASTAL","ORG":"COASTAL PROTECTION AND RESTORATION AUTHORITY OF LOUISIANA (CPRA)","SRC_REG":"USGS","DATAURL":"http://cims.coastal.louisiana.gov/meta_docs/gis_refs/shoreline/BICM2/LA-0226_SHORL_0000000000_1998011019980310_RAC0004.zip","Meta_xml":"http://cims.coastal.louisiana.gov/meta_docs/gis_refs/shoreline/BICM2/Shoreline_Metadata.xml","Meta_html":"http://cims.coastal.louisiana.gov/meta_docs/gis_refs/shoreline/BICM2/Shoreline_Metadata.html","COMMENTS":null,"SHAPE_Length":97.69630187484604,"DSAS_DATE":"01/10/1998","DSAS_UNCER":null,"year":1998}},{"type":"Feature","id":14842,"geometry":{"type":"LineString","coordinates":[[-91.855256,29.740299],[-91.854839,29.739181]]},"properties":{"OBJECTID":14842,"PROGRAM":"STATE","PROJECT":"LOUISIANA BARRIER ISLAND COMPREHENSIVE MONITORING PROGRAM (BICM)","PROJ_ID":"LA-0226","PROD_DATE":"20160926","SHORE_TYPE":"BEACH","SRC_DATE":"19980110","SRC_DATA":"USGS DOQQ","SRC_RES":"1-m pixel","SRC_VECT":"APPLIED COASTAL/UNO","SRC_RAST":"c2909118.nws","DIG_NOTES":" ","REGION":"AB","CONTRACTOR":"APPLIED COASTAL","ORG":"COASTAL PROTECTION AND RESTORATION AUTHORITY OF LOUISIANA (CPRA)","SRC_REG":"USGS","DATAURL":"http://cims.coastal.louisiana.gov/meta_docs/gis_refs/shoreline/BICM2/LA-0226_SHORL_0000000000_1998011019980310_RAC0004.zip","Meta_xml":"http://cims.coastal.louisiana.gov/meta_docs/gis_refs/shoreline/BICM2/Shoreline_Metadata.xml","Meta_html":"http://cims.coastal.louisiana.gov/meta_docs/gis_refs/shoreline/BICM2/Shoreline_Metadata.html","COMMENTS":null,"SHAPE_Length":676.0467126195555,"DSAS_DATE":"01/10/1998","DSAS_UNCER":null,"year":1998}},{"type":"Feature","id":14843,"geometry":{"type":"LineString","coordinates":[[-92.030659,29.575121],[-92.030122,29.576448],[-92.030178,29.576699],[-92.030014,29.576664],[-92.029886,29.57709]]},"properties":{"OBJECTID":14843,"PROGRAM":"STATE","PROJECT":"LOUISIANA BARRIER ISLAND COMPREHENSIVE MONITORING PROGRAM (BICM)","PROJ_ID":"LA-0226","PROD_DATE":"20160926","SHORE_TYPE":"MARSH","SRC_DATE":"19980110","SRC_DATA":"USGS DOQQ","SRC_RES":"1-m pixel","SRC_VECT":"APPLIED COASTAL/UNO","SRC_RAST":"c2909232.nes","DIG_NOTES":" ","REGION":"AB","CONTRACTOR":"APPLIED COASTAL","ORG":"COASTAL PROTECTION AND RESTORATION AUTHORITY OF LOUISIANA (CPRA)","SRC_REG":"USGS","DATAURL":"http://cims.coastal.louisiana.gov/meta_docs/gis_refs/shoreline/BICM2/LA-0226_SHORL_0000000000_1998011019980310_RAC0004.zip","Meta_xml":"http://cims.coastal.louisiana.gov/meta_docs/gis_refs/shoreline/BICM2/Shoreline_Metadata.xml","Meta_html":"http://cims.coastal.louisiana.gov/meta_docs/gis_refs/shoreline/BICM2/Shoreline_Metadata.html","COMMENTS":null,"SHAPE_Length":257.2495003433096,"DSAS_DATE":"01/10/1998","DSAS_UNCER":null,"year":1998}},{"type":"Feature","id":15034,"geometry":{"type":"LineString","coordinates":[[-91.822459,29.80866],[-91.823371,29.809229],[-91.823972,29.808988],[-91.824124,29.808749]]},"properties":{"OBJECTID":15034,"PROGRAM":"STATE","PROJECT":"LOUISIANA BARRIER ISLAND COMPREHENSIVE MONITORING PROGRAM (BICM)","PROJ_ID":"LA-0226","PROD_DATE":"20160926","SHORE_TYPE":"MARSH","SRC_DATE":"19980110","SRC_DATA":"USGS DOQQ","SRC_RES":"1-m pixel","SRC_VECT":"APPLIED COASTAL/UNO","SRC_RAST":"c2909110.sws","DIG_NOTES":" ","REGION":"AB","CONTRACTOR":"APPLIED COASTAL","ORG":"COASTAL PROTECTION AND RESTORATION AUTHORITY OF LOUISIANA (CPRA)","SRC_REG":"USGS","DATAURL":"http://cims.coastal.louisiana.gov/meta_docs/gis_refs/shoreline/BICM2/LA-0226_SHORL_0000000000_1998011019980310_RAC0004.zip","Meta_xml":"http://cims.coastal.louisiana.gov/meta_docs/gis_refs/shoreline/BICM2/Shoreline_Metadata.xml","Meta_html":"http://cims.coastal.louisiana.gov/meta_docs/gis_refs/shoreline/BICM2/Shoreline_Metadata.html","COMMENTS":null,"SHAPE_Length":213.54133094872896,"DSAS_DATE":"01/10/1998","DSAS_UNCER":null,"year":1998}},{"type":"Feature","id":15111,"geometry":{"type":"LineString","coordinates":[[-91.879091,29.625544],[-91.879384,29.625006]]},"properties":{"OBJECTID":15111,"PROGRAM":"STATE","PROJECT":"LOUISIANA BARRIER ISLAND COMPREHENSIVE MONITORING PROGRAM (BICM)","PROJ_ID":"LA-0226","PROD_DATE":"20160926","SHORE_TYPE":"MARSH","SRC_DATE":"19980302","SRC_DATA":"USGS DOQQ","SRC_RES":"1-m pixel","SRC_VECT":"APPLIED COASTAL/UNO","SRC_RAST":"c2909117.ses","DIG_NOTES":" ","REGION":"AB","CONTRACTOR":"APPLIED COASTAL","ORG":"COASTAL PROTECTION AND RESTORATION AUTHORITY OF LOUISIANA (CPRA)","SRC_REG":"USGS","DATAURL":"http://cims.coastal.louisiana.gov/meta_docs/gis_refs/shoreline/BICM2/LA-0226_SHORL_0000000000_1998011019980310_RAC0004.zip","Meta_xml":"http://cims.coastal.louisiana.gov/meta_docs/gis_refs/shoreline/BICM2/Shoreline_Metadata.xml","Meta_html":"http://cims.coastal.louisiana.gov/meta_docs/gis_refs/shoreline/BICM2/Shoreline_Metadata.html","COMMENTS":null,"SHAPE_Length":67.00265247923872,"DSAS_DATE":"03/02/1998","DSAS_UNCER":null,"year":1998}}],"_harvest":{"tool":"tools/gis-harvest.mjs","harvestedAt":"2026-08-02T18:39:37.904Z","sourceUrl":"https://cimsgeo3.coastal.louisiana.gov/arcgis/rest/services/lasard/shoreline/MapServer/0/query","dateWindow":"SRC_DATE>='19940101' AND SRC_DATE<='19991231'","envelopeFilterWGS84":[-92.05002183554372,29.357702082864506,-91.22163264746506,30.123086027489265],"coordPrecisionDecimals":6,"simplifyToleranceDegrees":0.0001,"envelopeMatchCount":630,"parishClippedCount":313,"attribution":"Louisiana CPRA / LSU LaSARD (BICM program) -- attribution wording pending confirmation with CPRA/LSU (see data/gis/sources.json openQuestions.cpra-cims-terms-of-use)"}}