{"type":"FeatureCollection","features":[{"type":"Feature","id":10193,"geometry":{"type":"LineString","coordinates":[[-91.600307,29.50848],[-91.600085,29.50828],[-91.596992,29.509162],[-91.595207,29.510081],[-91.594619,29.510189],[-91.59426,29.510518],[-91.593978,29.510558],[-91.593955,29.510705],[-91.594124,29.510879],[-91.594926,29.51083],[-91.595347,29.511184],[-91.59576,29.511116],[-91.596904,29.510439],[-91.600194,29.509296],[-91.600468,29.508914],[-91.600307,29.50848]]},"properties":{"OBJECTID":10193,"PROGRAM":"STATE","PROJECT":"LOUISIANA BARRIER ISLAND COMPREHENSIVE MONITORING PROGRAM (BICM)","PROJ_ID":"LA-0226","PROD_DATE":"20160929","SHORE_TYPE":"MARSH","SRC_DATE":"19480313","SRC_DATA":"USC&GS T-SHEET","SRC_RES":"1:20,000","SRC_VECT":"APPLIED COASTAL","SRC_RAST":"T09023","DIG_NOTES":" ","REGION":"AB","CONTRACTOR":"APPLIED COASTAL","ORG":"COASTAL PROTECTION AND RESTORATION AUTHORITY OF LOUISIANA (CPRA)","SRC_REG":"APPLIED COASTAL","DATAURL":"http://cims.coastal.louisiana.gov/meta_docs/gis_refs/shoreline/BICM2/LA-0226_SHORL_0000000000_1948031319581011_RAC0003.zip","Meta_xml":"http://cims.coastal.louisiana.gov/meta_docs/gis_refs/shoreline/BICM2/Shoreline_Metadata.xml","Meta_html":"http://cims.coastal.louisiana.gov/meta_docs/gis_refs/shoreline/BICM2/Shoreline_Metadata.html","COMMENTS":null,"SHAPE_Length":1520.0152482528736,"DSAS_DATE":"03/13/1948","DSAS_UNCER":null,"year":1948}},{"type":"Feature","id":10234,"geometry":{"type":"LineString","coordinates":[[-92.000076,29.607087],[-92.00032,29.606786],[-92.000538,29.606852],[-92.000854,29.60662],[-92.001459,29.606678],[-92.001945,29.606391],[-92.002147,29.606485],[-92.002632,29.606015],[-92.003159,29.605972],[-92.003196,29.605708],[-92.003613,29.605394],[-92.005021,29.605089],[-92.005461,29.604768],[-92.005652,29.604395],[-92.005842,29.602973],[-92.006396,29.602137],[-92.006219,29.601825],[-92.006215,29.601313],[-92.006439,29.600846],[-92.006236,29.600458],[-92.006232,29.599839],[-92.006537,29.5985],[-92.007253,29.597053],[-92.007268,29.596724],[-92.007128,29.596618],[-92.007412,29.595945],[-92.007391,29.595532],[-92.007762,29.59469],[-92.008186,29.594168],[-92.008449,29.594221],[-92.009711,29.593443],[-92.009657,29.593275],[-92.008886,29.593011],[-92.009411,29.592978],[-92.009749,29.592549],[-92.010152,29.592715],[-92.011593,29.592516],[-92.012393,29.591939],[-92.011405,29.591952],[-92.011684,29.591759],[-92.01227,29.591818],[-92.012932,29.591547],[-92.013154,29.59205],[-92.014109,29.591617]]},"properties":{"OBJECTID":10234,"PROGRAM":"STATE","PROJECT":"LOUISIANA BARRIER ISLAND COMPREHENSIVE MONITORING PROGRAM (BICM)","PROJ_ID":"LA-0226","PROD_DATE":"20160929","SHORE_TYPE":"MARSH","SRC_DATE":"19480313","SRC_DATA":"USC&GS T-SHEET","SRC_RES":"1:20,000","SRC_VECT":"APPLIED COASTAL","SRC_RAST":"T09113","DIG_NOTES":" ","REGION":"AB","CONTRACTOR":"APPLIED COASTAL","ORG":"COASTAL PROTECTION AND RESTORATION AUTHORITY OF LOUISIANA (CPRA)","SRC_REG":"APPLIED COASTAL","DATAURL":"http://cims.coastal.louisiana.gov/meta_docs/gis_refs/shoreline/BICM2/LA-0226_SHORL_0000000000_1948031319581011_RAC0003.zip","Meta_xml":"http://cims.coastal.louisiana.gov/meta_docs/gis_refs/shoreline/BICM2/Shoreline_Metadata.xml","Meta_html":"http://cims.coastal.louisiana.gov/meta_docs/gis_refs/shoreline/BICM2/Shoreline_Metadata.html","COMMENTS":null,"SHAPE_Length":3120.9103481605653,"DSAS_DATE":"03/13/1948","DSAS_UNCER":null,"year":1948}},{"type":"Feature","id":10235,"geometry":{"type":"LineString","coordinates":[[-92.014376,29.591401],[-92.014621,29.591813],[-92.015128,29.591826],[-92.015537,29.591594],[-92.018237,29.591588],[-92.019322,29.590475],[-92.02017,29.589141],[-92.019964,29.588416],[-92.019199,29.587718],[-92.018782,29.588413],[-92.018086,29.588437],[-92.017994,29.58835],[-92.018338,29.588422],[-92.018757,29.588199],[-92.018885,29.587871],[-92.018795,29.587574],[-92.017397,29.587137],[-92.016689,29.586559],[-92.016214,29.586461],[-92.015936,29.586028],[-92.016787,29.586405],[-92.017418,29.58697],[-92.018571,29.587221],[-92.019007,29.587165],[-92.018962,29.585107],[-92.018622,29.585179],[-92.017908,29.584748],[-92.016936,29.584633],[-92.016352,29.584208],[-92.016519,29.5841],[-92.016958,29.584519],[-92.017807,29.584548],[-92.018678,29.584951],[-92.018435,29.584047],[-92.018622,29.583538],[-92.018588,29.582943],[-92.019515,29.582076],[-92.019563,29.581354],[-92.019091,29.581657],[-92.018364,29.581527]]},"properties":{"OBJECTID":10235,"PROGRAM":"STATE","PROJECT":"LOUISIANA BARRIER ISLAND COMPREHENSIVE MONITORING PROGRAM (BICM)","PROJ_ID":"LA-0226","PROD_DATE":"20160929","SHORE_TYPE":"MARSH","SRC_DATE":"19480313","SRC_DATA":"USC&GS T-SHEET","SRC_RES":"1:20,000","SRC_VECT":"APPLIED COASTAL","SRC_RAST":"T09113","DIG_NOTES":" ","REGION":"AB","CONTRACTOR":"APPLIED COASTAL","ORG":"COASTAL PROTECTION AND RESTORATION AUTHORITY OF LOUISIANA (CPRA)","SRC_REG":"APPLIED COASTAL","DATAURL":"http://cims.coastal.louisiana.gov/meta_docs/gis_refs/shoreline/BICM2/LA-0226_SHORL_0000000000_1948031319581011_RAC0003.zip","Meta_xml":"http://cims.coastal.louisiana.gov/meta_docs/gis_refs/shoreline/BICM2/Shoreline_Metadata.xml","Meta_html":"http://cims.coastal.louisiana.gov/meta_docs/gis_refs/shoreline/BICM2/Shoreline_Metadata.html","COMMENTS":null,"SHAPE_Length":3354.07364964567,"DSAS_DATE":"03/13/1948","DSAS_UNCER":null,"year":1948}},{"type":"Feature","id":10236,"geometry":{"type":"LineString","coordinates":[[-91.985776,29.612579],[-91.984998,29.612864],[-91.984851,29.613586],[-91.984086,29.613911],[-91.983922,29.614863],[-91.983304,29.615633],[-91.98249,29.615431],[-91.981679,29.615682],[-91.980561,29.615286],[-91.97824,29.613166],[-91.977558,29.613175],[-91.977043,29.612599],[-91.976552,29.61267],[-91.97613,29.612363],[-91.9755,29.612343],[-91.974983,29.611711],[-91.974585,29.611616],[-91.974275,29.611337],[-91.973482,29.611421],[-91.972445,29.611225],[-91.971315,29.610761],[-91.969707,29.610477],[-91.969039,29.609706],[-91.968131,29.609155],[-91.96756,29.609072],[-91.968207,29.608691]]},"properties":{"OBJECTID":10236,"PROGRAM":"STATE","PROJECT":"LOUISIANA BARRIER ISLAND COMPREHENSIVE MONITORING PROGRAM (BICM)","PROJ_ID":"LA-0226","PROD_DATE":"20160929","SHORE_TYPE":"MARSH","SRC_DATE":"19480313","SRC_DATA":"USC&GS T-SHEET","SRC_RES":"1:20,000","SRC_VECT":"APPLIED COASTAL","SRC_RAST":"T09114","DIG_NOTES":" ","REGION":"AB","CONTRACTOR":"APPLIED COASTAL","ORG":"COASTAL PROTECTION AND RESTORATION AUTHORITY OF LOUISIANA (CPRA)","SRC_REG":"APPLIED COASTAL","DATAURL":"http://cims.coastal.louisiana.gov/meta_docs/gis_refs/shoreline/BICM2/LA-0226_SHORL_0000000000_1948031319581011_RAC0003.zip","Meta_xml":"http://cims.coastal.louisiana.gov/meta_docs/gis_refs/shoreline/BICM2/Shoreline_Metadata.xml","Meta_html":"http://cims.coastal.louisiana.gov/meta_docs/gis_refs/shoreline/BICM2/Shoreline_Metadata.html","COMMENTS":null,"SHAPE_Length":2435.2478804230027,"DSAS_DATE":"03/13/1948","DSAS_UNCER":null,"year":1948}},{"type":"Feature","id":10237,"geometry":{"type":"LineString","coordinates":[[-91.89199,29.628595],[-91.889586,29.629099],[-91.888875,29.62897],[-91.887785,29.629048],[-91.887508,29.629359],[-91.887099,29.629411],[-91.885763,29.630216],[-91.884893,29.630323],[-91.884377,29.630237],[-91.884342,29.629949],[-91.883995,29.629637],[-91.883453,29.629664],[-91.883129,29.629458],[-91.882734,29.629594],[-91.881853,29.629354],[-91.880979,29.629719],[-91.880742,29.630178],[-91.880204,29.630632],[-91.879324,29.630033],[-91.878933,29.629933],[-91.878222,29.629106],[-91.877366,29.62897],[-91.877132,29.628795],[-91.877337,29.628004],[-91.878128,29.627565],[-91.878421,29.627163]]},"properties":{"OBJECTID":10237,"PROGRAM":"STATE","PROJECT":"LOUISIANA BARRIER ISLAND COMPREHENSIVE MONITORING PROGRAM (BICM)","PROJ_ID":"LA-0226","PROD_DATE":"20160929","SHORE_TYPE":"MARSH","SRC_DATE":"19480313","SRC_DATA":"USC&GS T-SHEET","SRC_RES":"1:20,000","SRC_VECT":"APPLIED COASTAL","SRC_RAST":"T09563","DIG_NOTES":" ","REGION":"AB","CONTRACTOR":"APPLIED COASTAL","ORG":"COASTAL PROTECTION AND RESTORATION AUTHORITY OF LOUISIANA (CPRA)","SRC_REG":"APPLIED COASTAL","DATAURL":"http://cims.coastal.louisiana.gov/meta_docs/gis_refs/shoreline/BICM2/LA-0226_SHORL_0000000000_1948031319581011_RAC0003.zip","Meta_xml":"http://cims.coastal.louisiana.gov/meta_docs/gis_refs/shoreline/BICM2/Shoreline_Metadata.xml","Meta_html":"http://cims.coastal.louisiana.gov/meta_docs/gis_refs/shoreline/BICM2/Shoreline_Metadata.html","COMMENTS":null,"SHAPE_Length":1977.7935557588485,"DSAS_DATE":"03/13/1948","DSAS_UNCER":null,"year":1948}},{"type":"Feature","id":10238,"geometry":{"type":"LineString","coordinates":[[-92.000076,29.607087],[-91.999463,29.607249],[-91.998186,29.608276],[-91.997213,29.608648],[-91.99584,29.608671],[-91.994375,29.609759],[-91.993819,29.60998],[-91.993059,29.609954],[-91.991652,29.610362],[-91.991287,29.61073],[-91.991035,29.61142],[-91.989455,29.612431],[-91.988581,29.613214],[-91.987854,29.613581],[-91.985656,29.614031],[-91.985584,29.613086]]},"properties":{"OBJECTID":10238,"PROGRAM":"STATE","PROJECT":"LOUISIANA BARRIER ISLAND COMPREHENSIVE MONITORING PROGRAM (BICM)","PROJ_ID":"LA-0226","PROD_DATE":"20160929","SHORE_TYPE":"MARSH","SRC_DATE":"19480313","SRC_DATA":"USC&GS T-SHEET","SRC_RES":"1:20,000","SRC_VECT":"APPLIED COASTAL","SRC_RAST":"T09114","DIG_NOTES":" ","REGION":"AB","CONTRACTOR":"APPLIED COASTAL","ORG":"COASTAL PROTECTION AND RESTORATION AUTHORITY OF LOUISIANA (CPRA)","SRC_REG":"APPLIED COASTAL","DATAURL":"http://cims.coastal.louisiana.gov/meta_docs/gis_refs/shoreline/BICM2/LA-0226_SHORL_0000000000_1948031319581011_RAC0003.zip","Meta_xml":"http://cims.coastal.louisiana.gov/meta_docs/gis_refs/shoreline/BICM2/Shoreline_Metadata.xml","Meta_html":"http://cims.coastal.louisiana.gov/meta_docs/gis_refs/shoreline/BICM2/Shoreline_Metadata.html","COMMENTS":null,"SHAPE_Length":1810.735646029249,"DSAS_DATE":"03/13/1948","DSAS_UNCER":null,"year":1948}},{"type":"Feature","id":10239,"geometry":{"type":"LineString","coordinates":[[-91.968351,29.608428],[-91.966364,29.608527],[-91.965104,29.608281],[-91.964066,29.608752],[-91.963734,29.608692],[-91.963325,29.609053],[-91.962312,29.609127],[-91.962068,29.60935],[-91.960914,29.609294],[-91.960644,29.609433],[-91.959751,29.609208],[-91.958467,29.609313],[-91.958141,29.609025],[-91.958517,29.609061],[-91.958655,29.608663],[-91.957841,29.608552],[-91.957553,29.608668],[-91.957652,29.609065],[-91.957539,29.609081],[-91.956829,29.608863],[-91.955387,29.608961],[-91.955046,29.608856],[-91.953911,29.609136],[-91.953587,29.609084],[-91.953265,29.6093],[-91.95267,29.609142],[-91.951553,29.6094],[-91.952825,29.608767],[-91.953042,29.608476],[-91.952868,29.608497]]},"properties":{"OBJECTID":10239,"PROGRAM":"STATE","PROJECT":"LOUISIANA BARRIER ISLAND COMPREHENSIVE MONITORING PROGRAM (BICM)","PROJ_ID":"LA-0226","PROD_DATE":"20160929","SHORE_TYPE":"MARSH","SRC_DATE":"19480313","SRC_DATA":"USC&GS T-SHEET","SRC_RES":"1:20,000","SRC_VECT":"APPLIED COASTAL","SRC_RAST":"T09114","DIG_NOTES":" ","REGION":"AB","CONTRACTOR":"APPLIED COASTAL","ORG":"COASTAL PROTECTION AND RESTORATION AUTHORITY OF LOUISIANA (CPRA)","SRC_REG":"APPLIED COASTAL","DATAURL":"http://cims.coastal.louisiana.gov/meta_docs/gis_refs/shoreline/BICM2/LA-0226_SHORL_0000000000_1948031319581011_RAC0003.zip","Meta_xml":"http://cims.coastal.louisiana.gov/meta_docs/gis_refs/shoreline/BICM2/Shoreline_Metadata.xml","Meta_html":"http://cims.coastal.louisiana.gov/meta_docs/gis_refs/shoreline/BICM2/Shoreline_Metadata.html","COMMENTS":null,"SHAPE_Length":2173.336169999947,"DSAS_DATE":"03/13/1948","DSAS_UNCER":null,"year":1948}},{"type":"Feature","id":10240,"geometry":{"type":"LineString","coordinates":[[-91.952885,29.608497],[-91.951801,29.609162],[-91.950295,29.608779],[-91.949981,29.608941],[-91.949722,29.609362],[-91.949102,29.609541],[-91.948305,29.609354],[-91.948109,29.608713],[-91.947855,29.608538],[-91.948123,29.609462],[-91.949261,29.6098],[-91.949253,29.60996],[-91.948808,29.6101],[-91.948423,29.610018],[-91.948014,29.610295],[-91.947158,29.610451],[-91.945987,29.610465],[-91.944933,29.610905]]},"properties":{"OBJECTID":10240,"PROGRAM":"STATE","PROJECT":"LOUISIANA BARRIER ISLAND COMPREHENSIVE MONITORING PROGRAM (BICM)","PROJ_ID":"LA-0226","PROD_DATE":"20160929","SHORE_TYPE":"MARSH","SRC_DATE":"19480313","SRC_DATA":"USC&GS T-SHEET","SRC_RES":"1:20,000","SRC_VECT":"APPLIED COASTAL","SRC_RAST":"T09114","DIG_NOTES":" ","REGION":"AB","CONTRACTOR":"APPLIED COASTAL","ORG":"COASTAL PROTECTION AND RESTORATION AUTHORITY OF LOUISIANA (CPRA)","SRC_REG":"APPLIED COASTAL","DATAURL":"http://cims.coastal.louisiana.gov/meta_docs/gis_refs/shoreline/BICM2/LA-0226_SHORL_0000000000_1948031319581011_RAC0003.zip","Meta_xml":"http://cims.coastal.louisiana.gov/meta_docs/gis_refs/shoreline/BICM2/Shoreline_Metadata.xml","Meta_html":"http://cims.coastal.louisiana.gov/meta_docs/gis_refs/shoreline/BICM2/Shoreline_Metadata.html","COMMENTS":null,"SHAPE_Length":1333.9152765850945,"DSAS_DATE":"03/13/1948","DSAS_UNCER":null,"year":1948}},{"type":"Feature","id":10241,"geometry":{"type":"LineString","coordinates":[[-91.944933,29.610905],[-91.942928,29.610609],[-91.942411,29.610359],[-91.941775,29.610744],[-91.941605,29.610057],[-91.940905,29.609877]]},"properties":{"OBJECTID":10241,"PROGRAM":"STATE","PROJECT":"LOUISIANA BARRIER ISLAND COMPREHENSIVE MONITORING PROGRAM (BICM)","PROJ_ID":"LA-0226","PROD_DATE":"20160929","SHORE_TYPE":"MARSH","SRC_DATE":"19480313","SRC_DATA":"USC&GS T-SHEET","SRC_RES":"1:20,000","SRC_VECT":"APPLIED COASTAL","SRC_RAST":"T09114","DIG_NOTES":" ","REGION":"AB","CONTRACTOR":"APPLIED COASTAL","ORG":"COASTAL PROTECTION AND RESTORATION AUTHORITY OF LOUISIANA (CPRA)","SRC_REG":"APPLIED COASTAL","DATAURL":"http://cims.coastal.louisiana.gov/meta_docs/gis_refs/shoreline/BICM2/LA-0226_SHORL_0000000000_1948031319581011_RAC0003.zip","Meta_xml":"http://cims.coastal.louisiana.gov/meta_docs/gis_refs/shoreline/BICM2/Shoreline_Metadata.xml","Meta_html":"http://cims.coastal.louisiana.gov/meta_docs/gis_refs/shoreline/BICM2/Shoreline_Metadata.html","COMMENTS":null,"SHAPE_Length":507.50273915750836,"DSAS_DATE":"03/13/1948","DSAS_UNCER":null,"year":1948}},{"type":"Feature","id":10242,"geometry":{"type":"LineString","coordinates":[[-91.940504,29.610012],[-91.940689,29.610263],[-91.940673,29.610591],[-91.940265,29.611059],[-91.937401,29.611538],[-91.936345,29.611879],[-91.934734,29.612796],[-91.934378,29.613233],[-91.93374,29.613335],[-91.933102,29.614835],[-91.931354,29.61634],[-91.930644,29.617459],[-91.929726,29.618473],[-91.929258,29.61927],[-91.928794,29.620593],[-91.928245,29.62094],[-91.92781,29.621628],[-91.927348,29.621471],[-91.927192,29.621708],[-91.926083,29.621733],[-91.925788,29.621477]]},"properties":{"OBJECTID":10242,"PROGRAM":"STATE","PROJECT":"LOUISIANA BARRIER ISLAND COMPREHENSIVE MONITORING PROGRAM (BICM)","PROJ_ID":"LA-0226","PROD_DATE":"20160929","SHORE_TYPE":"MARSH","SRC_DATE":"19480313","SRC_DATA":"USC&GS T-SHEET","SRC_RES":"1:20,000","SRC_VECT":"APPLIED COASTAL","SRC_RAST":"T09114","DIG_NOTES":" ","REGION":"AB","CONTRACTOR":"APPLIED COASTAL","ORG":"COASTAL PROTECTION AND RESTORATION AUTHORITY OF LOUISIANA (CPRA)","SRC_REG":"APPLIED COASTAL","DATAURL":"http://cims.coastal.louisiana.gov/meta_docs/gis_refs/shoreline/BICM2/LA-0226_SHORL_0000000000_1948031319581011_RAC0003.zip","Meta_xml":"http://cims.coastal.louisiana.gov/meta_docs/gis_refs/shoreline/BICM2/Shoreline_Metadata.xml","Meta_html":"http://cims.coastal.louisiana.gov/meta_docs/gis_refs/shoreline/BICM2/Shoreline_Metadata.html","COMMENTS":null,"SHAPE_Length":2204.20963435689,"DSAS_DATE":"03/13/1948","DSAS_UNCER":null,"year":1948}},{"type":"Feature","id":10243,"geometry":{"type":"LineString","coordinates":[[-92.000143,29.553666],[-91.999599,29.553261],[-91.999448,29.552684],[-91.999527,29.552359],[-91.998653,29.552306],[-91.994427,29.551319],[-91.992263,29.550428],[-91.99093,29.54964],[-91.988199,29.54876],[-91.983826,29.546689],[-91.980179,29.546073],[-91.975458,29.544225],[-91.971179,29.541763],[-91.970652,29.541185],[-91.96959,29.539013],[-91.96892,29.538085],[-91.968366,29.537553],[-91.967428,29.536992],[-91.967251,29.536596],[-91.966331,29.536187],[-91.965295,29.535375],[-91.964744,29.535217],[-91.963818,29.535222],[-91.962544,29.53548],[-91.961629,29.535836],[-91.960786,29.536451],[-91.958955,29.537056],[-91.958273,29.536929],[-91.955986,29.537238],[-91.953942,29.537148],[-91.952901,29.536947],[-91.95001,29.535669],[-91.94887,29.534819],[-91.947832,29.533785],[-91.947691,29.533534],[-91.947722,29.532846],[-91.947275,29.532558],[-91.946926,29.532751],[-91.945737,29.532535],[-91.945527,29.532375],[-91.945533,29.531986],[-91.945386,29.53217],[-91.94466,29.532028],[-91.944684,29.531722],[-91.942802,29.53099],[-91.942424,29.530671],[-91.941084,29.530104],[-91.94075,29.529777],[-91.940322,29.52968],[-91.94026,29.529505],[-91.939604,29.529401],[-91.938526,29.528772],[-91.937749,29.52892],[-91.935905,29.528669],[-91.934977,29.528437],[-91.93425,29.52805],[-91.933812,29.527785],[-91.933284,29.527154],[-91.932749,29.526858],[-91.931945,29.525219],[-91.93135,29.525092],[-91.930482,29.524516],[-91.929478,29.523145],[-91.929172,29.523086],[-91.929127,29.522826],[-91.928115,29.522991],[-91.926408,29.522304],[-91.926217,29.522633],[-91.925434,29.523018],[-91.92443,29.523145],[-91.923093,29.523075],[-91.922041,29.522407],[-91.921733,29.522042],[-91.919219,29.520778],[-91.918789,29.520321],[-91.918017,29.519866],[-91.917858,29.519531],[-91.916973,29.518947],[-91.916708,29.51852],[-91.916017,29.518241],[-91.914138,29.518058],[-91.912708,29.518385],[-91.910157,29.518328],[-91.909632,29.51817],[-91.908995,29.518203],[-91.908708,29.51841],[-91.908192,29.518268],[-91.907048,29.518295],[-91.905622,29.517897],[-91.905158,29.517662],[-91.904322,29.51668],[-91.90307,29.516075],[-91.902806,29.515732],[-91.90121,29.514662],[-91.900919,29.514029],[-91.90115,29.51331],[-91.900584,29.513565],[-91.899746,29.513629],[-91.898433,29.513062],[-91.897651,29.512248],[-91.897535,29.511806],[-91.897088,29.511548],[-91.897093,29.510807],[-91.896656,29.51074],[-91.895813,29.509926],[-91.893926,29.509835],[-91.893348,29.509547],[-91.892462,29.50878],[-91.89192,29.508637],[-91.891318,29.508731],[-91.889436,29.508074],[-91.887189,29.506006],[-91.886661,29.505214],[-91.885846,29.504667],[-91.88573,29.504194],[-91.884255,29.502703],[-91.88382,29.501483],[-91.883443,29.501202],[-91.882647,29.500961],[-91.882185,29.501047],[-91.881219,29.501708],[-91.878021,29.502867],[-91.876293,29.503141],[-91.875943,29.502921],[-91.875648,29.503274],[-91.875113,29.503291]]},"properties":{"OBJECTID":10243,"PROGRAM":"STATE","PROJECT":"LOUISIANA BARRIER ISLAND COMPREHENSIVE MONITORING PROGRAM (BICM)","PROJ_ID":"LA-0226","PROD_DATE":"20160929","SHORE_TYPE":"MIXED","SRC_DATE":"19480313","SRC_DATA":"USC&GS T-SHEET","SRC_RES":"1:20,000","SRC_VECT":"APPLIED COASTAL","SRC_RAST":"T09114","DIG_NOTES":" ","REGION":"AB","CONTRACTOR":"APPLIED COASTAL","ORG":"COASTAL PROTECTION AND RESTORATION AUTHORITY OF LOUISIANA (CPRA)","SRC_REG":"APPLIED COASTAL","DATAURL":"http://cims.coastal.louisiana.gov/meta_docs/gis_refs/shoreline/BICM2/LA-0226_SHORL_0000000000_1948031319581011_RAC0003.zip","Meta_xml":"http://cims.coastal.louisiana.gov/meta_docs/gis_refs/shoreline/BICM2/Shoreline_Metadata.xml","Meta_html":"http://cims.coastal.louisiana.gov/meta_docs/gis_refs/shoreline/BICM2/Shoreline_Metadata.html","COMMENTS":null,"SHAPE_Length":15357.577844167867,"DSAS_DATE":"03/13/1948","DSAS_UNCER":null,"year":1948}},{"type":"Feature","id":10244,"geometry":{"type":"LineString","coordinates":[[-91.839799,29.625265],[-91.839796,29.624631],[-91.83941,29.624335],[-91.839679,29.62399],[-91.840212,29.623843],[-91.840782,29.62334],[-91.840667,29.62302],[-91.84084,29.622668],[-91.841302,29.622505],[-91.841361,29.622062],[-91.841665,29.621702],[-91.841537,29.621435],[-91.84181,29.62085],[-91.841291,29.619454],[-91.840982,29.619277],[-91.840802,29.618608],[-91.840604,29.61846],[-91.840642,29.618196],[-91.840175,29.617923],[-91.83989,29.617294],[-91.839378,29.617118],[-91.839276,29.616528],[-91.83908,29.616506],[-91.838987,29.616237],[-91.838646,29.616262],[-91.838697,29.615946],[-91.838329,29.61581],[-91.837604,29.615148],[-91.836785,29.615163],[-91.836213,29.614948],[-91.836223,29.61434],[-91.835987,29.61429],[-91.835782,29.613929],[-91.83527,29.6138],[-91.834786,29.613421],[-91.834029,29.613544],[-91.833768,29.613204],[-91.833039,29.612819],[-91.832535,29.612895],[-91.831447,29.612705],[-91.829873,29.612932],[-91.829176,29.612674],[-91.829074,29.612346],[-91.829234,29.612072],[-91.829018,29.611832],[-91.829032,29.611498],[-91.829207,29.611323],[-91.829163,29.610134],[-91.828594,29.609554],[-91.827675,29.609311],[-91.827557,29.608663],[-91.826465,29.607504],[-91.826174,29.607344],[-91.825708,29.607446],[-91.8256,29.607253],[-91.825385,29.60724],[-91.824476,29.607451],[-91.824298,29.606924],[-91.823545,29.606258],[-91.824137,29.605786],[-91.824916,29.605744]]},"properties":{"OBJECTID":10244,"PROGRAM":"STATE","PROJECT":"LOUISIANA BARRIER ISLAND COMPREHENSIVE MONITORING PROGRAM (BICM)","PROJ_ID":"LA-0226","PROD_DATE":"20160929","SHORE_TYPE":"MARSH","SRC_DATE":"19480313","SRC_DATA":"USC&GS T-SHEET","SRC_RES":"1:20,000","SRC_VECT":"APPLIED COASTAL","SRC_RAST":"T09115","DIG_NOTES":" ","REGION":"AB","CONTRACTOR":"APPLIED COASTAL","ORG":"COASTAL PROTECTION AND RESTORATION AUTHORITY OF LOUISIANA (CPRA)","SRC_REG":"APPLIED COASTAL","DATAURL":"http://cims.coastal.louisiana.gov/meta_docs/gis_refs/shoreline/BICM2/LA-0226_SHORL_0000000000_1948031319581011_RAC0003.zip","Meta_xml":"http://cims.coastal.louisiana.gov/meta_docs/gis_refs/shoreline/BICM2/Shoreline_Metadata.xml","Meta_html":"http://cims.coastal.louisiana.gov/meta_docs/gis_refs/shoreline/BICM2/Shoreline_Metadata.html","COMMENTS":null,"SHAPE_Length":3864.938398440736,"DSAS_DATE":"03/13/1948","DSAS_UNCER":null,"year":1948}},{"type":"Feature","id":10245,"geometry":{"type":"LineString","coordinates":[[-91.766294,29.52648],[-91.76593,29.527283],[-91.765355,29.527583],[-91.765225,29.527866],[-91.764439,29.527861],[-91.764214,29.528282],[-91.763804,29.528298],[-91.762526,29.527707],[-91.762393,29.527287],[-91.761613,29.526625],[-91.761027,29.526604],[-91.760056,29.526141],[-91.759677,29.525317],[-91.759012,29.525128],[-91.758709,29.525695],[-91.758438,29.525719],[-91.757551,29.526455],[-91.75736,29.526929],[-91.755829,29.528347],[-91.755552,29.52899],[-91.754709,29.529848],[-91.754099,29.53027],[-91.753717,29.530775],[-91.753228,29.5308],[-91.753307,29.531021],[-91.753019,29.531638],[-91.752265,29.532385],[-91.750123,29.533452]]},"properties":{"OBJECTID":10245,"PROGRAM":"STATE","PROJECT":"LOUISIANA BARRIER ISLAND COMPREHENSIVE MONITORING PROGRAM (BICM)","PROJ_ID":"LA-0226","PROD_DATE":"20160929","SHORE_TYPE":"MARSH","SRC_DATE":"19480313","SRC_DATA":"USC&GS T-SHEET","SRC_RES":"1:20,000","SRC_VECT":"APPLIED COASTAL","SRC_RAST":"T09115","DIG_NOTES":" ","REGION":"AB","CONTRACTOR":"APPLIED COASTAL","ORG":"COASTAL PROTECTION AND RESTORATION AUTHORITY OF LOUISIANA (CPRA)","SRC_REG":"APPLIED COASTAL","DATAURL":"http://cims.coastal.louisiana.gov/meta_docs/gis_refs/shoreline/BICM2/LA-0226_SHORL_0000000000_1948031319581011_RAC0003.zip","Meta_xml":"http://cims.coastal.louisiana.gov/meta_docs/gis_refs/shoreline/BICM2/Shoreline_Metadata.xml","Meta_html":"http://cims.coastal.louisiana.gov/meta_docs/gis_refs/shoreline/BICM2/Shoreline_Metadata.html","COMMENTS":null,"SHAPE_Length":2433.760669158244,"DSAS_DATE":"03/13/1948","DSAS_UNCER":null,"year":1948}},{"type":"Feature","id":10246,"geometry":{"type":"LineString","coordinates":[[-91.771856,29.500204],[-91.771777,29.502091],[-91.771954,29.502686],[-91.771035,29.508212],[-91.770422,29.509714],[-91.769503,29.511337],[-91.768557,29.51257],[-91.767969,29.514069],[-91.767965,29.515039],[-91.767516,29.516362],[-91.765677,29.519141],[-91.765272,29.520471],[-91.763855,29.522027],[-91.763578,29.522639],[-91.763572,29.523089],[-91.763293,29.523274],[-91.763025,29.523855],[-91.762914,29.524657],[-91.76337,29.525046],[-91.763391,29.525702],[-91.765384,29.526078]]},"properties":{"OBJECTID":10246,"PROGRAM":"STATE","PROJECT":"LOUISIANA BARRIER ISLAND COMPREHENSIVE MONITORING PROGRAM (BICM)","PROJ_ID":"LA-0226","PROD_DATE":"20160929","SHORE_TYPE":"MARSH","SRC_DATE":"19480313","SRC_DATA":"USC&GS T-SHEET","SRC_RES":"1:20,000","SRC_VECT":"APPLIED COASTAL","SRC_RAST":"T09115","DIG_NOTES":" ","REGION":"AB","CONTRACTOR":"APPLIED COASTAL","ORG":"COASTAL PROTECTION AND RESTORATION AUTHORITY OF LOUISIANA (CPRA)","SRC_REG":"APPLIED COASTAL","DATAURL":"http://cims.coastal.louisiana.gov/meta_docs/gis_refs/shoreline/BICM2/LA-0226_SHORL_0000000000_1948031319581011_RAC0003.zip","Meta_xml":"http://cims.coastal.louisiana.gov/meta_docs/gis_refs/shoreline/BICM2/Shoreline_Metadata.xml","Meta_html":"http://cims.coastal.louisiana.gov/meta_docs/gis_refs/shoreline/BICM2/Shoreline_Metadata.html","COMMENTS":null,"SHAPE_Length":3314.2332789710854,"DSAS_DATE":"03/13/1948","DSAS_UNCER":null,"year":1948}},{"type":"Feature","id":10247,"geometry":{"type":"LineString","coordinates":[[-91.750123,29.533452],[-91.749102,29.533544],[-91.749038,29.533054],[-91.748755,29.533197],[-91.748914,29.533466],[-91.748889,29.533988],[-91.748497,29.534235],[-91.747267,29.534629],[-91.74705,29.534251],[-91.746735,29.534166],[-91.746907,29.534515],[-91.746104,29.535285],[-91.744252,29.535692],[-91.743828,29.536186],[-91.741226,29.537541],[-91.740486,29.537635],[-91.739489,29.537449],[-91.739149,29.537622],[-91.737388,29.537742],[-91.736662,29.538168],[-91.735542,29.53832],[-91.735201,29.538167],[-91.734665,29.538392],[-91.734215,29.53892],[-91.733711,29.539111],[-91.733594,29.53938],[-91.732985,29.539688],[-91.732159,29.540546],[-91.731035,29.54123],[-91.730511,29.541376],[-91.730138,29.541851],[-91.729101,29.542641],[-91.727645,29.543234],[-91.726687,29.543954],[-91.72632,29.544024],[-91.724003,29.545758],[-91.722982,29.546074],[-91.722303,29.546572],[-91.722103,29.546978],[-91.721083,29.547363],[-91.719594,29.54862],[-91.717814,29.54932],[-91.71642,29.550356],[-91.715286,29.550764],[-91.714799,29.551384],[-91.713586,29.5519],[-91.712966,29.552532],[-91.712356,29.552878],[-91.711927,29.553502],[-91.711404,29.553779],[-91.710712,29.554629],[-91.71057,29.555116],[-91.710159,29.555495],[-91.710134,29.555822],[-91.709169,29.557246],[-91.70865,29.55849],[-91.708095,29.559147],[-91.708036,29.559521],[-91.707165,29.560356],[-91.706568,29.561848],[-91.706175,29.562063],[-91.707244,29.562709],[-91.707663,29.562769],[-91.708926,29.564033],[-91.70921,29.565071],[-91.708941,29.565707],[-91.709495,29.566706],[-91.710126,29.56701],[-91.711735,29.567364],[-91.712664,29.568194],[-91.712935,29.568239],[-91.713136,29.568131],[-91.713473,29.567267],[-91.713865,29.566846],[-91.71525,29.565902],[-91.7157,29.565798],[-91.716576,29.566315],[-91.717099,29.566161],[-91.717703,29.566266],[-91.717911,29.565983],[-91.71847,29.565729],[-91.719362,29.566016],[-91.71973,29.566283],[-91.719854,29.566756],[-91.720204,29.566961],[-91.721532,29.566858],[-91.722406,29.56697],[-91.722574,29.567497],[-91.723056,29.567808],[-91.72332,29.568357],[-91.724091,29.568707],[-91.724186,29.568592],[-91.723967,29.568256]]},"properties":{"OBJECTID":10247,"PROGRAM":"STATE","PROJECT":"LOUISIANA BARRIER ISLAND COMPREHENSIVE MONITORING PROGRAM (BICM)","PROJ_ID":"LA-0226","PROD_DATE":"20160929","SHORE_TYPE":"MARSH","SRC_DATE":"19480313","SRC_DATA":"USC&GS T-SHEET","SRC_RES":"1:20,000","SRC_VECT":"APPLIED COASTAL","SRC_RAST":"T09116","DIG_NOTES":" ","REGION":"AB","CONTRACTOR":"APPLIED COASTAL","ORG":"COASTAL PROTECTION AND RESTORATION AUTHORITY OF LOUISIANA (CPRA)","SRC_REG":"APPLIED COASTAL","DATAURL":"http://cims.coastal.louisiana.gov/meta_docs/gis_refs/shoreline/BICM2/LA-0226_SHORL_0000000000_1948031319581011_RAC0003.zip","Meta_xml":"http://cims.coastal.louisiana.gov/meta_docs/gis_refs/shoreline/BICM2/Shoreline_Metadata.xml","Meta_html":"http://cims.coastal.louisiana.gov/meta_docs/gis_refs/shoreline/BICM2/Shoreline_Metadata.html","COMMENTS":null,"SHAPE_Length":8698.481698267595,"DSAS_DATE":"03/13/1948","DSAS_UNCER":null,"year":1948}},{"type":"Feature","id":10248,"geometry":{"type":"LineString","coordinates":[[-91.750105,29.575388],[-91.750317,29.575336],[-91.751103,29.575835],[-91.751583,29.575669],[-91.752111,29.575827],[-91.753112,29.575677],[-91.754253,29.575947],[-91.754795,29.575845],[-91.754894,29.575678],[-91.755315,29.575744],[-91.757024,29.574929],[-91.759923,29.575054],[-91.76075,29.575332],[-91.76164,29.576064],[-91.761968,29.575976],[-91.762404,29.576021],[-91.762512,29.576168],[-91.763445,29.576185],[-91.763967,29.576644],[-91.764548,29.576656],[-91.765038,29.576868],[-91.766113,29.576216],[-91.766439,29.575567],[-91.766829,29.575425],[-91.766835,29.575178],[-91.767019,29.575318],[-91.768342,29.575313],[-91.769132,29.575718],[-91.770432,29.575821],[-91.772208,29.576336],[-91.770918,29.575118],[-91.770077,29.573463],[-91.769426,29.573211],[-91.769088,29.572851],[-91.768685,29.573167],[-91.768805,29.572665],[-91.767852,29.571505],[-91.767787,29.570784],[-91.767463,29.57013],[-91.767759,29.569614],[-91.767788,29.569113],[-91.768298,29.568616],[-91.768519,29.568595],[-91.768877,29.568106],[-91.770996,29.566763],[-91.773474,29.566988],[-91.774524,29.567513],[-91.774602,29.5679],[-91.774887,29.568193],[-91.775048,29.570204],[-91.774828,29.570513],[-91.774618,29.571442],[-91.774788,29.57193],[-91.774275,29.573529],[-91.774992,29.574663],[-91.775043,29.575832],[-91.775189,29.576012],[-91.775007,29.576528],[-91.775003,29.577276],[-91.775565,29.57815],[-91.77567,29.579286],[-91.775582,29.579732],[-91.774835,29.58075],[-91.774793,29.581171],[-91.775074,29.581475],[-91.775155,29.582116],[-91.775,29.582461],[-91.775158,29.582758],[-91.775101,29.583537],[-91.77438,29.584571],[-91.773717,29.584795],[-91.773265,29.585339],[-91.772732,29.585562],[-91.772294,29.587198],[-91.772382,29.587481],[-91.772698,29.587709],[-91.772814,29.588296],[-91.773104,29.588586],[-91.773519,29.589524],[-91.773509,29.59122],[-91.77434,29.591454],[-91.774646,29.591399],[-91.775003,29.591085],[-91.775218,29.590313],[-91.775722,29.5897],[-91.776368,29.589499],[-91.776411,29.589361],[-91.777338,29.589381],[-91.779061,29.589742],[-91.780489,29.590577],[-91.781323,29.591346],[-91.781648,29.591834],[-91.78165,29.592246],[-91.781913,29.592368],[-91.782653,29.591723],[-91.78238,29.591208],[-91.782285,29.589482],[-91.782693,29.588977],[-91.783531,29.588685],[-91.782842,29.589054],[-91.782486,29.589582],[-91.782606,29.590949],[-91.783081,29.591676],[-91.78311,29.592371],[-91.782647,29.592419],[-91.781749,29.59466],[-91.781313,29.594906],[-91.781639,29.5956],[-91.781527,29.595967],[-91.781618,29.596753],[-91.782337,29.597201],[-91.78254,29.597606],[-91.783326,29.597603],[-91.783844,29.597968],[-91.784235,29.597447],[-91.783968,29.596424],[-91.784883,29.595841],[-91.785329,29.596038],[-91.785107,29.595252],[-91.784217,29.595392],[-91.783399,29.594371],[-91.784407,29.595086],[-91.785316,29.5949],[-91.78565,29.595319],[-91.785969,29.594716],[-91.786968,29.594097],[-91.787954,29.593974],[-91.788835,29.594325],[-91.789019,29.592727],[-91.788857,29.59248],[-91.788559,29.592548],[-91.789314,29.592151],[-91.78945,29.591642],[-91.790195,29.590684],[-91.790348,29.590663],[-91.790051,29.591032],[-91.790023,29.59156],[-91.789521,29.592163],[-91.78963,29.59271],[-91.789991,29.592876],[-91.792352,29.59246],[-91.792819,29.592625],[-91.795249,29.592262],[-91.795783,29.591873],[-91.795895,29.591431],[-91.796445,29.591095],[-91.795463,29.590624],[-91.794503,29.589705],[-91.79497,29.58965],[-91.795213,29.589295],[-91.796039,29.589345],[-91.796209,29.589753],[-91.795914,29.590542],[-91.796451,29.590741],[-91.79768,29.590271],[-91.798711,29.590094],[-91.799675,29.590077],[-91.800403,29.590395],[-91.800823,29.590253],[-91.801856,29.590571],[-91.802228,29.590144],[-91.802967,29.589888]]},"properties":{"OBJECTID":10248,"PROGRAM":"STATE","PROJECT":"LOUISIANA BARRIER ISLAND COMPREHENSIVE MONITORING PROGRAM (BICM)","PROJ_ID":"LA-0226","PROD_DATE":"20160929","SHORE_TYPE":"MARSH","SRC_DATE":"19480313","SRC_DATA":"USC&GS T-SHEET","SRC_RES":"1:20,000","SRC_VECT":"APPLIED COASTAL","SRC_RAST":"T09115","DIG_NOTES":" ","REGION":"AB","CONTRACTOR":"APPLIED COASTAL","ORG":"COASTAL PROTECTION AND RESTORATION AUTHORITY OF LOUISIANA (CPRA)","SRC_REG":"APPLIED COASTAL","DATAURL":"http://cims.coastal.louisiana.gov/meta_docs/gis_refs/shoreline/BICM2/LA-0226_SHORL_0000000000_1948031319581011_RAC0003.zip","Meta_xml":"http://cims.coastal.louisiana.gov/meta_docs/gis_refs/shoreline/BICM2/Shoreline_Metadata.xml","Meta_html":"http://cims.coastal.louisiana.gov/meta_docs/gis_refs/shoreline/BICM2/Shoreline_Metadata.html","COMMENTS":null,"SHAPE_Length":14738.777799526306,"DSAS_DATE":"03/13/1948","DSAS_UNCER":null,"year":1948}},{"type":"Feature","id":10249,"geometry":{"type":"LineString","coordinates":[[-91.750105,29.575388],[-91.747935,29.574816],[-91.747708,29.574916],[-91.745313,29.574725],[-91.74344,29.574983],[-91.743126,29.575289],[-91.742445,29.575375],[-91.74228,29.57559],[-91.741834,29.57553],[-91.740971,29.576052],[-91.740648,29.57603],[-91.739715,29.576721],[-91.739192,29.576913],[-91.738922,29.577266],[-91.738512,29.57745],[-91.738618,29.577618],[-91.738295,29.577688],[-91.738008,29.578093],[-91.737907,29.579064],[-91.737584,29.579164],[-91.737409,29.578997],[-91.73734,29.579195],[-91.737164,29.579066],[-91.737227,29.579524],[-91.736588,29.579266],[-91.736589,29.579519],[-91.736328,29.579619],[-91.736172,29.580055],[-91.73598,29.580154],[-91.735674,29.579987],[-91.735282,29.580286],[-91.734992,29.579905],[-91.735109,29.580845],[-91.734954,29.581464],[-91.733768,29.580878],[-91.734594,29.581846],[-91.734517,29.582282],[-91.733923,29.582436],[-91.733732,29.582674],[-91.734134,29.582558],[-91.734022,29.583093],[-91.734474,29.582496],[-91.734701,29.582525],[-91.734485,29.583099],[-91.735182,29.582394],[-91.735252,29.582593],[-91.735018,29.583136],[-91.735567,29.582517],[-91.736232,29.582889],[-91.736104,29.5835],[-91.735502,29.583922],[-91.735678,29.584227],[-91.735303,29.584442],[-91.735192,29.584886],[-91.734591,29.5854],[-91.734206,29.585317],[-91.733167,29.585541],[-91.731939,29.584544],[-91.731143,29.584279],[-91.731569,29.583774],[-91.731844,29.582627],[-91.731454,29.581307],[-91.731497,29.580971],[-91.731068,29.580728],[-91.73131,29.5802],[-91.731195,29.579887],[-91.731562,29.579756],[-91.731962,29.579327],[-91.731978,29.578869],[-91.732754,29.578607],[-91.733686,29.577695],[-91.734085,29.576968],[-91.734651,29.576584],[-91.735059,29.575689],[-91.734995,29.57514],[-91.735152,29.575024],[-91.735237,29.574398],[-91.73554,29.573748],[-91.736981,29.573499],[-91.736369,29.573493],[-91.736637,29.572728],[-91.736458,29.571614],[-91.736928,29.571276],[-91.736822,29.570864],[-91.737153,29.570611],[-91.737256,29.570175],[-91.7375,29.570037],[-91.737427,29.569395],[-91.737226,29.569236],[-91.737266,29.568456],[-91.737037,29.567945],[-91.737114,29.567586],[-91.736807,29.567182],[-91.736989,29.5668],[-91.736802,29.566021],[-91.736116,29.564969],[-91.735617,29.564489]]},"properties":{"OBJECTID":10249,"PROGRAM":"STATE","PROJECT":"LOUISIANA BARRIER ISLAND COMPREHENSIVE MONITORING PROGRAM (BICM)","PROJ_ID":"LA-0226","PROD_DATE":"20160929","SHORE_TYPE":"MARSH","SRC_DATE":"19480313","SRC_DATA":"USC&GS T-SHEET","SRC_RES":"1:20,000","SRC_VECT":"APPLIED COASTAL","SRC_RAST":"T09116","DIG_NOTES":" ","REGION":"AB","CONTRACTOR":"APPLIED COASTAL","ORG":"COASTAL PROTECTION AND RESTORATION AUTHORITY OF LOUISIANA (CPRA)","SRC_REG":"APPLIED COASTAL","DATAURL":"http://cims.coastal.louisiana.gov/meta_docs/gis_refs/shoreline/BICM2/LA-0226_SHORL_0000000000_1948031319581011_RAC0003.zip","Meta_xml":"http://cims.coastal.louisiana.gov/meta_docs/gis_refs/shoreline/BICM2/Shoreline_Metadata.xml","Meta_html":"http://cims.coastal.louisiana.gov/meta_docs/gis_refs/shoreline/BICM2/Shoreline_Metadata.html","COMMENTS":null,"SHAPE_Length":6971.632424144426,"DSAS_DATE":"03/13/1948","DSAS_UNCER":null,"year":1948}},{"type":"Feature","id":10250,"geometry":{"type":"LineString","coordinates":[[-91.73896,29.582838],[-91.739003,29.582639],[-91.738696,29.582235],[-91.737838,29.582024],[-91.737405,29.582781],[-91.738156,29.582825],[-91.738505,29.582671],[-91.73896,29.582838]]},"properties":{"OBJECTID":10250,"PROGRAM":"STATE","PROJECT":"LOUISIANA BARRIER ISLAND COMPREHENSIVE MONITORING PROGRAM (BICM)","PROJ_ID":"LA-0226","PROD_DATE":"20160929","SHORE_TYPE":"MARSH","SRC_DATE":"19480313","SRC_DATA":"USC&GS T-SHEET","SRC_RES":"1:20,000","SRC_VECT":"APPLIED COASTAL","SRC_RAST":"T09116","DIG_NOTES":" ","REGION":"AB","CONTRACTOR":"APPLIED COASTAL","ORG":"COASTAL PROTECTION AND RESTORATION AUTHORITY OF LOUISIANA (CPRA)","SRC_REG":"APPLIED COASTAL","DATAURL":"http://cims.coastal.louisiana.gov/meta_docs/gis_refs/shoreline/BICM2/LA-0226_SHORL_0000000000_1948031319581011_RAC0003.zip","Meta_xml":"http://cims.coastal.louisiana.gov/meta_docs/gis_refs/shoreline/BICM2/Shoreline_Metadata.xml","Meta_html":"http://cims.coastal.louisiana.gov/meta_docs/gis_refs/shoreline/BICM2/Shoreline_Metadata.html","COMMENTS":null,"SHAPE_Length":449.19489360731563,"DSAS_DATE":"03/13/1948","DSAS_UNCER":null,"year":1948}},{"type":"Feature","id":10251,"geometry":{"type":"LineString","coordinates":[[-91.875113,29.503291],[-91.873329,29.503352],[-91.871408,29.502996],[-91.870831,29.502281],[-91.869309,29.503072],[-91.866075,29.503183],[-91.86418,29.502893],[-91.862094,29.502282],[-91.860623,29.501441],[-91.859404,29.501018],[-91.859272,29.50073],[-91.858836,29.500632],[-91.858608,29.500204]]},"properties":{"OBJECTID":10251,"PROGRAM":"STATE","PROJECT":"LOUISIANA BARRIER ISLAND COMPREHENSIVE MONITORING PROGRAM (BICM)","PROJ_ID":"LA-0226","PROD_DATE":"20160929","SHORE_TYPE":"MIXED","SRC_DATE":"19480313","SRC_DATA":"USC&GS T-SHEET","SRC_RES":"1:20,000","SRC_VECT":"APPLIED COASTAL","SRC_RAST":"T09115","DIG_NOTES":" ","REGION":"AB","CONTRACTOR":"APPLIED COASTAL","ORG":"COASTAL PROTECTION AND RESTORATION AUTHORITY OF LOUISIANA (CPRA)","SRC_REG":"APPLIED COASTAL","DATAURL":"http://cims.coastal.louisiana.gov/meta_docs/gis_refs/shoreline/BICM2/LA-0226_SHORL_0000000000_1948031319581011_RAC0003.zip","Meta_xml":"http://cims.coastal.louisiana.gov/meta_docs/gis_refs/shoreline/BICM2/Shoreline_Metadata.xml","Meta_html":"http://cims.coastal.louisiana.gov/meta_docs/gis_refs/shoreline/BICM2/Shoreline_Metadata.html","COMMENTS":null,"SHAPE_Length":1825.4510821446668,"DSAS_DATE":"03/13/1948","DSAS_UNCER":null,"year":1948}},{"type":"Feature","id":10252,"geometry":{"type":"LineString","coordinates":[[-91.858608,29.500204],[-91.856905,29.498828],[-91.856644,29.498336],[-91.855912,29.497932],[-91.855993,29.497726],[-91.855613,29.497318],[-91.854782,29.496955],[-91.854006,29.495553],[-91.853366,29.494936],[-91.853112,29.494945],[-91.853058,29.494495],[-91.853214,29.494349],[-91.853229,29.493913],[-91.852985,29.493975],[-91.853045,29.493639],[-91.852796,29.492884],[-91.852242,29.492191],[-91.852388,29.491564],[-91.852856,29.491027],[-91.851799,29.490841],[-91.851518,29.490574],[-91.851454,29.489902],[-91.85078,29.489607],[-91.850391,29.488707],[-91.850236,29.487455],[-91.849962,29.486792],[-91.850551,29.485972],[-91.849676,29.485448],[-91.849191,29.484587],[-91.849186,29.483663],[-91.849664,29.483142],[-91.849391,29.482776],[-91.849275,29.482188],[-91.849021,29.482075],[-91.848317,29.481],[-91.84765,29.480384],[-91.847455,29.479713],[-91.847147,29.479294],[-91.844988,29.478745],[-91.842175,29.478458],[-91.841032,29.478478],[-91.840397,29.478877],[-91.839584,29.478819],[-91.839044,29.479066],[-91.837088,29.478959],[-91.83557,29.479178],[-91.834198,29.478848],[-91.833484,29.479133],[-91.832209,29.479054],[-91.83185,29.478963],[-91.831114,29.478424],[-91.830626,29.478571],[-91.82915,29.478492],[-91.826086,29.47661],[-91.825561,29.476444],[-91.82426,29.476426]]},"properties":{"OBJECTID":10252,"PROGRAM":"STATE","PROJECT":"LOUISIANA BARRIER ISLAND COMPREHENSIVE MONITORING PROGRAM (BICM)","PROJ_ID":"LA-0226","PROD_DATE":"20160929","SHORE_TYPE":"MIXED","SRC_DATE":"19480313","SRC_DATA":"USC&GS T-SHEET","SRC_RES":"1:20,000","SRC_VECT":"APPLIED COASTAL","SRC_RAST":"T09117","DIG_NOTES":" ","REGION":"AB","CONTRACTOR":"APPLIED COASTAL","ORG":"COASTAL PROTECTION AND RESTORATION AUTHORITY OF LOUISIANA (CPRA)","SRC_REG":"APPLIED COASTAL","DATAURL":"http://cims.coastal.louisiana.gov/meta_docs/gis_refs/shoreline/BICM2/LA-0226_SHORL_0000000000_1948031319581011_RAC0003.zip","Meta_xml":"http://cims.coastal.louisiana.gov/meta_docs/gis_refs/shoreline/BICM2/Shoreline_Metadata.xml","Meta_html":"http://cims.coastal.louisiana.gov/meta_docs/gis_refs/shoreline/BICM2/Shoreline_Metadata.html","COMMENTS":null,"SHAPE_Length":5443.107027772054,"DSAS_DATE":"03/13/1948","DSAS_UNCER":null,"year":1948}},{"type":"Feature","id":10253,"geometry":{"type":"LineString","coordinates":[[-91.824104,29.4763],[-91.823076,29.475028],[-91.822805,29.474884],[-91.822365,29.474144],[-91.821918,29.473688],[-91.821323,29.473438]]},"properties":{"OBJECTID":10253,"PROGRAM":"STATE","PROJECT":"LOUISIANA BARRIER ISLAND COMPREHENSIVE MONITORING PROGRAM (BICM)","PROJ_ID":"LA-0226","PROD_DATE":"20160929","SHORE_TYPE":"MIXED","SRC_DATE":"19480313","SRC_DATA":"USC&GS T-SHEET","SRC_RES":"1:20,000","SRC_VECT":"APPLIED COASTAL","SRC_RAST":"T09117","DIG_NOTES":" ","REGION":"AB","CONTRACTOR":"APPLIED COASTAL","ORG":"COASTAL PROTECTION AND RESTORATION AUTHORITY OF LOUISIANA (CPRA)","SRC_REG":"APPLIED COASTAL","DATAURL":"http://cims.coastal.louisiana.gov/meta_docs/gis_refs/shoreline/BICM2/LA-0226_SHORL_0000000000_1948031319581011_RAC0003.zip","Meta_xml":"http://cims.coastal.louisiana.gov/meta_docs/gis_refs/shoreline/BICM2/Shoreline_Metadata.xml","Meta_html":"http://cims.coastal.louisiana.gov/meta_docs/gis_refs/shoreline/BICM2/Shoreline_Metadata.html","COMMENTS":null,"SHAPE_Length":436.27251392213094,"DSAS_DATE":"03/13/1948","DSAS_UNCER":null,"year":1948}},{"type":"Feature","id":10254,"geometry":{"type":"LineString","coordinates":[[-91.821208,29.473178],[-91.821346,29.47288],[-91.821133,29.47217],[-91.820958,29.472072],[-91.819939,29.472465],[-91.819931,29.472702],[-91.819304,29.473018],[-91.819542,29.47346],[-91.819468,29.474476],[-91.819053,29.475234],[-91.819047,29.475898],[-91.818301,29.476741],[-91.817903,29.477499],[-91.814923,29.480543],[-91.812146,29.482119],[-91.809297,29.483374],[-91.807695,29.484297],[-91.805385,29.485161],[-91.801808,29.485739],[-91.798733,29.485307],[-91.796144,29.484269],[-91.793105,29.482248],[-91.790545,29.481722],[-91.790439,29.481501],[-91.790151,29.481464],[-91.790036,29.481144],[-91.789503,29.481016],[-91.789895,29.480838],[-91.789762,29.480426],[-91.789359,29.480138],[-91.78784,29.480097],[-91.786097,29.480936],[-91.784658,29.481254],[-91.783052,29.481145],[-91.781117,29.481869],[-91.780795,29.482283],[-91.780142,29.482553],[-91.778912,29.482717],[-91.777397,29.483746],[-91.776551,29.483955],[-91.77589,29.484553],[-91.775594,29.484615],[-91.77554,29.484417],[-91.775313,29.484372],[-91.774268,29.484872],[-91.773947,29.485285],[-91.773535,29.485119],[-91.772917,29.48538],[-91.77277,29.485771],[-91.772482,29.485764],[-91.772439,29.485986],[-91.771778,29.486423],[-91.771796,29.486629],[-91.771561,29.486836],[-91.771316,29.486684],[-91.770504,29.486679],[-91.770243,29.486871],[-91.769928,29.48672],[-91.769833,29.487018],[-91.76958,29.48698],[-91.769407,29.48734],[-91.769015,29.487609],[-91.768744,29.48761],[-91.768397,29.487955],[-91.767775,29.48759],[-91.767436,29.487874],[-91.766502,29.487946],[-91.766207,29.48829],[-91.765314,29.487797],[-91.762397,29.487531],[-91.762267,29.487784],[-91.76247,29.488219],[-91.763283,29.488621],[-91.763713,29.489146],[-91.766158,29.491132],[-91.766167,29.491346],[-91.766447,29.491482],[-91.766622,29.491352],[-91.766629,29.4911],[-91.766743,29.491206],[-91.766788,29.491466],[-91.766614,29.491665],[-91.76686,29.491871],[-91.766869,29.49213],[-91.767175,29.492229],[-91.767369,29.492618],[-91.768078,29.492928],[-91.768297,29.493157],[-91.768202,29.493371],[-91.768499,29.493332],[-91.768509,29.493775],[-91.768929,29.494026]]},"properties":{"OBJECTID":10254,"PROGRAM":"STATE","PROJECT":"LOUISIANA BARRIER ISLAND COMPREHENSIVE MONITORING PROGRAM (BICM)","PROJ_ID":"LA-0226","PROD_DATE":"20160929","SHORE_TYPE":"MIXED","SRC_DATE":"19480313","SRC_DATA":"USC&GS T-SHEET","SRC_RES":"1:20,000","SRC_VECT":"APPLIED COASTAL","SRC_RAST":"T09117","DIG_NOTES":" ","REGION":"AB","CONTRACTOR":"APPLIED COASTAL","ORG":"COASTAL PROTECTION AND RESTORATION AUTHORITY OF LOUISIANA (CPRA)","SRC_REG":"APPLIED COASTAL","DATAURL":"http://cims.coastal.louisiana.gov/meta_docs/gis_refs/shoreline/BICM2/LA-0226_SHORL_0000000000_1948031319581011_RAC0003.zip","Meta_xml":"http://cims.coastal.louisiana.gov/meta_docs/gis_refs/shoreline/BICM2/Shoreline_Metadata.xml","Meta_html":"http://cims.coastal.louisiana.gov/meta_docs/gis_refs/shoreline/BICM2/Shoreline_Metadata.html","COMMENTS":null,"SHAPE_Length":8655.597559678768,"DSAS_DATE":"03/13/1948","DSAS_UNCER":null,"year":1948}},{"type":"Feature","id":10255,"geometry":{"type":"LineString","coordinates":[[-91.768895,29.494186],[-91.769248,29.495002],[-91.7708,29.496448],[-91.77117,29.497135],[-91.771496,29.497867],[-91.771587,29.498707],[-91.77192,29.499111],[-91.771856,29.500204]]},"properties":{"OBJECTID":10255,"PROGRAM":"STATE","PROJECT":"LOUISIANA BARRIER ISLAND COMPREHENSIVE MONITORING PROGRAM (BICM)","PROJ_ID":"LA-0226","PROD_DATE":"20160929","SHORE_TYPE":"MARSH","SRC_DATE":"19480313","SRC_DATA":"USC&GS T-SHEET","SRC_RES":"1:20,000","SRC_VECT":"APPLIED COASTAL","SRC_RAST":"T09117","DIG_NOTES":" ","REGION":"AB","CONTRACTOR":"APPLIED COASTAL","ORG":"COASTAL PROTECTION AND RESTORATION AUTHORITY OF LOUISIANA (CPRA)","SRC_REG":"APPLIED COASTAL","DATAURL":"http://cims.coastal.louisiana.gov/meta_docs/gis_refs/shoreline/BICM2/LA-0226_SHORL_0000000000_1948031319581011_RAC0003.zip","Meta_xml":"http://cims.coastal.louisiana.gov/meta_docs/gis_refs/shoreline/BICM2/Shoreline_Metadata.xml","Meta_html":"http://cims.coastal.louisiana.gov/meta_docs/gis_refs/shoreline/BICM2/Shoreline_Metadata.html","COMMENTS":null,"SHAPE_Length":778.0885347691334,"DSAS_DATE":"03/13/1948","DSAS_UNCER":null,"year":1948}},{"type":"Feature","id":10256,"geometry":{"type":"LineString","coordinates":[[-91.708766,29.565577],[-91.708703,29.565195],[-91.708537,29.565081],[-91.708459,29.56528],[-91.708074,29.56525],[-91.708539,29.565784],[-91.708376,29.56638],[-91.707378,29.565932],[-91.706863,29.566025],[-91.70668,29.566347],[-91.706471,29.56637],[-91.705325,29.565999],[-91.704746,29.565435],[-91.704466,29.565398],[-91.704467,29.565688],[-91.704059,29.566262],[-91.704174,29.56672],[-91.703868,29.566714],[-91.704238,29.567346],[-91.703959,29.567645],[-91.70377,29.568517],[-91.703825,29.569105],[-91.704062,29.569555],[-91.703961,29.570433],[-91.704322,29.571364],[-91.704255,29.571914],[-91.704424,29.572899],[-91.704251,29.573251],[-91.705627,29.572109],[-91.706387,29.571969],[-91.706752,29.571571],[-91.707696,29.571591],[-91.707862,29.571453],[-91.70844,29.571803],[-91.708491,29.571581],[-91.708727,29.571566],[-91.709171,29.571098],[-91.709651,29.570914],[-91.709928,29.57034],[-91.711237,29.569878],[-91.711736,29.569922],[-91.712041,29.569784],[-91.712959,29.569949],[-91.713299,29.569834],[-91.713466,29.570017],[-91.713858,29.569771],[-91.714566,29.569647],[-91.714835,29.569134],[-91.715114,29.569049],[-91.715235,29.568751],[-91.71601,29.568107],[-91.716045,29.567924],[-91.71579,29.567711],[-91.715753,29.567145],[-91.715429,29.566848],[-91.715654,29.566359],[-91.715557,29.566069],[-91.714549,29.566515],[-91.713539,29.567473],[-91.713184,29.568322],[-91.712739,29.568399],[-91.711503,29.567394],[-91.709921,29.567139],[-91.709264,29.56679],[-91.708766,29.565577]]},"properties":{"OBJECTID":10256,"PROGRAM":"STATE","PROJECT":"LOUISIANA BARRIER ISLAND COMPREHENSIVE MONITORING PROGRAM (BICM)","PROJ_ID":"LA-0226","PROD_DATE":"20160929","SHORE_TYPE":"MARSH","SRC_DATE":"19480313","SRC_DATA":"USC&GS T-SHEET","SRC_RES":"1:20,000","SRC_VECT":"APPLIED COASTAL","SRC_RAST":"T09116","DIG_NOTES":" ","REGION":"AB","CONTRACTOR":"APPLIED COASTAL","ORG":"COASTAL PROTECTION AND RESTORATION AUTHORITY OF LOUISIANA (CPRA)","SRC_REG":"APPLIED COASTAL","DATAURL":"http://cims.coastal.louisiana.gov/meta_docs/gis_refs/shoreline/BICM2/LA-0226_SHORL_0000000000_1948031319581011_RAC0003.zip","Meta_xml":"http://cims.coastal.louisiana.gov/meta_docs/gis_refs/shoreline/BICM2/Shoreline_Metadata.xml","Meta_html":"http://cims.coastal.louisiana.gov/meta_docs/gis_refs/shoreline/BICM2/Shoreline_Metadata.html","COMMENTS":null,"SHAPE_Length":4466.645351722448,"DSAS_DATE":"03/13/1948","DSAS_UNCER":null,"year":1948}},{"type":"Feature","id":10257,"geometry":{"type":"LineString","coordinates":[[-91.724423,29.568874],[-91.724058,29.569386],[-91.724283,29.568729],[-91.724571,29.56872],[-91.724423,29.568874]]},"properties":{"OBJECTID":10257,"PROGRAM":"STATE","PROJECT":"LOUISIANA BARRIER ISLAND COMPREHENSIVE MONITORING PROGRAM (BICM)","PROJ_ID":"LA-0226","PROD_DATE":"20160929","SHORE_TYPE":"MARSH","SRC_DATE":"19480313","SRC_DATA":"USC&GS T-SHEET","SRC_RES":"1:20,000","SRC_VECT":"APPLIED COASTAL","SRC_RAST":"T09116","DIG_NOTES":" ","REGION":"AB","CONTRACTOR":"APPLIED COASTAL","ORG":"COASTAL PROTECTION AND RESTORATION AUTHORITY OF LOUISIANA (CPRA)","SRC_REG":"APPLIED COASTAL","DATAURL":"http://cims.coastal.louisiana.gov/meta_docs/gis_refs/shoreline/BICM2/LA-0226_SHORL_0000000000_1948031319581011_RAC0003.zip","Meta_xml":"http://cims.coastal.louisiana.gov/meta_docs/gis_refs/shoreline/BICM2/Shoreline_Metadata.xml","Meta_html":"http://cims.coastal.louisiana.gov/meta_docs/gis_refs/shoreline/BICM2/Shoreline_Metadata.html","COMMENTS":null,"SHAPE_Length":206.81186616440246,"DSAS_DATE":"03/13/1948","DSAS_UNCER":null,"year":1948}},{"type":"Feature","id":10258,"geometry":{"type":"LineString","coordinates":[[-91.734837,29.563908],[-91.734188,29.563428],[-91.733199,29.563026],[-91.732685,29.563372],[-91.732074,29.563465],[-91.731769,29.563749],[-91.731463,29.563582],[-91.73051,29.563546],[-91.729267,29.562931],[-91.72912,29.563268],[-91.728325,29.563255],[-91.727941,29.563516],[-91.727469,29.563342],[-91.72775,29.563761],[-91.726538,29.564422],[-91.726217,29.564973],[-91.725998,29.564958],[-91.725937,29.564782],[-91.725579,29.564921],[-91.725579,29.565066],[-91.725903,29.565027],[-91.726052,29.565179],[-91.725549,29.566105],[-91.725524,29.566502],[-91.725245,29.56674],[-91.725272,29.567],[-91.724949,29.566939],[-91.724793,29.567261],[-91.724548,29.567284],[-91.724498,29.56785],[-91.724683,29.568193],[-91.724158,29.568133]]},"properties":{"OBJECTID":10258,"PROGRAM":"STATE","PROJECT":"LOUISIANA BARRIER ISLAND COMPREHENSIVE MONITORING PROGRAM (BICM)","PROJ_ID":"LA-0226","PROD_DATE":"20160929","SHORE_TYPE":"MARSH","SRC_DATE":"19480313","SRC_DATA":"USC&GS T-SHEET","SRC_RES":"1:20,000","SRC_VECT":"APPLIED COASTAL","SRC_RAST":"T09116","DIG_NOTES":" ","REGION":"AB","CONTRACTOR":"APPLIED COASTAL","ORG":"COASTAL PROTECTION AND RESTORATION AUTHORITY OF LOUISIANA (CPRA)","SRC_REG":"APPLIED COASTAL","DATAURL":"http://cims.coastal.louisiana.gov/meta_docs/gis_refs/shoreline/BICM2/LA-0226_SHORL_0000000000_1948031319581011_RAC0003.zip","Meta_xml":"http://cims.coastal.louisiana.gov/meta_docs/gis_refs/shoreline/BICM2/Shoreline_Metadata.xml","Meta_html":"http://cims.coastal.louisiana.gov/meta_docs/gis_refs/shoreline/BICM2/Shoreline_Metadata.html","COMMENTS":null,"SHAPE_Length":1847.481009288901,"DSAS_DATE":"03/13/1948","DSAS_UNCER":null,"year":1948}},{"type":"Feature","id":10259,"geometry":{"type":"LineString","coordinates":[[-91.824084,29.603677],[-91.823693,29.604113],[-91.823712,29.604808],[-91.823399,29.605141],[-91.82425,29.605555],[-91.825255,29.605437]]},"properties":{"OBJECTID":10259,"PROGRAM":"STATE","PROJECT":"LOUISIANA BARRIER ISLAND COMPREHENSIVE MONITORING PROGRAM (BICM)","PROJ_ID":"LA-0226","PROD_DATE":"20160929","SHORE_TYPE":"MARSH","SRC_DATE":"19480313","SRC_DATA":"USC&GS T-SHEET","SRC_RES":"1:20,000","SRC_VECT":"APPLIED COASTAL","SRC_RAST":"T09115","DIG_NOTES":" ","REGION":"AB","CONTRACTOR":"APPLIED COASTAL","ORG":"COASTAL PROTECTION AND RESTORATION AUTHORITY OF LOUISIANA (CPRA)","SRC_REG":"APPLIED COASTAL","DATAURL":"http://cims.coastal.louisiana.gov/meta_docs/gis_refs/shoreline/BICM2/LA-0226_SHORL_0000000000_1948031319581011_RAC0003.zip","Meta_xml":"http://cims.coastal.louisiana.gov/meta_docs/gis_refs/shoreline/BICM2/Shoreline_Metadata.xml","Meta_html":"http://cims.coastal.louisiana.gov/meta_docs/gis_refs/shoreline/BICM2/Shoreline_Metadata.html","COMMENTS":null,"SHAPE_Length":393.2970220659803,"DSAS_DATE":"03/13/1948","DSAS_UNCER":null,"year":1948}},{"type":"Feature","id":10260,"geometry":{"type":"LineString","coordinates":[[-91.803339,29.590412],[-91.803148,29.590399],[-91.802935,29.590627],[-91.803204,29.590813],[-91.803491,29.591781],[-91.804466,29.592486],[-91.805057,29.593079],[-91.805181,29.593419],[-91.805841,29.593912],[-91.806223,29.595347],[-91.806203,29.595942],[-91.805381,29.596814],[-91.805231,29.597396],[-91.804994,29.597497],[-91.804599,29.598053],[-91.804543,29.599197],[-91.804736,29.599624],[-91.804472,29.600313],[-91.804644,29.601161],[-91.804409,29.601597],[-91.804275,29.602459],[-91.804446,29.60286],[-91.803899,29.603731],[-91.804205,29.603649],[-91.804568,29.602839],[-91.805064,29.602644],[-91.805379,29.602916],[-91.80602,29.602587],[-91.806196,29.602693],[-91.806501,29.602511],[-91.806492,29.602164],[-91.806782,29.601929],[-91.807513,29.601963],[-91.808098,29.602413],[-91.80804,29.602597],[-91.808303,29.602676],[-91.808353,29.602229],[-91.808596,29.602342],[-91.808772,29.602113],[-91.809643,29.601932],[-91.810122,29.602056],[-91.810728,29.60257],[-91.811514,29.602532],[-91.812073,29.60292],[-91.812174,29.603338],[-91.812934,29.603255],[-91.81323,29.603483],[-91.813643,29.603458],[-91.814071,29.603812],[-91.814877,29.603906],[-91.815277,29.603802],[-91.816078,29.604068],[-91.816282,29.604342],[-91.816729,29.604478],[-91.817089,29.604397],[-91.817471,29.604773],[-91.817738,29.604463],[-91.818171,29.604404],[-91.818579,29.604655],[-91.819411,29.604577],[-91.819918,29.605068],[-91.819926,29.605372],[-91.820453,29.605811],[-91.820839,29.605832],[-91.820926,29.606015],[-91.821595,29.606208],[-91.821656,29.606505],[-91.821938,29.606642],[-91.822218,29.606108],[-91.822812,29.60567],[-91.822423,29.605276],[-91.821372,29.604839],[-91.822272,29.605088],[-91.823057,29.604781],[-91.823267,29.604596],[-91.823525,29.603763],[-91.824039,29.603379]]},"properties":{"OBJECTID":10260,"PROGRAM":"STATE","PROJECT":"LOUISIANA BARRIER ISLAND COMPREHENSIVE MONITORING PROGRAM (BICM)","PROJ_ID":"LA-0226","PROD_DATE":"20160929","SHORE_TYPE":"MARSH","SRC_DATE":"19480313","SRC_DATA":"USC&GS T-SHEET","SRC_RES":"1:20,000","SRC_VECT":"APPLIED COASTAL","SRC_RAST":"T09115","DIG_NOTES":" ","REGION":"AB","CONTRACTOR":"APPLIED COASTAL","ORG":"COASTAL PROTECTION AND RESTORATION AUTHORITY OF LOUISIANA (CPRA)","SRC_REG":"APPLIED COASTAL","DATAURL":"http://cims.coastal.louisiana.gov/meta_docs/gis_refs/shoreline/BICM2/LA-0226_SHORL_0000000000_1948031319581011_RAC0003.zip","Meta_xml":"http://cims.coastal.louisiana.gov/meta_docs/gis_refs/shoreline/BICM2/Shoreline_Metadata.xml","Meta_html":"http://cims.coastal.louisiana.gov/meta_docs/gis_refs/shoreline/BICM2/Shoreline_Metadata.html","COMMENTS":null,"SHAPE_Length":4944.8419728513845,"DSAS_DATE":"03/13/1948","DSAS_UNCER":null,"year":1948}},{"type":"Feature","id":10261,"geometry":{"type":"LineString","coordinates":[[-91.76555,29.581441],[-91.764281,29.581438],[-91.764122,29.58188],[-91.763596,29.582276],[-91.763339,29.583012],[-91.763767,29.582977],[-91.763964,29.582462],[-91.764676,29.582593],[-91.765012,29.582465],[-91.765811,29.58253],[-91.765788,29.581687],[-91.76555,29.581441]]},"properties":{"OBJECTID":10261,"PROGRAM":"STATE","PROJECT":"LOUISIANA BARRIER ISLAND COMPREHENSIVE MONITORING PROGRAM (BICM)","PROJ_ID":"LA-0226","PROD_DATE":"20160929","SHORE_TYPE":"MARSH","SRC_DATE":"19480313","SRC_DATA":"USC&GS T-SHEET","SRC_RES":"1:20,000","SRC_VECT":"APPLIED COASTAL","SRC_RAST":"T09115","DIG_NOTES":" ","REGION":"AB","CONTRACTOR":"APPLIED COASTAL","ORG":"COASTAL PROTECTION AND RESTORATION AUTHORITY OF LOUISIANA (CPRA)","SRC_REG":"APPLIED COASTAL","DATAURL":"http://cims.coastal.louisiana.gov/meta_docs/gis_refs/shoreline/BICM2/LA-0226_SHORL_0000000000_1948031319581011_RAC0003.zip","Meta_xml":"http://cims.coastal.louisiana.gov/meta_docs/gis_refs/shoreline/BICM2/Shoreline_Metadata.xml","Meta_html":"http://cims.coastal.louisiana.gov/meta_docs/gis_refs/shoreline/BICM2/Shoreline_Metadata.html","COMMENTS":null,"SHAPE_Length":782.4877250203823,"DSAS_DATE":"03/13/1948","DSAS_UNCER":null,"year":1948}},{"type":"Feature","id":10262,"geometry":{"type":"LineString","coordinates":[[-91.754268,29.583056],[-91.754243,29.582475],[-91.75343,29.581923],[-91.752707,29.580922],[-91.752219,29.581211],[-91.752198,29.581713],[-91.752413,29.581879],[-91.753078,29.58187],[-91.753693,29.582684],[-91.753687,29.583091],[-91.754078,29.583197],[-91.754268,29.583056]]},"properties":{"OBJECTID":10262,"PROGRAM":"STATE","PROJECT":"LOUISIANA BARRIER ISLAND COMPREHENSIVE MONITORING PROGRAM (BICM)","PROJ_ID":"LA-0226","PROD_DATE":"20160929","SHORE_TYPE":"MARSH","SRC_DATE":"19480313","SRC_DATA":"USC&GS T-SHEET","SRC_RES":"1:20,000","SRC_VECT":"APPLIED COASTAL","SRC_RAST":"T09115","DIG_NOTES":" ","REGION":"AB","CONTRACTOR":"APPLIED COASTAL","ORG":"COASTAL PROTECTION AND RESTORATION AUTHORITY OF LOUISIANA (CPRA)","SRC_REG":"APPLIED COASTAL","DATAURL":"http://cims.coastal.louisiana.gov/meta_docs/gis_refs/shoreline/BICM2/LA-0226_SHORL_0000000000_1948031319581011_RAC0003.zip","Meta_xml":"http://cims.coastal.louisiana.gov/meta_docs/gis_refs/shoreline/BICM2/Shoreline_Metadata.xml","Meta_html":"http://cims.coastal.louisiana.gov/meta_docs/gis_refs/shoreline/BICM2/Shoreline_Metadata.html","COMMENTS":null,"SHAPE_Length":768.0268047772266,"DSAS_DATE":"03/13/1948","DSAS_UNCER":null,"year":1948}},{"type":"Feature","id":10263,"geometry":{"type":"LineString","coordinates":[[-91.756913,29.584585],[-91.756301,29.584507],[-91.755243,29.584049],[-91.755918,29.584441],[-91.756096,29.584815],[-91.756126,29.584701],[-91.756577,29.584726],[-91.756929,29.584899],[-91.757132,29.585867],[-91.757402,29.584643],[-91.756913,29.584585]]},"properties":{"OBJECTID":10263,"PROGRAM":"STATE","PROJECT":"LOUISIANA BARRIER ISLAND COMPREHENSIVE MONITORING PROGRAM (BICM)","PROJ_ID":"LA-0226","PROD_DATE":"20160929","SHORE_TYPE":"MARSH","SRC_DATE":"19480313","SRC_DATA":"USC&GS T-SHEET","SRC_RES":"1:20,000","SRC_VECT":"APPLIED COASTAL","SRC_RAST":"T09115","DIG_NOTES":" ","REGION":"AB","CONTRACTOR":"APPLIED COASTAL","ORG":"COASTAL PROTECTION AND RESTORATION AUTHORITY OF LOUISIANA (CPRA)","SRC_REG":"APPLIED COASTAL","DATAURL":"http://cims.coastal.louisiana.gov/meta_docs/gis_refs/shoreline/BICM2/LA-0226_SHORL_0000000000_1948031319581011_RAC0003.zip","Meta_xml":"http://cims.coastal.louisiana.gov/meta_docs/gis_refs/shoreline/BICM2/Shoreline_Metadata.xml","Meta_html":"http://cims.coastal.louisiana.gov/meta_docs/gis_refs/shoreline/BICM2/Shoreline_Metadata.html","COMMENTS":null,"SHAPE_Length":723.6789902851776,"DSAS_DATE":"03/13/1948","DSAS_UNCER":null,"year":1948}},{"type":"Feature","id":10264,"geometry":{"type":"LineString","coordinates":[[-91.877849,29.626844],[-91.876846,29.627513],[-91.876669,29.627463],[-91.876459,29.627707],[-91.87602,29.627827],[-91.875297,29.628443],[-91.875304,29.629036],[-91.875161,29.629251],[-91.875317,29.630087],[-91.875108,29.63025]]},"properties":{"OBJECTID":10264,"PROGRAM":"STATE","PROJECT":"LOUISIANA BARRIER ISLAND COMPREHENSIVE MONITORING PROGRAM (BICM)","PROJ_ID":"LA-0226","PROD_DATE":"20160929","SHORE_TYPE":"MARSH","SRC_DATE":"19480313","SRC_DATA":"USC&GS T-SHEET","SRC_RES":"1:20,000","SRC_VECT":"APPLIED COASTAL","SRC_RAST":"T09563","DIG_NOTES":" ","REGION":"AB","CONTRACTOR":"APPLIED COASTAL","ORG":"COASTAL PROTECTION AND RESTORATION AUTHORITY OF LOUISIANA (CPRA)","SRC_REG":"APPLIED COASTAL","DATAURL":"http://cims.coastal.louisiana.gov/meta_docs/gis_refs/shoreline/BICM2/LA-0226_SHORL_0000000000_1948031319581011_RAC0003.zip","Meta_xml":"http://cims.coastal.louisiana.gov/meta_docs/gis_refs/shoreline/BICM2/Shoreline_Metadata.xml","Meta_html":"http://cims.coastal.louisiana.gov/meta_docs/gis_refs/shoreline/BICM2/Shoreline_Metadata.html","COMMENTS":null,"SHAPE_Length":549.0504609070105,"DSAS_DATE":"03/13/1948","DSAS_UNCER":null,"year":1948}},{"type":"Feature","id":10265,"geometry":{"type":"LineString","coordinates":[[-91.863147,29.630713],[-91.862956,29.630687],[-91.862821,29.631249],[-91.862953,29.631596],[-91.862748,29.63181],[-91.862932,29.63201],[-91.862935,29.632438],[-91.862717,29.633234],[-91.862927,29.633908],[-91.863088,29.633921],[-91.863316,29.63366],[-91.864974,29.633178],[-91.865268,29.632355],[-91.865861,29.631771],[-91.866525,29.631468],[-91.867222,29.631492],[-91.867989,29.63201],[-91.869755,29.631695],[-91.871339,29.631655],[-91.871815,29.632074],[-91.872198,29.632059],[-91.873003,29.632437],[-91.873673,29.631924],[-91.873588,29.63171],[-91.873847,29.631542],[-91.873877,29.631315],[-91.874721,29.631064],[-91.8749,29.630362],[-91.875108,29.63025]]},"properties":{"OBJECTID":10265,"PROGRAM":"STATE","PROJECT":"LOUISIANA BARRIER ISLAND COMPREHENSIVE MONITORING PROGRAM (BICM)","PROJ_ID":"LA-0226","PROD_DATE":"20160929","SHORE_TYPE":"MARSH","SRC_DATE":"19480313","SRC_DATA":"USC&GS T-SHEET","SRC_RES":"1:20,000","SRC_VECT":"APPLIED COASTAL","SRC_RAST":"T09016","DIG_NOTES":" ","REGION":"AB","CONTRACTOR":"APPLIED COASTAL","ORG":"COASTAL PROTECTION AND RESTORATION AUTHORITY OF LOUISIANA (CPRA)","SRC_REG":"APPLIED COASTAL","DATAURL":"http://cims.coastal.louisiana.gov/meta_docs/gis_refs/shoreline/BICM2/LA-0226_SHORL_0000000000_1948031319581011_RAC0003.zip","Meta_xml":"http://cims.coastal.louisiana.gov/meta_docs/gis_refs/shoreline/BICM2/Shoreline_Metadata.xml","Meta_html":"http://cims.coastal.louisiana.gov/meta_docs/gis_refs/shoreline/BICM2/Shoreline_Metadata.html","COMMENTS":null,"SHAPE_Length":1995.6677770100264,"DSAS_DATE":"03/13/1948","DSAS_UNCER":null,"year":1948}},{"type":"Feature","id":10266,"geometry":{"type":"LineString","coordinates":[[-91.86336,29.630491],[-91.863245,29.630418],[-91.863711,29.628805],[-91.863418,29.628259],[-91.863485,29.628018],[-91.862791,29.626971],[-91.861447,29.626068],[-91.85973,29.625426],[-91.859218,29.625508],[-91.857878,29.625186],[-91.854687,29.625092],[-91.851715,29.625812],[-91.851431,29.62562],[-91.851798,29.625498],[-91.852018,29.625176]]},"properties":{"OBJECTID":10266,"PROGRAM":"STATE","PROJECT":"LOUISIANA BARRIER ISLAND COMPREHENSIVE MONITORING PROGRAM (BICM)","PROJ_ID":"LA-0226","PROD_DATE":"20160929","SHORE_TYPE":"MARSH","SRC_DATE":"19480313","SRC_DATA":"USC&GS T-SHEET","SRC_RES":"1:20,000","SRC_VECT":"APPLIED COASTAL","SRC_RAST":"T09016","DIG_NOTES":" ","REGION":"AB","CONTRACTOR":"APPLIED COASTAL","ORG":"COASTAL PROTECTION AND RESTORATION AUTHORITY OF LOUISIANA (CPRA)","SRC_REG":"APPLIED COASTAL","DATAURL":"http://cims.coastal.louisiana.gov/meta_docs/gis_refs/shoreline/BICM2/LA-0226_SHORL_0000000000_1948031319581011_RAC0003.zip","Meta_xml":"http://cims.coastal.louisiana.gov/meta_docs/gis_refs/shoreline/BICM2/Shoreline_Metadata.xml","Meta_html":"http://cims.coastal.louisiana.gov/meta_docs/gis_refs/shoreline/BICM2/Shoreline_Metadata.html","COMMENTS":null,"SHAPE_Length":1728.9887486852251,"DSAS_DATE":"03/13/1948","DSAS_UNCER":null,"year":1948}},{"type":"Feature","id":10267,"geometry":{"type":"LineString","coordinates":[[-91.850817,29.625154],[-91.850435,29.62539],[-91.85034,29.626098],[-91.849594,29.626783],[-91.849827,29.627624],[-91.849446,29.627826],[-91.849009,29.627661]]},"properties":{"OBJECTID":10267,"PROGRAM":"STATE","PROJECT":"LOUISIANA BARRIER ISLAND COMPREHENSIVE MONITORING PROGRAM (BICM)","PROJ_ID":"LA-0226","PROD_DATE":"20160929","SHORE_TYPE":"MARSH","SRC_DATE":"19480313","SRC_DATA":"USC&GS T-SHEET","SRC_RES":"1:20,000","SRC_VECT":"APPLIED COASTAL","SRC_RAST":"T09016","DIG_NOTES":" ","REGION":"AB","CONTRACTOR":"APPLIED COASTAL","ORG":"COASTAL PROTECTION AND RESTORATION AUTHORITY OF LOUISIANA (CPRA)","SRC_REG":"APPLIED COASTAL","DATAURL":"http://cims.coastal.louisiana.gov/meta_docs/gis_refs/shoreline/BICM2/LA-0226_SHORL_0000000000_1948031319581011_RAC0003.zip","Meta_xml":"http://cims.coastal.louisiana.gov/meta_docs/gis_refs/shoreline/BICM2/Shoreline_Metadata.xml","Meta_html":"http://cims.coastal.louisiana.gov/meta_docs/gis_refs/shoreline/BICM2/Shoreline_Metadata.html","COMMENTS":null,"SHAPE_Length":435.30462881967793,"DSAS_DATE":"03/13/1948","DSAS_UNCER":null,"year":1948}},{"type":"Feature","id":10268,"geometry":{"type":"LineString","coordinates":[[-91.84891,29.627842],[-91.849355,29.628007],[-91.850248,29.629073],[-91.850448,29.629206],[-91.850608,29.629125],[-91.850724,29.629365],[-91.850428,29.629788],[-91.850331,29.630269],[-91.850595,29.63117],[-91.850583,29.631792],[-91.850424,29.632027],[-91.849198,29.631684],[-91.848778,29.631819],[-91.849082,29.631537],[-91.848966,29.631237],[-91.848568,29.631092],[-91.847906,29.630392],[-91.846712,29.630317],[-91.845857,29.630688],[-91.845779,29.630314],[-91.845282,29.63049],[-91.845113,29.630316],[-91.844587,29.630666],[-91.84438,29.630567],[-91.844362,29.630045],[-91.842167,29.630094],[-91.841973,29.629593],[-91.84156,29.629535],[-91.841688,29.629127],[-91.841113,29.628995],[-91.841547,29.628539],[-91.84116,29.627658],[-91.840292,29.627013],[-91.84001,29.627181],[-91.839657,29.627062],[-91.839902,29.626948],[-91.839892,29.626574],[-91.839593,29.626388],[-91.839668,29.626147],[-91.839513,29.625726],[-91.839572,29.625352],[-91.839799,29.625265]]},"properties":{"OBJECTID":10268,"PROGRAM":"STATE","PROJECT":"LOUISIANA BARRIER ISLAND COMPREHENSIVE MONITORING PROGRAM (BICM)","PROJ_ID":"LA-0226","PROD_DATE":"20160929","SHORE_TYPE":"MARSH","SRC_DATE":"19480313","SRC_DATA":"USC&GS T-SHEET","SRC_RES":"1:20,000","SRC_VECT":"APPLIED COASTAL","SRC_RAST":"T09016","DIG_NOTES":" ","REGION":"AB","CONTRACTOR":"APPLIED COASTAL","ORG":"COASTAL PROTECTION AND RESTORATION AUTHORITY OF LOUISIANA (CPRA)","SRC_REG":"APPLIED COASTAL","DATAURL":"http://cims.coastal.louisiana.gov/meta_docs/gis_refs/shoreline/BICM2/LA-0226_SHORL_0000000000_1948031319581011_RAC0003.zip","Meta_xml":"http://cims.coastal.louisiana.gov/meta_docs/gis_refs/shoreline/BICM2/Shoreline_Metadata.xml","Meta_html":"http://cims.coastal.louisiana.gov/meta_docs/gis_refs/shoreline/BICM2/Shoreline_Metadata.html","COMMENTS":null,"SHAPE_Length":2632.4737597611197,"DSAS_DATE":"03/13/1948","DSAS_UNCER":null,"year":1948}},{"type":"Feature","id":10269,"geometry":{"type":"LineString","coordinates":[[-91.903864,29.638736],[-91.903103,29.638979],[-91.902624,29.6394],[-91.903055,29.639442],[-91.903107,29.639656],[-91.902755,29.640248],[-91.902116,29.640856],[-91.902068,29.641351],[-91.901055,29.641526],[-91.901088,29.641297],[-91.900507,29.64028],[-91.899991,29.638672],[-91.899302,29.637967],[-91.898876,29.636641],[-91.898567,29.636567],[-91.899467,29.636334]]},"properties":{"OBJECTID":10269,"PROGRAM":"STATE","PROJECT":"LOUISIANA BARRIER ISLAND COMPREHENSIVE MONITORING PROGRAM (BICM)","PROJ_ID":"LA-0226","PROD_DATE":"20160929","SHORE_TYPE":"MARSH","SRC_DATE":"19480313","SRC_DATA":"USC&GS T-SHEET","SRC_RES":"1:20,000","SRC_VECT":"APPLIED COASTAL","SRC_RAST":"T09563","DIG_NOTES":" ","REGION":"AB","CONTRACTOR":"APPLIED COASTAL","ORG":"COASTAL PROTECTION AND RESTORATION AUTHORITY OF LOUISIANA (CPRA)","SRC_REG":"APPLIED COASTAL","DATAURL":"http://cims.coastal.louisiana.gov/meta_docs/gis_refs/shoreline/BICM2/LA-0226_SHORL_0000000000_1948031319581011_RAC0003.zip","Meta_xml":"http://cims.coastal.louisiana.gov/meta_docs/gis_refs/shoreline/BICM2/Shoreline_Metadata.xml","Meta_html":"http://cims.coastal.louisiana.gov/meta_docs/gis_refs/shoreline/BICM2/Shoreline_Metadata.html","COMMENTS":null,"SHAPE_Length":1289.461262435965,"DSAS_DATE":"03/13/1948","DSAS_UNCER":null,"year":1948}},{"type":"Feature","id":10270,"geometry":{"type":"LineString","coordinates":[[-91.915226,29.633701],[-91.915204,29.634018],[-91.914962,29.6342],[-91.915086,29.634292],[-91.915811,29.633993],[-91.916497,29.634322],[-91.917375,29.634075],[-91.918204,29.63413],[-91.918414,29.633989],[-91.919339,29.634561],[-91.919629,29.633951],[-91.920008,29.633695],[-91.920649,29.633515],[-91.921606,29.633747],[-91.922526,29.63361],[-91.92451,29.634635],[-91.92508,29.635274],[-91.925325,29.636201],[-91.925902,29.636568],[-91.9269,29.636633],[-91.927057,29.636686],[-91.927068,29.63693],[-91.927383,29.637013],[-91.928247,29.636749],[-91.928603,29.636381],[-91.929343,29.634292],[-91.929684,29.633832],[-91.929618,29.633543],[-91.928897,29.632912],[-91.928306,29.631998],[-91.927527,29.630349],[-91.927075,29.628422],[-91.926684,29.628228],[-91.924786,29.628175],[-91.924855,29.628053],[-91.925433,29.628073],[-91.925457,29.627714],[-91.92587,29.628094],[-91.926926,29.627806],[-91.926994,29.62598],[-91.927244,29.625231]]},"properties":{"OBJECTID":10270,"PROGRAM":"STATE","PROJECT":"LOUISIANA BARRIER ISLAND COMPREHENSIVE MONITORING PROGRAM (BICM)","PROJ_ID":"LA-0226","PROD_DATE":"20160929","SHORE_TYPE":"MARSH","SRC_DATE":"19480313","SRC_DATA":"USC&GS T-SHEET","SRC_RES":"1:20,000","SRC_VECT":"APPLIED COASTAL","SRC_RAST":"T09563","DIG_NOTES":" ","REGION":"AB","CONTRACTOR":"APPLIED COASTAL","ORG":"COASTAL PROTECTION AND RESTORATION AUTHORITY OF LOUISIANA (CPRA)","SRC_REG":"APPLIED COASTAL","DATAURL":"http://cims.coastal.louisiana.gov/meta_docs/gis_refs/shoreline/BICM2/LA-0226_SHORL_0000000000_1948031319581011_RAC0003.zip","Meta_xml":"http://cims.coastal.louisiana.gov/meta_docs/gis_refs/shoreline/BICM2/Shoreline_Metadata.xml","Meta_html":"http://cims.coastal.louisiana.gov/meta_docs/gis_refs/shoreline/BICM2/Shoreline_Metadata.html","COMMENTS":null,"SHAPE_Length":3589.7033803535255,"DSAS_DATE":"03/13/1948","DSAS_UNCER":null,"year":1948}},{"type":"Feature","id":10271,"geometry":{"type":"LineString","coordinates":[[-91.927244,29.625231],[-91.927791,29.623194],[-91.927023,29.622677],[-91.926395,29.623558]]},"properties":{"OBJECTID":10271,"PROGRAM":"STATE","PROJECT":"LOUISIANA BARRIER ISLAND COMPREHENSIVE MONITORING PROGRAM (BICM)","PROJ_ID":"LA-0226","PROD_DATE":"20160929","SHORE_TYPE":"MARSH","SRC_DATE":"19480313","SRC_DATA":"USC&GS T-SHEET","SRC_RES":"1:20,000","SRC_VECT":"APPLIED COASTAL","SRC_RAST":"T09114","DIG_NOTES":" ","REGION":"AB","CONTRACTOR":"APPLIED COASTAL","ORG":"COASTAL PROTECTION AND RESTORATION AUTHORITY OF LOUISIANA (CPRA)","SRC_REG":"APPLIED COASTAL","DATAURL":"http://cims.coastal.louisiana.gov/meta_docs/gis_refs/shoreline/BICM2/LA-0226_SHORL_0000000000_1948031319581011_RAC0003.zip","Meta_xml":"http://cims.coastal.louisiana.gov/meta_docs/gis_refs/shoreline/BICM2/Shoreline_Metadata.xml","Meta_html":"http://cims.coastal.louisiana.gov/meta_docs/gis_refs/shoreline/BICM2/Shoreline_Metadata.html","COMMENTS":null,"SHAPE_Length":452.74152029697774,"DSAS_DATE":"03/13/1948","DSAS_UNCER":null,"year":1948}},{"type":"Feature","id":10272,"geometry":{"type":"LineString","coordinates":[[-91.914949,29.633745],[-91.913627,29.634064],[-91.913117,29.634662],[-91.913263,29.635344],[-91.911699,29.635422],[-91.911229,29.635927],[-91.910731,29.636069],[-91.910667,29.636623],[-91.910378,29.636462],[-91.910126,29.63667],[-91.909333,29.63661],[-91.908732,29.636824],[-91.908242,29.636635],[-91.907965,29.636961],[-91.907206,29.637356],[-91.906742,29.63791],[-91.906138,29.638247],[-91.906216,29.638586],[-91.906081,29.63898],[-91.904424,29.63951],[-91.90389,29.639121],[-91.903958,29.638954]]},"properties":{"OBJECTID":10272,"PROGRAM":"STATE","PROJECT":"LOUISIANA BARRIER ISLAND COMPREHENSIVE MONITORING PROGRAM (BICM)","PROJ_ID":"LA-0226","PROD_DATE":"20160929","SHORE_TYPE":"MARSH","SRC_DATE":"19480313","SRC_DATA":"USC&GS T-SHEET","SRC_RES":"1:20,000","SRC_VECT":"APPLIED COASTAL","SRC_RAST":"T09563","DIG_NOTES":" ","REGION":"AB","CONTRACTOR":"APPLIED COASTAL","ORG":"COASTAL PROTECTION AND RESTORATION AUTHORITY OF LOUISIANA (CPRA)","SRC_REG":"APPLIED COASTAL","DATAURL":"http://cims.coastal.louisiana.gov/meta_docs/gis_refs/shoreline/BICM2/LA-0226_SHORL_0000000000_1948031319581011_RAC0003.zip","Meta_xml":"http://cims.coastal.louisiana.gov/meta_docs/gis_refs/shoreline/BICM2/Shoreline_Metadata.xml","Meta_html":"http://cims.coastal.louisiana.gov/meta_docs/gis_refs/shoreline/BICM2/Shoreline_Metadata.html","COMMENTS":null,"SHAPE_Length":1556.3522803882959,"DSAS_DATE":"03/13/1948","DSAS_UNCER":null,"year":1948}},{"type":"Feature","id":10273,"geometry":{"type":"LineString","coordinates":[[-91.899753,29.635743],[-91.899399,29.635679],[-91.899193,29.635281],[-91.897724,29.634552],[-91.896642,29.634579],[-91.895892,29.634937],[-91.894388,29.633592],[-91.894151,29.633578],[-91.893829,29.633883],[-91.893611,29.633654],[-91.893645,29.633264],[-91.892891,29.632964],[-91.891929,29.632811],[-91.890819,29.632862],[-91.890103,29.633138],[-91.890071,29.63353],[-91.889379,29.63374],[-91.889031,29.633542],[-91.888904,29.633372],[-91.889075,29.632227],[-91.889255,29.631935],[-91.889536,29.631837],[-91.889746,29.631257],[-91.889741,29.630511],[-91.889518,29.629921],[-91.891013,29.629455],[-91.891309,29.629484],[-91.891419,29.62973]]},"properties":{"OBJECTID":10273,"PROGRAM":"STATE","PROJECT":"LOUISIANA BARRIER ISLAND COMPREHENSIVE MONITORING PROGRAM (BICM)","PROJ_ID":"LA-0226","PROD_DATE":"20160929","SHORE_TYPE":"MARSH","SRC_DATE":"19480313","SRC_DATA":"USC&GS T-SHEET","SRC_RES":"1:20,000","SRC_VECT":"APPLIED COASTAL","SRC_RAST":"T09563","DIG_NOTES":" ","REGION":"AB","CONTRACTOR":"APPLIED COASTAL","ORG":"COASTAL PROTECTION AND RESTORATION AUTHORITY OF LOUISIANA (CPRA)","SRC_REG":"APPLIED COASTAL","DATAURL":"http://cims.coastal.louisiana.gov/meta_docs/gis_refs/shoreline/BICM2/LA-0226_SHORL_0000000000_1948031319581011_RAC0003.zip","Meta_xml":"http://cims.coastal.louisiana.gov/meta_docs/gis_refs/shoreline/BICM2/Shoreline_Metadata.xml","Meta_html":"http://cims.coastal.louisiana.gov/meta_docs/gis_refs/shoreline/BICM2/Shoreline_Metadata.html","COMMENTS":null,"SHAPE_Length":2003.1745764641823,"DSAS_DATE":"03/13/1948","DSAS_UNCER":null,"year":1948}},{"type":"Feature","id":10274,"geometry":{"type":"LineString","coordinates":[[-91.881401,29.75022],[-91.880642,29.749271],[-91.880328,29.748216],[-91.880347,29.746198],[-91.880772,29.745958],[-91.877363,29.74724],[-91.875858,29.747479],[-91.875065,29.74741],[-91.87339,29.746905],[-91.871702,29.747088],[-91.868548,29.746543],[-91.867346,29.746044],[-91.865774,29.745057],[-91.864925,29.745175],[-91.864477,29.744856],[-91.863768,29.744913],[-91.864059,29.745316],[-91.86407,29.745675],[-91.864439,29.745834],[-91.8649,29.745428],[-91.865154,29.745335],[-91.865172,29.745442],[-91.864449,29.746063],[-91.863739,29.745997]]},"properties":{"OBJECTID":10274,"PROGRAM":"STATE","PROJECT":"LOUISIANA BARRIER ISLAND COMPREHENSIVE MONITORING PROGRAM (BICM)","PROJ_ID":"LA-0226","PROD_DATE":"20160929","SHORE_TYPE":"MARSH","SRC_DATE":"19480313","SRC_DATA":"USC&GS T-SHEET","SRC_RES":"1:20,000","SRC_VECT":"APPLIED COASTAL","SRC_RAST":"T09016","DIG_NOTES":" ","REGION":"AB","CONTRACTOR":"APPLIED COASTAL","ORG":"COASTAL PROTECTION AND RESTORATION AUTHORITY OF LOUISIANA (CPRA)","SRC_REG":"APPLIED COASTAL","DATAURL":"http://cims.coastal.louisiana.gov/meta_docs/gis_refs/shoreline/BICM2/LA-0226_SHORL_0000000000_1948031319581011_RAC0003.zip","Meta_xml":"http://cims.coastal.louisiana.gov/meta_docs/gis_refs/shoreline/BICM2/Shoreline_Metadata.xml","Meta_html":"http://cims.coastal.louisiana.gov/meta_docs/gis_refs/shoreline/BICM2/Shoreline_Metadata.html","COMMENTS":null,"SHAPE_Length":2738.7625920603455,"DSAS_DATE":"03/13/1948","DSAS_UNCER":null,"year":1948}},{"type":"Feature","id":10275,"geometry":{"type":"LineString","coordinates":[[-91.862775,29.745787],[-91.861012,29.745046],[-91.8595,29.743761],[-91.858944,29.743053],[-91.858111,29.742629],[-91.85663,29.742436],[-91.856095,29.742163]]},"properties":{"OBJECTID":10275,"PROGRAM":"STATE","PROJECT":"LOUISIANA BARRIER ISLAND COMPREHENSIVE MONITORING PROGRAM (BICM)","PROJ_ID":"LA-0226","PROD_DATE":"20160929","SHORE_TYPE":"MARSH","SRC_DATE":"19480313","SRC_DATA":"USC&GS T-SHEET","SRC_RES":"1:20,000","SRC_VECT":"APPLIED COASTAL","SRC_RAST":"T09016","DIG_NOTES":" ","REGION":"AB","CONTRACTOR":"APPLIED COASTAL","ORG":"COASTAL PROTECTION AND RESTORATION AUTHORITY OF LOUISIANA (CPRA)","SRC_REG":"APPLIED COASTAL","DATAURL":"http://cims.coastal.louisiana.gov/meta_docs/gis_refs/shoreline/BICM2/LA-0226_SHORL_0000000000_1948031319581011_RAC0003.zip","Meta_xml":"http://cims.coastal.louisiana.gov/meta_docs/gis_refs/shoreline/BICM2/Shoreline_Metadata.xml","Meta_html":"http://cims.coastal.louisiana.gov/meta_docs/gis_refs/shoreline/BICM2/Shoreline_Metadata.html","COMMENTS":null,"SHAPE_Length":801.1197347640161,"DSAS_DATE":"03/13/1948","DSAS_UNCER":null,"year":1948}},{"type":"Feature","id":10276,"geometry":{"type":"LineString","coordinates":[[-91.856459,29.741497],[-91.856676,29.74116],[-91.856648,29.740778],[-91.855918,29.738413]]},"properties":{"OBJECTID":10276,"PROGRAM":"STATE","PROJECT":"LOUISIANA BARRIER ISLAND COMPREHENSIVE MONITORING PROGRAM (BICM)","PROJ_ID":"LA-0226","PROD_DATE":"20160929","SHORE_TYPE":"MARSH","SRC_DATE":"19480313","SRC_DATA":"USC&GS T-SHEET","SRC_RES":"1:20,000","SRC_VECT":"APPLIED COASTAL","SRC_RAST":"T09016","DIG_NOTES":" ","REGION":"AB","CONTRACTOR":"APPLIED COASTAL","ORG":"COASTAL PROTECTION AND RESTORATION AUTHORITY OF LOUISIANA (CPRA)","SRC_REG":"APPLIED COASTAL","DATAURL":"http://cims.coastal.louisiana.gov/meta_docs/gis_refs/shoreline/BICM2/LA-0226_SHORL_0000000000_1948031319581011_RAC0003.zip","Meta_xml":"http://cims.coastal.louisiana.gov/meta_docs/gis_refs/shoreline/BICM2/Shoreline_Metadata.xml","Meta_html":"http://cims.coastal.louisiana.gov/meta_docs/gis_refs/shoreline/BICM2/Shoreline_Metadata.html","COMMENTS":null,"SHAPE_Length":807.7114285308454,"DSAS_DATE":"03/13/1948","DSAS_UNCER":null,"year":1948}},{"type":"Feature","id":10282,"geometry":{"type":"LineString","coordinates":[[-92.000143,29.553666],[-92.001124,29.554135],[-92.003717,29.554854],[-92.006281,29.556743],[-92.010521,29.558417],[-92.014526,29.56023],[-92.016388,29.561702],[-92.017651,29.56239],[-92.020471,29.563369],[-92.021057,29.563343],[-92.021653,29.563691],[-92.023168,29.56418],[-92.024783,29.565233],[-92.026097,29.565761],[-92.026187,29.566073],[-92.027465,29.566464],[-92.027476,29.566693],[-92.027703,29.566745],[-92.027749,29.567104],[-92.028037,29.567026],[-92.028179,29.56727],[-92.028749,29.567588],[-92.028768,29.56784],[-92.029057,29.56796],[-92.028998,29.568197],[-92.029469,29.568157],[-92.029454,29.568416],[-92.029701,29.568744],[-92.029641,29.568965],[-92.030119,29.569442],[-92.030532,29.570669],[-92.030893,29.571211],[-92.031745,29.571906],[-92.032144,29.573466],[-92.032699,29.573918],[-92.032631,29.574279],[-92.033268,29.575328],[-92.033918,29.575977],[-92.034099,29.57637],[-92.035428,29.577409],[-92.035481,29.578455],[-92.035121,29.578611]]},"properties":{"OBJECTID":10282,"PROGRAM":"STATE","PROJECT":"LOUISIANA BARRIER ISLAND COMPREHENSIVE MONITORING PROGRAM (BICM)","PROJ_ID":"LA-0226","PROD_DATE":"20160929","SHORE_TYPE":"MIXED","SRC_DATE":"19480313","SRC_DATA":"USC&GS T-SHEET","SRC_RES":"1:20,000","SRC_VECT":"APPLIED COASTAL","SRC_RAST":"T09113","DIG_NOTES":" ","REGION":"AB","CONTRACTOR":"APPLIED COASTAL","ORG":"COASTAL PROTECTION AND RESTORATION AUTHORITY OF LOUISIANA (CPRA)","SRC_REG":"APPLIED COASTAL","DATAURL":"http://cims.coastal.louisiana.gov/meta_docs/gis_refs/shoreline/BICM2/LA-0226_SHORL_0000000000_1948031319581011_RAC0003.zip","Meta_xml":"http://cims.coastal.louisiana.gov/meta_docs/gis_refs/shoreline/BICM2/Shoreline_Metadata.xml","Meta_html":"http://cims.coastal.louisiana.gov/meta_docs/gis_refs/shoreline/BICM2/Shoreline_Metadata.html","COMMENTS":null,"SHAPE_Length":4916.897697399072,"DSAS_DATE":"03/13/1948","DSAS_UNCER":null,"year":1948}},{"type":"Feature","id":10283,"geometry":{"type":"LineString","coordinates":[[-91.88189,29.750196],[-91.882773,29.750532],[-91.882918,29.750731],[-91.882117,29.751466],[-91.882142,29.752142],[-91.881934,29.752139],[-91.881775,29.75188],[-91.881203,29.752154],[-91.88076,29.751972],[-91.880676,29.751831],[-91.881017,29.751685],[-91.881037,29.751383],[-91.880383,29.751787],[-91.880827,29.75222],[-91.880807,29.752549]]},"properties":{"OBJECTID":10283,"PROGRAM":"STATE","PROJECT":"LOUISIANA BARRIER ISLAND COMPREHENSIVE MONITORING PROGRAM (BICM)","PROJ_ID":"LA-0226","PROD_DATE":"20160929","SHORE_TYPE":"MARSH","SRC_DATE":"19480313","SRC_DATA":"USC&GS T-SHEET","SRC_RES":"1:20,000","SRC_VECT":"APPLIED COASTAL","SRC_RAST":"T09012","DIG_NOTES":" ","REGION":"AB","CONTRACTOR":"APPLIED COASTAL","ORG":"COASTAL PROTECTION AND RESTORATION AUTHORITY OF LOUISIANA (CPRA)","SRC_REG":"APPLIED COASTAL","DATAURL":"http://cims.coastal.louisiana.gov/meta_docs/gis_refs/shoreline/BICM2/LA-0226_SHORL_0000000000_1948031319581011_RAC0003.zip","Meta_xml":"http://cims.coastal.louisiana.gov/meta_docs/gis_refs/shoreline/BICM2/Shoreline_Metadata.xml","Meta_html":"http://cims.coastal.louisiana.gov/meta_docs/gis_refs/shoreline/BICM2/Shoreline_Metadata.html","COMMENTS":null,"SHAPE_Length":763.1538371836508,"DSAS_DATE":"03/13/1948","DSAS_UNCER":null,"year":1948}},{"type":"Feature","id":10284,"geometry":{"type":"LineString","coordinates":[[-91.881351,29.752614],[-91.881722,29.753239],[-91.881916,29.755462],[-91.88182,29.755875],[-91.881132,29.756096],[-91.88089,29.756349],[-91.881124,29.757001],[-91.881114,29.757597],[-91.880899,29.758005],[-91.881125,29.758491],[-91.88028,29.758781],[-91.879564,29.758681],[-91.879396,29.75922],[-91.878534,29.758839],[-91.877473,29.759359],[-91.876465,29.758728],[-91.876986,29.759155],[-91.87706,29.75943],[-91.8775,29.759531],[-91.877626,29.759811],[-91.87711,29.760197],[-91.875642,29.760782],[-91.875132,29.761577]]},"properties":{"OBJECTID":10284,"PROGRAM":"STATE","PROJECT":"LOUISIANA BARRIER ISLAND COMPREHENSIVE MONITORING PROGRAM (BICM)","PROJ_ID":"LA-0226","PROD_DATE":"20160929","SHORE_TYPE":"MARSH","SRC_DATE":"19480313","SRC_DATA":"USC&GS T-SHEET","SRC_RES":"1:20,000","SRC_VECT":"APPLIED COASTAL","SRC_RAST":"T09012","DIG_NOTES":" ","REGION":"AB","CONTRACTOR":"APPLIED COASTAL","ORG":"COASTAL PROTECTION AND RESTORATION AUTHORITY OF LOUISIANA (CPRA)","SRC_REG":"APPLIED COASTAL","DATAURL":"http://cims.coastal.louisiana.gov/meta_docs/gis_refs/shoreline/BICM2/LA-0226_SHORL_0000000000_1948031319581011_RAC0003.zip","Meta_xml":"http://cims.coastal.louisiana.gov/meta_docs/gis_refs/shoreline/BICM2/Shoreline_Metadata.xml","Meta_html":"http://cims.coastal.louisiana.gov/meta_docs/gis_refs/shoreline/BICM2/Shoreline_Metadata.html","COMMENTS":null,"SHAPE_Length":1828.6278216760813,"DSAS_DATE":"03/13/1948","DSAS_UNCER":null,"year":1948}},{"type":"Feature","id":10285,"geometry":{"type":"LineString","coordinates":[[-91.880492,29.759834],[-91.880412,29.759161],[-91.879716,29.758906],[-91.879674,29.759178],[-91.879369,29.759471],[-91.880492,29.759834]]},"properties":{"OBJECTID":10285,"PROGRAM":"STATE","PROJECT":"LOUISIANA BARRIER ISLAND COMPREHENSIVE MONITORING PROGRAM (BICM)","PROJ_ID":"LA-0226","PROD_DATE":"20160929","SHORE_TYPE":"MARSH","SRC_DATE":"19480313","SRC_DATA":"USC&GS T-SHEET","SRC_RES":"1:20,000","SRC_VECT":"APPLIED COASTAL","SRC_RAST":"T09012","DIG_NOTES":" ","REGION":"AB","CONTRACTOR":"APPLIED COASTAL","ORG":"COASTAL PROTECTION AND RESTORATION AUTHORITY OF LOUISIANA (CPRA)","SRC_REG":"APPLIED COASTAL","DATAURL":"http://cims.coastal.louisiana.gov/meta_docs/gis_refs/shoreline/BICM2/LA-0226_SHORL_0000000000_1948031319581011_RAC0003.zip","Meta_xml":"http://cims.coastal.louisiana.gov/meta_docs/gis_refs/shoreline/BICM2/Shoreline_Metadata.xml","Meta_html":"http://cims.coastal.louisiana.gov/meta_docs/gis_refs/shoreline/BICM2/Shoreline_Metadata.html","COMMENTS":null,"SHAPE_Length":361.4735840054225,"DSAS_DATE":"03/13/1948","DSAS_UNCER":null,"year":1948}},{"type":"Feature","id":10286,"geometry":{"type":"LineString","coordinates":[[-91.879106,29.759448],[-91.878655,29.759059],[-91.878054,29.759123],[-91.877749,29.759363],[-91.877728,29.759635],[-91.878233,29.759891],[-91.879106,29.759448]]},"properties":{"OBJECTID":10286,"PROGRAM":"STATE","PROJECT":"LOUISIANA BARRIER ISLAND COMPREHENSIVE MONITORING PROGRAM (BICM)","PROJ_ID":"LA-0226","PROD_DATE":"20160929","SHORE_TYPE":"MARSH","SRC_DATE":"19480313","SRC_DATA":"USC&GS T-SHEET","SRC_RES":"1:20,000","SRC_VECT":"APPLIED COASTAL","SRC_RAST":"T09012","DIG_NOTES":" ","REGION":"AB","CONTRACTOR":"APPLIED COASTAL","ORG":"COASTAL PROTECTION AND RESTORATION AUTHORITY OF LOUISIANA (CPRA)","SRC_REG":"APPLIED COASTAL","DATAURL":"http://cims.coastal.louisiana.gov/meta_docs/gis_refs/shoreline/BICM2/LA-0226_SHORL_0000000000_1948031319581011_RAC0003.zip","Meta_xml":"http://cims.coastal.louisiana.gov/meta_docs/gis_refs/shoreline/BICM2/Shoreline_Metadata.xml","Meta_html":"http://cims.coastal.louisiana.gov/meta_docs/gis_refs/shoreline/BICM2/Shoreline_Metadata.html","COMMENTS":null,"SHAPE_Length":360.3749628027667,"DSAS_DATE":"03/13/1948","DSAS_UNCER":null,"year":1948}},{"type":"Feature","id":10287,"geometry":{"type":"LineString","coordinates":[[-91.875132,29.761577],[-91.874771,29.761852],[-91.874429,29.761698],[-91.874026,29.762462],[-91.873318,29.762643],[-91.873223,29.763348],[-91.872319,29.763712]]},"properties":{"OBJECTID":10287,"PROGRAM":"STATE","PROJECT":"LOUISIANA BARRIER ISLAND COMPREHENSIVE MONITORING PROGRAM (BICM)","PROJ_ID":"LA-0226","PROD_DATE":"20160929","SHORE_TYPE":"MARSH","SRC_DATE":"19480313","SRC_DATA":"USC&GS T-SHEET","SRC_RES":"1:20,000","SRC_VECT":"APPLIED COASTAL","SRC_RAST":"T09013","DIG_NOTES":" ","REGION":"AB","CONTRACTOR":"APPLIED COASTAL","ORG":"COASTAL PROTECTION AND RESTORATION AUTHORITY OF LOUISIANA (CPRA)","SRC_REG":"APPLIED COASTAL","DATAURL":"http://cims.coastal.louisiana.gov/meta_docs/gis_refs/shoreline/BICM2/LA-0226_SHORL_0000000000_1948031319581011_RAC0003.zip","Meta_xml":"http://cims.coastal.louisiana.gov/meta_docs/gis_refs/shoreline/BICM2/Shoreline_Metadata.xml","Meta_html":"http://cims.coastal.louisiana.gov/meta_docs/gis_refs/shoreline/BICM2/Shoreline_Metadata.html","COMMENTS":null,"SHAPE_Length":445.6294579516471,"DSAS_DATE":"03/13/1948","DSAS_UNCER":null,"year":1948}},{"type":"Feature","id":10288,"geometry":{"type":"LineString","coordinates":[[-91.873236,29.767],[-91.872915,29.765959],[-91.872515,29.765984],[-91.872276,29.766632],[-91.872678,29.766911],[-91.873236,29.767]]},"properties":{"OBJECTID":10288,"PROGRAM":"STATE","PROJECT":"LOUISIANA BARRIER ISLAND COMPREHENSIVE MONITORING PROGRAM (BICM)","PROJ_ID":"LA-0226","PROD_DATE":"20160929","SHORE_TYPE":"MARSH","SRC_DATE":"19480313","SRC_DATA":"USC&GS T-SHEET","SRC_RES":"1:20,000","SRC_VECT":"APPLIED COASTAL","SRC_RAST":"T09013","DIG_NOTES":" ","REGION":"AB","CONTRACTOR":"APPLIED COASTAL","ORG":"COASTAL PROTECTION AND RESTORATION AUTHORITY OF LOUISIANA (CPRA)","SRC_REG":"APPLIED COASTAL","DATAURL":"http://cims.coastal.louisiana.gov/meta_docs/gis_refs/shoreline/BICM2/LA-0226_SHORL_0000000000_1948031319581011_RAC0003.zip","Meta_xml":"http://cims.coastal.louisiana.gov/meta_docs/gis_refs/shoreline/BICM2/Shoreline_Metadata.xml","Meta_html":"http://cims.coastal.louisiana.gov/meta_docs/gis_refs/shoreline/BICM2/Shoreline_Metadata.html","COMMENTS":null,"SHAPE_Length":357.10162326435574,"DSAS_DATE":"03/13/1948","DSAS_UNCER":null,"year":1948}},{"type":"Feature","id":10289,"geometry":{"type":"LineString","coordinates":[[-91.872433,29.764156],[-91.872692,29.764797],[-91.87273,29.765587],[-91.872665,29.76584],[-91.872103,29.766243],[-91.872164,29.766707],[-91.871897,29.767057],[-91.872024,29.767406],[-91.87228,29.7674],[-91.872254,29.767514],[-91.871677,29.767885],[-91.871128,29.768555],[-91.870653,29.768705]]},"properties":{"OBJECTID":10289,"PROGRAM":"STATE","PROJECT":"LOUISIANA BARRIER ISLAND COMPREHENSIVE MONITORING PROGRAM (BICM)","PROJ_ID":"LA-0226","PROD_DATE":"20160929","SHORE_TYPE":"MARSH","SRC_DATE":"19480313","SRC_DATA":"USC&GS T-SHEET","SRC_RES":"1:20,000","SRC_VECT":"APPLIED COASTAL","SRC_RAST":"T09013","DIG_NOTES":" ","REGION":"AB","CONTRACTOR":"APPLIED COASTAL","ORG":"COASTAL PROTECTION AND RESTORATION AUTHORITY OF LOUISIANA (CPRA)","SRC_REG":"APPLIED COASTAL","DATAURL":"http://cims.coastal.louisiana.gov/meta_docs/gis_refs/shoreline/BICM2/LA-0226_SHORL_0000000000_1948031319581011_RAC0003.zip","Meta_xml":"http://cims.coastal.louisiana.gov/meta_docs/gis_refs/shoreline/BICM2/Shoreline_Metadata.xml","Meta_html":"http://cims.coastal.louisiana.gov/meta_docs/gis_refs/shoreline/BICM2/Shoreline_Metadata.html","COMMENTS":null,"SHAPE_Length":658.8386528466407,"DSAS_DATE":"03/13/1948","DSAS_UNCER":null,"year":1948}},{"type":"Feature","id":10290,"geometry":{"type":"LineString","coordinates":[[-91.874577,29.762793],[-91.875005,29.762066],[-91.87483,29.761947],[-91.87448,29.762049],[-91.874204,29.762651],[-91.873646,29.762678],[-91.873263,29.763634],[-91.874091,29.762953],[-91.874577,29.762793]]},"properties":{"OBJECTID":10290,"PROGRAM":"STATE","PROJECT":"LOUISIANA BARRIER ISLAND COMPREHENSIVE MONITORING PROGRAM (BICM)","PROJ_ID":"LA-0226","PROD_DATE":"20160929","SHORE_TYPE":"MARSH","SRC_DATE":"19480313","SRC_DATA":"USC&GS T-SHEET","SRC_RES":"1:20,000","SRC_VECT":"APPLIED COASTAL","SRC_RAST":"T09013","DIG_NOTES":" ","REGION":"AB","CONTRACTOR":"APPLIED COASTAL","ORG":"COASTAL PROTECTION AND RESTORATION AUTHORITY OF LOUISIANA (CPRA)","SRC_REG":"APPLIED COASTAL","DATAURL":"http://cims.coastal.louisiana.gov/meta_docs/gis_refs/shoreline/BICM2/LA-0226_SHORL_0000000000_1948031319581011_RAC0003.zip","Meta_xml":"http://cims.coastal.louisiana.gov/meta_docs/gis_refs/shoreline/BICM2/Shoreline_Metadata.xml","Meta_html":"http://cims.coastal.louisiana.gov/meta_docs/gis_refs/shoreline/BICM2/Shoreline_Metadata.html","COMMENTS":null,"SHAPE_Length":581.1296975607191,"DSAS_DATE":"03/13/1948","DSAS_UNCER":null,"year":1948}},{"type":"Feature","id":10293,"geometry":{"type":"LineString","coordinates":[[-91.971998,29.833588],[-91.971351,29.833774],[-91.971169,29.834042],[-91.970076,29.834414],[-91.96922,29.834915],[-91.96817,29.835096],[-91.966967,29.836072],[-91.965587,29.836766],[-91.963618,29.837104],[-91.962515,29.837147],[-91.961576,29.836984],[-91.96079,29.837385],[-91.958261,29.837832],[-91.956649,29.837802],[-91.956081,29.838125]]},"properties":{"OBJECTID":10293,"PROGRAM":"STATE","PROJECT":"LOUISIANA BARRIER ISLAND COMPREHENSIVE MONITORING PROGRAM (BICM)","PROJ_ID":"LA-0226","PROD_DATE":"20160929","SHORE_TYPE":"MARSH","SRC_DATE":"19480313","SRC_DATA":"USC&GS T-SHEET","SRC_RES":"1:20,000","SRC_VECT":"APPLIED COASTAL","SRC_RAST":"T09012","DIG_NOTES":" ","REGION":"AB","CONTRACTOR":"APPLIED COASTAL","ORG":"COASTAL PROTECTION AND RESTORATION AUTHORITY OF LOUISIANA (CPRA)","SRC_REG":"APPLIED COASTAL","DATAURL":"http://cims.coastal.louisiana.gov/meta_docs/gis_refs/shoreline/BICM2/LA-0226_SHORL_0000000000_1948031319581011_RAC0003.zip","Meta_xml":"http://cims.coastal.louisiana.gov/meta_docs/gis_refs/shoreline/BICM2/Shoreline_Metadata.xml","Meta_html":"http://cims.coastal.louisiana.gov/meta_docs/gis_refs/shoreline/BICM2/Shoreline_Metadata.html","COMMENTS":null,"SHAPE_Length":2907.1206646170776,"DSAS_DATE":"03/13/1948","DSAS_UNCER":null,"year":1948}},{"type":"Feature","id":10294,"geometry":{"type":"LineString","coordinates":[[-91.955687,29.838119],[-91.95514,29.837602],[-91.954176,29.837508],[-91.951629,29.83658],[-91.950543,29.836517],[-91.948006,29.835787],[-91.946752,29.835595]]},"properties":{"OBJECTID":10294,"PROGRAM":"STATE","PROJECT":"LOUISIANA BARRIER ISLAND COMPREHENSIVE MONITORING PROGRAM (BICM)","PROJ_ID":"LA-0226","PROD_DATE":"20160929","SHORE_TYPE":"MARSH","SRC_DATE":"19480313","SRC_DATA":"USC&GS T-SHEET","SRC_RES":"1:20,000","SRC_VECT":"APPLIED COASTAL","SRC_RAST":"T09012","DIG_NOTES":" ","REGION":"AB","CONTRACTOR":"APPLIED COASTAL","ORG":"COASTAL PROTECTION AND RESTORATION AUTHORITY OF LOUISIANA (CPRA)","SRC_REG":"APPLIED COASTAL","DATAURL":"http://cims.coastal.louisiana.gov/meta_docs/gis_refs/shoreline/BICM2/LA-0226_SHORL_0000000000_1948031319581011_RAC0003.zip","Meta_xml":"http://cims.coastal.louisiana.gov/meta_docs/gis_refs/shoreline/BICM2/Shoreline_Metadata.xml","Meta_html":"http://cims.coastal.louisiana.gov/meta_docs/gis_refs/shoreline/BICM2/Shoreline_Metadata.html","COMMENTS":null,"SHAPE_Length":940.0077031165137,"DSAS_DATE":"03/13/1948","DSAS_UNCER":null,"year":1948}},{"type":"Feature","id":10295,"geometry":{"type":"LineString","coordinates":[[-91.944646,29.835062],[-91.944618,29.834749],[-91.943918,29.83353],[-91.943267,29.833105],[-91.942531,29.833033],[-91.940754,29.831849],[-91.940304,29.831378],[-91.940091,29.830882],[-91.939187,29.830665]]},"properties":{"OBJECTID":10295,"PROGRAM":"STATE","PROJECT":"LOUISIANA BARRIER ISLAND COMPREHENSIVE MONITORING PROGRAM (BICM)","PROJ_ID":"LA-0226","PROD_DATE":"20160929","SHORE_TYPE":"MARSH","SRC_DATE":"19480313","SRC_DATA":"USC&GS T-SHEET","SRC_RES":"1:20,000","SRC_VECT":"APPLIED COASTAL","SRC_RAST":"T09012","DIG_NOTES":" ","REGION":"AB","CONTRACTOR":"APPLIED COASTAL","ORG":"COASTAL PROTECTION AND RESTORATION AUTHORITY OF LOUISIANA (CPRA)","SRC_REG":"APPLIED COASTAL","DATAURL":"http://cims.coastal.louisiana.gov/meta_docs/gis_refs/shoreline/BICM2/LA-0226_SHORL_0000000000_1948031319581011_RAC0003.zip","Meta_xml":"http://cims.coastal.louisiana.gov/meta_docs/gis_refs/shoreline/BICM2/Shoreline_Metadata.xml","Meta_html":"http://cims.coastal.louisiana.gov/meta_docs/gis_refs/shoreline/BICM2/Shoreline_Metadata.html","COMMENTS":null,"SHAPE_Length":771.9459396428848,"DSAS_DATE":"03/13/1948","DSAS_UNCER":null,"year":1948}},{"type":"Feature","id":10296,"geometry":{"type":"LineString","coordinates":[[-91.938976,29.830459],[-91.939872,29.829493],[-91.940365,29.828444]]},"properties":{"OBJECTID":10296,"PROGRAM":"STATE","PROJECT":"LOUISIANA BARRIER ISLAND COMPREHENSIVE MONITORING PROGRAM (BICM)","PROJ_ID":"LA-0226","PROD_DATE":"20160929","SHORE_TYPE":"MARSH","SRC_DATE":"19480313","SRC_DATA":"USC&GS T-SHEET","SRC_RES":"1:20,000","SRC_VECT":"APPLIED COASTAL","SRC_RAST":"T09012","DIG_NOTES":" ","REGION":"AB","CONTRACTOR":"APPLIED COASTAL","ORG":"COASTAL PROTECTION AND RESTORATION AUTHORITY OF LOUISIANA (CPRA)","SRC_REG":"APPLIED COASTAL","DATAURL":"http://cims.coastal.louisiana.gov/meta_docs/gis_refs/shoreline/BICM2/LA-0226_SHORL_0000000000_1948031319581011_RAC0003.zip","Meta_xml":"http://cims.coastal.louisiana.gov/meta_docs/gis_refs/shoreline/BICM2/Shoreline_Metadata.xml","Meta_html":"http://cims.coastal.louisiana.gov/meta_docs/gis_refs/shoreline/BICM2/Shoreline_Metadata.html","COMMENTS":null,"SHAPE_Length":265.55905368708255,"DSAS_DATE":"03/13/1948","DSAS_UNCER":null,"year":1948}},{"type":"Feature","id":10297,"geometry":{"type":"LineString","coordinates":[[-91.940707,29.828435],[-91.941452,29.82847],[-91.943079,29.828172],[-91.945847,29.828105],[-91.946337,29.827935],[-91.946916,29.828116],[-91.947836,29.82802],[-91.952438,29.82851],[-91.956352,29.829607],[-91.957751,29.830585],[-91.959235,29.832542],[-91.959736,29.832791],[-91.960715,29.833818],[-91.961683,29.834485],[-91.961966,29.834828],[-91.962155,29.835682],[-91.962869,29.836458],[-91.964228,29.83649],[-91.965863,29.835962],[-91.966337,29.834807],[-91.967258,29.833603],[-91.967471,29.83264],[-91.967267,29.830845],[-91.966744,29.829794],[-91.965907,29.829095],[-91.965332,29.82825],[-91.964233,29.827652],[-91.96232,29.825751],[-91.961573,29.825289],[-91.961134,29.825199],[-91.960034,29.824418],[-91.959895,29.824556],[-91.959027,29.824453],[-91.958956,29.82427],[-91.958597,29.824325],[-91.958262,29.824044],[-91.958158,29.824228],[-91.957965,29.824092],[-91.957711,29.824215],[-91.957185,29.824095],[-91.957019,29.824234],[-91.956562,29.823953],[-91.956257,29.824138],[-91.956159,29.824009],[-91.955959,29.824101],[-91.954685,29.823603],[-91.954467,29.82378],[-91.954132,29.823422],[-91.953844,29.823615],[-91.953501,29.823334],[-91.953265,29.823495],[-91.952913,29.823184],[-91.952537,29.823323],[-91.951871,29.823204],[-91.950166,29.82241],[-91.949922,29.822518],[-91.949824,29.82232],[-91.949288,29.822055],[-91.94893,29.82224],[-91.948841,29.82195],[-91.948577,29.821798],[-91.947481,29.821636],[-91.946927,29.821325],[-91.946706,29.820952],[-91.94538,29.820423],[-91.944886,29.819914],[-91.944008,29.819536],[-91.943725,29.819117],[-91.942784,29.818594],[-91.942633,29.818244],[-91.942328,29.81836],[-91.942072,29.818109],[-91.941379,29.81789],[-91.941325,29.817662],[-91.939564,29.816264],[-91.939396,29.815891],[-91.939054,29.815846],[-91.938442,29.814726],[-91.937917,29.814721],[-91.937717,29.814966],[-91.937103,29.814824],[-91.936911,29.814993],[-91.936621,29.81475],[-91.935911,29.814761],[-91.935737,29.814983],[-91.935396,29.815015],[-91.93489,29.815338],[-91.933848,29.815389],[-91.9323,29.815801],[-91.930408,29.815863],[-91.929601,29.815607],[-91.927,29.81581],[-91.925106,29.815482],[-91.924059,29.814639],[-91.92327,29.814635],[-91.922673,29.814286],[-91.921649,29.814535],[-91.920807,29.814302],[-91.919714,29.814658],[-91.919645,29.814812],[-91.916552,29.814695],[-91.915899,29.815332],[-91.91599,29.81589],[-91.91565,29.816204],[-91.915541,29.817091],[-91.915238,29.81768],[-91.914897,29.817789],[-91.914951,29.818002],[-91.914839,29.818324],[-91.914655,29.818332],[-91.914441,29.819166],[-91.913962,29.819596],[-91.913929,29.819985],[-91.913727,29.820002],[-91.913825,29.820215],[-91.913484,29.820369],[-91.913269,29.82092],[-91.912762,29.821228],[-91.912694,29.821534],[-91.912449,29.821558],[-91.912408,29.82207],[-91.912145,29.822048],[-91.912104,29.822484],[-91.911623,29.822646],[-91.91132,29.823213],[-91.910899,29.82326],[-91.910535,29.823965],[-91.910185,29.823951],[-91.909767,29.824472],[-91.909339,29.824604],[-91.90907,29.825117],[-91.909098,29.82543],[-91.908941,29.825515],[-91.909023,29.826011],[-91.908639,29.827777],[-91.907954,29.829071],[-91.90764,29.829324],[-91.907581,29.829668],[-91.907127,29.830029],[-91.907217,29.830373]]},"properties":{"OBJECTID":10297,"PROGRAM":"STATE","PROJECT":"LOUISIANA BARRIER ISLAND COMPREHENSIVE MONITORING PROGRAM (BICM)","PROJ_ID":"LA-0226","PROD_DATE":"20160929","SHORE_TYPE":"MARSH","SRC_DATE":"19480313","SRC_DATA":"USC&GS T-SHEET","SRC_RES":"1:20,000","SRC_VECT":"APPLIED COASTAL","SRC_RAST":"T09012","DIG_NOTES":" ","REGION":"AB","CONTRACTOR":"APPLIED COASTAL","ORG":"COASTAL PROTECTION AND RESTORATION AUTHORITY OF LOUISIANA (CPRA)","SRC_REG":"APPLIED COASTAL","DATAURL":"http://cims.coastal.louisiana.gov/meta_docs/gis_refs/shoreline/BICM2/LA-0226_SHORL_0000000000_1948031319581011_RAC0003.zip","Meta_xml":"http://cims.coastal.louisiana.gov/meta_docs/gis_refs/shoreline/BICM2/Shoreline_Metadata.xml","Meta_html":"http://cims.coastal.louisiana.gov/meta_docs/gis_refs/shoreline/BICM2/Shoreline_Metadata.html","COMMENTS":null,"SHAPE_Length":12051.006224413213,"DSAS_DATE":"03/13/1948","DSAS_UNCER":null,"year":1948}},{"type":"Feature","id":10298,"geometry":{"type":"LineString","coordinates":[[-91.906734,29.830944],[-91.906243,29.830939],[-91.906078,29.831176],[-91.905484,29.831461],[-91.904915,29.831433],[-91.904593,29.831939],[-91.904077,29.831979],[-91.903563,29.832531],[-91.900346,29.83376],[-91.897861,29.834397],[-91.896841,29.834434],[-91.896619,29.834662],[-91.895945,29.834749],[-91.894126,29.835375],[-91.888916,29.835978],[-91.885069,29.83575],[-91.88427,29.835585],[-91.883936,29.83535],[-91.883069,29.835315],[-91.880962,29.834575],[-91.88069,29.834607],[-91.880339,29.834364],[-91.880067,29.834434],[-91.879751,29.834191],[-91.879488,29.834253],[-91.879136,29.834002],[-91.878839,29.834027],[-91.878389,29.833601],[-91.877724,29.833603],[-91.877178,29.833086],[-91.876791,29.832935],[-91.876581,29.833012],[-91.876387,29.832677],[-91.875764,29.832489],[-91.875464,29.8321],[-91.875289,29.832185],[-91.875121,29.831968]]},"properties":{"OBJECTID":10298,"PROGRAM":"STATE","PROJECT":"LOUISIANA BARRIER ISLAND COMPREHENSIVE MONITORING PROGRAM (BICM)","PROJ_ID":"LA-0226","PROD_DATE":"20160929","SHORE_TYPE":"MARSH","SRC_DATE":"19480313","SRC_DATA":"USC&GS T-SHEET","SRC_RES":"1:20,000","SRC_VECT":"APPLIED COASTAL","SRC_RAST":"T09012","DIG_NOTES":" ","REGION":"AB","CONTRACTOR":"APPLIED COASTAL","ORG":"COASTAL PROTECTION AND RESTORATION AUTHORITY OF LOUISIANA (CPRA)","SRC_REG":"APPLIED COASTAL","DATAURL":"http://cims.coastal.louisiana.gov/meta_docs/gis_refs/shoreline/BICM2/LA-0226_SHORL_0000000000_1948031319581011_RAC0003.zip","Meta_xml":"http://cims.coastal.louisiana.gov/meta_docs/gis_refs/shoreline/BICM2/Shoreline_Metadata.xml","Meta_html":"http://cims.coastal.louisiana.gov/meta_docs/gis_refs/shoreline/BICM2/Shoreline_Metadata.html","COMMENTS":null,"SHAPE_Length":3489.441285838973,"DSAS_DATE":"03/13/1948","DSAS_UNCER":null,"year":1948}},{"type":"Feature","id":10299,"geometry":{"type":"LineString","coordinates":[[-91.875121,29.831968],[-91.873651,29.831478]]},"properties":{"OBJECTID":10299,"PROGRAM":"STATE","PROJECT":"LOUISIANA BARRIER ISLAND COMPREHENSIVE MONITORING PROGRAM (BICM)","PROJ_ID":"LA-0226","PROD_DATE":"20160929","SHORE_TYPE":"MARSH","SRC_DATE":"19480313","SRC_DATA":"USC&GS T-SHEET","SRC_RES":"1:20,000","SRC_VECT":"APPLIED COASTAL","SRC_RAST":"T09013","DIG_NOTES":" ","REGION":"AB","CONTRACTOR":"APPLIED COASTAL","ORG":"COASTAL PROTECTION AND RESTORATION AUTHORITY OF LOUISIANA (CPRA)","SRC_REG":"APPLIED COASTAL","DATAURL":"http://cims.coastal.louisiana.gov/meta_docs/gis_refs/shoreline/BICM2/LA-0226_SHORL_0000000000_1948031319581011_RAC0003.zip","Meta_xml":"http://cims.coastal.louisiana.gov/meta_docs/gis_refs/shoreline/BICM2/Shoreline_Metadata.xml","Meta_html":"http://cims.coastal.louisiana.gov/meta_docs/gis_refs/shoreline/BICM2/Shoreline_Metadata.html","COMMENTS":null,"SHAPE_Length":159.12007384473742,"DSAS_DATE":"03/13/1948","DSAS_UNCER":null,"year":1948}},{"type":"Feature","id":10300,"geometry":{"type":"LineString","coordinates":[[-91.873536,29.831402],[-91.873632,29.830957],[-91.872748,29.830531],[-91.872228,29.829829],[-91.871833,29.829762],[-91.871489,29.829282],[-91.870036,29.829081],[-91.868574,29.828503],[-91.868115,29.828642],[-91.867858,29.828558]]},"properties":{"OBJECTID":10300,"PROGRAM":"STATE","PROJECT":"LOUISIANA BARRIER ISLAND COMPREHENSIVE MONITORING PROGRAM (BICM)","PROJ_ID":"LA-0226","PROD_DATE":"20160929","SHORE_TYPE":"MARSH","SRC_DATE":"19480313","SRC_DATA":"USC&GS T-SHEET","SRC_RES":"1:20,000","SRC_VECT":"APPLIED COASTAL","SRC_RAST":"T09013","DIG_NOTES":" ","REGION":"AB","CONTRACTOR":"APPLIED COASTAL","ORG":"COASTAL PROTECTION AND RESTORATION AUTHORITY OF LOUISIANA (CPRA)","SRC_REG":"APPLIED COASTAL","DATAURL":"http://cims.coastal.louisiana.gov/meta_docs/gis_refs/shoreline/BICM2/LA-0226_SHORL_0000000000_1948031319581011_RAC0003.zip","Meta_xml":"http://cims.coastal.louisiana.gov/meta_docs/gis_refs/shoreline/BICM2/Shoreline_Metadata.xml","Meta_html":"http://cims.coastal.louisiana.gov/meta_docs/gis_refs/shoreline/BICM2/Shoreline_Metadata.html","COMMENTS":null,"SHAPE_Length":737.909116744407,"DSAS_DATE":"03/13/1948","DSAS_UNCER":null,"year":1948}},{"type":"Feature","id":10301,"geometry":{"type":"LineString","coordinates":[[-91.867844,29.828432],[-91.867776,29.827968],[-91.867355,29.827952],[-91.866873,29.827462],[-91.866538,29.827406],[-91.865969,29.826755],[-91.865114,29.826667],[-91.86398,29.825829],[-91.862959,29.825381],[-91.862223,29.825326],[-91.861999,29.825167],[-91.861474,29.825421],[-91.859496,29.825188],[-91.858289,29.825629],[-91.857008,29.82572],[-91.856891,29.825938],[-91.856326,29.826003],[-91.855967,29.826468],[-91.855205,29.826368],[-91.854655,29.82676],[-91.854155,29.826613],[-91.854096,29.826751],[-91.85384,29.826746],[-91.853782,29.826987],[-91.852844,29.827157],[-91.852706,29.827318],[-91.852331,29.827199],[-91.852129,29.827452],[-91.850731,29.827698],[-91.850253,29.828044],[-91.849727,29.828006],[-91.849629,29.828212],[-91.848972,29.828226],[-91.848776,29.828405],[-91.847935,29.828402],[-91.847713,29.828609],[-91.847384,29.828553],[-91.845836,29.829109],[-91.844194,29.829144],[-91.842575,29.828727],[-91.841528,29.828175],[-91.838102,29.82757],[-91.8374,29.827796],[-91.836611,29.827661],[-91.836414,29.827834],[-91.835737,29.827949],[-91.835169,29.828354],[-91.833875,29.828611],[-91.832128,29.828589],[-91.831403,29.8283],[-91.830678,29.829406]]},"properties":{"OBJECTID":10301,"PROGRAM":"STATE","PROJECT":"LOUISIANA BARRIER ISLAND COMPREHENSIVE MONITORING PROGRAM (BICM)","PROJ_ID":"LA-0226","PROD_DATE":"20160929","SHORE_TYPE":"MARSH","SRC_DATE":"19480313","SRC_DATA":"USC&GS T-SHEET","SRC_RES":"1:20,000","SRC_VECT":"APPLIED COASTAL","SRC_RAST":"T09013","DIG_NOTES":" ","REGION":"AB","CONTRACTOR":"APPLIED COASTAL","ORG":"COASTAL PROTECTION AND RESTORATION AUTHORITY OF LOUISIANA (CPRA)","SRC_REG":"APPLIED COASTAL","DATAURL":"http://cims.coastal.louisiana.gov/meta_docs/gis_refs/shoreline/BICM2/LA-0226_SHORL_0000000000_1948031319581011_RAC0003.zip","Meta_xml":"http://cims.coastal.louisiana.gov/meta_docs/gis_refs/shoreline/BICM2/Shoreline_Metadata.xml","Meta_html":"http://cims.coastal.louisiana.gov/meta_docs/gis_refs/shoreline/BICM2/Shoreline_Metadata.html","COMMENTS":null,"SHAPE_Length":4228.767352497436,"DSAS_DATE":"03/13/1948","DSAS_UNCER":null,"year":1948}},{"type":"Feature","id":10302,"geometry":{"type":"LineString","coordinates":[[-91.826732,29.821524],[-91.827029,29.821953],[-91.828195,29.822913],[-91.828373,29.823447],[-91.828344,29.824259],[-91.82936,29.823677],[-91.830544,29.823901],[-91.831367,29.823738],[-91.832455,29.822496],[-91.831953,29.821948],[-91.831669,29.821201],[-91.830405,29.819444],[-91.828837,29.818561],[-91.828426,29.81762],[-91.827817,29.817041],[-91.827174,29.815673],[-91.826527,29.815067],[-91.826334,29.81462],[-91.825872,29.814321],[-91.825551,29.812872],[-91.82562,29.811361],[-91.826001,29.809314],[-91.826756,29.808503],[-91.82685,29.80738],[-91.826624,29.806766],[-91.825948,29.806434],[-91.82448,29.80489],[-91.82361,29.802614],[-91.823062,29.801734],[-91.822832,29.800277],[-91.821894,29.799506],[-91.821991,29.799118],[-91.822604,29.798921],[-91.822938,29.798439],[-91.823272,29.797709],[-91.823465,29.796472],[-91.822358,29.794197],[-91.822081,29.793997]]},"properties":{"OBJECTID":10302,"PROGRAM":"STATE","PROJECT":"LOUISIANA BARRIER ISLAND COMPREHENSIVE MONITORING PROGRAM (BICM)","PROJ_ID":"LA-0226","PROD_DATE":"20160929","SHORE_TYPE":"MARSH","SRC_DATE":"19480313","SRC_DATA":"USC&GS T-SHEET","SRC_RES":"1:20,000","SRC_VECT":"APPLIED COASTAL","SRC_RAST":"T09013","DIG_NOTES":" ","REGION":"AB","CONTRACTOR":"APPLIED COASTAL","ORG":"COASTAL PROTECTION AND RESTORATION AUTHORITY OF LOUISIANA (CPRA)","SRC_REG":"APPLIED COASTAL","DATAURL":"http://cims.coastal.louisiana.gov/meta_docs/gis_refs/shoreline/BICM2/LA-0226_SHORL_0000000000_1948031319581011_RAC0003.zip","Meta_xml":"http://cims.coastal.louisiana.gov/meta_docs/gis_refs/shoreline/BICM2/Shoreline_Metadata.xml","Meta_html":"http://cims.coastal.louisiana.gov/meta_docs/gis_refs/shoreline/BICM2/Shoreline_Metadata.html","COMMENTS":null,"SHAPE_Length":4600.075360533449,"DSAS_DATE":"03/13/1948","DSAS_UNCER":null,"year":1948}},{"type":"Feature","id":10303,"geometry":{"type":"LineString","coordinates":[[-91.822218,29.793763],[-91.822885,29.793767],[-91.823338,29.793979],[-91.823705,29.793864],[-91.823407,29.792515],[-91.824247,29.791877],[-91.824262,29.791703]]},"properties":{"OBJECTID":10303,"PROGRAM":"STATE","PROJECT":"LOUISIANA BARRIER ISLAND COMPREHENSIVE MONITORING PROGRAM (BICM)","PROJ_ID":"LA-0226","PROD_DATE":"20160929","SHORE_TYPE":"MARSH","SRC_DATE":"19480313","SRC_DATA":"USC&GS T-SHEET","SRC_RES":"1:20,000","SRC_VECT":"APPLIED COASTAL","SRC_RAST":"T09013","DIG_NOTES":" ","REGION":"AB","CONTRACTOR":"APPLIED COASTAL","ORG":"COASTAL PROTECTION AND RESTORATION AUTHORITY OF LOUISIANA (CPRA)","SRC_REG":"APPLIED COASTAL","DATAURL":"http://cims.coastal.louisiana.gov/meta_docs/gis_refs/shoreline/BICM2/LA-0226_SHORL_0000000000_1948031319581011_RAC0003.zip","Meta_xml":"http://cims.coastal.louisiana.gov/meta_docs/gis_refs/shoreline/BICM2/Shoreline_Metadata.xml","Meta_html":"http://cims.coastal.louisiana.gov/meta_docs/gis_refs/shoreline/BICM2/Shoreline_Metadata.html","COMMENTS":null,"SHAPE_Length":443.7692231557177,"DSAS_DATE":"03/13/1948","DSAS_UNCER":null,"year":1948}},{"type":"Feature","id":10304,"geometry":{"type":"LineString","coordinates":[[-91.824338,29.791576],[-91.824643,29.791395],[-91.82495,29.789856],[-91.824702,29.789202],[-91.824155,29.788776],[-91.824029,29.787995]]},"properties":{"OBJECTID":10304,"PROGRAM":"STATE","PROJECT":"LOUISIANA BARRIER ISLAND COMPREHENSIVE MONITORING PROGRAM (BICM)","PROJ_ID":"LA-0226","PROD_DATE":"20160929","SHORE_TYPE":"MARSH","SRC_DATE":"19480313","SRC_DATA":"USC&GS T-SHEET","SRC_RES":"1:20,000","SRC_VECT":"APPLIED COASTAL","SRC_RAST":"T09013","DIG_NOTES":" ","REGION":"AB","CONTRACTOR":"APPLIED COASTAL","ORG":"COASTAL PROTECTION AND RESTORATION AUTHORITY OF LOUISIANA (CPRA)","SRC_REG":"APPLIED COASTAL","DATAURL":"http://cims.coastal.louisiana.gov/meta_docs/gis_refs/shoreline/BICM2/LA-0226_SHORL_0000000000_1948031319581011_RAC0003.zip","Meta_xml":"http://cims.coastal.louisiana.gov/meta_docs/gis_refs/shoreline/BICM2/Shoreline_Metadata.xml","Meta_html":"http://cims.coastal.louisiana.gov/meta_docs/gis_refs/shoreline/BICM2/Shoreline_Metadata.html","COMMENTS":null,"SHAPE_Length":454.7221427414702,"DSAS_DATE":"03/13/1948","DSAS_UNCER":null,"year":1948}},{"type":"Feature","id":10305,"geometry":{"type":"LineString","coordinates":[[-91.824055,29.786992],[-91.82424,29.787205],[-91.825161,29.787543],[-91.825482,29.787448],[-91.826049,29.785922],[-91.825977,29.785274],[-91.826288,29.784691],[-91.826357,29.783094]]},"properties":{"OBJECTID":10305,"PROGRAM":"STATE","PROJECT":"LOUISIANA BARRIER ISLAND COMPREHENSIVE MONITORING PROGRAM (BICM)","PROJ_ID":"LA-0226","PROD_DATE":"20160929","SHORE_TYPE":"MARSH","SRC_DATE":"19480313","SRC_DATA":"USC&GS T-SHEET","SRC_RES":"1:20,000","SRC_VECT":"APPLIED COASTAL","SRC_RAST":"T09013","DIG_NOTES":" ","REGION":"AB","CONTRACTOR":"APPLIED COASTAL","ORG":"COASTAL PROTECTION AND RESTORATION AUTHORITY OF LOUISIANA (CPRA)","SRC_REG":"APPLIED COASTAL","DATAURL":"http://cims.coastal.louisiana.gov/meta_docs/gis_refs/shoreline/BICM2/LA-0226_SHORL_0000000000_1948031319581011_RAC0003.zip","Meta_xml":"http://cims.coastal.louisiana.gov/meta_docs/gis_refs/shoreline/BICM2/Shoreline_Metadata.xml","Meta_html":"http://cims.coastal.louisiana.gov/meta_docs/gis_refs/shoreline/BICM2/Shoreline_Metadata.html","COMMENTS":null,"SHAPE_Length":671.2597427793779,"DSAS_DATE":"03/13/1948","DSAS_UNCER":null,"year":1948}},{"type":"Feature","id":10306,"geometry":{"type":"LineString","coordinates":[[-91.826103,29.782914],[-91.826237,29.782058],[-91.82648,29.781643],[-91.827595,29.780776],[-91.827331,29.780146],[-91.827162,29.780127]]},"properties":{"OBJECTID":10306,"PROGRAM":"STATE","PROJECT":"LOUISIANA BARRIER ISLAND COMPREHENSIVE MONITORING PROGRAM (BICM)","PROJ_ID":"LA-0226","PROD_DATE":"20160929","SHORE_TYPE":"MARSH","SRC_DATE":"19480313","SRC_DATA":"USC&GS T-SHEET","SRC_RES":"1:20,000","SRC_VECT":"APPLIED COASTAL","SRC_RAST":"T09013","DIG_NOTES":" ","REGION":"AB","CONTRACTOR":"APPLIED COASTAL","ORG":"COASTAL PROTECTION AND RESTORATION AUTHORITY OF LOUISIANA (CPRA)","SRC_REG":"APPLIED COASTAL","DATAURL":"http://cims.coastal.louisiana.gov/meta_docs/gis_refs/shoreline/BICM2/LA-0226_SHORL_0000000000_1948031319581011_RAC0003.zip","Meta_xml":"http://cims.coastal.louisiana.gov/meta_docs/gis_refs/shoreline/BICM2/Shoreline_Metadata.xml","Meta_html":"http://cims.coastal.louisiana.gov/meta_docs/gis_refs/shoreline/BICM2/Shoreline_Metadata.html","COMMENTS":null,"SHAPE_Length":388.7976437258188,"DSAS_DATE":"03/13/1948","DSAS_UNCER":null,"year":1948}},{"type":"Feature","id":10307,"geometry":{"type":"LineString","coordinates":[[-91.828811,29.778904],[-91.829127,29.779211],[-91.829449,29.779229],[-91.831213,29.778086],[-91.833103,29.777652],[-91.834449,29.777018],[-91.834615,29.776697],[-91.834438,29.776437],[-91.834805,29.776215],[-91.836067,29.775943],[-91.836912,29.774743],[-91.836403,29.77409],[-91.836103,29.773951]]},"properties":{"OBJECTID":10307,"PROGRAM":"STATE","PROJECT":"LOUISIANA BARRIER ISLAND COMPREHENSIVE MONITORING PROGRAM (BICM)","PROJ_ID":"LA-0226","PROD_DATE":"20160929","SHORE_TYPE":"MARSH","SRC_DATE":"19480313","SRC_DATA":"USC&GS T-SHEET","SRC_RES":"1:20,000","SRC_VECT":"APPLIED COASTAL","SRC_RAST":"T09013","DIG_NOTES":" ","REGION":"AB","CONTRACTOR":"APPLIED COASTAL","ORG":"COASTAL PROTECTION AND RESTORATION AUTHORITY OF LOUISIANA (CPRA)","SRC_REG":"APPLIED COASTAL","DATAURL":"http://cims.coastal.louisiana.gov/meta_docs/gis_refs/shoreline/BICM2/LA-0226_SHORL_0000000000_1948031319581011_RAC0003.zip","Meta_xml":"http://cims.coastal.louisiana.gov/meta_docs/gis_refs/shoreline/BICM2/Shoreline_Metadata.xml","Meta_html":"http://cims.coastal.louisiana.gov/meta_docs/gis_refs/shoreline/BICM2/Shoreline_Metadata.html","COMMENTS":null,"SHAPE_Length":1169.0061395333719,"DSAS_DATE":"03/13/1948","DSAS_UNCER":null,"year":1948}},{"type":"Feature","id":10308,"geometry":{"type":"LineString","coordinates":[[-91.837248,29.77299],[-91.837594,29.773343],[-91.838046,29.773295],[-91.838124,29.773615],[-91.838801,29.774047]]},"properties":{"OBJECTID":10308,"PROGRAM":"STATE","PROJECT":"LOUISIANA BARRIER ISLAND COMPREHENSIVE MONITORING PROGRAM (BICM)","PROJ_ID":"LA-0226","PROD_DATE":"20160929","SHORE_TYPE":"MARSH","SRC_DATE":"19480313","SRC_DATA":"USC&GS T-SHEET","SRC_RES":"1:20,000","SRC_VECT":"APPLIED COASTAL","SRC_RAST":"T09013","DIG_NOTES":" ","REGION":"AB","CONTRACTOR":"APPLIED COASTAL","ORG":"COASTAL PROTECTION AND RESTORATION AUTHORITY OF LOUISIANA (CPRA)","SRC_REG":"APPLIED COASTAL","DATAURL":"http://cims.coastal.louisiana.gov/meta_docs/gis_refs/shoreline/BICM2/LA-0226_SHORL_0000000000_1948031319581011_RAC0003.zip","Meta_xml":"http://cims.coastal.louisiana.gov/meta_docs/gis_refs/shoreline/BICM2/Shoreline_Metadata.xml","Meta_html":"http://cims.coastal.louisiana.gov/meta_docs/gis_refs/shoreline/BICM2/Shoreline_Metadata.html","COMMENTS":null,"SHAPE_Length":227.1120078010374,"DSAS_DATE":"03/13/1948","DSAS_UNCER":null,"year":1948}},{"type":"Feature","id":10309,"geometry":{"type":"LineString","coordinates":[[-91.838748,29.774301],[-91.839097,29.774989],[-91.839365,29.776538],[-91.839635,29.776905]]},"properties":{"OBJECTID":10309,"PROGRAM":"STATE","PROJECT":"LOUISIANA BARRIER ISLAND COMPREHENSIVE MONITORING PROGRAM (BICM)","PROJ_ID":"LA-0226","PROD_DATE":"20160929","SHORE_TYPE":"MARSH","SRC_DATE":"19480313","SRC_DATA":"USC&GS T-SHEET","SRC_RES":"1:20,000","SRC_VECT":"APPLIED COASTAL","SRC_RAST":"T09013","DIG_NOTES":" ","REGION":"AB","CONTRACTOR":"APPLIED COASTAL","ORG":"COASTAL PROTECTION AND RESTORATION AUTHORITY OF LOUISIANA (CPRA)","SRC_REG":"APPLIED COASTAL","DATAURL":"http://cims.coastal.louisiana.gov/meta_docs/gis_refs/shoreline/BICM2/LA-0226_SHORL_0000000000_1948031319581011_RAC0003.zip","Meta_xml":"http://cims.coastal.louisiana.gov/meta_docs/gis_refs/shoreline/BICM2/Shoreline_Metadata.xml","Meta_html":"http://cims.coastal.louisiana.gov/meta_docs/gis_refs/shoreline/BICM2/Shoreline_Metadata.html","COMMENTS":null,"SHAPE_Length":308.9380675460283,"DSAS_DATE":"03/13/1948","DSAS_UNCER":null,"year":1948}},{"type":"Feature","id":10310,"geometry":{"type":"LineString","coordinates":[[-91.839498,29.777186],[-91.839307,29.777307],[-91.83955,29.778335],[-91.840043,29.778848],[-91.840702,29.778812],[-91.841063,29.779051],[-91.841691,29.778969],[-91.841578,29.779384],[-91.842191,29.779408],[-91.842638,29.779928],[-91.843045,29.779979],[-91.843304,29.779785],[-91.845023,29.780346],[-91.845237,29.780205]]},"properties":{"OBJECTID":10310,"PROGRAM":"STATE","PROJECT":"LOUISIANA BARRIER ISLAND COMPREHENSIVE MONITORING PROGRAM (BICM)","PROJ_ID":"LA-0226","PROD_DATE":"20160929","SHORE_TYPE":"MARSH","SRC_DATE":"19480313","SRC_DATA":"USC&GS T-SHEET","SRC_RES":"1:20,000","SRC_VECT":"APPLIED COASTAL","SRC_RAST":"T09013","DIG_NOTES":" ","REGION":"AB","CONTRACTOR":"APPLIED COASTAL","ORG":"COASTAL PROTECTION AND RESTORATION AUTHORITY OF LOUISIANA (CPRA)","SRC_REG":"APPLIED COASTAL","DATAURL":"http://cims.coastal.louisiana.gov/meta_docs/gis_refs/shoreline/BICM2/LA-0226_SHORL_0000000000_1948031319581011_RAC0003.zip","Meta_xml":"http://cims.coastal.louisiana.gov/meta_docs/gis_refs/shoreline/BICM2/Shoreline_Metadata.xml","Meta_html":"http://cims.coastal.louisiana.gov/meta_docs/gis_refs/shoreline/BICM2/Shoreline_Metadata.html","COMMENTS":null,"SHAPE_Length":893.5089028753887,"DSAS_DATE":"03/13/1948","DSAS_UNCER":null,"year":1948}},{"type":"Feature","id":10311,"geometry":{"type":"LineString","coordinates":[[-91.845802,29.781224],[-91.845243,29.781286],[-91.845045,29.781554],[-91.845039,29.781889],[-91.845839,29.782547],[-91.847237,29.783217],[-91.84735,29.784286],[-91.847818,29.784357],[-91.848649,29.785043],[-91.848304,29.786501],[-91.848994,29.786565],[-91.849736,29.787973],[-91.849997,29.788038]]},"properties":{"OBJECTID":10311,"PROGRAM":"STATE","PROJECT":"LOUISIANA BARRIER ISLAND COMPREHENSIVE MONITORING PROGRAM (BICM)","PROJ_ID":"LA-0226","PROD_DATE":"20160929","SHORE_TYPE":"MARSH","SRC_DATE":"19480313","SRC_DATA":"USC&GS T-SHEET","SRC_RES":"1:20,000","SRC_VECT":"APPLIED COASTAL","SRC_RAST":"T09013","DIG_NOTES":" ","REGION":"AB","CONTRACTOR":"APPLIED COASTAL","ORG":"COASTAL PROTECTION AND RESTORATION AUTHORITY OF LOUISIANA (CPRA)","SRC_REG":"APPLIED COASTAL","DATAURL":"http://cims.coastal.louisiana.gov/meta_docs/gis_refs/shoreline/BICM2/LA-0226_SHORL_0000000000_1948031319581011_RAC0003.zip","Meta_xml":"http://cims.coastal.louisiana.gov/meta_docs/gis_refs/shoreline/BICM2/Shoreline_Metadata.xml","Meta_html":"http://cims.coastal.louisiana.gov/meta_docs/gis_refs/shoreline/BICM2/Shoreline_Metadata.html","COMMENTS":null,"SHAPE_Length":1117.8043282359306,"DSAS_DATE":"03/13/1948","DSAS_UNCER":null,"year":1948}},{"type":"Feature","id":10312,"geometry":{"type":"LineString","coordinates":[[-91.849403,29.788742],[-91.849178,29.788209],[-91.848941,29.788243],[-91.849225,29.788295],[-91.849272,29.788482],[-91.848766,29.788478],[-91.848644,29.788612],[-91.848887,29.789694],[-91.849403,29.790193],[-91.849451,29.79056],[-91.849187,29.791303],[-91.848713,29.791486],[-91.848637,29.791733],[-91.849001,29.792353],[-91.850166,29.792529]]},"properties":{"OBJECTID":10312,"PROGRAM":"STATE","PROJECT":"LOUISIANA BARRIER ISLAND COMPREHENSIVE MONITORING PROGRAM (BICM)","PROJ_ID":"LA-0226","PROD_DATE":"20160929","SHORE_TYPE":"MARSH","SRC_DATE":"19480313","SRC_DATA":"USC&GS T-SHEET","SRC_RES":"1:20,000","SRC_VECT":"APPLIED COASTAL","SRC_RAST":"T09013","DIG_NOTES":" ","REGION":"AB","CONTRACTOR":"APPLIED COASTAL","ORG":"COASTAL PROTECTION AND RESTORATION AUTHORITY OF LOUISIANA (CPRA)","SRC_REG":"APPLIED COASTAL","DATAURL":"http://cims.coastal.louisiana.gov/meta_docs/gis_refs/shoreline/BICM2/LA-0226_SHORL_0000000000_1948031319581011_RAC0003.zip","Meta_xml":"http://cims.coastal.louisiana.gov/meta_docs/gis_refs/shoreline/BICM2/Shoreline_Metadata.xml","Meta_html":"http://cims.coastal.louisiana.gov/meta_docs/gis_refs/shoreline/BICM2/Shoreline_Metadata.html","COMMENTS":null,"SHAPE_Length":820.779939895778,"DSAS_DATE":"03/13/1948","DSAS_UNCER":null,"year":1948}},{"type":"Feature","id":10313,"geometry":{"type":"LineString","coordinates":[[-91.850325,29.793524],[-91.850148,29.793465],[-91.849873,29.793687],[-91.849503,29.794617],[-91.84886,29.794907],[-91.849227,29.796236],[-91.849443,29.796469],[-91.849865,29.796447],[-91.849682,29.796735],[-91.848994,29.797005],[-91.848178,29.797831],[-91.848435,29.798525],[-91.848406,29.800416],[-91.850041,29.799361],[-91.850895,29.799277],[-91.851402,29.799015],[-91.853739,29.798731],[-91.855543,29.798709],[-91.855859,29.79886],[-91.856814,29.798872],[-91.857187,29.796647],[-91.856707,29.795267],[-91.856819,29.794884],[-91.856732,29.793296],[-91.857188,29.791789],[-91.857622,29.79097],[-91.857618,29.790244],[-91.857819,29.790129],[-91.858217,29.789333],[-91.858215,29.788966],[-91.858647,29.787834],[-91.859888,29.78566],[-91.860094,29.784788],[-91.860528,29.784198],[-91.861505,29.781803],[-91.862401,29.780608],[-91.86312,29.779139],[-91.864418,29.77785],[-91.865771,29.777065],[-91.865419,29.7767],[-91.866268,29.776773],[-91.866468,29.776551],[-91.866441,29.77623]]},"properties":{"OBJECTID":10313,"PROGRAM":"STATE","PROJECT":"LOUISIANA BARRIER ISLAND COMPREHENSIVE MONITORING PROGRAM (BICM)","PROJ_ID":"LA-0226","PROD_DATE":"20160929","SHORE_TYPE":"MARSH","SRC_DATE":"19480313","SRC_DATA":"USC&GS T-SHEET","SRC_RES":"1:20,000","SRC_VECT":"APPLIED COASTAL","SRC_RAST":"T09013","DIG_NOTES":" ","REGION":"AB","CONTRACTOR":"APPLIED COASTAL","ORG":"COASTAL PROTECTION AND RESTORATION AUTHORITY OF LOUISIANA (CPRA)","SRC_REG":"APPLIED COASTAL","DATAURL":"http://cims.coastal.louisiana.gov/meta_docs/gis_refs/shoreline/BICM2/LA-0226_SHORL_0000000000_1948031319581011_RAC0003.zip","Meta_xml":"http://cims.coastal.louisiana.gov/meta_docs/gis_refs/shoreline/BICM2/Shoreline_Metadata.xml","Meta_html":"http://cims.coastal.louisiana.gov/meta_docs/gis_refs/shoreline/BICM2/Shoreline_Metadata.html","COMMENTS":null,"SHAPE_Length":4857.387951908104,"DSAS_DATE":"03/13/1948","DSAS_UNCER":null,"year":1948}},{"type":"Feature","id":10314,"geometry":{"type":"LineString","coordinates":[[-91.866203,29.776101],[-91.866807,29.775977],[-91.866946,29.775724]]},"properties":{"OBJECTID":10314,"PROGRAM":"STATE","PROJECT":"LOUISIANA BARRIER ISLAND COMPREHENSIVE MONITORING PROGRAM (BICM)","PROJ_ID":"LA-0226","PROD_DATE":"20160929","SHORE_TYPE":"MARSH","SRC_DATE":"19480313","SRC_DATA":"USC&GS T-SHEET","SRC_RES":"1:20,000","SRC_VECT":"APPLIED COASTAL","SRC_RAST":"T09013","DIG_NOTES":" ","REGION":"AB","CONTRACTOR":"APPLIED COASTAL","ORG":"COASTAL PROTECTION AND RESTORATION AUTHORITY OF LOUISIANA (CPRA)","SRC_REG":"APPLIED COASTAL","DATAURL":"http://cims.coastal.louisiana.gov/meta_docs/gis_refs/shoreline/BICM2/LA-0226_SHORL_0000000000_1948031319581011_RAC0003.zip","Meta_xml":"http://cims.coastal.louisiana.gov/meta_docs/gis_refs/shoreline/BICM2/Shoreline_Metadata.xml","Meta_html":"http://cims.coastal.louisiana.gov/meta_docs/gis_refs/shoreline/BICM2/Shoreline_Metadata.html","COMMENTS":null,"SHAPE_Length":95.43745314639384,"DSAS_DATE":"03/13/1948","DSAS_UNCER":null,"year":1948}},{"type":"Feature","id":10315,"geometry":{"type":"LineString","coordinates":[[-91.867023,29.775449],[-91.867331,29.775677],[-91.867443,29.775378],[-91.867766,29.775201],[-91.86839,29.774053],[-91.869315,29.773369],[-91.869752,29.773314],[-91.869724,29.773009],[-91.869959,29.772748],[-91.870833,29.772324],[-91.871796,29.772313],[-91.871707,29.772084],[-91.870663,29.771813],[-91.870652,29.771294],[-91.87035,29.770592]]},"properties":{"OBJECTID":10315,"PROGRAM":"STATE","PROJECT":"LOUISIANA BARRIER ISLAND COMPREHENSIVE MONITORING PROGRAM (BICM)","PROJ_ID":"LA-0226","PROD_DATE":"20160929","SHORE_TYPE":"MARSH","SRC_DATE":"19480313","SRC_DATA":"USC&GS T-SHEET","SRC_RES":"1:20,000","SRC_VECT":"APPLIED COASTAL","SRC_RAST":"T09013","DIG_NOTES":" ","REGION":"AB","CONTRACTOR":"APPLIED COASTAL","ORG":"COASTAL PROTECTION AND RESTORATION AUTHORITY OF LOUISIANA (CPRA)","SRC_REG":"APPLIED COASTAL","DATAURL":"http://cims.coastal.louisiana.gov/meta_docs/gis_refs/shoreline/BICM2/LA-0226_SHORL_0000000000_1948031319581011_RAC0003.zip","Meta_xml":"http://cims.coastal.louisiana.gov/meta_docs/gis_refs/shoreline/BICM2/Shoreline_Metadata.xml","Meta_html":"http://cims.coastal.louisiana.gov/meta_docs/gis_refs/shoreline/BICM2/Shoreline_Metadata.html","COMMENTS":null,"SHAPE_Length":976.1403407357244,"DSAS_DATE":"03/13/1948","DSAS_UNCER":null,"year":1948}},{"type":"Feature","id":10316,"geometry":{"type":"LineString","coordinates":[[-91.870183,29.770394],[-91.870716,29.770247],[-91.870575,29.769942],[-91.870772,29.76917],[-91.87042,29.768904]]},"properties":{"OBJECTID":10316,"PROGRAM":"STATE","PROJECT":"LOUISIANA BARRIER ISLAND COMPREHENSIVE MONITORING PROGRAM (BICM)","PROJ_ID":"LA-0226","PROD_DATE":"20160929","SHORE_TYPE":"MARSH","SRC_DATE":"19480313","SRC_DATA":"USC&GS T-SHEET","SRC_RES":"1:20,000","SRC_VECT":"APPLIED COASTAL","SRC_RAST":"T09013","DIG_NOTES":" ","REGION":"AB","CONTRACTOR":"APPLIED COASTAL","ORG":"COASTAL PROTECTION AND RESTORATION AUTHORITY OF LOUISIANA (CPRA)","SRC_REG":"APPLIED COASTAL","DATAURL":"http://cims.coastal.louisiana.gov/meta_docs/gis_refs/shoreline/BICM2/LA-0226_SHORL_0000000000_1948031319581011_RAC0003.zip","Meta_xml":"http://cims.coastal.louisiana.gov/meta_docs/gis_refs/shoreline/BICM2/Shoreline_Metadata.xml","Meta_html":"http://cims.coastal.louisiana.gov/meta_docs/gis_refs/shoreline/BICM2/Shoreline_Metadata.html","COMMENTS":null,"SHAPE_Length":229.39815994059944,"DSAS_DATE":"03/13/1948","DSAS_UNCER":null,"year":1948}},{"type":"Feature","id":10317,"geometry":{"type":"LineString","coordinates":[[-91.830608,29.82949],[-91.829699,29.829837],[-91.828923,29.830719],[-91.828293,29.830897],[-91.827522,29.8308]]},"properties":{"OBJECTID":10317,"PROGRAM":"STATE","PROJECT":"LOUISIANA BARRIER ISLAND COMPREHENSIVE MONITORING PROGRAM (BICM)","PROJ_ID":"LA-0226","PROD_DATE":"20160929","SHORE_TYPE":"MARSH","SRC_DATE":"19480313","SRC_DATA":"USC&GS T-SHEET","SRC_RES":"1:20,000","SRC_VECT":"APPLIED COASTAL","SRC_RAST":"T09013","DIG_NOTES":" ","REGION":"AB","CONTRACTOR":"APPLIED COASTAL","ORG":"COASTAL PROTECTION AND RESTORATION AUTHORITY OF LOUISIANA (CPRA)","SRC_REG":"APPLIED COASTAL","DATAURL":"http://cims.coastal.louisiana.gov/meta_docs/gis_refs/shoreline/BICM2/LA-0226_SHORL_0000000000_1948031319581011_RAC0003.zip","Meta_xml":"http://cims.coastal.louisiana.gov/meta_docs/gis_refs/shoreline/BICM2/Shoreline_Metadata.xml","Meta_html":"http://cims.coastal.louisiana.gov/meta_docs/gis_refs/shoreline/BICM2/Shoreline_Metadata.html","COMMENTS":null,"SHAPE_Length":364.7299616954642,"DSAS_DATE":"03/13/1948","DSAS_UNCER":null,"year":1948}},{"type":"Feature","id":10318,"geometry":{"type":"LineString","coordinates":[[-91.827334,29.829906],[-91.828403,29.830024],[-91.828909,29.829587],[-91.829209,29.828356],[-91.8291,29.827394],[-91.829228,29.826881],[-91.828999,29.826455],[-91.828995,29.825813],[-91.828837,29.825691],[-91.828067,29.825778],[-91.827399,29.825322],[-91.827053,29.824583],[-91.826704,29.82298]]},"properties":{"OBJECTID":10318,"PROGRAM":"STATE","PROJECT":"LOUISIANA BARRIER ISLAND COMPREHENSIVE MONITORING PROGRAM (BICM)","PROJ_ID":"LA-0226","PROD_DATE":"20160929","SHORE_TYPE":"MARSH","SRC_DATE":"19480313","SRC_DATA":"USC&GS T-SHEET","SRC_RES":"1:20,000","SRC_VECT":"APPLIED COASTAL","SRC_RAST":"T09013","DIG_NOTES":" ","REGION":"AB","CONTRACTOR":"APPLIED COASTAL","ORG":"COASTAL PROTECTION AND RESTORATION AUTHORITY OF LOUISIANA (CPRA)","SRC_REG":"APPLIED COASTAL","DATAURL":"http://cims.coastal.louisiana.gov/meta_docs/gis_refs/shoreline/BICM2/LA-0226_SHORL_0000000000_1948031319581011_RAC0003.zip","Meta_xml":"http://cims.coastal.louisiana.gov/meta_docs/gis_refs/shoreline/BICM2/Shoreline_Metadata.xml","Meta_html":"http://cims.coastal.louisiana.gov/meta_docs/gis_refs/shoreline/BICM2/Shoreline_Metadata.html","COMMENTS":null,"SHAPE_Length":1065.9332163302327,"DSAS_DATE":"03/13/1948","DSAS_UNCER":null,"year":1948}},{"type":"Feature","id":10333,"geometry":{"type":"LineString","coordinates":[[-92.021398,29.576397],[-92.021696,29.576858],[-92.021447,29.57732],[-92.021406,29.577982],[-92.021223,29.57809],[-92.01953,29.577774],[-92.019158,29.576928],[-92.018968,29.576987],[-92.019386,29.577798],[-92.019997,29.577955],[-92.020084,29.578167],[-92.02075,29.578193],[-92.020898,29.578633],[-92.021297,29.578879],[-92.020146,29.579339],[-92.019578,29.579081],[-92.018699,29.579166],[-92.01843,29.57888],[-92.018322,29.578336],[-92.01755,29.577636],[-92.01714,29.577455],[-92.018073,29.578372],[-92.018174,29.578784],[-92.016951,29.57918],[-92.018097,29.579002],[-92.018289,29.579242],[-92.017707,29.579457],[-92.018457,29.579345],[-92.019008,29.579539],[-92.018796,29.579934],[-92.018354,29.58007],[-92.018891,29.580375],[-92.018835,29.581144],[-92.01824,29.581247]]},"properties":{"OBJECTID":10333,"PROGRAM":"STATE","PROJECT":"LOUISIANA BARRIER ISLAND COMPREHENSIVE MONITORING PROGRAM (BICM)","PROJ_ID":"LA-0226","PROD_DATE":"20160929","SHORE_TYPE":"MARSH","SRC_DATE":"19480313","SRC_DATA":"USC&GS T-SHEET","SRC_RES":"1:20,000","SRC_VECT":"APPLIED COASTAL","SRC_RAST":"T09113","DIG_NOTES":" ","REGION":"AB","CONTRACTOR":"APPLIED COASTAL","ORG":"COASTAL PROTECTION AND RESTORATION AUTHORITY OF LOUISIANA (CPRA)","SRC_REG":"APPLIED COASTAL","DATAURL":"http://cims.coastal.louisiana.gov/meta_docs/gis_refs/shoreline/BICM2/LA-0226_SHORL_0000000000_1948031319581011_RAC0003.zip","Meta_xml":"http://cims.coastal.louisiana.gov/meta_docs/gis_refs/shoreline/BICM2/Shoreline_Metadata.xml","Meta_html":"http://cims.coastal.louisiana.gov/meta_docs/gis_refs/shoreline/BICM2/Shoreline_Metadata.html","COMMENTS":null,"SHAPE_Length":2395.3539586644165,"DSAS_DATE":"03/13/1948","DSAS_UNCER":null,"year":1948}},{"type":"Feature","id":11551,"geometry":{"type":"LineString","coordinates":[[-92.035121,29.578611],[-92.034771,29.578605],[-92.034365,29.578303],[-92.033839,29.578271],[-92.03258,29.578567],[-92.030893,29.577658],[-92.029545,29.577307],[-92.029703,29.576833],[-92.030309,29.576015],[-92.030507,29.574717],[-92.030332,29.574925],[-92.030141,29.576035],[-92.029063,29.577394],[-92.028149,29.576784],[-92.027076,29.576429],[-92.026661,29.576043],[-92.026636,29.575878],[-92.026919,29.575571],[-92.026958,29.574602],[-92.026799,29.57477],[-92.026661,29.575614],[-92.026131,29.575765],[-92.025916,29.575343],[-92.026142,29.57488],[-92.025761,29.575069],[-92.025068,29.574445],[-92.025729,29.575332],[-92.025679,29.575567],[-92.025473,29.575655],[-92.025485,29.576216],[-92.025249,29.576405],[-92.023974,29.576786],[-92.024186,29.576477],[-92.023461,29.576655],[-92.023356,29.576876],[-92.022874,29.576812],[-92.022065,29.57705],[-92.022023,29.576589],[-92.021823,29.576329]]},"properties":{"OBJECTID":11551,"PROGRAM":"STATE","PROJECT":"LOUISIANA BARRIER ISLAND COMPREHENSIVE MONITORING PROGRAM (BICM)","PROJ_ID":"LA-0226","PROD_DATE":"20160929","SHORE_TYPE":"MARSH","SRC_DATE":"19480313","SRC_DATA":"USC&GS T-SHEET","SRC_RES":"1:20,000","SRC_VECT":"APPLIED COASTAL","SRC_RAST":"T09113","DIG_NOTES":" ","REGION":"AB","CONTRACTOR":"APPLIED COASTAL","ORG":"COASTAL PROTECTION AND RESTORATION AUTHORITY OF LOUISIANA (CPRA)","SRC_REG":"APPLIED COASTAL","DATAURL":"http://cims.coastal.louisiana.gov/meta_docs/gis_refs/shoreline/BICM2/LA-0226_SHORL_0000000000_1948031319581011_RAC0003.zip","Meta_xml":"http://cims.coastal.louisiana.gov/meta_docs/gis_refs/shoreline/BICM2/Shoreline_Metadata.xml","Meta_html":"http://cims.coastal.louisiana.gov/meta_docs/gis_refs/shoreline/BICM2/Shoreline_Metadata.html","COMMENTS":null,"SHAPE_Length":2919.5829653791143,"DSAS_DATE":"03/13/1948","DSAS_UNCER":null,"year":1948}}],"_harvest":{"tool":"tools/gis-harvest.mjs","harvestedAt":"2026-08-02T18:39:12.144Z","sourceUrl":"https://cimsgeo3.coastal.louisiana.gov/arcgis/rest/services/lasard/shoreline/MapServer/0/query","dateWindow":"SRC_DATE>='19450101' AND SRC_DATE<='19551231'","envelopeFilterWGS84":[-92.05002183554372,29.357702082864506,-91.22163264746506,30.123086027489265],"coordPrecisionDecimals":6,"simplifyToleranceDegrees":0.0001,"envelopeMatchCount":163,"parishClippedCount":81,"attribution":"Louisiana CPRA / LSU LaSARD (BICM program) -- attribution wording pending confirmation with CPRA/LSU (see data/gis/sources.json openQuestions.cpra-cims-terms-of-use)"}}